URLLength,IsDomainIP,HasObfuscation,NoOfSubDomain,IsHTTPS,URLSimilarityIndex,NoOfEqualsInURL,NoOfQMarkInURL,SpacialCharRatioInURL,DomainLength,TLDLegitimateProb,CharContinuationRate,URLCharProb,TLDLength,NoOfiFrame,NoOfPopup,HasHiddenFields,NoOfSelfRedirect,HasExternalFormSubmit,HasSubmitButton,HasPasswordField,HasSocialNet
28,0,0,1,1,71.4286,0,0,0.1786,20,0.95,0.1481,1.0,3,0,0,0,0,0,0,0,0
27,0,0,1,1,81.4815,0,0,0.1852,19,0.95,0.1538,1.0,3,0,0,0,0,0,0,0,0
22,0,0,1,1,77.2727,0,0,0.2273,14,0.9,0.3333,1.0,3,0,0,0,0,0,1,0,1
32,0,0,2,0,78.125,0,0,0.1875,25,0.95,0.1613,1.0,3,0,0,0,0,0,0,0,0
24,0,0,2,0,70.8333,0,0,0.25,17,0.5,0.1739,1.0,2,0,0,0,0,0,0,0,0
35,0,0,1,1,71.4286,0,0,0.1429,27,0.9,0.1471,1.0,3,0,0,0,0,0,0,0,0
49,0,0,1,1,81.6327,0,0,0.1633,40,0.8,0.1042,1.0,2,0,0,0,0,0,0,0,0
42,0,0,0,1,85.7143,0,0,0.1905,11,0.95,0.0488,1.0,3,0,0,0,0,0,0,0,0
33,0,0,1,1,78.7879,0,0,0.1818,24,0.95,0.0625,1.0,3,0,0,0,0,0,0,0,0
21,0,0,1,0,52.381,0,0,0.2381,14,0.95,0.2,1.0,3,0,0,0,0,0,0,0,0
21,0,0,1,0,76.1905,0,0,0.2381,14,0.95,0.25,1.0,3,0,0,0,0,0,0,0,0
44,0,0,1,1,77.2727,0,0,0.1818,35,0.5,0.0698,1.0,2,0,0,0,0,0,0,0,0
25,0,0,1,1,68.0,0,0,0.2,17,0.95,0.1667,1.0,3,0,0,0,0,0,0,0,0
21,0,0,1,1,61.9048,0,0,0.2381,13,0.95,0.2,1.0,3,0,0,0,0,0,0,0,0
19,0,0,1,1,57.8947,0,0,0.2632,11,0.5,0.2222,1.0,2,0,0,0,0,0,0,0,0
34,0,0,1,1,79.4118,0,0,0.1471,26,0.9,0.1515,1.0,3,0,0,0,0,0,0,0,0
25,0,0,1,1,72.0,0,0,0.2,17,0.9,0.1667,1.0,3,0,0,0,0,0,0,0,0
27,0,0,1,1,85.1852,0,0,0.1852,19,0.95,0.1538,1.0,3,0,0,0,0,0,0,0,0
108,0,0,1,1,94.4444,0,0,0.1667,37,0.5,0.0467,1.0,2,0,0,0,0,0,0,0,0
30,0,0,1,1,70.0,0,0,0.1667,22,0.95,0.1379,1.0,3,0,0,0,0,0,0,0,0
21,0,0,1,1,76.1905,0,0,0.2381,13,0.5,0.2,1.0,2,0,0,0,0,0,0,0,0
27,0,0,1,1,70.3704,0,0,0.2222,18,0.5,0.1154,1.0,3,0,0,0,0,0,0,0,0
63,0,0,3,0,92.0635,0,0,0.1746,52,0.3,0.0645,1.0,3,0,0,0,0,0,0,0,0
24,0,0,1,1,66.6667,0,0,0.2083,16,0.85,0.1739,1.0,3,0,0,0,0,0,0,0,0
28,0,0,1,0,71.4286,0,0,0.1786,21,0.85,0.1481,1.0,3,0,0,0,0,0,0,0,0
31,0,0,2,1,67.7419,0,0,0.1935,23,0.9,0.2,1.0,2,0,0,0,0,0,0,0,0
24,0,0,1,1,58.3333,0,0,0.2083,16,0.95,0.2174,1.0,3,0,0,0,0,0,0,0,0
26,0,0,1,1,73.0769,0,0,0.1923,18,0.95,0.16,1.0,3,0,0,0,0,0,0,0,0
38,0,0,1,0,60.5263,0,0,0.1579,30,0.85,0.0541,1.0,3,0,0,0,0,0,0,0,0
27,0,0,1,1,66.6667,0,0,0.2593,18,0.5,0.1154,1.0,3,0,0,0,0,0,0,0,0
28,0,0,1,1,64.2857,0,0,0.1786,20,0.95,0.1852,1.0,3,0,0,0,0,0,0,0,0
29,0,0,1,1,86.2069,0,0,0.1724,21,0.95,0.1429,1.0,3,0,0,0,0,0,0,0,0
26,0,0,1,0,57.6923,0,0,0.1923,19,0.95,0.16,1.0,3,0,0,0,0,0,0,0,0
42,0,0,1,1,69.0476,0,0,0.1429,34,0.95,0.0976,1.0,3,0,0,0,0,0,0,0,0
27,0,0,1,0,66.6667,0,0,0.1852,20,0.95,0.1923,1.0,3,0,0,0,0,0,0,0,0
34,0,0,2,1,64.7059,0,0,0.1765,26,0.9,0.1212,1.0,2,0,0,0,0,0,0,0,0
18,0,0,1,1,50.0,0,0,0.2778,10,0.5,0.2353,1.0,2,0,0,0,0,0,0,0,0
24,0,0,1,1,75.0,0,0,0.2083,16,0.9,0.4783,1.0,3,0,0,0,0,0,0,0,0
37,0,0,1,0,78.3784,0,0,0.1351,30,0.95,0.1111,1.0,3,0,0,0,0,0,0,0,0
24,0,0,1,1,66.6667,0,0,0.25,16,0.9,0.1739,1.0,3,0,0,0,0,0,0,0,0
34,0,0,1,1,50.0,0,0,0.2059,25,0.95,0.1212,1.0,3,0,0,0,0,0,0,0,0
70,0,0,1,0,90.0,0,0,0.1143,43,0.5,0.029,1.0,2,0,0,0,0,0,0,0,0
30,0,0,1,1,66.6667,0,0,0.2,22,0.5,0.1724,1.0,2,0,0,0,0,0,0,0,0
32,0,0,1,1,65.625,0,0,0.2188,24,0.8,0.1613,1.0,2,0,0,0,0,0,0,0,0
19,0,0,1,1,68.4211,0,0,0.2632,11,0.88,0.2222,1.0,2,0,0,0,0,0,0,0,0
31,0,0,1,1,80.6452,0,0,0.1613,23,0.9,0.1333,1.0,3,0,0,0,0,0,0,0,0
26,0,0,1,1,69.2308,0,0,0.1923,18,0.85,0.16,1.0,3,0,0,0,0,0,0,0,0
24,0,0,1,1,70.8333,0,0,0.2083,16,0.95,0.1739,1.0,3,0,0,0,0,0,0,0,0
22,0,0,1,0,45.4545,0,0,0.2727,14,0.95,0.1905,1.0,3,0,0,0,0,0,0,0,0
24,0,0,1,0,58.3333,0,0,0.2083,17,0.5,0.1739,1.0,2,0,0,0,0,0,0,0,0
48,0,0,4,0,75.0,0,0,0.2083,41,0.95,0.0851,1.0,3,0,0,0,0,0,0,0,0
38,0,0,1,0,73.6842,0,0,0.1842,30,0.95,0.1081,1.0,3,0,0,0,0,0,0,0,0
45,0,0,2,1,64.4444,0,0,0.2,36,0.5,0.0909,1.0,3,0,0,0,0,0,0,0,0
42,0,0,1,0,71.4286,0,0,0.2143,19,0.5,0.0732,1.0,2,0,0,0,0,0,0,0,0
29,0,0,1,0,68.9655,0,0,0.1724,22,0.95,0.1429,1.0,3,0,0,0,0,0,0,0,0
27,0,0,1,0,62.963,0,0,0.1852,20,0.95,0.1923,1.0,3,0,0,0,0,0,0,0,0
23,0,0,1,0,56.5217,0,0,0.2174,16,0.9,0.1818,1.0,3,0,0,0,0,0,0,0,0
40,0,0,2,1,75.0,0,0,0.15,32,0.9,0.1282,1.0,2,0,0,0,0,0,0,0,0
29,0,0,1,1,44.8276,0,0,0.2414,20,0.95,0.1071,1.0,3,0,0,0,0,0,0,0,0
237,0,0,3,1,98.3122,4,1,0.1435,79,0.95,0.0212,0.9916,3,0,0,0,0,0,0,0,0
24,0,0,1,0,62.5,0,0,0.2083,17,0.5,0.1739,1.0,3,0,0,0,0,0,0,0,0
20,0,0,1,0,60.0,0,0,0.25,13,0.95,0.2105,1.0,3,0,0,0,0,0,0,0,0
26,0,0,1,1,53.8462,0,0,0.2308,18,0.5,0.16,1.0,2,0,0,0,225,1,1,0,1
37,0,0,1,1,78.3784,0,0,0.1351,29,0.95,0.1111,1.0,3,0,0,0,0,0,0,0,1
56,0,0,2,1,82.1429,0,0,0.1964,47,0.8,0.0909,1.0,2,0,0,0,0,0,0,0,0
40,0,0,1,1,67.5,0,0,0.225,31,0.5,0.1026,1.0,3,0,0,0,0,0,0,0,0
19,0,0,1,1,73.6842,0,0,0.2632,11,0.85,0.2222,1.0,3,0,0,0,0,0,0,0,0
24,0,0,1,1,50.0,0,0,0.2083,16,0.95,0.1739,1.0,3,0,0,0,0,0,0,0,0
28,0,0,1,1,50.0,0,0,0.1786,20,0.95,0.1852,1.0,3,0,0,0,0,0,0,0,0
24,0,0,2,1,58.3333,0,0,0.25,16,0.9,0.1739,1.0,2,0,0,0,0,0,0,0,0
20,0,0,1,1,55.0,0,0,0.25,12,0.95,0.2632,1.0,3,0,3,0,208,0,0,0,0
26,0,0,1,1,65.3846,0,0,0.1923,18,0.95,0.2,1.0,3,1,0,0,2,0,0,0,1
27,0,0,1,1,77.7778,0,0,0.1852,19,0.95,0.1538,1.0,3,0,0,0,0,0,0,0,0
113,0,1,0,0,92.0354,0,0,0.177,11,0.95,0.1161,0.9823,3,0,0,0,0,0,0,0,0
88,0,0,1,1,86.3636,0,0,0.0795,15,0.5,0.0345,1.0,2,0,0,0,0,0,0,0,0
30,0,0,1,1,73.3333,0,0,0.2333,21,0.5,0.1034,1.0,3,0,0,0,0,0,0,0,0
29,0,0,2,1,68.9655,0,0,0.2069,21,0.9,0.1786,1.0,2,0,0,0,0,0,0,0,0
30,0,0,1,1,70.0,0,0,0.2333,21,0.5,0.1379,1.0,3,0,0,0,0,0,0,0,0
28,0,0,2,1,71.4286,0,0,0.2143,20,0.9,0.1481,1.0,2,0,0,0,0,0,0,0,0
20,0,0,0,1,65.0,0,0,0.25,11,0.95,0.1053,1.0,3,0,0,0,0,0,0,0,0
37,0,0,3,1,81.0811,0,0,0.2162,28,0.5,0.0833,1.0,3,0,0,0,0,0,0,0,0
32,0,0,1,1,90.625,0,0,0.1562,24,0.95,0.129,1.0,3,0,0,0,0,0,0,0,0
101,0,0,1,1,92.0792,0,0,0.099,16,0.5,0.06,1.0,4,0,0,0,0,0,0,0,0
25,0,0,1,1,60.0,0,0,0.2,17,0.95,0.1667,1.0,3,0,0,0,0,0,0,0,0
34,0,0,1,1,70.5882,0,0,0.1471,26,0.9,0.1212,1.0,3,2,0,1,52,0,1,0,1
38,0,0,1,0,73.6842,0,0,0.1316,31,0.95,0.1351,1.0,3,0,0,1,0,0,1,0,1
26,0,0,2,0,61.5385,0,0,0.2308,19,0.85,0.16,1.0,3,0,0,0,0,0,0,0,0
25,0,0,1,0,60.0,0,0,0.2,18,0.95,0.1667,1.0,3,0,0,0,0,0,0,0,0
51,0,0,1,1,86.2745,0,0,0.1373,42,0.5,0.12,1.0,2,0,0,0,0,0,0,0,0
30,0,0,1,1,66.6667,0,0,0.1667,22,0.88,0.1379,1.0,2,1,0,1,13,0,1,0,1
52,0,0,2,1,69.2308,0,0,0.1731,43,0.5,0.0588,1.0,3,0,0,0,0,0,0,0,0
26,0,0,1,1,65.3846,0,0,0.1923,18,0.9,0.16,1.0,3,0,0,0,0,0,0,0,0
26,0,0,2,1,46.1538,0,0,0.2308,18,0.9,0.16,1.0,2,0,0,0,0,0,0,0,0
27,0,0,1,0,70.3704,0,0,0.1852,20,0.95,0.1923,1.0,3,0,0,0,0,0,0,0,0
20,0,0,1,1,55.0,0,0,0.25,12,0.95,0.2105,1.0,3,0,0,0,0,0,0,0,0
25,0,0,1,1,68.0,0,0,0.2,17,0.95,0.1667,1.0,3,0,0,0,0,0,0,0,0
41,0,0,1,0,70.7317,0,0,0.2195,14,0.9,0.05,1.0,2,0,0,0,0,0,0,0,0
21,0,0,1,1,61.9048,0,0,0.2381,13,0.95,0.2,1.0,3,0,0,0,0,0,0,0,0
23,0,0,1,1,73.913,0,0,0.2174,15,0.95,0.1818,1.0,3,0,0,0,0,0,0,0,0
30,0,0,1,0,73.3333,0,0,0.1667,23,0.95,0.1379,1.0,3,0,0,0,0,0,0,0,0
30,0,0,1,0,46.6667,0,0,0.1667,23,0.95,0.1379,1.0,3,0,0,0,0,0,0,0,0
26,0,0,1,1,73.0769,0,0,0.2308,17,0.35,0.16,1.0,4,0,0,0,0,0,0,0,0
29,0,0,0,0,65.5172,0,0,0.1379,22,0.5,0.1071,1.0,8,0,0,0,0,0,0,0,0
25,0,0,1,1,72.0,0,0,0.2,17,0.95,0.1667,1.0,3,2,0,1,110,1,1,0,1
24,0,0,1,1,70.8333,0,0,0.2083,16,0.95,0.1739,1.0,3,1,0,0,0,0,1,0,1
27,0,0,1,1,55.5556,0,0,0.2222,18,0.5,0.1538,1.0,3,0,0,0,0,0,0,0,0
24,0,0,1,1,58.3333,0,0,0.2083,16,0.95,0.1739,1.0,3,0,0,0,0,0,0,0,0
27,0,0,1,1,70.3704,0,0,0.1852,19,0.95,0.1538,1.0,3,0,0,0,0,0,0,0,0
43,0,0,1,0,67.4419,0,0,0.1628,35,0.95,0.0952,1.0,3,0,0,0,0,0,0,0,0
33,0,0,2,1,57.5758,0,0,0.1818,25,0.5,0.125,1.0,2,0,0,0,28,0,1,0,1
29,0,0,1,1,68.9655,0,0,0.1724,21,0.9,0.1786,1.0,3,0,0,0,0,0,0,0,0
25,0,0,1,0,56.0,0,0,0.2,18,0.95,0.1667,1.0,3,0,0,0,0,0,0,0,0
23,0,0,1,1,56.5217,0,0,0.2609,15,0.5,0.2273,1.0,2,0,0,0,0,0,0,0,0
22,0,0,1,1,68.1818,0,0,0.2273,14,0.95,0.2381,1.0,3,0,0,0,0,0,0,0,0
28,0,0,1,1,71.4286,0,0,0.1786,20,0.95,0.1481,1.0,3,0,0,0,0,0,0,0,0
45,0,0,1,1,86.6667,0,0,0.1778,16,0.5,0.0682,1.0,3,0,0,0,0,0,0,0,0
22,0,0,0,1,45.4545,0,0,0.2273,6,0.5,0.0952,1.0,2,0,0,0,0,0,0,0,0
22,0,0,1,1,72.7273,0,0,0.2273,14,0.95,0.1905,1.0,3,0,0,0,0,0,0,0,0
51,0,0,1,1,76.4706,0,0,0.1765,42,0.95,0.06,1.0,3,0,0,0,0,0,0,0,0
28,0,0,1,1,71.4286,0,0,0.1786,20,0.95,0.1481,1.0,3,0,0,0,0,0,0,0,0
134,0,0,2,1,88.806,4,2,0.1418,29,0.95,0.0301,1.0,3,0,0,0,0,0,0,0,0
23,0,0,1,1,60.8696,0,0,0.2174,15,0.9,0.1818,1.0,3,0,0,0,0,0,0,0,0
27,0,0,2,0,66.6667,0,0,0.2222,20,0.5,0.1538,1.0,2,0,0,0,0,0,0,0,0
25,0,0,1,1,64.0,0,0,0.2,17,0.95,0.1667,1.0,3,0,0,0,0,0,0,0,0
34,0,0,1,1,79.4118,0,0,0.1471,26,0.95,0.1212,1.0,3,0,0,0,0,0,0,0,0
29,0,0,1,0,68.9655,0,0,0.1724,22,0.9,0.0714,1.0,3,0,0,0,0,0,0,0,0
23,0,0,1,1,69.5652,0,0,0.2174,15,0.9,0.1818,1.0,3,0,0,0,0,0,0,0,0
20,0,0,1,1,55.0,0,0,0.25,12,0.95,0.2105,1.0,3,0,0,0,0,0,0,0,0
54,0,0,1,1,77.7778,0,0,0.1296,34,0.95,0.0566,1.0,3,0,0,0,0,0,0,0,0
21,0,0,2,1,71.4286,0,0,0.2857,13,0.5,0.25,1.0,2,0,0,0,0,0,0,0,0
50,0,0,1,1,90.0,0,0,0.22,41,0.5,0.0612,1.0,3,0,0,0,0,0,0,0,0
56,0,0,4,0,83.9286,0,0,0.1786,49,0.95,0.0727,1.0,3,0,0,0,0,0,0,0,0
29,0,0,1,1,89.6552,0,0,0.1724,21,0.95,0.2143,1.0,3,0,0,1,43,0,1,0,1
22,0,0,1,1,59.0909,0,0,0.2273,14,0.95,0.2381,1.0,3,0,0,0,0,0,0,0,0
22,0,0,1,0,59.0909,0,0,0.2273,15,0.95,0.1905,1.0,3,0,0,0,0,0,0,0,0
33,0,0,1,1,66.6667,0,0,0.1818,24,0.95,0.0938,1.0,3,0,0,0,0,0,0,0,0
26,0,0,1,1,73.0769,0,0,0.1923,18,0.95,0.16,1.0,3,0,0,0,192,0,1,0,0
20,0,0,1,0,60.0,0,0,0.25,13,0.85,0.2105,1.0,3,0,0,0,0,0,0,0,0
23,0,0,1,1,56.5217,0,0,0.2174,15,0.95,0.1818,1.0,3,0,0,0,0,0,0,0,0
23,0,0,1,1,60.8696,0,0,0.2174,15,0.5,0.1818,1.0,2,0,0,0,0,0,0,0,0
24,0,0,1,1,58.3333,0,0,0.2083,16,0.85,0.1739,1.0,3,0,0,0,0,0,0,0,0
20,0,0,1,1,65.0,0,0,0.25,12,0.5,0.2105,1.0,2,0,0,0,0,0,0,0,0
27,0,0,1,1,48.1481,0,0,0.2593,18,0.5,0.1154,1.0,3,0,0,0,0,0,0,0,0
39,0,0,0,1,79.4872,0,0,0.1538,17,0.95,0.0526,1.0,3,0,0,0,0,0,0,0,0
20,0,0,1,1,50.0,0,0,0.25,12,0.95,0.2105,1.0,3,1,0,1,15,1,1,0,0
24,0,0,2,0,62.5,0,0,0.25,17,0.95,0.1739,1.0,3,0,0,0,0,0,0,0,0
36,0,0,1,1,80.5556,0,0,0.1389,28,0.85,0.1429,1.0,3,0,0,0,0,0,0,0,0
21,0,0,1,1,61.9048,0,0,0.2381,13,0.9,0.2,1.0,2,0,0,0,0,0,0,0,0
23,0,0,1,1,56.5217,0,0,0.2609,15,0.95,0.1818,1.0,3,0,0,0,0,0,0,0,0
37,0,0,1,1,75.6757,0,0,0.1351,29,0.95,0.1111,1.0,3,0,0,0,39,0,1,0,1
20,0,0,1,0,45.0,0,0,0.25,13,0.5,0.2105,1.0,2,0,0,0,0,0,0,0,0
31,0,0,1,1,70.9677,0,0,0.1613,23,0.95,0.1333,1.0,3,0,0,0,0,0,0,0,0
28,0,0,1,1,67.8571,0,0,0.1786,20,0.95,0.1852,1.0,3,0,0,0,0,0,0,0,0
26,0,0,1,1,57.6923,0,0,0.1923,18,0.95,0.16,1.0,3,0,0,0,0,0,0,0,0
27,0,0,1,1,59.2593,0,0,0.1852,19,0.9,0.1538,1.0,3,0,0,0,0,0,0,0,0
21,0,0,1,1,66.6667,0,0,0.2381,13,0.55,0.2,1.0,4,0,0,0,63,0,1,0,0
31,0,0,1,1,74.1935,0,0,0.1613,23,0.95,0.1667,1.0,3,0,0,0,0,0,0,0,0
31,0,0,1,0,67.7419,0,0,0.1613,24,0.95,0.1667,1.0,3,0,0,0,0,0,0,0,0
30,0,0,1,0,83.3333,0,0,0.2333,16,0.95,0.069,1.0,3,0,0,0,0,0,0,0,0
29,0,0,1,0,75.8621,0,0,0.1724,22,0.5,0.1786,1.0,7,0,0,0,0,0,0,0,0
25,0,0,0,1,68.0,0,0,0.2,8,0.5,0.125,1.0,2,0,0,0,0,0,0,0,0
34,0,0,1,1,79.4118,0,0,0.1471,26,0.95,0.1212,1.0,3,0,0,0,13,0,1,0,1
24,0,0,1,1,70.8333,0,0,0.2083,16,0.95,0.1739,1.0,3,0,0,0,0,0,0,0,0
24,0,0,1,1,66.6667,0,0,0.2083,16,0.95,0.2174,1.0,3,0,0,0,0,0,0,0,0
25,0,0,1,1,56.0,0,0,0.2,17,0.95,0.1667,1.0,3,0,1,1,117,0,1,0,1
19,0,0,1,1,47.3684,0,0,0.2632,11,0.88,0.2222,1.0,2,0,0,0,0,0,0,0,0
29,0,0,1,0,51.7241,0,0,0.1724,22,0.9,0.0714,1.0,3,0,0,0,0,0,0,0,0
29,0,0,1,0,62.069,0,0,0.1724,22,0.55,0.1429,1.0,4,0,0,0,0,0,0,0,0
31,0,0,1,1,70.9677,0,0,0.1613,23,0.95,0.1333,1.0,3,0,0,0,0,0,0,0,0
53,0,0,1,0,83.0189,0,0,0.1887,17,0.9,0.0769,1.0,3,0,0,0,0,0,0,0,0
39,0,0,1,1,76.9231,0,0,0.1795,19,0.5,0.0526,1.0,2,0,0,0,0,0,0,0,0
91,0,0,1,1,90.1099,0,0,0.1538,19,0.8,0.0556,1.0,2,0,0,0,0,0,0,0,0
71,0,0,0,1,83.0986,0,0,0.0986,11,0.95,0.0429,1.0,3,0,0,0,0,0,0,0,0
24,0,0,1,0,62.5,0,0,0.2083,17,0.95,0.1739,1.0,3,0,0,0,0,0,0,0,0
71,0,0,3,1,87.3239,0,0,0.1831,47,0.95,0.0286,1.0,3,0,0,0,0,0,0,0,0
23,0,0,2,1,65.2174,0,0,0.2609,15,0.5,0.2273,1.0,2,0,0,0,0,0,0,0,0
23,0,0,2,1,52.1739,0,0,0.2609,15,0.5,0.1818,1.0,2,0,0,0,0,0,0,0,0
23,0,0,1,1,73.913,0,0,0.2174,15,0.95,0.1818,1.0,3,0,0,0,0,0,0,0,0
28,0,0,1,1,67.8571,0,0,0.1786,20,0.95,0.1481,1.0,3,0,0,0,0,0,0,0,0
31,0,0,1,1,74.1935,0,0,0.2258,23,0.9,0.2,1.0,3,0,0,0,0,0,0,0,0
25,0,0,1,1,64.0,0,0,0.28,16,0.5,0.125,1.0,3,0,0,0,0,0,0,0,0
28,0,0,1,1,57.1429,0,0,0.1786,20,0.95,0.1481,1.0,3,0,0,0,0,0,0,0,0
24,0,0,1,1,79.1667,0,0,0.2083,16,0.85,0.1739,1.0,3,0,0,0,0,0,0,0,0
33,0,0,1,1,81.8182,0,0,0.1515,25,0.99,0.125,1.0,3,0,0,0,0,0,0,0,0
54,0,0,1,1,81.4815,0,0,0.1667,45,0.95,0.1321,1.0,3,0,0,0,0,0,0,0,0
25,0,0,1,0,68.0,0,0,0.2,18,0.95,0.2083,1.0,3,0,0,0,0,0,0,0,0
49,0,0,0,1,77.551,0,0,0.1224,20,0.5,0.125,1.0,2,0,0,0,0,0,0,0,0
22,0,0,1,1,59.0909,0,0,0.2273,14,0.8,0.1905,1.0,2,0,0,0,0,0,0,0,0
58,0,0,1,1,81.0345,0,0,0.1552,16,0.95,0.0702,1.0,3,0,0,0,0,0,0,0,0
23,0,0,2,1,65.2174,0,0,0.2609,15,0.5,0.1818,1.0,2,0,0,0,0,0,0,0,0
27,0,0,0,0,48.1481,0,0,0.2593,20,0.9,0.1538,1.0,3,0,0,0,0,0,0,0,0
20,0,0,0,1,40.0,0,0,0.25,6,0.5,0.1579,1.0,2,0,0,0,0,0,0,0,0
21,0,0,1,0,52.381,0,0,0.2381,14,0.95,0.2,1.0,3,0,0,0,0,0,0,0,0
24,0,0,1,1,66.6667,0,0,0.2083,16,0.95,0.2174,1.0,3,2,0,1,0,0,1,0,1
29,0,0,1,1,55.1724,0,0,0.2414,20,0.5,0.1429,1.0,3,0,0,0,0,0,0,0,0
26,0,0,1,0,61.5385,0,0,0.1923,19,0.5,0.16,1.0,2,0,0,0,0,0,0,0,0
18,0,0,1,1,61.1111,0,0,0.2778,10,0.5,0.2353,1.0,2,1,0,0,69,0,1,0,1
119,0,1,2,1,91.5966,2,1,0.1176,74,0.5,0.0339,0.9916,4,0,0,0,0,0,0,0,0
24,0,0,1,1,70.8333,0,0,0.2083,16,0.9,0.1739,1.0,3,0,0,0,0,0,0,0,0
22,0,0,1,1,68.1818,0,0,0.2273,14,0.95,0.1905,1.0,3,0,0,0,0,0,0,0,0
44,0,0,1,0,86.3636,0,0,0.1364,36,0.95,0.1163,1.0,3,0,0,0,0,0,0,0,0
46,0,0,2,0,71.7391,0,0,0.1739,38,0.5,0.0889,1.0,4,0,0,0,0,0,0,0,0
58,0,0,0,0,81.0345,0,0,0.1034,11,0.95,0.0877,1.0,3,0,0,0,0,0,0,0,0
27,0,0,1,1,70.3704,0,0,0.1852,19,0.5,0.1923,1.0,2,0,0,0,9,0,0,0,1
28,0,0,1,1,75.0,0,0,0.1786,20,0.95,0.1481,1.0,3,0,0,0,0,0,0,0,0
30,0,0,1,0,60.0,0,0,0.1667,23,0.95,0.1724,1.0,3,0,0,0,0,0,0,0,0
22,0,0,1,0,50.0,0,0,0.2273,15,0.95,0.1905,1.0,3,0,0,0,0,0,0,0,0
30,0,0,2,0,73.3333,0,0,0.2,23,0.95,0.1379,1.0,3,0,0,0,0,0,0,0,0
27,0,0,1,1,55.5556,0,0,0.1852,19,0.95,0.1538,1.0,3,0,0,0,0,0,0,0,0
44,0,0,1,0,77.2727,0,0,0.2045,36,0.95,0.093,1.0,3,0,0,0,0,0,0,0,0
24,0,0,1,1,58.3333,0,0,0.2083,16,0.85,0.1739,1.0,3,0,0,0,0,0,0,0,0
27,0,0,1,1,74.0741,0,0,0.1852,19,0.95,0.1538,1.0,3,0,0,0,0,0,0,0,0
26,0,0,1,0,69.2308,0,0,0.2308,19,0.5,0.16,1.0,2,0,0,0,0,0,0,0,0
28,0,0,1,1,71.4286,0,0,0.2143,19,0.95,0.1481,1.0,3,0,0,0,0,0,0,0,0
60,0,0,1,1,88.3333,0,0,0.1833,51,0.95,0.0508,1.0,3,0,0,0,0,0,0,0,0
32,0,0,2,1,68.75,0,0,0.1875,24,0.9,0.1613,1.0,2,0,0,0,0,0,1,0,0
20,0,0,1,1,75.0,0,0,0.25,12,0.95,0.2105,1.0,3,0,0,0,0,0,0,0,0
26,0,0,1,1,69.2308,0,0,0.1923,18,0.95,0.16,1.0,3,0,0,0,0,0,0,0,0
28,0,0,1,1,75.0,0,0,0.1786,20,0.95,0.1481,1.0,3,0,0,0,0,0,0,0,0
30,0,0,0,1,63.3333,0,0,0.1667,13,0.5,0.1379,1.0,4,0,0,0,1,0,0,0,0
23,0,0,1,1,60.8696,0,0,0.2174,15,0.95,0.2273,1.0,3,0,0,0,0,0,0,0,0
56,0,0,2,1,87.5,0,0,0.125,47,0.8,0.0727,1.0,2,0,0,0,0,0,0,0,0
31,0,0,1,1,67.7419,0,0,0.1613,23,0.9,0.1333,1.0,2,0,0,0,0,0,0,0,0
71,0,0,0,1,80.2817,0,0,0.0986,11,0.95,0.0429,1.0,3,0,0,0,0,0,0,0,0
34,0,0,1,1,76.4706,0,0,0.1471,26,0.9,0.1212,1.0,3,0,0,0,0,1,1,0,1
36,0,0,1,1,75.0,0,0,0.1389,28,0.95,0.1429,1.0,3,1,0,1,153,0,1,0,1
34,0,0,1,1,55.8824,0,0,0.1765,25,0.95,0.0606,1.0,3,0,0,0,0,0,0,0,0
35,0,0,2,1,77.1429,0,0,0.1714,27,0.9,0.1471,1.0,2,0,0,1,242,0,1,0,1
25,0,0,1,1,68.0,0,0,0.2,17,0.95,0.1667,1.0,3,0,1,1,2,0,1,1,1
34,0,0,1,1,76.4706,0,0,0.1471,26,0.95,0.1212,1.0,3,0,0,0,0,0,0,0,0
32,0,0,1,1,84.375,0,0,0.1562,24,0.9,0.1613,1.0,3,0,0,0,0,0,0,0,0
24,0,0,1,1,58.3333,0,0,0.2083,16,0.95,0.1739,1.0,3,0,0,0,0,0,0,0,0
23,0,0,1,0,47.8261,0,0,0.2174,16,0.5,0.1818,1.0,4,0,0,0,0,0,0,0,0
29,0,0,1,1,72.4138,0,0,0.1724,21,0.95,0.1429,1.0,3,0,0,0,0,0,0,0,0
27,0,0,1,1,62.963,0,0,0.1852,19,0.95,0.1538,1.0,3,0,0,0,0,0,0,0,0
27,0,0,1,1,74.0741,0,0,0.1852,19,0.95,0.1538,1.0,3,0,0,0,0,0,0,0,0
50,0,0,4,1,76.0,0,0,0.18,41,0.85,0.0816,1.0,3,0,0,0,0,0,0,0,0
26,0,0,2,1,57.6923,0,0,0.2308,18,0.5,0.2,1.0,2,0,0,0,0,0,0,0,0
31,0,0,2,0,80.6452,0,0,0.1935,24,0.5,0.1667,1.0,4,0,0,0,0,0,0,0,0
25,0,0,1,1,60.0,0,0,0.2,17,0.95,0.1667,1.0,3,0,0,0,0,0,0,0,0
22,0,0,2,1,59.0909,0,0,0.2727,14,0.5,0.1905,1.0,2,0,0,0,0,0,0,0,0
48,0,0,1,0,75.0,0,0,0.1042,41,0.5,0.1489,1.0,2,0,0,0,0,0,0,0,0
28,0,0,1,1,60.7143,0,0,0.1786,20,0.95,0.1481,1.0,3,0,0,0,0,0,0,0,0
59,0,0,3,0,83.0508,0,0,0.1695,51,0.5,0.1034,1.0,4,0,0,0,0,0,0,0,0
65,0,0,1,1,86.1538,0,0,0.1231,56,0.8,0.5938,1.0,2,0,0,0,0,0,0,0,0
31,0,0,1,1,77.4194,0,0,0.1613,23,0.95,0.1333,1.0,3,2,1,0,75,0,1,0,1
28,0,0,2,1,57.1429,0,0,0.2143,20,0.5,0.1481,1.0,2,0,0,0,0,0,0,0,0
38,0,0,2,0,78.9474,0,0,0.1579,31,0.5,0.1892,1.0,3,0,0,0,0,0,0,0,0
115,0,0,1,1,93.913,0,0,0.0783,20,0.5,0.0263,1.0,5,0,0,0,0,0,0,0,0
35,0,0,1,1,80.0,0,0,0.1429,27,0.95,0.1176,1.0,3,0,0,0,0,0,0,0,0
23,0,0,1,0,73.913,0,0,0.2174,16,0.3,0.1818,1.0,3,0,0,0,0,0,0,0,0
32,0,0,3,0,71.875,0,0,0.2188,25,0.5,0.129,1.0,2,1,0,0,0,0,0,0,0
25,0,0,1,1,68.0,0,0,0.2,17,0.9,0.2083,1.0,3,0,0,0,26,0,1,0,0
27,0,0,1,1,59.2593,0,0,0.1852,19,0.95,0.1538,1.0,3,0,0,0,0,0,0,0,0
25,0,0,1,1,72.0,0,0,0.2,17,0.95,0.2083,1.0,3,0,0,0,0,0,0,0,0
23,0,0,1,0,52.1739,0,0,0.2174,16,0.5,0.1818,1.0,2,0,0,0,0,0,0,0,0
45,0,0,2,1,86.6667,0,0,0.1556,36,0.8,0.0455,1.0,2,0,0,0,0,0,0,0,0
41,0,0,1,1,80.4878,0,0,0.122,33,0.95,0.125,1.0,3,0,0,0,0,0,0,0,0
28,0,0,1,1,71.4286,0,0,0.1786,20,0.95,0.1481,1.0,3,0,0,0,0,0,0,0,0
31,0,0,2,0,80.6452,0,0,0.1935,24,0.5,0.1667,1.0,4,0,0,0,0,0,0,0,0
37,0,0,1,1,54.0541,0,0,0.1892,28,0.95,0.0833,1.0,3,0,0,0,0,0,0,0,0
30,0,0,1,1,70.0,0,0,0.1667,22,0.95,0.1724,1.0,3,0,0,0,0,0,0,0,0
29,0,0,1,1,62.069,0,0,0.1724,21,0.95,0.1429,1.0,3,0,0,0,0,0,0,0,0
35,0,0,1,1,68.5714,0,0,0.1714,27,0.95,0.1176,1.0,3,0,0,0,0,0,0,0,0
30,0,0,2,0,63.3333,0,0,0.2,23,0.95,0.1379,1.0,3,0,0,0,0,0,0,0,0
179,0,0,3,0,96.648,3,1,0.1006,48,0.5,0.0506,1.0,2,0,0,0,0,0,0,0,0
20,0,0,1,1,65.0,0,0,0.25,12,0.9,0.2105,1.0,3,0,0,0,0,0,0,0,0
25,0,0,2,0,64.0,0,0,0.24,18,0.95,0.1667,1.0,3,0,0,0,0,0,0,0,0
25,0,0,1,1,60.0,0,0,0.2,17,0.95,0.1667,1.0,3,0,0,0,0,0,0,0,0
22,0,0,1,0,50.0,0,0,0.2273,15,0.95,0.2381,1.0,3,0,0,0,0,0,0,0,0
25,0,0,1,0,64.0,0,0,0.2,18,0.85,0.2083,1.0,3,0,0,0,0,0,0,0,0
29,0,0,1,1,58.6207,0,0,0.1724,21,0.9,0.1786,1.0,3,0,0,0,0,0,0,0,0
34,0,0,1,0,70.5882,0,0,0.1471,27,0.95,0.1212,1.0,3,0,0,0,0,0,0,0,0
29,0,0,1,1,55.1724,0,0,0.2069,21,0.5,0.1429,1.0,2,0,0,0,0,0,0,0,0
100,0,0,0,1,94.0,0,0,0.08,7,0.5,0.0505,1.0,2,0,0,0,0,0,0,0,0
22,0,0,1,1,59.0909,0,0,0.2273,14,0.95,0.1905,1.0,3,0,0,0,0,0,0,0,0
37,0,0,1,1,75.6757,0,0,0.1622,28,0.5,0.1389,1.0,3,0,0,0,0,0,0,0,0
29,0,0,1,1,82.7586,0,0,0.1724,21,0.5,0.1429,1.0,2,0,0,0,0,0,0,0,0
34,0,0,1,1,73.5294,0,0,0.1765,25,0.95,0.1515,1.0,3,0,0,0,0,0,0,0,0
24,0,0,1,1,58.3333,0,0,0.2083,16,0.95,0.2174,1.0,3,0,0,0,0,0,0,0,0
21,0,0,1,0,61.9048,0,0,0.2381,14,0.95,0.2,1.0,3,0,0,0,0,0,0,0,0
22,0,0,1,1,59.0909,0,0,0.2273,14,0.95,0.1905,1.0,3,1,0,1,13,1,1,1,1
38,0,0,1,1,73.6842,0,0,0.1579,29,0.95,0.0811,1.0,3,0,0,0,0,0,0,0,0
40,0,0,1,0,70.0,0,0,0.2,32,0.35,0.1026,1.0,4,0,0,0,0,0,0,0,0
25,0,0,1,1,60.0,0,0,0.2,17,0.95,0.2083,1.0,3,0,0,0,0,0,0,0,0
39,0,0,1,1,82.0513,0,0,0.1538,31,0.5,0.0526,1.0,2,0,0,0,0,0,0,0,0
23,0,0,1,1,60.8696,0,0,0.2174,15,0.9,0.1818,1.0,3,0,0,0,53,0,1,0,1
55,0,0,2,1,83.6364,0,0,0.1818,47,0.8,0.0741,1.0,2,0,0,0,0,0,0,0,0
61,0,0,1,0,85.2459,1,1,0.2295,10,0.5,0.0333,0.9672,2,0,0,0,0,0,0,0,0
27,0,0,3,0,77.7778,0,0,0.2593,20,0.5,0.1923,1.0,2,0,0,0,0,0,0,0,0
27,0,0,1,1,62.963,0,0,0.1852,19,0.95,0.1923,1.0,3,0,0,0,0,0,0,0,0
29,0,0,1,1,72.4138,0,0,0.1724,21,0.95,0.1429,1.0,3,0,0,0,0,0,0,0,0
36,0,0,2,0,75.0,0,0,0.1667,29,0.95,0.1429,1.0,3,0,0,0,0,0,0,0,0
18,0,0,1,1,61.1111,0,0,0.2778,10,0.85,0.2353,1.0,2,0,0,0,0,0,0,0,0
35,0,0,1,1,82.8571,0,0,0.1714,27,0.85,0.1765,1.0,3,0,0,0,0,0,0,0,0
25,0,0,1,1,60.0,0,0,0.2,17,0.95,0.1667,1.0,3,0,0,0,0,0,0,0,0
29,0,0,1,1,79.3103,0,0,0.1724,21,0.95,0.1429,1.0,3,0,0,0,0,0,0,0,0
36,0,0,1,1,75.0,0,0,0.1944,27,0.5,0.0571,1.0,2,0,0,0,0,0,0,0,0
38,0,0,1,1,78.9474,0,0,0.1316,30,0.95,0.1081,1.0,3,1,0,0,40,0,1,0,1
82,0,0,1,1,97.561,0,0,0.122,20,0.95,0.0741,1.0,3,0,0,0,0,0,0,0,0
30,0,0,2,1,56.6667,0,0,0.2,22,0.9,0.1379,1.0,2,0,0,0,0,0,0,0,0
39,0,0,1,1,74.359,0,0,0.1282,31,0.5,0.1316,1.0,2,0,0,0,0,0,0,0,0
24,0,0,1,1,70.8333,0,0,0.2083,16,0.95,0.1739,1.0,3,3,0,1,0,1,1,0,1
26,0,0,1,1,65.3846,0,0,0.1923,18,0.95,0.16,1.0,3,0,0,0,133,0,1,0,0
85,0,0,2,1,87.0588,0,0,0.0941,76,0.95,0.0357,1.0,3,0,0,0,0,0,0,0,0
78,0,0,2,0,79.4872,0,0,0.1282,44,0.5,0.026,1.0,2,0,0,0,0,0,0,0,0
63,0,0,5,0,88.8889,0,0,0.1587,53,0.3,0.0968,1.0,3,0,0,0,0,0,0,0,0
40,0,0,1,1,75.0,0,0,0.15,32,0.95,0.1282,1.0,3,0,1,0,0,0,1,0,1
30,0,0,1,1,73.3333,0,0,0.2,22,0.95,0.1379,1.0,3,0,0,0,0,0,0,0,0
33,0,0,1,1,66.6667,0,0,0.1818,24,0.5,0.0938,1.0,3,0,0,0,0,0,0,0,0
18,0,0,1,1,66.6667,0,0,0.2778,10,0.5,0.2353,1.0,2,0,0,0,0,0,0,0,0
27,0,0,1,1,66.6667,0,0,0.1852,19,0.95,0.1538,1.0,3,0,0,0,0,0,0,0,0
142,0,0,1,1,96.4789,2,1,0.1549,30,0.95,0.0638,1.0,3,0,0,0,0,0,0,0,0
29,0,0,2,0,58.6207,0,0,0.2069,22,0.5,0.1786,1.0,2,0,0,0,0,0,0,0,0
24,0,0,1,1,45.8333,0,0,0.2083,16,0.95,0.2174,1.0,3,0,0,0,0,0,0,0,0
27,0,0,2,0,62.963,0,0,0.2222,20,0.9,0.2308,1.0,2,0,0,0,0,0,0,0,0
25,0,0,2,0,76.0,0,0,0.24,18,0.5,0.1667,1.0,3,0,0,0,0,0,0,0,0
28,0,0,1,1,67.8571,0,0,0.1786,20,0.95,0.1481,1.0,3,0,0,0,0,0,0,0,0
30,0,0,1,1,70.0,0,0,0.1667,22,0.95,0.1379,1.0,3,0,0,0,0,0,0,0,0
20,0,0,1,1,60.0,0,0,0.25,12,0.95,0.2105,1.0,3,0,0,0,0,0,0,0,0
34,0,0,2,1,70.5882,0,0,0.1765,26,0.9,0.1212,1.0,2,0,0,0,0,0,0,0,0
32,0,0,1,1,68.75,0,0,0.1875,24,0.95,0.1613,1.0,3,0,0,0,0,0,0,0,0
24,0,0,1,1,58.3333,0,0,0.2083,16,0.95,0.1739,1.0,3,0,0,0,0,0,0,0,0
45,0,0,1,1,91.1111,0,0,0.1111,37,0.95,0.1364,1.0,3,0,0,0,0,0,0,0,0
56,0,0,2,1,82.1429,0,0,0.1964,47,0.8,0.0364,1.0,2,0,0,0,0,0,0,0,0
25,0,0,1,1,72.0,0,0,0.2,17,0.95,0.2083,1.0,3,0,0,0,0,0,0,0,0
23,0,0,2,1,69.5652,0,0,0.2609,15,0.5,0.1818,1.0,2,0,0,0,0,0,0,0,0
20,0,0,0,1,60.0,0,0,0.25,6,0.5,0.1579,1.0,2,0,0,0,0,0,0,0,0
22,0,0,0,1,50.0,0,0,0.2273,13,0.5,0.0952,1.0,4,0,0,0,0,0,0,0,0
26,0,0,1,0,53.8462,0,0,0.1923,19,0.35,0.16,1.0,3,0,0,0,0,0,0,0,0
56,0,0,3,0,69.6429,0,0,0.2143,26,0.5,0.0545,1.0,2,0,0,0,0,0,0,0,0
31,0,0,1,1,77.4194,0,0,0.1935,22,0.95,0.1333,1.0,3,0,0,0,0,0,0,0,0
27,0,0,1,1,44.4444,0,0,0.1852,19,0.88,0.1538,1.0,2,2,0,1,4,0,1,0,1
28,0,0,1,1,60.7143,0,0,0.1786,20,0.95,0.1481,1.0,3,0,0,0,0,0,0,0,0
18,0,0,0,0,50.0,0,0,0.2778,10,0.95,0.1765,1.0,3,0,0,0,0,0,0,0,0
37,0,0,1,1,83.7838,0,0,0.1351,29,0.95,0.1111,1.0,3,1,0,0,6,0,1,0,1
23,0,0,1,0,52.1739,0,0,0.2174,16,0.5,0.1818,1.0,2,0,0,0,0,0,0,0,0
29,0,0,1,1,75.8621,0,0,0.1724,21,0.95,0.1786,1.0,3,0,0,0,0,0,0,0,0
29,0,0,1,1,72.4138,0,0,0.1724,21,0.95,0.1429,1.0,3,0,0,0,0,0,0,0,0
23,0,0,1,1,60.8696,0,0,0.2174,15,0.9,0.1818,1.0,3,0,0,0,0,0,0,0,0
98,0,0,3,1,87.7551,0,0,0.2143,49,0.5,0.0515,1.0,4,0,0,0,0,0,0,0,0
35,0,0,1,0,74.2857,0,0,0.1429,28,0.95,0.1176,1.0,3,0,0,0,0,0,0,0,0
19,0,0,1,1,57.8947,0,0,0.2632,11,0.88,0.2222,1.0,2,0,0,0,0,0,0,0,0
26,0,0,2,1,65.3846,0,0,0.2692,18,0.5,0.2,1.0,2,2,0,1,1,1,1,0,1
26,0,0,1,1,65.3846,0,0,0.1923,18,0.95,0.16,1.0,3,0,0,0,0,0,0,0,0
25,0,0,0,1,64.0,0,0,0.24,4,0.5,0.0833,1.0,2,0,0,0,0,0,0,0,0
23,0,0,1,0,73.913,0,0,0.2174,16,0.95,0.1818,1.0,3,0,0,0,0,0,0,0,0
22,0,0,1,1,68.1818,0,0,0.2273,14,0.9,0.1905,1.0,3,0,0,0,0,0,0,0,0
18,0,0,0,0,50.0,0,0,0.2222,11,0.95,0.1176,1.0,3,0,0,0,0,0,0,0,0
97,0,0,1,0,93.8144,0,0,0.1546,19,0.95,0.0521,1.0,3,0,0,0,0,0,0,0,0
23,0,0,1,1,65.2174,0,0,0.2174,15,0.5,0.1818,1.0,2,0,0,0,0,0,0,0,0
39,0,0,1,1,82.0513,0,0,0.1795,30,0.95,0.1053,1.0,3,0,0,0,0,0,0,0,0
30,0,0,2,1,60.0,0,0,0.2,22,0.9,0.1379,1.0,2,0,2,0,30,0,0,0,0
28,0,0,1,0,71.4286,0,0,0.1786,21,0.95,0.1481,1.0,3,0,0,0,0,0,0,0,0
209,0,0,1,1,97.1292,2,1,0.0909,30,0.5,0.0433,0.9904,3,0,0,0,0,0,0,0,0
31,0,0,1,1,58.0645,0,0,0.1935,23,0.95,0.1333,1.0,3,0,0,0,0,0,0,0,0
25,0,0,1,1,68.0,0,0,0.2,17,0.95,0.1667,1.0,3,0,0,0,0,0,0,0,0
460,1,0,2,0,100.0,10,3,0.1435,13,0.5,0.037,0.9804,3,0,0,0,0,0,0,0,0
40,0,0,2,0,80.0,0,0,0.175,33,0.95,0.1282,1.0,3,0,0,0,0,0,0,0,0
24,0,0,1,1,54.1667,0,0,0.2083,16,0.9,0.1739,1.0,3,0,0,0,0,0,0,0,0
30,0,0,1,0,73.3333,0,0,0.1667,23,0.95,0.1724,1.0,3,0,0,0,0,0,0,0,0
28,0,0,1,1,60.7143,0,0,0.1786,20,0.95,0.1481,1.0,3,0,0,0,0,0,0,0,0
27,0,0,1,1,81.4815,0,0,0.1852,19,0.5,0.1923,1.0,2,1,0,0,1,0,1,0,1
29,0,0,1,1,79.3103,0,0,0.1724,21,0.95,0.1786,1.0,3,0,0,0,0,0,0,0,0
30,0,0,1,1,70.0,0,0,0.1667,22,0.95,0.2069,1.0,3,0,0,0,0,0,0,0,0
23,0,0,1,1,52.1739,0,0,0.2174,15,0.95,0.1818,1.0,3,0,0,0,0,0,0,0,0
26,0,0,3,1,61.5385,0,0,0.2692,18,0.88,0.16,1.0,2,0,0,0,0,0,0,0,0
46,0,0,1,0,76.087,0,0,0.1957,17,0.5,0.0889,1.0,2,0,0,0,0,0,0,0,0
30,0,0,1,0,76.6667,0,0,0.1667,23,0.95,0.1724,1.0,3,0,0,0,0,0,0,0,0
31,0,0,1,1,67.7419,0,0,0.1935,23,0.5,0.1333,1.0,2,0,0,0,0,0,0,0,0
26,0,0,1,1,76.9231,0,0,0.1923,18,0.95,0.16,1.0,3,3,8,0,106,0,1,1,1
32,0,0,0,1,81.25,0,0,0.1562,23,0.95,0.0645,1.0,3,0,0,0,0,0,0,0,0
51,0,0,0,1,74.5098,0,0,0.1176,16,0.5,0.1,1.0,2,0,0,0,0,0,0,0,0
29,0,0,1,1,79.3103,0,0,0.1724,21,0.9,0.1429,1.0,3,0,0,0,0,0,0,0,0
85,0,0,1,1,87.0588,0,0,0.1176,16,0.95,0.119,1.0,3,0,0,0,0,0,0,0,0
32,0,0,1,1,71.875,0,0,0.1562,24,0.5,0.1613,1.0,2,0,0,0,0,0,0,0,0
26,0,0,1,1,57.6923,0,0,0.1923,18,0.95,0.16,1.0,3,0,0,0,0,0,0,0,0
31,0,0,1,1,70.9677,0,0,0.1935,22,0.95,0.2,1.0,3,0,0,0,0,0,0,0,0
53,0,0,2,1,88.6792,0,0,0.1321,44,0.8,0.0385,1.0,2,0,0,0,0,0,0,0,0
21,0,0,1,1,61.9048,0,0,0.2381,13,0.9,0.2,1.0,3,0,0,0,0,0,0,0,0
35,0,0,1,1,62.8571,0,0,0.2,26,0.95,0.0882,1.0,3,0,0,0,0,0,0,0,0
28,0,0,2,0,78.5714,0,0,0.2143,21,0.5,0.1481,1.0,2,0,0,0,0,0,0,0,0
33,0,0,1,1,81.8182,0,0,0.1515,25,0.95,0.125,1.0,3,0,0,0,0,0,0,0,0
28,0,0,1,0,64.2857,0,0,0.1786,21,0.95,0.1481,1.0,3,0,0,0,0,0,0,0,0
86,0,0,1,1,88.3721,0,0,0.1163,16,0.95,0.0588,1.0,3,0,0,0,0,0,0,0,0
24,0,0,1,1,66.6667,0,0,0.2083,16,0.5,0.1739,1.0,2,2,0,0,26,0,1,0,1
37,0,0,1,1,75.6757,0,0,0.2162,28,0.95,0.0833,1.0,3,0,0,0,0,0,0,0,0
29,0,0,1,1,58.6207,0,0,0.2069,21,0.5,0.1429,1.0,2,0,0,0,0,0,0,0,0
29,0,0,1,1,79.3103,0,0,0.1724,21,0.95,0.1429,1.0,3,0,0,0,0,0,0,0,0
34,0,0,0,1,70.5882,0,0,0.2353,9,0.9,0.0909,1.0,2,0,0,0,0,0,0,0,0
207,0,0,3,0,98.0676,5,2,0.1643,52,0.3,0.034,0.9758,3,0,0,0,0,0,0,0,0
24,0,0,1,1,50.0,0,0,0.2083,16,0.95,0.1739,1.0,3,1,0,0,0,0,0,0,1
36,0,0,2,0,77.7778,0,0,0.1667,29,0.9,0.1143,1.0,3,0,0,0,0,0,0,0,0
27,0,0,1,1,81.4815,0,0,0.1852,19,0.5,0.1923,1.0,2,0,0,0,0,0,0,0,0
31,0,0,1,1,80.6452,0,0,0.1935,23,0.95,0.1333,1.0,3,0,0,0,0,0,1,0,1
32,0,0,1,0,71.875,0,0,0.1562,25,0.95,0.129,1.0,3,0,0,0,0,0,0,0,0
93,0,0,0,1,91.3978,0,0,0.086,19,0.95,0.0435,1.0,3,0,0,0,0,0,0,0,0
30,0,0,0,1,76.6667,0,0,0.1667,10,0.5,0.069,1.0,2,0,0,0,0,0,0,0,0
30,0,0,1,1,73.3333,0,0,0.1667,22,0.95,0.1379,1.0,3,0,0,0,0,0,0,0,0
20,0,0,0,0,45.0,0,0,0.25,12,0.95,0.1053,1.0,3,0,0,0,0,0,0,0,0
26,0,0,1,1,69.2308,0,0,0.2308,15,0.95,0.16,1.0,3,0,0,0,0,0,0,0,0
43,0,0,2,1,86.0465,0,0,0.1628,34,0.8,0.0476,1.0,2,0,0,0,0,0,0,0,0
22,0,0,1,1,59.0909,0,0,0.2273,14,0.9,0.1905,1.0,3,1,0,0,12,0,1,0,1
63,0,0,1,1,82.5397,0,0,0.1587,41,0.8,0.0806,1.0,2,0,0,0,0,0,0,0,0
74,0,1,1,1,87.8378,1,1,0.1622,34,0.5,0.0411,0.9865,2,0,0,0,0,0,0,0,0
33,0,0,1,1,84.8485,0,0,0.1515,25,0.95,0.125,1.0,3,0,1,0,45,0,0,0,1
30,0,0,1,1,73.3333,0,0,0.1667,22,0.9,0.2069,1.0,3,0,0,0,0,0,0,0,0
22,0,0,1,1,50.0,0,0,0.2273,14,0.5,0.1905,1.0,2,0,0,0,0,0,0,0,0
22,0,0,1,0,72.7273,0,0,0.2273,15,0.5,0.1905,1.0,2,0,0,0,0,0,0,0,0
20,0,0,1,0,55.0,0,0,0.3,13,0.5,0.2105,1.0,2,0,0,0,0,0,0,0,0
35,0,0,1,1,82.8571,0,0,0.1714,27,0.95,0.1176,1.0,3,0,0,0,0,0,0,0,0
29,0,0,1,0,65.5172,0,0,0.1724,22,0.95,0.1429,1.0,3,0,0,0,0,0,0,0,0
36,0,0,1,1,72.2222,0,0,0.1667,27,0.95,0.1143,1.0,3,0,0,0,0,0,0,0,0
49,0,0,1,0,85.7143,0,0,0.1837,23,0.35,0.0833,1.0,3,0,0,0,0,0,0,0,0
28,0,0,2,0,60.7143,0,0,0.2143,21,0.9,0.1481,1.0,3,0,0,0,0,0,0,0,0
25,0,0,1,0,72.0,0,0,0.2,18,0.5,0.1667,1.0,5,0,0,0,0,0,0,0,0
21,0,0,1,1,57.1429,0,0,0.2857,13,0.5,0.2,1.0,2,0,0,0,0,0,0,0,0
55,0,0,0,1,87.2727,0,0,0.1636,19,0.95,0.037,1.0,3,0,0,0,0,0,0,0,0
23,0,0,1,1,60.8696,0,0,0.2174,15,0.5,0.1818,1.0,2,0,0,1,96,0,1,0,1
46,0,0,2,1,89.1304,0,0,0.1522,37,0.8,0.0444,1.0,2,0,0,0,0,0,0,0,0
33,0,0,1,1,66.6667,0,0,0.2121,25,0.5,0.125,1.0,2,0,0,0,86,0,0,0,0
31,0,0,1,1,64.5161,0,0,0.2258,23,0.95,0.1333,1.0,3,0,0,0,0,0,0,0,0
24,0,0,1,1,75.0,0,0,0.2083,16,0.5,0.2174,1.0,2,0,0,0,0,0,0,0,0
22,0,0,1,0,68.1818,0,0,0.2273,15,0.95,0.1905,1.0,3,0,0,0,0,0,0,0,0
27,0,0,1,1,62.963,0,0,0.2593,18,0.5,0.1538,1.0,3,0,0,0,0,0,0,0,0
29,0,0,1,1,68.9655,0,0,0.1724,21,0.95,0.1786,1.0,3,0,1,1,6,0,0,0,1
19,0,0,1,1,63.1579,0,0,0.2632,11,0.88,0.2222,1.0,2,0,0,0,0,0,0,0,0
31,0,0,0,1,77.4194,0,0,0.1935,16,0.95,0.0667,1.0,3,0,0,0,0,0,0,0,0
28,0,0,1,1,71.4286,0,0,0.1786,20,0.95,0.1481,1.0,3,0,0,0,0,0,0,0,0
48,0,0,0,1,79.1667,0,0,0.1667,16,0.95,0.1064,1.0,3,0,0,0,0,0,0,0,0
29,0,0,1,1,75.8621,0,0,0.1724,21,0.95,0.1429,1.0,3,0,0,0,0,0,0,0,1
28,0,0,1,1,60.7143,0,0,0.2143,19,0.5,0.1481,1.0,3,0,0,0,0,0,0,0,0
38,0,0,0,0,73.6842,0,0,0.1579,20,0.95,0.1081,1.0,3,0,0,0,0,0,0,0,0
30,0,0,1,1,73.3333,0,0,0.1667,22,0.9,0.1724,1.0,3,0,0,0,0,0,0,0,0
27,0,0,1,0,62.963,0,0,0.1852,20,0.95,0.1538,1.0,3,0,0,0,0,0,0,0,0
39,0,0,1,1,74.359,0,0,0.1795,30,0.5,0.1053,1.0,2,0,0,0,0,0,0,0,0
25,0,0,1,0,80.0,0,0,0.2,18,0.5,0.1667,1.0,7,0,0,0,0,0,0,0,0
39,0,0,0,0,76.9231,0,0,0.1538,25,0.95,0.0789,1.0,3,0,0,0,0,0,0,0,0
43,0,0,1,1,74.4186,0,0,0.2326,34,0.5,0.0714,1.0,3,0,0,0,0,0,0,0,0
464,1,0,2,0,100.0,10,3,0.1401,13,0.5,0.041,0.9806,2,0,0,0,0,0,0,0,0
28,0,0,1,0,75.0,0,0,0.2143,20,0.95,0.1852,1.0,3,0,0,0,0,0,0,0,0
24,0,0,1,1,54.1667,0,0,0.25,16,0.95,0.1739,1.0,3,0,0,0,0,0,0,0,0
28,0,0,2,1,64.2857,0,0,0.2143,20,0.9,0.1481,1.0,2,0,0,0,0,0,0,0,0
25,0,0,1,1,84.0,0,0,0.2,17,0.95,0.2083,1.0,3,0,0,0,0,0,0,0,0
30,0,0,1,1,73.3333,0,0,0.1667,22,0.95,0.1379,1.0,3,0,0,0,0,0,0,0,0
23,0,0,1,1,56.5217,0,0,0.2609,15,0.95,0.1818,1.0,3,0,0,0,0,0,0,0,0
39,0,0,1,1,69.2308,0,0,0.1538,30,0.5,0.1053,1.0,3,0,0,0,0,0,0,0,0
52,0,0,1,1,80.7692,0,0,0.1538,43,0.8,0.0784,1.0,2,0,0,0,0,0,0,0,0
37,0,0,1,1,83.7838,0,0,0.1351,29,0.95,0.1111,1.0,3,0,0,0,0,0,0,0,0
25,0,0,1,1,84.0,0,0,0.2,17,0.9,0.1667,1.0,3,0,0,0,0,0,0,0,0
23,0,0,1,1,52.1739,0,0,0.2609,14,0.5,0.1364,1.0,3,0,0,0,0,0,0,0,0
27,0,0,2,1,62.963,0,0,0.2222,19,0.9,0.1923,1.0,2,2,0,0,35,0,1,0,1
55,0,0,1,1,85.4545,0,0,0.1818,33,0.5,0.0556,1.0,2,0,0,0,0,0,0,0,0
35,0,0,1,1,57.1429,0,0,0.2,26,0.95,0.1176,1.0,3,0,0,0,0,0,0,0,0
56,0,0,1,1,83.9286,0,0,0.1607,47,0.95,0.0909,1.0,3,0,0,0,0,0,0,0,0
26,0,0,1,0,80.7692,0,0,0.1923,19,0.95,0.2,1.0,3,1,0,0,0,1,1,0,1
39,0,0,1,1,69.2308,0,0,0.2051,21,0.95,0.0789,1.0,3,0,0,0,0,0,0,0,0
27,0,0,1,1,70.3704,0,0,0.2222,18,0.5,0.0769,1.0,3,0,0,0,0,0,0,0,0
29,0,0,1,1,58.6207,0,0,0.1724,21,0.88,0.1429,1.0,2,0,0,0,0,0,0,0,0
38,0,0,4,1,78.9474,0,0,0.2368,29,0.5,0.1081,1.0,4,0,0,0,0,0,0,0,0
29,0,0,1,1,72.4138,0,0,0.1724,21,0.95,0.1429,1.0,3,0,0,0,0,0,1,0,1
24,0,0,2,1,58.3333,0,0,0.25,16,0.5,0.1739,1.0,2,1,0,0,134,0,1,0,0
29,0,0,1,1,48.2759,0,0,0.2414,20,0.5,0.1071,1.0,3,0,0,0,0,0,0,0,0
29,0,0,1,1,68.9655,0,0,0.2069,20,0.35,0.0714,1.0,4,0,0,0,0,0,0,0,0
36,0,0,1,1,80.5556,0,0,0.1667,28,0.5,0.0571,1.0,2,0,0,0,0,0,0,0,0
24,0,0,1,1,66.6667,0,0,0.2083,16,0.95,0.1739,1.0,3,0,0,0,0,0,0,0,0
39,0,0,3,1,82.0513,0,0,0.2051,31,0.3,0.1579,1.0,3,0,0,0,0,0,0,0,0
27,0,0,1,1,70.3704,0,0,0.1852,19,0.95,0.1538,1.0,3,0,0,0,0,0,0,0,0
20,0,0,0,0,60.0,0,0,0.25,12,0.95,0.1579,1.0,3,0,0,0,0,0,0,0,0
24,0,0,1,1,58.3333,0,0,0.2083,16,0.95,0.1739,1.0,3,1,0,0,0,0,0,0,0
31,0,0,2,0,70.9677,0,0,0.1935,24,0.85,0.1333,1.0,3,0,0,0,0,0,0,0,0
27,0,0,1,0,77.7778,0,0,0.2222,19,0.8,0.0769,1.0,2,0,0,0,0,0,0,0,1
24,0,0,2,1,58.3333,0,0,0.25,16,0.5,0.1739,1.0,2,0,0,0,0,0,0,0,0
28,0,0,1,1,67.8571,0,0,0.1786,20,0.9,0.1481,1.0,3,0,0,0,0,0,0,0,0
46,0,0,1,1,67.3913,0,0,0.2174,37,0.5,0.1111,1.0,3,0,0,0,0,0,0,0,0
23,0,0,0,1,65.2174,0,0,0.2174,4,0.8,0.0909,1.0,2,0,0,0,0,0,0,0,0
19,0,0,1,0,47.3684,0,0,0.2632,12,0.95,0.2222,1.0,3,0,0,0,0,0,0,0,0
28,0,0,1,1,64.2857,0,0,0.1786,20,0.95,0.2222,1.0,3,0,0,0,0,0,0,0,0
20,0,0,1,1,70.0,0,0,0.25,12,0.5,0.2105,1.0,2,0,0,0,0,0,0,0,0
24,0,0,1,1,75.0,0,0,0.2083,16,0.95,0.1739,1.0,3,0,0,0,0,0,0,0,0
21,0,0,1,1,61.9048,0,0,0.2381,13,0.9,0.25,1.0,3,0,0,0,0,0,0,0,0
23,0,0,1,1,65.2174,0,0,0.2174,15,0.95,0.1818,1.0,3,0,0,0,0,0,0,0,0
192,1,0,2,0,98.4375,5,3,0.2135,14,0.5,0.089,0.9792,2,0,0,0,0,0,0,0,0
29,0,0,1,0,58.6207,0,0,0.2069,22,0.35,0.1429,1.0,4,0,0,0,0,0,0,0,0
23,0,0,1,1,56.5217,0,0,0.2609,15,0.9,0.1818,1.0,3,0,0,0,0,0,0,0,0
32,0,0,1,1,71.875,0,0,0.1875,23,0.95,0.129,1.0,3,0,0,0,0,0,0,0,0
27,0,0,2,0,51.8519,0,0,0.2222,20,0.8,0.1538,1.0,2,0,0,0,0,0,0,0,0
31,0,0,1,1,64.5161,0,0,0.1935,22,0.95,0.1,1.0,3,0,0,0,0,0,0,0,0
20,0,0,1,1,55.0,0,0,0.25,12,0.5,0.2105,1.0,2,0,0,0,0,0,0,0,0
19,0,0,1,0,57.8947,0,0,0.2632,12,0.5,0.2222,1.0,3,0,0,0,0,0,0,0,0
24,0,0,1,1,62.5,0,0,0.2083,16,0.5,0.1739,1.0,3,0,0,0,0,0,0,0,0
167,0,0,1,1,95.8084,3,1,0.1198,15,0.95,0.0422,1.0,3,0,0,0,0,0,0,0,0
29,0,0,1,1,62.069,0,0,0.1724,21,0.9,0.1429,1.0,3,0,0,0,0,0,0,0,0
44,0,0,1,1,75.0,0,0,0.1364,35,0.5,0.0698,1.0,2,0,0,0,0,0,0,0,0
25,0,0,1,1,68.0,0,0,0.2,17,0.5,0.1667,1.0,2,0,0,0,0,0,0,0,0
20,0,0,1,0,65.0,0,0,0.25,13,0.95,0.2632,1.0,3,0,0,0,0,0,0,0,0
19,0,0,0,1,73.6842,0,0,0.2632,10,0.5,0.1111,1.0,4,0,0,0,0,0,0,0,0
23,0,0,1,0,69.5652,0,0,0.2174,16,0.95,0.2273,1.0,3,0,0,0,0,0,0,0,0
33,0,0,2,1,84.8485,0,0,0.1818,25,0.9,0.1562,1.0,2,0,0,0,0,0,0,0,0
27,0,0,1,0,59.2593,0,0,0.1852,20,0.95,0.1538,1.0,3,0,0,0,0,0,0,0,0
29,0,0,1,1,68.9655,0,0,0.1724,21,0.9,0.1429,1.0,2,0,0,0,0,0,0,0,0
25,0,0,1,1,52.0,0,0,0.2,17,0.88,0.1667,1.0,2,0,0,0,0,0,0,0,0
22,0,0,1,0,68.1818,0,0,0.2273,15,0.95,0.1905,1.0,3,0,0,0,0,0,0,0,0
23,0,0,1,1,69.5652,0,0,0.2174,15,0.9,0.2273,1.0,3,0,0,0,0,0,0,0,0
32,0,0,1,1,75.0,0,0,0.1562,24,0.95,0.2258,1.0,3,1,0,1,49,0,1,0,1
21,0,0,1,0,57.1429,0,0,0.2381,14,0.95,0.25,1.0,3,0,0,0,0,0,0,0,0
32,0,0,1,1,65.625,0,0,0.1562,24,0.95,0.1613,1.0,3,1,0,1,127,0,1,0,1
22,0,0,1,0,63.6364,0,0,0.2273,15,0.88,0.2381,1.0,2,0,0,0,0,0,0,0,0
83,0,0,2,1,91.5663,0,0,0.0843,74,0.5,0.0244,1.0,4,0,0,0,0,0,0,0,0
42,0,0,1,0,71.4286,0,0,0.119,35,0.95,0.0976,1.0,3,0,0,0,0,0,0,0,0
32,0,0,1,1,65.625,0,0,0.1562,24,0.95,0.1613,1.0,3,0,0,0,0,0,0,0,0
39,0,0,0,0,87.1795,0,0,0.1538,32,0.95,0.0789,1.0,3,0,0,0,0,0,0,0,0
30,0,0,2,1,73.3333,0,0,0.2333,21,0.8,0.069,1.0,2,0,0,0,0,0,0,0,0
29,0,0,1,1,72.4138,0,0,0.1724,21,0.9,0.1429,1.0,3,0,0,0,0,0,0,0,0
25,0,0,1,1,60.0,0,0,0.2,17,0.95,0.2083,1.0,3,1,12,0,164,0,0,0,1
38,0,0,1,1,68.4211,0,0,0.1842,29,0.95,0.0811,1.0,3,0,0,0,0,0,0,0,0
34,0,0,1,1,67.6471,0,0,0.1471,26,0.95,0.1212,1.0,3,0,0,0,0,0,0,0,0
28,0,0,2,1,78.5714,0,0,0.2143,20,0.5,0.1481,1.0,2,0,0,0,0,0,0,0,0
24,0,0,1,1,62.5,0,0,0.2083,16,0.95,0.2174,1.0,3,0,0,0,0,0,0,0,0
30,0,0,1,1,53.3333,0,0,0.1667,22,0.95,0.1379,1.0,3,0,0,0,0,0,0,0,0
30,0,0,1,1,56.6667,0,0,0.1667,22,0.9,0.1379,1.0,3,0,0,0,0,0,0,0,0
32,0,0,1,0,75.0,0,0,0.1875,24,0.5,0.1613,1.0,3,0,0,0,0,0,0,0,0
106,0,0,0,0,92.4528,0,0,0.1226,21,0.35,0.0381,1.0,4,0,0,0,0,0,0,0,0
31,0,0,1,1,87.0968,0,0,0.1613,23,0.95,0.1333,1.0,3,0,0,0,0,0,0,0,0
26,0,0,1,1,53.8462,0,0,0.1923,18,0.5,0.16,1.0,2,0,0,0,0,0,0,0,0
25,0,0,2,0,64.0,0,0,0.24,18,0.5,0.1667,1.0,3,0,0,0,0,0,0,0,0
29,0,0,0,1,72.4138,0,0,0.1724,6,0.5,0.1786,1.0,2,0,0,0,0,0,0,0,0
29,0,0,1,1,55.1724,0,0,0.1724,21,0.95,0.1429,1.0,3,0,0,0,0,0,0,0,0
33,0,0,1,0,72.7273,0,0,0.1515,26,0.95,0.125,1.0,3,0,0,0,0,0,0,0,0
25,0,0,1,0,68.0,0,0,0.2,18,0.5,0.1667,1.0,6,0,0,0,0,0,0,0,0
17,0,0,1,0,64.7059,0,0,0.2941,10,0.5,0.25,1.0,2,0,0,0,0,0,0,0,0
30,0,0,1,1,66.6667,0,0,0.1667,22,0.95,0.1379,1.0,3,0,0,0,0,0,0,0,0
20,0,0,1,1,55.0,0,0,0.25,12,0.5,0.2105,1.0,2,1,0,1,73,0,1,0,1
35,0,0,1,1,82.8571,0,0,0.1429,27,0.9,0.1176,1.0,3,0,0,0,0,0,0,0,0
36,0,0,1,1,80.5556,0,0,0.1667,27,0.95,0.0857,1.0,3,0,0,0,0,0,0,0,0
41,0,0,1,0,82.9268,0,0,0.122,34,0.95,0.125,1.0,3,0,0,0,0,0,0,0,0
25,0,0,2,1,56.0,0,0,0.24,17,0.9,0.1667,1.0,2,0,0,0,0,0,0,0,0
33,0,0,1,1,69.697,0,0,0.2121,24,0.5,0.0938,1.0,3,0,0,0,0,0,0,0,0
23,0,0,1,0,65.2174,0,0,0.2174,16,0.35,0.2273,1.0,3,0,0,0,0,0,0,0,0
36,0,0,1,1,77.7778,0,0,0.1389,28,0.9,0.1143,1.0,3,0,0,0,0,0,0,0,0
38,0,0,1,1,73.6842,0,0,0.1842,29,0.95,0.0811,1.0,3,0,0,0,0,0,0,0,0
30,0,0,1,1,80.0,0,0,0.1667,22,0.5,0.1379,1.0,2,0,0,0,0,0,0,0,0
23,0,0,2,1,60.8696,0,0,0.2609,15,0.88,0.1818,1.0,2,0,0,0,0,0,0,0,0
25,0,0,1,0,52.0,0,0,0.2,18,0.95,0.1667,1.0,3,0,0,0,0,0,0,0,0
32,0,0,1,1,75.0,0,0,0.1875,23,0.5,0.0968,1.0,3,0,0,0,0,0,0,0,0
32,0,0,1,1,71.875,0,0,0.1875,24,0.88,0.1935,1.0,2,2,29,1,74,0,1,0,1
68,0,0,3,0,86.7647,0,0,0.1618,47,0.95,0.0597,1.0,3,0,0,0,0,0,0,0,0
30,0,0,1,1,66.6667,0,0,0.1667,22,0.95,0.1724,1.0,3,1,0,1,2,0,1,1,0
21,0,0,2,0,52.381,0,0,0.2857,14,0.5,0.2,1.0,2,0,0,0,93,0,0,0,1
20,0,0,1,1,65.0,0,0,0.25,12,0.95,0.2105,1.0,3,0,0,0,0,0,0,0,0
28,0,0,2,0,46.4286,0,0,0.2143,21,0.9,0.1481,1.0,2,0,0,0,0,0,0,0,0
30,0,0,1,1,73.3333,0,0,0.1667,22,0.95,0.1379,1.0,3,0,0,0,1,0,1,0,1
29,0,0,1,1,58.6207,0,0,0.2069,21,0.95,0.1429,1.0,3,0,0,0,0,0,0,0,0
79,0,0,2,0,91.1392,0,0,0.0759,72,0.5,0.1026,1.0,2,0,0,0,0,0,0,0,0
28,0,0,1,1,71.4286,0,0,0.1786,20,0.95,0.1481,1.0,3,0,0,0,0,0,0,0,0
39,0,0,2,0,84.6154,0,0,0.2051,32,0.95,0.1053,1.0,3,0,0,0,0,0,0,0,0
24,0,0,1,1,75.0,0,0,0.2083,16,0.95,0.1739,1.0,3,0,0,0,0,0,0,0,0
30,0,0,2,0,56.6667,0,0,0.2,23,0.95,0.1379,1.0,3,0,0,0,0,0,0,0,0
31,0,0,1,1,74.1935,0,0,0.1613,23,0.95,0.1333,1.0,3,0,0,0,0,0,0,0,0
34,0,0,1,1,67.6471,0,0,0.2059,25,0.95,0.0606,1.0,3,0,0,0,0,0,0,0,0
83,0,0,2,1,93.9759,0,0,0.0843,74,0.5,0.0976,1.0,4,0,0,0,0,0,0,0,0
27,0,0,1,1,66.6667,0,0,0.1852,19,0.9,0.1923,1.0,3,0,0,0,0,0,0,0,0
27,0,0,1,1,55.5556,0,0,0.1852,19,0.95,0.1923,1.0,3,0,0,0,0,0,0,0,0
40,0,0,1,1,80.0,0,0,0.15,31,0.95,0.0769,1.0,3,0,0,0,0,0,0,0,0
40,0,0,4,0,62.5,0,0,0.225,32,0.35,0.1282,1.0,3,0,0,0,0,0,0,0,0
38,0,0,1,1,73.6842,0,0,0.1316,30,0.95,0.1081,1.0,3,0,0,0,0,0,0,0,0
23,0,0,1,0,56.5217,0,0,0.2174,16,0.95,0.1818,1.0,3,0,0,0,0,0,0,0,0
28,0,0,1,0,57.1429,0,0,0.2143,20,0.35,0.0741,1.0,4,0,0,0,0,0,0,0,0
43,0,0,1,1,79.0698,0,0,0.1628,35,0.8,0.0952,1.0,2,0,0,0,0,0,0,0,0
19,0,0,1,1,68.4211,0,0,0.2632,11,0.5,0.2222,1.0,2,0,0,0,0,0,0,0,0
20,0,0,1,0,70.0,0,0,0.25,13,0.95,0.2632,1.0,3,0,0,0,0,0,0,0,0
23,0,0,1,0,69.5652,0,0,0.2174,16,0.5,0.1818,1.0,2,0,0,0,0,0,0,0,0
37,0,0,0,1,70.2703,0,0,0.1892,17,0.95,0.0833,1.0,3,0,0,0,0,0,0,0,0
26,0,0,1,1,50.0,0,0,0.1923,18,0.95,0.16,1.0,3,0,0,0,0,0,0,0,0
24,0,0,1,1,70.8333,0,0,0.2083,16,0.95,0.1739,1.0,3,0,0,0,0,0,0,0,0
39,0,0,2,1,82.0513,0,0,0.1538,31,0.88,0.1053,1.0,2,0,0,0,0,0,0,0,0
347,1,0,2,0,99.7118,8,3,0.147,14,0.5,0.0549,0.9798,2,0,0,0,0,0,0,0,0
45,0,0,1,1,77.7778,0,0,0.1333,36,0.95,0.1136,1.0,3,0,0,0,0,0,0,0,0
22,0,0,2,1,72.7273,0,0,0.2727,14,0.5,0.1905,1.0,2,0,0,0,0,0,0,0,0
22,0,0,1,1,59.0909,0,0,0.2273,14,0.95,0.1905,1.0,3,0,0,0,0,0,0,0,0
25,0,0,1,1,76.0,0,0,0.2,17,0.95,0.2083,1.0,3,0,0,0,0,0,0,0,0
30,0,0,1,1,66.6667,0,0,0.1667,22,0.95,0.1379,1.0,3,0,0,0,0,0,0,0,0
17,0,0,1,1,64.7059,0,0,0.2941,9,0.5,0.25,1.0,2,0,0,1,24,0,1,0,1
35,0,0,1,1,74.2857,0,0,0.2,21,0.5,0.0882,1.0,3,0,0,0,0,0,0,0,0
29,0,0,1,0,55.1724,0,0,0.1724,22,0.9,0.0714,1.0,3,0,0,0,0,0,0,0,0
25,0,0,1,1,68.0,0,0,0.2,17,0.95,0.2083,1.0,3,0,0,0,0,0,0,0,0
23,0,0,1,0,60.8696,0,0,0.2174,16,0.95,0.1818,1.0,3,0,0,0,0,0,1,0,0
26,0,0,1,1,69.2308,0,0,0.1923,18,0.9,0.16,1.0,3,0,0,0,0,0,0,0,0
24,0,0,1,1,58.3333,0,0,0.25,16,0.88,0.2174,1.0,2,0,0,0,0,0,0,0,0
26,0,0,1,0,65.3846,0,0,0.1923,19,0.5,0.16,1.0,2,0,0,0,0,0,0,0,0
33,0,0,1,0,75.7576,0,0,0.1515,26,0.9,0.125,1.0,3,0,0,0,0,0,0,0,0
26,0,0,1,0,76.9231,0,0,0.1923,19,0.5,0.28,1.0,3,0,0,0,0,0,0,0,0
35,0,0,4,1,71.4286,0,0,0.2286,27,0.88,0.1176,1.0,2,0,0,0,0,0,0,0,0
19,0,0,0,1,68.4211,0,0,0.2632,10,0.3,0.1111,1.0,3,0,0,0,0,0,0,0,0
28,0,0,1,1,64.2857,0,0,0.1786,20,0.95,0.1481,1.0,3,0,0,0,0,0,0,0,0
32,0,0,1,1,75.0,0,0,0.1562,24,0.95,0.129,1.0,3,0,0,0,0,0,0,0,0
31,0,0,1,1,70.9677,0,0,0.1935,23,0.95,0.1333,1.0,3,0,0,0,0,0,0,0,0
22,0,0,0,0,50.0,0,0,0.2273,14,0.5,0.0952,1.0,2,0,0,0,0,0,0,0,0
37,0,0,1,0,75.6757,0,0,0.1351,30,0.95,0.1111,1.0,3,0,0,0,0,0,0,0,0
26,0,0,1,1,76.9231,0,0,0.2308,18,0.95,0.16,1.0,3,0,0,0,0,0,0,0,0
28,0,0,1,1,71.4286,0,0,0.1786,20,0.95,0.1481,1.0,3,0,0,0,0,0,0,0,0
24,0,0,2,0,66.6667,0,0,0.25,17,0.85,0.1739,1.0,3,0,0,0,0,0,0,0,0
32,0,0,1,1,68.75,0,0,0.2188,24,0.88,0.1613,1.0,2,0,0,0,0,0,0,0,0
31,0,0,1,1,80.6452,0,0,0.1613,23,0.9,0.1333,1.0,3,0,0,0,0,0,0,0,0
30,0,0,1,1,63.3333,0,0,0.1667,22,0.95,0.1379,1.0,3,0,0,0,0,0,0,0,0
27,0,0,1,1,77.7778,0,0,0.1852,19,0.85,0.1538,1.0,3,0,0,0,0,0,0,0,0
37,0,0,1,1,72.973,0,0,0.2162,28,0.5,0.1111,1.0,3,0,0,0,0,0,0,0,0
27,0,0,1,1,70.3704,0,0,0.2222,18,0.5,0.0769,1.0,3,0,0,0,0,0,0,0,0
25,0,0,1,1,76.0,0,0,0.2,17,0.95,0.1667,1.0,3,1,3,1,0,1,1,0,1
99,0,1,0,1,91.9192,0,0,0.1111,7,0.5,0.051,0.9798,2,0,0,0,0,0,0,0,0
24,0,0,1,0,66.6667,0,0,0.25,17,0.5,0.1739,1.0,2,0,0,0,0,0,0,0,0
26,0,0,1,1,53.8462,0,0,0.1923,18,0.95,0.2,1.0,3,0,0,0,0,0,0,0,0
50,0,0,0,1,80.0,0,0,0.16,20,0.95,0.0408,1.0,3,0,0,0,0,0,0,0,0
22,0,0,1,1,50.0,0,0,0.2273,14,0.95,0.1905,1.0,3,0,0,0,0,0,0,0,0
26,0,0,1,1,76.9231,0,0,0.1923,18,0.9,0.16,1.0,3,0,0,0,0,0,0,0,0
24,0,0,1,1,70.8333,0,0,0.2083,16,0.95,0.1739,1.0,3,0,0,0,0,0,0,0,0
27,0,0,1,1,77.7778,0,0,0.1852,19,0.95,0.1538,1.0,3,0,0,0,0,0,0,0,0
34,0,0,1,1,70.5882,0,0,0.1471,26,0.95,0.1212,1.0,3,0,0,0,0,0,0,0,0
18,0,0,1,0,61.1111,0,0,0.2778,11,0.9,0.2353,1.0,3,0,0,0,0,0,0,0,0
25,0,0,1,1,48.0,0,0,0.2,17,0.95,0.1667,1.0,3,1,0,0,7,0,1,0,1
25,0,0,1,1,68.0,0,0,0.2,17,0.95,0.2083,1.0,3,0,0,0,0,0,0,0,0
96,0,0,2,1,94.7917,0,0,0.0833,23,0.5,0.0737,1.0,7,0,0,0,0,0,0,0,0
17,0,0,1,1,52.9412,0,0,0.2941,9,0.5,0.25,1.0,2,0,0,1,0,1,0,0,1
21,0,0,1,0,42.8571,0,0,0.2381,14,0.5,0.2,1.0,2,0,0,0,0,0,0,0,0
36,0,0,2,0,72.2222,0,0,0.25,29,0.95,0.1429,1.0,3,0,0,0,0,0,0,0,0
21,0,0,1,0,61.9048,0,0,0.2381,14,0.9,0.2,1.0,3,0,0,0,0,0,0,0,0
53,0,0,1,1,83.0189,0,0,0.1509,44,0.95,0.0962,1.0,3,0,0,0,0,0,0,0,0
29,0,0,1,1,65.5172,0,0,0.1724,21,0.9,0.1429,1.0,3,0,0,0,0,0,0,0,0
26,0,0,1,1,80.7692,0,0,0.1923,18,0.88,0.16,1.0,2,0,1,0,221,0,1,1,0
24,0,0,1,1,66.6667,0,0,0.2083,16,0.95,0.1739,1.0,3,1,2,0,2,0,1,0,1
32,0,0,2,1,68.75,0,0,0.1875,24,0.5,0.129,1.0,2,0,0,0,0,0,0,0,0
30,0,0,1,1,70.0,0,0,0.1667,22,0.95,0.1379,1.0,3,0,0,0,0,0,0,0,0
90,0,0,2,1,91.1111,0,0,0.0889,73,0.5,0.0449,1.0,4,0,0,0,0,0,0,0,0
59,0,0,2,1,91.5254,0,0,0.1186,37,0.9,0.0517,1.0,3,0,0,0,0,0,0,0,0
25,0,0,1,1,76.0,0,0,0.2,17,0.95,0.1667,1.0,3,0,0,0,0,0,0,0,0
33,0,0,1,0,66.6667,0,0,0.1515,26,0.95,0.125,1.0,3,0,0,0,0,0,0,0,0
36,0,0,1,1,63.8889,0,0,0.1667,27,0.35,0.0571,1.0,4,0,0,0,0,0,0,0,0
24,0,0,2,1,50.0,0,0,0.25,16,0.9,0.1739,1.0,2,0,6,1,0,1,1,1,0
35,0,0,2,1,74.2857,0,0,0.1714,27,0.9,0.1176,1.0,2,0,0,0,0,0,0,0,0
19,0,0,1,1,63.1579,0,0,0.2632,11,0.5,0.2222,1.0,2,0,0,0,0,0,0,0,0
24,0,0,1,1,62.5,0,0,0.25,16,0.88,0.1739,1.0,2,0,0,0,0,0,0,0,0
25,0,0,1,1,68.0,0,0,0.2,17,0.95,0.2083,1.0,3,0,0,0,0,0,0,0,0
35,0,0,2,0,74.2857,0,0,0.1714,28,0.5,0.1471,1.0,2,0,0,0,0,0,0,0,0
23,0,0,1,0,65.2174,0,0,0.2174,16,0.95,0.1818,1.0,3,0,0,0,0,0,0,0,0
114,0,0,1,1,92.1053,2,1,0.1228,20,0.95,0.0442,0.9912,3,0,0,0,0,0,0,0,0
25,0,0,2,1,68.0,0,0,0.24,17,0.5,0.1667,1.0,2,1,0,1,104,0,1,0,1
22,0,0,1,1,63.6364,0,0,0.2273,14,0.5,0.1905,1.0,5,1,0,0,5,1,1,0,1
34,0,0,1,1,76.4706,0,0,0.1765,17,0.5,0.0909,1.0,2,0,0,0,0,0,0,0,0
20,0,0,1,0,70.0,0,0,0.25,13,0.95,0.2632,1.0,3,0,0,0,0,0,0,0,0
23,0,0,1,1,56.5217,0,0,0.2174,15,0.95,0.2727,1.0,3,0,0,0,0,0,0,0,0
32,0,0,1,1,84.375,0,0,0.1562,24,0.95,0.1613,1.0,3,0,0,0,0,0,0,0,0
27,0,0,1,1,55.5556,0,0,0.1852,19,0.95,0.1538,1.0,3,1,0,1,1,0,1,0,1
26,0,0,1,0,69.2308,0,0,0.1923,19,0.88,0.16,1.0,2,0,0,0,0,0,0,0,0
53,0,0,1,1,83.0189,0,0,0.1698,44,0.95,0.0962,1.0,3,0,0,0,0,0,0,0,0
23,0,0,1,1,73.913,0,0,0.2174,15,0.5,0.1818,1.0,2,0,0,0,0,0,0,0,0
31,0,0,2,1,58.0645,0,0,0.1935,23,0.9,0.1333,1.0,2,0,0,0,0,0,0,0,0
23,0,0,1,1,69.5652,0,0,0.2174,15,0.85,0.1818,1.0,3,2,0,0,1,1,1,0,1
33,0,0,1,1,87.8788,0,0,0.1515,25,0.95,0.125,1.0,3,0,4,1,17,1,1,0,1
25,0,0,1,1,68.0,0,0,0.2,17,0.88,0.1667,1.0,2,0,0,0,0,0,0,0,0
24,0,0,1,0,75.0,0,0,0.2083,17,0.95,0.1739,1.0,3,0,0,0,0,0,0,0,0
27,0,0,1,1,62.963,0,0,0.1852,19,0.95,0.1538,1.0,3,0,0,0,0,0,0,0,0
28,0,0,1,1,78.5714,0,0,0.1786,20,0.95,0.1481,1.0,3,0,0,0,0,0,0,0,0
33,0,0,1,1,69.697,0,0,0.1515,25,0.95,0.125,1.0,3,0,0,0,0,0,0,0,0
37,0,0,1,1,72.973,0,0,0.1351,29,0.95,0.1389,1.0,3,0,0,0,0,0,0,0,0
30,0,0,1,1,53.3333,0,0,0.2,21,0.5,0.069,1.0,2,0,0,0,0,0,0,0,0
21,0,0,1,0,52.381,0,0,0.2381,14,0.95,0.25,1.0,3,0,0,0,0,0,0,0,0
23,0,0,1,1,56.5217,0,0,0.2174,15,0.5,0.1818,1.0,2,0,0,0,0,0,0,0,0
33,0,0,1,1,60.6061,0,0,0.2121,24,0.35,0.0938,1.0,4,0,0,0,0,0,0,0,0
27,0,0,0,1,51.8519,0,0,0.1852,19,0.95,0.1154,1.0,3,0,0,0,0,0,0,0,0
28,0,0,1,0,64.2857,0,0,0.2143,21,0.5,0.1481,1.0,5,0,0,0,0,0,0,0,0
21,0,0,1,1,66.6667,0,0,0.2381,13,0.85,0.2,1.0,3,0,0,0,0,0,0,0,0
28,0,0,1,0,67.8571,0,0,0.1786,21,0.95,0.1852,1.0,3,0,0,0,0,0,0,0,0
30,0,0,1,1,73.3333,0,0,0.1667,22,0.95,0.1379,1.0,3,0,0,0,0,0,0,0,0
20,0,0,1,1,60.0,0,0,0.25,12,0.5,0.2105,1.0,2,1,0,0,1,0,1,0,1
21,0,0,0,0,61.9048,0,0,0.1905,14,0.95,0.15,1.0,3,0,0,0,0,0,0,0,0
31,0,0,1,1,77.4194,0,0,0.1613,23,0.9,0.1333,1.0,3,0,0,0,0,0,0,0,0
30,0,0,2,0,63.3333,0,0,0.2,23,0.95,0.1724,1.0,3,0,0,0,0,0,0,0,0
26,0,0,1,1,65.3846,0,0,0.1923,18,0.95,0.16,1.0,3,0,0,0,0,0,0,0,0
37,0,0,2,0,75.6757,0,0,0.1892,29,0.9,0.1111,1.0,3,0,0,0,0,0,0,0,0
34,0,0,2,1,64.7059,0,0,0.1765,26,0.5,0.1212,1.0,3,0,0,0,0,0,0,0,0
27,0,0,1,0,51.8519,0,0,0.1852,20,0.95,0.1923,1.0,3,0,0,0,0,0,0,0,0
27,0,0,1,1,62.963,0,0,0.2222,18,0.5,0.0769,1.0,3,0,0,0,0,0,0,0,0
27,0,0,1,1,59.2593,0,0,0.1852,19,0.95,0.1538,1.0,3,0,0,0,0,0,0,0,0
46,0,0,0,0,89.1304,0,0,0.1739,18,0.95,0.1111,1.0,3,0,0,0,0,0,0,0,0
58,0,0,4,0,84.4828,0,0,0.1724,51,0.95,0.0702,1.0,3,0,0,0,0,0,0,0,0
27,0,0,1,1,62.963,0,0,0.1852,19,0.95,0.1923,1.0,3,0,0,0,0,0,0,0,0
25,0,0,1,1,64.0,0,0,0.2,17,0.95,0.1667,1.0,3,0,10,0,300,1,1,0,1
31,0,0,1,1,74.1935,0,0,0.2258,22,0.35,0.1,1.0,3,0,0,0,0,0,0,0,0
18,0,0,1,1,50.0,0,0,0.2778,10,0.5,0.2353,1.0,2,0,0,0,0,0,0,0,0
20,0,0,0,0,40.0,0,0,0.25,12,0.95,0.1579,1.0,3,0,0,0,0,0,0,0,0
31,0,0,2,1,70.9677,0,0,0.1935,23,0.5,0.1333,1.0,2,0,0,0,0,0,0,0,0
110,0,0,2,1,95.4545,0,0,0.1,23,0.5,0.0459,1.0,7,0,0,0,0,0,0,0,0
27,0,0,1,0,51.8519,0,0,0.1852,20,0.5,0.1538,1.0,5,0,0,0,0,0,0,0,0
23,0,0,1,1,52.1739,0,0,0.2174,15,0.95,0.1818,1.0,3,0,0,0,0,0,0,0,0
91,0,0,0,1,89.011,1,1,0.0989,7,0.5,0.0333,1.0,2,0,0,0,0,0,0,0,0
26,0,0,1,1,65.3846,0,0,0.2308,18,0.95,0.2,1.0,3,0,0,0,0,0,0,0,0
31,0,0,1,1,70.9677,0,0,0.1613,23,0.95,0.1667,1.0,3,0,0,0,0,0,0,0,0
23,0,0,1,1,82.6087,0,0,0.2174,15,0.95,0.1818,1.0,3,0,0,0,0,0,0,0,0
31,0,0,2,0,80.6452,0,0,0.1935,24,0.5,0.1333,1.0,2,0,0,0,0,0,0,0,0
35,0,0,2,0,82.8571,0,0,0.1714,28,0.9,0.2059,1.0,3,0,0,0,0,0,0,0,0
33,0,0,1,1,84.8485,0,0,0.1818,24,0.95,0.0625,1.0,3,0,0,0,0,0,0,0,0
23,0,0,1,0,47.8261,0,0,0.2174,16,0.55,0.1818,1.0,4,0,0,0,0,0,0,0,0
25,0,0,1,1,68.0,0,0,0.2,17,0.95,0.1667,1.0,3,0,0,0,0,0,0,0,0
24,0,0,1,1,66.6667,0,0,0.2083,16,0.95,0.1739,1.0,3,1,0,0,0,1,1,0,1
28,0,0,1,1,60.7143,0,0,0.1786,20,0.95,0.1852,1.0,3,0,0,0,0,0,0,0,0
24,0,0,1,1,62.5,0,0,0.2083,16,0.5,0.1739,1.0,2,0,0,0,16,0,0,0,1
32,0,0,2,1,71.875,0,0,0.1875,24,0.9,0.129,1.0,2,0,0,0,0,0,0,0,0
42,0,0,1,0,80.9524,0,0,0.1905,34,0.5,0.0976,1.0,2,0,0,0,0,0,0,0,0
34,0,0,1,1,82.3529,0,0,0.1765,25,0.95,0.0909,1.0,3,0,0,0,0,0,0,0,0
28,0,0,0,1,82.1429,0,0,0.1786,5,0.5,0.1111,1.0,2,0,0,0,0,0,0,0,0
30,0,0,1,1,66.6667,0,0,0.1667,22,0.95,0.1724,1.0,3,2,0,0,0,0,0,0,1
27,0,0,1,1,77.7778,0,0,0.1852,19,0.5,0.1923,1.0,2,0,0,0,0,0,0,0,0
117,0,0,1,1,94.0171,0,0,0.0684,64,0.85,0.0517,1.0,3,0,0,0,0,0,0,0,0
47,0,0,2,0,68.0851,0,0,0.1915,40,0.5,0.087,1.0,2,0,0,0,0,0,0,0,0
28,0,0,1,1,82.1429,0,0,0.2143,19,0.5,0.1111,1.0,3,0,0,0,0,0,0,0,0
28,0,0,1,1,60.7143,0,0,0.25,20,0.95,0.1481,1.0,3,0,0,0,0,0,0,0,0
19,0,0,1,1,52.6316,0,0,0.2632,11,0.9,0.2222,1.0,3,0,0,0,95,0,1,0,1
48,0,0,4,1,77.0833,0,0,0.1875,39,0.85,0.0426,1.0,3,0,0,0,0,0,0,0,0
30,0,0,1,1,73.3333,0,0,0.2,22,0.88,0.1724,1.0,2,0,0,0,0,0,0,0,0
25,0,0,1,0,72.0,0,0,0.2,18,0.95,0.1667,1.0,3,0,0,0,0,0,0,0,0
31,0,0,1,1,77.4194,0,0,0.1613,23,0.95,0.1333,1.0,3,0,0,0,0,0,0,0,0
32,0,0,1,1,75.0,0,0,0.1562,24,0.95,0.1613,1.0,3,0,0,0,0,0,0,0,0
34,0,0,1,1,67.6471,0,0,0.1471,26,0.95,0.1818,1.0,3,0,0,0,0,0,0,0,0
22,0,0,2,0,63.6364,0,0,0.2727,15,0.5,0.1905,1.0,2,0,0,0,0,0,0,0,0
34,0,0,1,1,70.5882,0,0,0.1765,25,0.5,0.3636,1.0,3,0,0,0,0,0,0,0,0
23,0,0,2,1,65.2174,0,0,0.2609,15,0.5,0.1818,1.0,2,0,0,0,0,0,0,0,0
45,0,0,1,1,64.4444,0,0,0.1778,19,0.35,0.0682,1.0,3,0,0,0,0,0,0,0,0
23,0,0,1,1,56.5217,0,0,0.2174,15,0.95,0.2273,1.0,3,0,0,0,0,0,0,0,0
33,0,0,1,1,72.7273,0,0,0.1818,25,0.95,0.1875,1.0,3,0,0,0,0,0,0,0,0
26,0,0,1,1,57.6923,0,0,0.1923,18,0.95,0.16,1.0,3,0,0,0,0,0,0,0,0
23,0,0,1,1,78.2609,0,0,0.2174,15,0.5,0.2273,1.0,2,0,0,0,0,0,0,0,0
126,0,0,0,1,88.8889,1,1,0.1032,11,0.95,0.056,0.9921,3,0,0,0,0,0,0,0,0
24,0,0,1,1,58.3333,0,0,0.2083,16,0.98,0.1739,1.0,3,0,0,0,0,0,0,0,0
25,0,0,1,1,64.0,0,0,0.28,16,0.5,0.125,1.0,3,0,0,0,0,0,0,0,0
28,0,0,1,1,64.2857,0,0,0.2857,19,0.5,0.1111,1.0,3,0,0,0,0,0,0,0,0
28,0,0,1,1,57.1429,0,0,0.2857,19,0.5,0.1481,1.0,3,0,0,0,0,0,0,0,0
41,0,0,4,1,78.0488,0,0,0.2195,32,0.85,0.075,1.0,3,0,0,0,0,0,0,0,0
21,0,0,1,1,52.381,0,0,0.2381,13,0.9,0.2,1.0,3,0,0,0,0,0,0,0,0
29,0,0,0,1,58.6207,0,0,0.2414,11,0.5,0.1071,1.0,2,0,0,0,0,0,0,0,0
24,0,0,1,1,62.5,0,0,0.2083,16,0.95,0.1739,1.0,3,0,0,0,0,0,0,0,0
30,0,0,1,0,70.0,0,0,0.1667,23,0.95,0.1379,1.0,3,0,0,0,0,0,0,0,0
25,0,0,1,1,64.0,0,0,0.2,17,0.95,0.2083,1.0,3,0,0,0,10,0,0,0,1
39,0,0,1,1,79.4872,0,0,0.1795,30,0.35,0.1053,1.0,4,0,0,0,0,0,0,0,0
36,0,0,1,1,80.5556,0,0,0.1389,28,0.95,0.1143,1.0,3,0,0,0,0,0,0,0,0
26,0,0,1,1,61.5385,0,0,0.2308,17,0.5,0.16,1.0,3,0,0,0,0,0,0,0,0
23,0,0,1,0,47.8261,0,0,0.2174,16,0.35,0.1818,1.0,3,0,0,0,0,0,0,0,0
21,0,0,1,1,57.1429,0,0,0.2381,13,0.9,0.25,1.0,3,0,0,0,0,0,0,0,0
125,0,1,2,1,96.8,0,0,0.128,59,0.8,0.0403,0.96,2,0,0,0,0,0,0,0,0
41,0,0,1,1,82.9268,0,0,0.1463,32,0.95,0.1,1.0,3,0,0,0,0,0,0,0,0
23,0,0,1,1,52.1739,0,0,0.2609,14,0.5,0.1364,1.0,3,0,0,0,0,0,0,0,0
24,0,0,1,1,66.6667,0,0,0.2917,15,0.5,0.1304,1.0,3,0,0,0,0,0,0,0,0
45,0,0,3,0,68.8889,0,0,0.1778,38,0.5,0.1136,1.0,2,0,0,0,0,0,0,0,0
49,0,0,1,1,83.6735,0,0,0.1224,40,0.95,0.0833,1.0,3,0,0,0,0,0,0,0,0
22,0,0,1,1,59.0909,0,0,0.2273,14,0.9,0.1905,1.0,3,0,0,0,0,0,0,0,0
21,0,0,1,1,66.6667,0,0,0.2381,13,0.9,0.2,1.0,3,0,0,0,0,0,0,0,0
29,0,0,1,1,62.069,0,0,0.1724,21,0.95,0.1786,1.0,3,0,0,0,0,0,0,0,0
28,0,0,0,1,67.8571,0,0,0.2143,10,0.5,0.1111,1.0,2,0,0,0,0,0,0,0,0
66,0,0,0,1,89.3939,0,0,0.1667,17,0.95,0.0462,1.0,3,0,0,0,0,0,0,0,0
116,0,0,2,0,93.1034,0,0,0.1207,59,0.95,0.0435,1.0,3,0,0,0,0,0,0,0,0
30,0,0,2,0,63.3333,0,0,0.2,23,0.5,0.1379,1.0,4,0,0,0,0,0,0,0,0
24,0,0,1,1,70.8333,0,0,0.2083,16,0.95,0.1739,1.0,3,0,0,0,0,0,0,0,0
33,0,0,1,1,78.7879,0,0,0.1515,25,0.95,0.125,1.0,3,0,0,0,0,0,0,0,0
33,0,0,1,1,75.7576,0,0,0.1515,25,0.95,0.125,1.0,3,0,0,0,0,0,0,0,0
23,0,0,1,1,69.5652,0,0,0.2174,15,0.5,0.1818,1.0,2,0,0,0,0,0,1,0,1
28,0,0,1,1,82.1429,0,0,0.1786,20,0.95,0.1852,1.0,3,0,0,0,0,0,0,0,0
28,0,0,2,0,71.4286,0,0,0.2143,21,0.5,0.1481,1.0,4,0,0,0,0,0,0,0,0
21,0,0,1,1,52.381,0,0,0.2381,13,0.95,0.2,1.0,3,0,0,0,0,0,0,0,0
21,0,0,1,0,71.4286,0,0,0.2381,14,0.95,0.2,1.0,3,0,0,0,0,0,0,0,0
52,0,0,2,1,75.0,0,0,0.1731,43,0.5,0.0392,1.0,3,0,0,0,0,0,0,0,0
23,0,0,2,1,52.1739,0,0,0.2609,15,0.88,0.1818,1.0,2,0,0,0,0,0,0,0,0
29,0,0,1,1,75.8621,0,0,0.1724,21,0.95,0.1786,1.0,3,0,0,0,0,0,0,0,0
26,0,0,1,0,73.0769,0,0,0.2692,19,0.5,0.16,1.0,2,0,0,0,0,0,0,0,0
27,0,0,1,1,74.0741,0,0,0.1852,19,0.85,0.1538,1.0,3,0,0,1,0,0,1,0,1
30,0,0,1,1,70.0,0,0,0.2667,10,0.9,0.069,1.0,3,0,0,0,0,0,0,0,0
27,0,0,1,1,81.4815,0,0,0.1852,19,0.5,0.1923,1.0,2,0,0,0,0,0,0,0,0
27,0,0,1,1,74.0741,0,0,0.1852,19,0.9,0.1538,1.0,3,0,0,0,0,0,0,0,0
27,0,0,1,1,66.6667,0,0,0.1852,19,0.95,0.1538,1.0,3,0,0,0,0,0,0,0,0
38,0,0,1,0,81.5789,0,0,0.1316,31,0.95,0.1081,1.0,3,0,0,0,0,0,0,0,0
27,0,0,1,1,77.7778,0,0,0.1852,19,0.5,0.1538,1.0,2,0,12,0,0,0,1,0,1
35,0,0,2,0,80.0,0,0,0.2,28,0.95,0.0882,1.0,3,0,0,0,0,0,0,0,0
27,0,0,1,1,70.3704,0,0,0.1852,19,0.95,0.1538,1.0,3,0,0,0,0,0,0,0,0
32,0,0,1,1,81.25,0,0,0.1562,24,0.95,0.129,1.0,3,0,0,0,0,0,0,0,0
23,0,0,1,1,69.5652,0,0,0.2174,15,0.85,0.1818,1.0,3,0,0,0,0,0,0,0,0
37,0,0,1,1,72.973,0,0,0.1622,28,0.35,0.0833,1.0,4,0,0,0,0,0,0,0,0
36,0,0,1,1,83.3333,0,0,0.2222,28,0.9,0.1143,1.0,3,0,0,1,4,1,1,0,1
23,0,0,1,0,65.2174,0,0,0.2174,16,0.5,0.1818,1.0,2,0,0,0,0,0,0,0,0
40,0,0,2,0,70.0,0,0,0.2,29,0.5,0.0513,1.0,2,0,0,0,0,0,0,0,0
87,0,0,0,1,89.6552,1,1,0.1034,7,0.5,0.0465,1.0,2,0,0,0,0,0,0,0,0
25,0,0,1,1,60.0,0,0,0.24,17,0.95,0.1667,1.0,3,0,0,0,2,0,1,0,1
31,0,0,1,0,80.6452,0,0,0.1613,24,0.95,0.1333,1.0,3,0,0,0,0,0,0,0,0
29,0,0,1,1,62.069,0,0,0.2069,21,0.88,0.1786,1.0,2,0,0,0,0,0,0,0,0
25,0,0,1,1,52.0,0,0,0.2,17,0.55,0.2083,1.0,4,0,0,0,0,0,0,0,0
30,0,0,1,1,76.6667,0,0,0.1667,22,0.9,0.1379,1.0,3,0,0,0,0,0,0,0,0
32,0,0,1,1,65.625,0,0,0.1875,24,0.95,0.129,1.0,3,0,0,0,25,0,0,0,1
22,0,0,1,1,54.5455,0,0,0.2273,14,0.95,0.2381,1.0,3,0,0,0,0,0,0,0,0
57,0,0,1,1,84.2105,0,0,0.1053,48,0.95,0.0536,1.0,3,0,0,0,0,0,0,0,0
35,0,0,1,1,85.7143,0,0,0.1429,27,0.95,0.1765,1.0,3,0,0,0,0,0,0,0,0
30,0,0,0,0,66.6667,0,0,0.2,18,0.95,0.1034,1.0,3,0,0,0,0,0,0,0,0
31,0,0,1,1,74.1935,0,0,0.1613,23,0.95,0.1667,1.0,3,0,0,0,52,0,1,0,1
30,0,0,1,1,66.6667,0,0,0.1667,22,0.95,0.1379,1.0,3,0,0,0,1,1,1,0,1
30,0,0,1,1,60.0,0,0,0.2,22,0.95,0.1379,1.0,3,0,0,0,0,0,0,0,0
29,0,0,2,1,48.2759,0,0,0.2069,21,0.88,0.1429,1.0,2,1,0,0,8,0,1,0,1
52,0,0,0,0,78.8462,0,0,0.1154,17,0.5,0.1373,1.0,2,0,0,0,0,0,0,0,0
26,0,0,1,1,65.3846,0,0,0.1923,18,0.95,0.16,1.0,3,0,0,0,0,0,0,0,0
31,0,0,1,1,80.6452,0,0,0.1613,23,0.95,0.2,1.0,3,0,0,1,80,0,1,0,1
27,0,0,1,1,70.3704,0,0,0.2222,18,0.5,0.0769,1.0,3,0,0,0,0,0,0,0,0
23,0,0,1,1,52.1739,0,0,0.2174,15,0.9,0.1818,1.0,3,0,0,0,0,0,0,0,0
25,0,0,1,0,64.0,0,0,0.2,18,0.95,0.1667,1.0,3,0,0,0,0,0,0,0,0
19,0,0,1,0,57.8947,0,0,0.2632,12,0.35,0.2222,1.0,3,0,0,0,0,0,0,0,0
23,0,0,1,1,65.2174,0,0,0.2174,15,0.9,0.1818,1.0,3,0,0,0,0,0,0,0,0
57,0,0,0,0,84.2105,0,0,0.1404,15,0.95,0.0714,1.0,3,0,0,0,0,0,0,0,0
25,0,0,1,0,68.0,0,0,0.2,18,0.95,0.1667,1.0,3,0,0,0,0,0,0,0,0
25,0,0,1,1,72.0,0,0,0.2,17,0.95,0.1667,1.0,3,0,0,0,0,0,0,0,0
29,0,0,1,0,68.9655,0,0,0.1724,22,0.95,0.1786,1.0,3,0,0,0,0,0,0,0,0
43,0,0,0,1,88.3721,0,0,0.1628,19,0.8,0.119,1.0,2,0,0,0,0,0,0,0,0
82,0,0,2,0,87.8049,0,0,0.0854,74,0.5,0.0494,1.0,4,0,0,0,0,0,0,0,0
38,0,0,2,1,81.5789,0,0,0.1579,30,0.5,0.1081,1.0,2,0,0,0,0,0,0,0,0
48,0,0,1,1,89.5833,0,0,0.1458,22,0.95,0.0426,1.0,3,0,0,0,0,0,0,0,0
51,0,0,2,1,74.5098,0,0,0.1765,42,0.5,0.04,1.0,3,0,0,0,0,0,0,0,0
29,0,0,1,1,72.4138,0,0,0.1724,21,0.88,0.1429,1.0,2,0,0,0,0,0,0,0,0
31,0,0,1,1,80.6452,0,0,0.1613,23,0.95,0.2333,1.0,3,0,0,0,0,0,0,0,0
167,0,0,1,1,97.006,3,1,0.1198,15,0.95,0.0422,1.0,3,0,0,0,0,0,0,0,0
30,0,0,1,1,66.6667,0,0,0.2,22,0.88,0.1379,1.0,2,0,0,0,0,0,0,0,0
28,0,0,1,0,71.4286,0,0,0.1786,21,0.55,0.1481,1.0,4,0,0,0,0,0,0,0,0
52,0,0,2,1,61.5385,0,0,0.1731,43,0.5,0.0784,1.0,3,0,0,0,0,0,0,0,0
229,0,0,3,1,97.3799,4,1,0.131,82,0.95,0.0263,1.0,3,0,0,0,0,0,0,0,0
85,0,0,2,1,85.8824,0,0,0.0941,76,0.95,0.0833,1.0,3,0,0,0,0,0,0,0,0
26,0,0,1,1,69.2308,0,0,0.2308,18,0.95,0.16,1.0,3,0,0,0,1,0,0,0,0
27,0,0,1,1,62.963,0,0,0.1852,19,0.95,0.1538,1.0,3,0,0,0,0,0,0,0,0
23,0,0,1,0,47.8261,0,0,0.2174,16,0.95,0.1818,1.0,3,0,0,0,0,0,0,0,0
27,0,0,1,1,70.3704,0,0,0.1852,19,0.95,0.1538,1.0,3,0,0,1,0,1,1,0,1
41,0,0,2,0,68.2927,0,0,0.1951,29,0.5,0.075,1.0,2,0,0,0,0,0,0,0,0
25,0,0,1,1,56.0,0,0,0.2,17,0.95,0.1667,1.0,3,2,0,1,79,1,1,0,1
26,0,0,1,1,73.0769,0,0,0.1923,18,0.95,0.16,1.0,3,0,0,0,0,0,0,0,0
25,0,0,1,0,76.0,0,0,0.2,18,0.85,0.2083,1.0,3,0,0,0,0,0,0,0,0
28,0,0,1,0,78.5714,0,0,0.1786,21,0.95,0.1481,1.0,3,0,0,0,0,0,0,0,0
23,0,0,0,0,69.5652,0,0,0.2174,11,0.95,0.0909,1.0,3,0,0,0,0,0,0,0,0
21,0,0,1,0,66.6667,0,0,0.2381,14,0.95,0.2,1.0,3,0,0,0,0,0,0,0,0
35,0,0,1,1,68.5714,0,0,0.1714,26,0.95,0.0882,1.0,3,0,0,0,0,0,0,0,0
45,0,0,1,1,73.3333,0,0,0.1333,36,0.95,0.0909,1.0,3,0,0,0,0,0,0,0,0
63,0,0,3,0,92.0635,0,0,0.1746,52,0.3,0.0645,1.0,3,0,0,0,0,0,0,0,0
31,0,0,1,1,77.4194,0,0,0.1613,23,0.88,0.1333,1.0,2,0,0,0,0,0,0,0,0
35,0,0,1,1,77.1429,0,0,0.1429,27,0.95,0.1176,1.0,3,0,0,0,0,0,0,0,0
748,0,0,2,1,99.4652,1,1,0.0361,25,0.85,0.0295,1.0,3,0,0,0,0,0,0,0,0
23,0,0,1,1,47.8261,0,0,0.2174,15,0.5,0.1818,1.0,2,0,0,0,0,0,0,0,0
21,0,0,2,0,66.6667,0,0,0.2857,14,0.85,0.2,1.0,3,0,0,0,0,0,0,0,0
29,0,0,2,0,68.9655,0,0,0.2069,22,0.5,0.1429,1.0,2,0,0,0,0,0,0,0,0
34,0,0,1,1,76.4706,0,0,0.2059,25,0.5,0.0909,1.0,3,0,0,0,0,0,0,0,0
25,0,0,1,1,64.0,0,0,0.2,17,0.95,0.1667,1.0,3,0,0,0,0,0,0,0,0
31,0,0,1,1,67.7419,0,0,0.1613,23,0.95,0.1333,1.0,3,0,0,0,0,0,0,0,0
77,0,0,1,1,93.5065,0,0,0.1558,35,0.5,0.0263,1.0,2,0,0,0,0,0,0,0,0
36,0,0,1,1,69.4444,0,0,0.2222,27,0.35,0.1143,1.0,4,0,0,0,0,0,0,0,0
24,0,0,1,1,58.3333,0,0,0.2083,16,0.95,0.1739,1.0,3,0,0,0,0,0,0,0,0
36,0,0,4,1,77.7778,0,0,0.2222,28,0.9,0.1143,1.0,2,0,0,0,0,0,0,0,0
30,0,0,1,1,73.3333,0,0,0.1667,22,0.95,0.1724,1.0,3,0,3,1,40,1,1,0,1
42,0,0,0,1,80.9524,0,0,0.2381,19,0.95,0.0488,1.0,3,0,0,0,0,0,0,0,0
31,0,0,1,1,67.7419,0,0,0.1613,23,0.95,0.1667,1.0,3,0,0,1,398,0,1,0,1
25,0,0,1,1,60.0,0,0,0.2,17,0.95,0.25,1.0,3,0,0,0,0,0,0,0,0
19,0,0,1,1,68.4211,0,0,0.2632,11,0.9,0.2778,1.0,3,0,0,0,0,0,0,0,0
34,0,0,1,1,55.8824,0,0,0.2059,25,0.95,0.0909,1.0,3,0,0,0,0,0,0,0,0
34,0,0,1,1,70.5882,0,0,0.1471,26,0.9,0.1212,1.0,3,0,0,0,0,0,0,0,0
28,0,0,1,1,57.1429,0,0,0.1786,20,0.95,0.1481,1.0,3,0,0,0,0,0,0,0,0
945,0,1,2,1,100.0,6,3,0.182,30,0.5,0.0646,0.9926,3,0,0,0,0,0,0,0,0
29,0,0,1,1,68.9655,0,0,0.2069,20,0.5,0.1071,1.0,3,0,0,0,0,0,0,0,0
25,0,0,1,1,72.0,0,0,0.2,17,0.95,0.25,1.0,3,0,0,0,0,0,0,0,0
85,0,0,1,1,88.2353,0,0,0.1176,16,0.95,0.0833,1.0,3,0,0,0,0,0,0,0,0
25,0,0,1,1,64.0,0,0,0.2,17,0.95,0.1667,1.0,3,0,0,0,0,0,0,0,0
33,0,0,1,1,75.7576,0,0,0.1818,25,0.95,0.125,1.0,3,1,0,0,55,0,0,0,1
22,0,0,1,1,63.6364,0,0,0.2273,14,0.95,0.2381,1.0,3,0,0,0,0,0,0,0,0
31,0,0,1,1,87.0968,0,0,0.1613,23,0.95,0.1333,1.0,3,0,0,0,0,0,0,0,0
27,0,0,2,0,66.6667,0,0,0.2222,20,0.5,0.1923,1.0,2,0,0,0,0,0,0,0,0
26,0,0,1,1,57.6923,0,0,0.1923,18,0.95,0.16,1.0,3,0,0,0,0,0,0,0,0
33,0,0,1,1,84.8485,0,0,0.1515,25,0.95,0.1562,1.0,3,0,0,0,0,0,0,0,0
21,0,0,1,1,71.4286,0,0,0.2381,13,0.5,0.2,1.0,3,0,0,0,0,0,0,0,0
43,0,0,1,1,81.3953,0,0,0.1163,35,0.95,0.119,1.0,3,0,0,0,0,0,0,0,0
21,0,0,1,0,57.1429,0,0,0.2381,14,0.5,0.25,1.0,2,0,0,0,0,0,0,0,0
34,0,0,1,1,82.3529,0,0,0.1471,26,0.95,0.1515,1.0,3,0,0,0,0,0,0,0,0
119,0,0,0,1,91.5966,1,1,0.0756,11,0.95,0.0424,1.0,3,0,0,0,0,0,0,0,0
25,0,0,1,1,52.0,0,0,0.28,17,0.88,0.1667,1.0,2,0,0,0,0,0,0,0,0
68,0,0,0,1,86.7647,0,0,0.1176,16,0.5,0.0299,1.0,2,0,0,0,0,0,0,0,0
73,0,0,0,1,76.7123,0,0,0.0959,25,0.95,0.0417,1.0,3,0,0,0,0,0,0,0,0
73,0,0,2,1,82.1918,1,1,0.1507,50,0.5,0.0556,1.0,3,0,0,0,0,0,0,0,0
31,0,0,1,1,77.4194,0,0,0.1613,23,0.95,0.1333,1.0,3,0,0,0,0,0,0,0,0
29,0,0,1,1,65.5172,0,0,0.1724,21,0.95,0.1786,1.0,3,0,0,0,0,0,0,0,0
26,0,0,1,0,69.2308,0,0,0.1923,19,0.95,0.16,1.0,3,0,0,0,0,0,0,0,0
36,0,0,1,1,72.2222,0,0,0.1389,28,0.95,0.1429,1.0,3,0,0,0,0,0,0,0,0
31,0,0,1,1,83.871,0,0,0.1613,23,0.95,0.1667,1.0,3,0,0,0,0,0,0,0,0
26,0,0,2,1,53.8462,0,0,0.2308,18,0.5,0.16,1.0,2,0,0,0,0,0,0,0,0
30,0,0,1,1,70.0,0,0,0.1667,22,0.95,0.1724,1.0,3,1,0,1,9,0,1,0,1
24,0,0,1,1,54.1667,0,0,0.2083,16,0.88,0.1739,1.0,2,0,0,0,0,0,0,0,0
47,0,0,2,0,87.234,0,0,0.1702,25,0.88,0.087,1.0,2,0,0,0,0,0,0,0,0
27,0,0,1,1,81.4815,0,0,0.1852,19,0.95,0.1538,1.0,3,0,0,0,0,0,0,0,0
26,0,0,1,1,73.0769,0,0,0.1923,18,0.95,0.16,1.0,3,0,10,0,87,0,1,0,1
25,0,0,1,1,64.0,0,0,0.2,17,0.95,0.2083,1.0,3,0,0,0,0,0,0,0,0
30,0,0,1,1,56.6667,0,0,0.2333,21,0.5,0.1034,1.0,3,0,0,0,0,0,0,0,0
33,0,0,1,1,72.7273,0,0,0.1515,25,0.95,0.1875,1.0,3,0,0,0,0,0,0,0,0
17,0,0,1,0,52.9412,0,0,0.2941,10,0.5,0.25,1.0,2,0,0,0,0,0,0,0,0
37,0,0,1,1,75.6757,0,0,0.1892,22,0.95,0.0833,1.0,3,0,0,0,0,0,0,0,0
39,0,0,1,1,71.7949,0,0,0.1538,22,0.5,0.0789,1.0,4,0,0,0,0,0,0,0,0
33,0,0,2,1,66.6667,0,0,0.1818,25,0.9,0.1562,1.0,3,0,0,0,0,0,0,0,0
25,0,0,1,1,60.0,0,0,0.2,17,0.95,0.1667,1.0,3,0,0,0,0,0,0,0,0
83,0,0,2,1,91.5663,0,0,0.0843,74,0.5,0.0366,1.0,4,0,0,0,0,0,0,0,0
26,0,0,1,1,65.3846,0,0,0.2308,17,0.5,0.12,1.0,3,0,0,0,0,0,0,0,0
26,0,0,1,1,69.2308,0,0,0.1923,18,0.85,0.16,1.0,3,0,0,0,0,0,0,0,0
22,0,0,1,1,54.5455,0,0,0.2273,14,0.95,0.1905,1.0,3,0,0,0,0,0,0,0,0
31,0,0,1,1,70.9677,0,0,0.1613,23,0.95,0.1333,1.0,3,2,0,1,8,0,0,0,1
25,0,0,2,0,64.0,0,0,0.24,18,0.5,0.1667,1.0,2,0,0,0,0,0,0,0,0
203,0,0,0,1,97.0443,3,1,0.069,19,0.8,0.0891,1.0,2,0,0,0,0,0,0,0,0
45,0,0,1,1,73.3333,0,0,0.1333,36,0.95,0.0909,1.0,3,0,0,0,0,0,0,0,0
38,0,0,0,0,73.6842,0,0,0.1842,17,0.95,0.0811,1.0,3,0,0,0,0,0,0,0,0
45,0,0,3,1,82.2222,0,0,0.1778,37,0.5,0.1364,1.0,3,0,0,0,0,0,0,0,0
37,0,0,1,1,83.7838,0,0,0.1622,28,0.95,0.0556,1.0,3,0,0,0,0,0,0,0,0
30,0,0,1,1,83.3333,0,0,0.1667,22,0.5,0.1724,1.0,2,0,0,0,0,0,0,0,0
37,0,0,1,0,72.973,0,0,0.1622,30,0.5,0.1111,1.0,3,0,0,0,0,0,0,0,0
61,0,0,1,1,90.1639,0,0,0.1639,18,0.95,0.0833,1.0,3,0,0,0,0,0,0,0,0
31,0,0,1,1,70.9677,0,0,0.1613,23,0.95,0.1667,1.0,3,0,0,0,62,0,1,0,1
34,0,0,1,1,73.5294,0,0,0.1471,26,0.95,0.1515,1.0,3,0,0,1,5,0,1,0,1
38,0,0,1,0,86.8421,0,0,0.1316,31,0.95,0.1081,1.0,3,0,0,0,0,0,0,0,0
22,0,0,1,1,59.0909,0,0,0.2273,14,0.95,0.1905,1.0,3,0,0,0,0,0,0,0,0
18,0,0,1,1,72.2222,0,0,0.2778,10,0.5,0.2353,1.0,2,0,0,0,0,0,0,0,0
32,0,0,1,1,87.5,0,0,0.1562,24,0.99,0.1613,1.0,3,0,0,0,0,0,0,0,0
33,0,0,1,1,66.6667,0,0,0.1515,25,0.95,0.1562,1.0,3,0,0,0,57,0,0,0,1
22,0,0,1,1,68.1818,0,0,0.2273,14,0.9,0.1905,1.0,3,2,0,1,117,0,0,0,1
114,0,0,0,1,91.2281,3,1,0.1316,34,0.95,0.0177,1.0,3,0,0,0,0,0,0,0,0
27,0,0,2,0,62.963,0,0,0.2593,20,0.88,0.1923,1.0,2,0,0,0,0,0,0,0,0
26,0,0,1,0,50.0,0,0,0.2308,19,0.95,0.16,1.0,3,0,0,0,0,0,0,0,0
30,0,0,1,0,56.6667,0,0,0.2,22,0.9,0.069,1.0,3,0,0,0,0,0,0,0,0
25,0,0,0,1,68.0,0,0,0.24,11,0.5,0.0833,1.0,2,0,0,0,0,0,0,0,0
32,0,0,1,1,75.0,0,0,0.1562,24,0.95,0.129,1.0,3,1,1,0,222,0,1,0,1
29,0,0,1,1,79.3103,0,0,0.1724,21,0.95,0.1429,1.0,3,0,0,0,0,0,0,0,0
27,0,0,2,1,66.6667,0,0,0.2222,19,0.5,0.1538,1.0,3,0,0,0,0,0,0,0,0
24,0,0,0,1,50.0,0,0,0.2083,15,0.95,0.087,1.0,3,0,0,0,0,0,0,0,0
29,0,0,1,0,72.4138,0,0,0.1724,22,0.95,0.1786,1.0,3,1,0,0,0,0,1,0,0
27,0,0,1,1,62.963,0,0,0.1852,19,0.95,0.1538,1.0,3,0,0,0,0,0,0,0,0
23,0,0,1,0,78.2609,0,0,0.2174,16,0.95,0.2273,1.0,3,0,0,0,0,0,0,0,0
27,0,0,1,0,62.963,0,0,0.1852,20,0.35,0.1923,1.0,3,0,0,0,0,0,0,0,0
27,0,0,1,1,85.1852,0,0,0.1852,19,0.95,0.1923,1.0,3,0,0,0,0,0,0,0,0
21,0,0,1,1,61.9048,0,0,0.2381,13,0.95,0.25,1.0,3,0,0,1,7,0,1,0,1
22,0,0,1,1,59.0909,0,0,0.2273,14,0.95,0.1905,1.0,3,1,2,1,0,1,1,0,1
25,0,0,1,0,64.0,0,0,0.2,18,0.95,0.1667,1.0,3,0,0,0,0,0,0,0,0
28,0,0,1,1,75.0,0,0,0.1786,20,0.95,0.1481,1.0,3,0,0,0,0,0,0,0,0
19,0,0,1,1,57.8947,0,0,0.2632,11,0.88,0.2778,1.0,2,0,0,0,0,0,0,0,0
24,0,0,1,1,75.0,0,0,0.2083,16,0.95,0.1739,1.0,3,0,0,0,0,0,0,0,0
19,0,0,1,0,73.6842,0,0,0.2632,12,0.5,0.2222,1.0,3,0,0,0,0,0,0,0,0
37,0,0,1,1,78.3784,0,0,0.1351,29,0.95,0.1111,1.0,3,0,0,0,0,0,0,0,0
41,0,0,1,1,63.4146,0,0,0.1951,32,0.95,0.1,1.0,3,0,0,0,0,0,0,0,0
37,0,0,2,0,83.7838,0,0,0.1892,30,0.95,0.1111,1.0,3,0,0,0,0,0,0,0,0
27,0,0,1,1,70.3704,0,0,0.2222,19,0.95,0.1538,1.0,3,0,0,0,0,0,0,0,0
29,0,0,1,0,68.9655,0,0,0.1724,22,0.95,0.1786,1.0,3,0,0,0,0,0,0,0,0
28,0,0,1,1,78.5714,0,0,0.2143,19,0.95,0.1481,1.0,3,0,0,0,0,0,0,0,0
36,0,0,1,0,61.1111,0,0,0.1944,28,0.95,0.1143,1.0,3,0,0,0,0,0,0,0,0
26,0,0,1,0,65.3846,0,0,0.1923,19,0.95,0.16,1.0,3,0,0,0,0,0,0,0,0
21,0,0,2,1,57.1429,0,0,0.2857,13,0.9,0.2,1.0,2,0,0,0,0,0,0,0,0
239,0,1,1,1,97.9079,4,1,0.1464,30,0.95,0.0336,0.9833,3,0,0,0,0,0,0,0,0
23,0,0,1,0,69.5652,0,0,0.2174,16,0.95,0.2273,1.0,3,0,0,0,0,0,0,0,0
28,0,0,1,0,75.0,0,0,0.1786,21,0.95,0.1481,1.0,3,0,0,0,0,0,0,0,0
27,0,0,2,1,62.963,0,0,0.2222,19,0.9,0.1538,1.0,2,0,0,0,0,0,0,0,0
347,0,1,0,1,99.1354,5,1,0.0951,24,0.95,0.0694,0.9942,3,0,0,0,0,0,0,0,0
66,0,0,3,1,83.3333,0,0,0.1818,57,0.95,0.0462,1.0,3,0,0,0,0,0,0,0,0
28,0,0,1,1,64.2857,0,0,0.1786,20,0.95,0.1481,1.0,3,10,4,0,90,0,1,0,1
23,0,0,2,0,60.8696,0,0,0.2609,16,0.95,0.1818,1.0,3,0,0,0,0,0,0,0,0
29,0,0,1,1,79.3103,0,0,0.1724,21,0.95,0.1429,1.0,3,0,0,0,0,0,0,0,0
26,0,0,2,1,69.2308,0,0,0.2308,18,0.98,0.16,1.0,3,0,0,0,0,0,0,0,0
40,0,0,1,1,72.5,0,0,0.175,31,0.95,0.0513,1.0,3,0,0,0,0,0,0,0,0
46,0,0,2,1,76.087,0,0,0.1957,37,0.5,0.0444,1.0,3,0,0,0,0,0,0,0,0
20,0,0,1,1,55.0,0,0,0.25,12,0.95,0.2105,1.0,3,0,0,0,0,0,0,0,0
26,0,0,1,1,65.3846,0,0,0.1923,18,0.5,0.16,1.0,2,0,0,0,0,0,0,0,0
29,0,0,1,1,75.8621,0,0,0.1724,21,0.95,0.1429,1.0,3,0,0,0,0,0,0,0,0
27,0,0,1,1,59.2593,0,0,0.1852,19,0.95,0.1538,1.0,3,0,0,0,0,0,0,0,0
24,0,0,1,1,37.5,0,0,0.2083,16,0.95,0.1739,1.0,3,0,0,0,0,0,0,0,0
24,0,0,1,1,70.8333,0,0,0.2083,16,0.95,0.1739,1.0,3,0,0,0,1,0,1,0,1
24,0,0,1,1,58.3333,0,0,0.2083,16,0.95,0.1739,1.0,3,0,0,0,0,0,0,0,0
24,0,0,1,1,50.0,0,0,0.2083,16,0.95,0.2174,1.0,3,0,0,0,0,0,0,0,0
51,0,0,1,1,84.3137,0,0,0.1569,42,0.95,0.08,1.0,3,0,0,0,0,0,0,0,0
32,0,0,0,1,75.0,0,0,0.1875,15,0.95,0.0968,1.0,3,0,0,0,0,0,0,0,0
25,0,0,1,0,60.0,0,0,0.2,18,0.95,0.1667,1.0,3,0,0,0,0,0,0,0,0
43,0,0,1,1,65.1163,0,0,0.1395,34,0.5,0.0714,1.0,2,0,0,0,0,0,0,0,0
41,0,0,1,0,73.1707,0,0,0.1951,33,0.5,0.075,1.0,3,0,0,0,0,0,0,0,0
34,0,0,1,1,79.4118,0,0,0.1471,26,0.95,0.1212,1.0,3,0,0,1,13,0,1,0,1
35,0,0,1,0,82.8571,0,0,0.1429,28,0.85,0.1176,1.0,3,0,0,0,0,0,0,0,0
24,0,0,1,1,58.3333,0,0,0.2083,16,0.95,0.1739,1.0,3,1,0,1,3,1,1,0,1
31,0,0,2,1,70.9677,0,0,0.1935,23,0.9,0.2,1.0,2,0,0,0,1,0,1,0,1
21,0,0,2,1,66.6667,0,0,0.2857,13,0.88,0.2,1.0,2,0,0,0,0,0,0,0,0
22,0,0,1,1,63.6364,0,0,0.2273,14,0.5,0.1905,1.0,2,0,0,0,0,0,0,0,0
27,0,0,1,1,74.0741,0,0,0.1852,19,0.95,0.1538,1.0,3,0,0,0,0,0,0,0,0
26,0,0,1,0,65.3846,0,0,0.2308,18,0.25,0.24,1.0,5,0,0,0,0,0,0,0,0
136,0,0,0,1,89.7059,2,1,0.1544,9,0.5,0.0296,0.9779,2,0,0,0,0,0,0,0,0
25,0,0,1,0,68.0,0,0,0.2,18,0.5,0.1667,1.0,3,0,0,0,0,0,0,0,0
27,0,0,1,0,66.6667,0,0,0.2593,20,0.5,0.1923,1.0,2,0,0,0,0,0,0,0,0
26,0,0,1,1,53.8462,0,0,0.1923,18,0.95,0.16,1.0,3,0,0,0,0,0,1,0,1
65,0,0,0,1,78.4615,0,0,0.0923,10,0.85,0.0625,1.0,3,0,0,0,0,0,0,0,0
30,0,0,1,1,70.0,0,0,0.1667,22,0.95,0.1724,1.0,3,0,0,0,0,0,0,0,0
24,0,0,1,1,62.5,0,0,0.2083,16,0.9,0.1739,1.0,3,0,0,0,0,0,0,0,0
28,0,0,1,1,64.2857,0,0,0.1786,20,0.95,0.1481,1.0,3,0,0,0,0,0,0,0,0
25,0,0,1,1,64.0,0,0,0.2,17,0.95,0.1667,1.0,3,0,0,0,0,0,0,0,0
33,0,0,1,1,75.7576,0,0,0.1515,25,0.95,0.1562,1.0,3,0,0,0,0,0,0,0,0
34,0,0,1,1,70.5882,0,0,0.1471,26,0.95,0.1212,1.0,3,0,0,0,0,0,0,0,0
34,0,0,1,1,50.0,0,0,0.2059,25,0.95,0.0909,1.0,3,0,0,0,0,0,0,0,0
26,0,0,1,1,69.2308,0,0,0.2308,18,0.95,0.16,1.0,3,0,0,0,0,0,0,0,0
29,0,0,3,1,65.5172,0,0,0.2414,21,0.88,0.1429,1.0,2,0,0,0,0,0,0,0,0
28,0,0,2,1,71.4286,0,0,0.2143,20,0.9,0.1481,1.0,2,1,0,1,82,0,1,0,1
57,0,0,1,0,91.2281,0,0,0.1754,23,0.5,0.0536,1.0,2,0,0,0,0,0,0,0,0
35,0,0,1,1,80.0,0,0,0.1429,27,0.95,0.1176,1.0,3,0,0,0,0,0,0,0,0
97,0,0,2,1,92.7835,0,0,0.0825,73,0.5,0.0312,1.0,4,0,0,0,0,0,0,0,0
44,0,0,4,0,81.8182,0,0,0.2045,36,0.5,0.093,1.0,2,0,0,0,0,0,0,0,0
22,0,0,2,0,59.0909,0,0,0.2727,15,0.88,0.1905,1.0,2,0,0,0,0,0,0,0,0
29,0,0,1,1,55.1724,0,0,0.1724,21,0.95,0.1429,1.0,3,0,0,0,0,0,0,0,0
36,0,0,1,1,69.4444,0,0,0.2222,10,0.9,0.0857,1.0,2,0,0,0,0,0,0,0,0
29,0,0,2,1,72.4138,0,0,0.2069,21,0.5,0.1786,1.0,2,0,0,0,0,0,0,0,0
78,0,0,1,1,83.3333,1,1,0.1795,18,0.5,0.039,1.0,2,0,0,0,0,0,0,0,0
36,0,0,0,1,72.2222,0,0,0.2222,12,0.5,0.0571,1.0,2,0,0,0,0,0,0,0,0
19,0,0,1,1,73.6842,0,0,0.2632,11,0.5,0.3333,1.0,2,0,0,0,0,0,0,0,0
25,0,0,1,1,60.0,0,0,0.2,17,0.95,0.1667,1.0,3,0,0,0,0,0,0,0,0
29,0,0,1,0,68.9655,0,0,0.1724,22,0.95,0.1786,1.0,3,0,0,0,0,0,0,0,0
34,0,0,1,0,76.4706,0,0,0.1765,27,0.95,0.1212,1.0,3,0,0,0,0,0,0,0,0
31,0,0,1,1,74.1935,0,0,0.1613,23,0.95,0.1667,1.0,3,0,0,0,0,0,0,0,0
30,0,0,1,1,63.3333,0,0,0.1667,22,0.95,0.1379,1.0,3,0,0,0,0,0,0,0,0
24,0,0,0,1,62.5,0,0,0.2083,15,0.8,0.1739,1.0,2,0,0,0,0,0,0,0,0
32,0,0,2,1,84.375,0,0,0.1875,24,0.9,0.129,1.0,2,0,0,0,0,0,0,0,0
20,0,0,0,1,45.0,0,0,0.25,5,0.5,0.1053,1.0,2,0,0,0,0,0,0,0,0
27,0,0,1,1,66.6667,0,0,0.1852,19,0.95,0.1538,1.0,3,0,0,0,0,0,0,0,0
21,0,0,1,0,61.9048,0,0,0.2381,14,0.5,0.2,1.0,5,0,0,0,0,0,0,0,0
33,0,0,1,1,69.697,0,0,0.1515,25,0.95,0.125,1.0,3,0,0,0,0,0,0,0,0
33,0,0,0,0,63.6364,0,0,0.2121,25,0.95,0.0625,1.0,3,0,0,0,0,0,0,0,0
30,0,0,1,1,73.3333,0,0,0.1667,22,0.95,0.1724,1.0,3,0,0,0,0,0,0,0,0
28,0,0,1,1,71.4286,0,0,0.1786,20,0.95,0.1481,1.0,3,0,0,0,0,0,0,0,0
55,0,0,1,1,87.2727,0,0,0.1091,46,0.95,0.0556,1.0,3,0,0,0,0,0,0,0,0
29,0,0,1,1,72.4138,0,0,0.1724,21,0.95,0.2143,1.0,3,0,0,0,0,0,0,0,0
31,0,0,1,1,77.4194,0,0,0.1613,23,0.95,0.2333,1.0,3,0,0,0,0,0,0,0,0
45,0,0,1,0,82.2222,0,0,0.1778,37,0.35,0.0682,1.0,4,0,0,0,0,0,0,0,0
25,0,0,1,1,72.0,0,0,0.2,17,0.95,0.2083,1.0,3,0,0,0,0,0,0,0,0
31,0,0,1,1,80.6452,0,0,0.1613,23,0.95,0.1667,1.0,3,0,0,0,0,0,0,0,0
35,0,0,1,0,74.2857,0,0,0.1714,21,0.95,0.0588,1.0,3,0,0,0,0,0,0,0,0
17,0,0,1,0,52.9412,0,0,0.2941,10,0.5,0.25,1.0,2,0,0,0,0,0,0,0,0
51,0,0,1,1,74.5098,0,0,0.1765,42,0.95,0.1,1.0,3,0,0,0,0,0,0,0,0
59,0,0,1,0,89.8305,0,0,0.1525,25,0.3,0.0517,1.0,3,0,0,0,0,0,0,0,0
27,0,0,1,1,70.3704,0,0,0.1852,19,0.5,0.1538,1.0,2,0,0,0,0,0,0,0,0
35,0,0,1,1,68.5714,0,0,0.2,26,0.95,0.1471,1.0,3,0,0,0,0,0,0,0,0
33,0,0,2,1,69.697,0,0,0.1818,25,0.5,0.125,1.0,2,0,0,0,0,0,0,0,0
38,0,0,2,0,84.2105,0,0,0.1579,31,0.95,0.1351,1.0,3,0,0,0,0,0,0,0,0
23,0,0,1,0,65.2174,0,0,0.2174,16,0.5,0.1818,1.0,2,0,0,0,0,0,0,0,0
25,0,0,1,0,76.0,0,0,0.2,18,0.95,0.1667,1.0,3,0,1,1,0,1,1,0,1
38,0,0,1,1,73.6842,0,0,0.1579,29,0.95,0.0811,1.0,3,0,0,0,0,0,0,0,0
45,0,0,1,1,80.0,0,0,0.1333,22,0.95,0.1136,1.0,3,0,0,0,0,0,0,0,0
31,0,0,1,1,58.0645,0,0,0.1613,23,0.55,0.1333,1.0,4,0,0,0,24,0,1,0,0
32,0,0,0,1,68.75,0,0,0.1562,18,0.25,0.0645,1.0,5,0,0,0,0,0,0,0,0
32,0,0,2,1,65.625,0,0,0.2188,23,0.8,0.0968,1.0,2,0,0,0,0,0,0,0,0
38,0,0,1,1,81.5789,0,0,0.1316,30,0.5,0.1081,1.0,2,0,0,0,0,0,0,0,0
27,0,0,1,1,74.0741,0,0,0.1852,19,0.95,0.1538,1.0,3,0,0,0,0,0,0,0,1
26,0,0,1,1,76.9231,0,0,0.1923,18,0.5,0.16,1.0,2,0,0,0,0,0,0,0,0
42,0,0,3,0,78.5714,0,0,0.1667,35,0.95,0.0976,1.0,3,0,0,0,0,0,0,0,0
35,0,0,1,1,71.4286,0,0,0.1429,27,0.95,0.1176,1.0,3,0,0,0,0,0,0,0,0
38,0,0,1,1,78.9474,0,0,0.1316,30,0.95,0.1622,1.0,3,0,0,0,0,0,1,0,1
23,0,0,2,0,60.8696,0,0,0.2609,16,0.5,0.1818,1.0,3,0,0,0,0,0,0,0,0
21,0,0,1,1,42.8571,0,0,0.2381,13,0.95,0.2,1.0,3,0,0,0,7,0,1,0,1
41,0,0,2,1,80.4878,0,0,0.1463,33,0.95,0.1,1.0,3,0,0,0,0,0,0,0,0
22,0,0,1,1,59.0909,0,0,0.2273,14,0.9,0.1905,1.0,3,0,0,0,0,0,0,0,0
24,0,0,1,1,66.6667,0,0,0.25,16,0.5,0.1739,1.0,2,0,0,1,169,0,1,0,1
21,0,0,1,1,66.6667,0,0,0.2381,13,0.8,0.25,1.0,2,0,0,0,0,0,0,0,0
26,0,0,2,0,88.4615,0,0,0.2308,19,0.5,0.2,1.0,4,0,0,0,0,0,0,0,0
70,1,0,2,0,82.8571,1,1,0.1429,10,0.5,0.058,1.0,2,0,0,0,0,0,0,0,0
42,0,0,1,1,85.7143,0,0,0.119,34,0.95,0.0976,1.0,3,0,0,0,0,0,0,0,0
28,0,0,2,1,71.4286,0,0,0.2143,20,0.9,0.1852,1.0,2,0,0,0,0,0,0,0,0
42,0,0,1,1,80.9524,0,0,0.1905,33,0.95,0.122,1.0,3,0,0,0,0,0,0,0,0
33,0,0,1,1,66.6667,0,0,0.1515,25,0.95,0.125,1.0,3,0,0,0,0,0,0,0,1
33,0,0,3,1,75.7576,0,0,0.2424,25,0.5,0.1875,1.0,2,1,1,0,0,0,0,0,0
33,0,0,1,1,63.6364,0,0,0.1515,25,0.95,0.1562,1.0,3,0,0,0,0,0,0,0,0
28,0,0,1,0,67.8571,0,0,0.1786,21,0.9,0.1481,1.0,3,0,0,0,0,0,0,0,0
23,0,0,1,1,56.5217,0,0,0.2174,15,0.9,0.1818,1.0,3,0,0,0,0,0,0,0,0
75,0,0,1,0,85.3333,0,0,0.0933,28,0.95,0.0541,1.0,3,0,0,0,0,0,0,0,0
31,0,0,1,1,67.7419,0,0,0.1613,23,0.88,0.2,1.0,2,0,0,0,0,0,0,0,0
27,0,0,1,1,81.4815,0,0,0.1852,19,0.5,0.1538,1.0,2,0,0,0,0,0,0,0,0
36,0,0,1,1,77.7778,0,0,0.1667,27,0.95,0.1143,1.0,3,0,0,0,0,0,0,0,0
27,0,0,1,0,70.3704,0,0,0.2593,20,0.85,0.1923,1.0,3,0,0,0,0,0,0,0,0
32,0,0,1,0,78.125,0,0,0.1562,25,0.95,0.1613,1.0,3,0,0,0,0,0,0,0,0
46,0,0,3,0,91.3043,0,0,0.2174,38,0.5,0.0889,1.0,2,0,0,0,0,0,0,0,0
31,0,0,2,0,74.1935,0,0,0.1935,24,0.95,0.1333,1.0,3,0,0,0,0,0,0,0,0
25,0,0,1,1,68.0,0,0,0.2,17,0.95,0.1667,1.0,3,0,0,0,0,0,0,0,0
24,0,0,1,1,62.5,0,0,0.2083,16,0.95,0.1739,1.0,3,0,0,1,75,0,1,0,1
28,0,0,2,1,67.8571,0,0,0.2143,20,0.5,0.2593,1.0,3,0,0,0,0,0,0,0,0
28,0,0,1,1,71.4286,0,0,0.1786,20,0.95,0.1481,1.0,3,1,0,0,0,0,0,0,0
27,0,0,1,1,77.7778,0,0,0.1852,19,0.5,0.1538,1.0,2,0,0,0,1,0,1,0,1
39,0,0,2,0,84.6154,0,0,0.2051,32,0.5,0.1316,1.0,2,0,0,0,0,0,0,0,0
25,0,0,1,1,68.0,0,0,0.2,17,0.55,0.1667,1.0,4,0,0,0,0,0,0,0,0
24,0,0,1,1,62.5,0,0,0.2083,16,0.95,0.2174,1.0,3,1,0,1,11,0,1,0,1
26,0,0,1,1,65.3846,0,0,0.2308,17,0.5,0.08,1.0,2,0,0,0,0,0,0,0,0
36,0,0,1,1,80.5556,0,0,0.2222,23,0.5,0.0857,1.0,2,0,0,0,0,0,0,0,0
29,0,0,1,1,58.6207,0,0,0.2069,20,0.35,0.0714,1.0,4,0,0,0,0,0,0,0,0
34,0,0,1,1,50.0,0,0,0.2059,25,0.95,0.1515,1.0,3,0,0,0,0,0,0,0,0
50,0,0,4,1,72.0,0,0,0.18,41,0.85,0.0816,1.0,3,0,0,0,0,0,0,0,0
29,0,0,1,1,65.5172,0,0,0.1724,21,0.95,0.2143,1.0,3,0,0,1,0,1,0,0,1
25,0,0,1,1,56.0,0,0,0.24,17,0.3,0.1667,1.0,3,0,0,0,0,0,0,0,0
74,0,0,0,1,86.4865,2,1,0.1892,31,0.95,0.0685,0.9865,3,0,0,0,0,0,0,0,0
101,0,0,0,1,94.0594,1,1,0.099,19,0.95,0.05,1.0,3,0,0,0,0,0,0,0,0
20,0,0,1,1,65.0,0,0,0.25,12,0.98,0.2632,1.0,3,2,0,0,20,0,1,0,1
37,0,0,1,1,64.8649,0,0,0.1351,29,0.95,0.1389,1.0,3,0,0,0,0,0,0,0,0
23,0,0,1,1,73.913,0,0,0.3043,14,0.5,0.1818,1.0,3,0,0,0,0,0,0,0,0
24,0,0,1,1,66.6667,0,0,0.2083,16,0.95,0.1739,1.0,3,0,0,0,66,0,1,0,1
28,0,0,2,1,53.5714,0,0,0.2143,20,0.9,0.1481,1.0,2,0,0,0,0,0,0,0,0
40,0,0,1,1,77.5,0,0,0.125,32,0.95,0.1282,1.0,3,0,0,0,0,0,0,0,0
33,0,0,1,1,69.697,0,0,0.1515,25,0.95,0.1562,1.0,3,0,0,1,163,0,1,0,1
44,0,0,1,1,84.0909,0,0,0.1818,35,0.8,0.0698,1.0,2,0,0,0,0,0,0,0,0
34,0,0,1,1,55.8824,0,0,0.2059,25,0.35,0.0909,1.0,4,0,0,0,0,0,0,0,0
22,0,0,0,1,40.9091,0,0,0.1818,14,0.95,0.0952,1.0,3,0,0,0,0,0,0,0,0
35,0,0,1,1,74.2857,0,0,0.1429,27,0.95,0.1471,1.0,3,0,0,0,0,0,0,0,0
30,0,0,1,1,76.6667,0,0,0.1667,22,0.95,0.1379,1.0,3,0,0,0,0,0,0,0,0
25,0,0,1,1,52.0,0,0,0.2,17,0.95,0.1667,1.0,3,0,0,1,99,1,1,0,0
33,0,0,1,1,81.8182,0,0,0.1515,25,0.95,0.125,1.0,3,0,0,0,0,0,0,0,0
23,0,0,1,1,65.2174,0,0,0.2609,15,0.9,0.1818,1.0,3,0,0,0,0,0,0,0,0
25,0,0,2,0,68.0,0,0,0.24,18,0.95,0.2083,1.0,3,0,0,0,0,0,0,0,0
24,0,0,1,1,54.1667,0,0,0.2083,16,0.95,0.1739,1.0,3,0,0,0,0,0,0,0,0
22,0,0,1,0,68.1818,0,0,0.2273,15,0.85,0.2381,1.0,3,0,0,0,0,0,0,0,0
63,0,0,1,1,82.5397,0,0,0.0952,54,0.95,0.0484,1.0,3,0,0,0,0,0,0,0,0
26,0,0,1,0,61.5385,0,0,0.1923,19,0.95,0.16,1.0,3,0,0,0,0,0,0,0,0
33,0,0,1,1,84.8485,0,0,0.1515,25,0.85,0.125,1.0,3,0,0,0,0,0,0,0,0
67,0,0,2,1,85.0746,0,0,0.209,37,0.5,0.1061,1.0,4,0,0,0,0,0,0,0,0
56,0,0,1,1,89.2857,0,0,0.1607,23,0.9,0.0545,1.0,2,0,0,0,0,0,0,0,0
34,0,0,2,1,79.4118,0,0,0.1765,26,0.5,0.1515,1.0,2,0,0,0,0,0,0,0,0
28,0,0,2,1,60.7143,0,0,0.2143,20,0.9,0.1481,1.0,2,0,0,0,0,0,0,0,0
27,0,0,0,1,70.3704,0,0,0.1481,19,0.5,0.1154,1.0,4,0,0,0,0,0,0,0,0
59,0,0,1,1,74.5763,0,0,0.1525,42,0.95,0.0517,1.0,3,0,0,0,0,0,0,0,0
32,0,0,2,1,62.5,0,0,0.1875,24,0.9,0.129,1.0,2,0,0,0,0,0,0,0,0
47,0,0,1,1,93.617,0,0,0.1702,38,0.8,0.0652,1.0,2,0,0,0,0,0,0,0,0
29,0,0,1,1,75.8621,0,0,0.1724,21,0.55,0.1429,1.0,4,0,0,0,0,0,0,0,0
27,0,0,1,1,66.6667,0,0,0.1852,19,0.9,0.1538,1.0,3,0,0,0,0,0,0,0,0
26,0,0,1,0,69.2308,0,0,0.1923,19,0.95,0.2,1.0,3,1,0,1,0,1,1,0,1
24,0,0,1,1,79.1667,0,0,0.2083,16,0.5,0.2174,1.0,2,0,0,0,0,0,0,0,0
38,0,0,2,0,84.2105,0,0,0.1842,30,0.5,0.0541,1.0,2,0,0,0,0,0,0,0,0
48,0,0,2,0,85.4167,0,0,0.1667,41,0.5,0.2553,1.0,2,0,0,0,0,0,0,0,0
22,0,0,1,1,40.9091,0,0,0.2727,14,0.9,0.1905,1.0,3,0,0,0,0,0,0,0,0
22,0,0,1,1,50.0,0,0,0.2273,14,0.9,0.1905,1.0,3,0,0,0,0,0,0,0,0
24,0,0,2,1,58.3333,0,0,0.25,16,0.98,0.1739,1.0,3,0,0,0,0,0,0,0,0
22,0,0,2,1,63.6364,0,0,0.2727,14,0.5,0.2381,1.0,2,0,0,0,0,0,0,0,0
33,0,0,1,1,72.7273,0,0,0.1515,25,0.95,0.125,1.0,3,0,0,0,0,0,0,0,0
23,0,0,1,1,69.5652,0,0,0.2174,15,0.5,0.2273,1.0,2,0,0,0,0,0,1,0,1
24,0,0,1,1,62.5,0,0,0.2083,16,0.5,0.1739,1.0,2,0,0,0,0,0,0,0,0
28,0,0,1,1,60.7143,0,0,0.1786,20,0.95,0.1481,1.0,3,1,0,0,0,0,0,0,1
33,0,0,3,1,72.7273,0,0,0.2121,25,0.88,0.1562,1.0,2,0,0,0,0,0,0,0,0
25,0,0,1,1,72.0,0,0,0.2,17,0.95,0.2083,1.0,3,0,0,0,0,0,0,0,0
43,0,0,1,1,79.0698,0,0,0.1628,34,0.5,0.119,1.0,4,0,0,0,0,0,0,0,0
25,0,0,1,1,56.0,0,0,0.2,17,0.95,0.2083,1.0,3,0,0,0,0,0,0,0,0
28,0,0,1,1,57.1429,0,0,0.25,19,0.5,0.1852,1.0,3,0,0,0,0,0,0,0,0
34,0,0,1,0,79.4118,0,0,0.1471,27,0.95,0.1212,1.0,3,0,0,0,0,0,0,0,0
27,0,0,1,1,59.2593,0,0,0.1852,19,0.9,0.1538,1.0,3,0,0,0,9,0,0,0,0
25,0,0,1,1,88.0,0,0,0.2,17,0.95,0.1667,1.0,3,0,0,0,0,0,0,0,0
99,0,0,1,1,94.9495,0,0,0.1212,15,0.95,0.051,1.0,3,0,0,0,0,0,0,0,0
24,0,0,1,1,58.3333,0,0,0.2083,16,0.5,0.1739,1.0,2,0,0,0,0,0,0,0,0
38,0,0,3,1,84.2105,0,0,0.2105,30,0.3,0.1081,1.0,3,0,0,0,0,0,0,0,0
26,0,0,1,0,61.5385,0,0,0.1923,19,0.5,0.16,1.0,2,0,0,0,0,0,0,0,0
35,0,0,1,1,80.0,0,0,0.1429,27,0.95,0.1471,1.0,3,0,0,0,0,0,0,0,0
20,0,0,1,1,65.0,0,0,0.25,12,0.9,0.2105,1.0,3,0,0,0,0,0,0,0,0
34,0,0,1,1,70.5882,0,0,0.1765,26,0.5,0.1515,1.0,2,0,0,0,0,0,0,0,0
53,0,0,2,0,88.6792,0,0,0.1698,25,0.5,0.0577,1.0,2,0,0,0,0,0,0,0,0
27,0,0,1,1,62.963,0,0,0.1852,19,0.95,0.1538,1.0,3,0,0,0,0,0,0,0,0
53,0,0,1,0,75.4717,0,0,0.0943,46,0.95,0.0385,1.0,3,0,0,0,0,0,0,0,0
20,0,0,1,1,55.0,0,0,0.25,12,0.5,0.2105,1.0,2,0,0,0,1,0,1,0,1
24,0,0,1,1,58.3333,0,0,0.2083,16,0.95,0.1739,1.0,3,0,0,0,0,0,0,0,0
22,0,0,1,1,59.0909,0,0,0.2273,14,0.95,0.1905,1.0,3,0,0,1,8,0,1,1,1
20,0,0,1,1,70.0,0,0,0.25,12,0.5,0.2105,1.0,2,0,0,0,1017,0,1,0,1
19,0,0,1,0,47.3684,0,0,0.2632,12,0.95,0.2222,1.0,3,0,0,0,0,0,0,0,0
20,0,0,1,1,70.0,0,0,0.25,12,0.9,0.2105,1.0,3,0,0,0,0,0,0,0,0
25,0,0,1,0,52.0,0,0,0.2,18,0.95,0.2083,1.0,3,0,0,0,0,0,0,0,0
44,0,0,0,1,88.6364,0,0,0.1364,26,0.95,0.0465,1.0,3,0,0,0,0,0,0,0,0
24,0,0,1,0,70.8333,0,0,0.2083,17,0.95,0.1739,1.0,3,0,0,0,0,0,0,0,0
23,0,0,1,1,56.5217,0,0,0.2174,15,0.95,0.1818,1.0,3,0,0,0,0,0,0,0,0
34,0,0,1,1,79.4118,0,0,0.1765,25,0.35,0.0606,1.0,4,0,0,0,0,0,0,0,0
30,0,0,1,1,70.0,0,0,0.1667,22,0.95,0.1379,1.0,3,0,0,0,0,0,0,0,0
33,0,0,1,1,78.7879,0,0,0.1515,25,0.9,0.125,1.0,3,0,0,0,0,0,0,0,0
21,0,0,1,0,76.1905,0,0,0.2381,14,0.95,0.2,1.0,3,0,0,0,0,0,0,0,0
27,0,0,1,1,59.2593,0,0,0.1852,19,0.95,0.1538,1.0,3,0,0,0,0,0,0,0,0
30,0,0,1,1,80.0,0,0,0.1667,22,0.95,0.1379,1.0,3,0,0,0,0,0,0,0,0
93,0,0,1,1,92.4731,0,0,0.0753,20,0.5,0.0326,1.0,5,0,0,0,0,0,0,0,0
111,0,0,2,1,93.6937,1,1,0.0901,74,0.5,0.0545,1.0,4,0,0,0,0,0,0,0,0
35,0,0,1,0,74.2857,0,0,0.1714,27,0.9,0.0882,1.0,2,0,0,0,0,0,0,0,0
46,0,0,1,0,71.7391,0,0,0.1739,38,0.5,0.0889,1.0,3,0,0,0,0,0,0,0,0
43,0,0,1,0,74.4186,0,0,0.186,35,0.5,0.0476,1.0,3,0,0,0,0,0,0,0,0
32,0,0,2,1,71.875,0,0,0.1875,24,0.98,0.129,1.0,3,0,0,0,0,0,1,0,1
27,0,0,1,0,55.5556,0,0,0.2222,20,0.95,0.1923,1.0,3,0,0,0,0,0,0,0,0
27,0,0,0,1,66.6667,0,0,0.2593,18,0.95,0.0769,1.0,3,0,0,0,0,0,0,0,0
207,0,0,3,0,97.1014,5,2,0.1643,52,0.3,0.0194,0.9758,3,0,0,0,0,0,0,0,0
67,0,0,0,0,88.0597,0,0,0.1791,29,0.5,0.1667,1.0,8,0,0,0,0,0,0,0,0
61,0,0,2,1,88.5246,0,0,0.2295,44,0.95,0.05,1.0,3,0,0,0,0,0,0,0,0
19,0,0,0,1,68.4211,0,0,0.2632,10,0.95,0.1111,1.0,3,0,0,0,1,0,0,0,0
32,0,0,1,0,78.125,0,0,0.1562,25,0.5,0.129,1.0,2,0,0,0,0,0,0,0,0
22,0,0,1,0,68.1818,0,0,0.2273,15,0.95,0.1905,1.0,3,1,0,0,0,0,0,0,0
27,0,0,1,1,74.0741,0,0,0.1852,19,0.95,0.2308,1.0,3,1,0,0,100,0,1,0,1
23,0,0,2,0,65.2174,0,0,0.2609,16,0.5,0.1818,1.0,2,0,0,0,0,0,0,0,0
30,0,0,1,1,50.0,0,0,0.2333,21,0.5,0.1034,1.0,3,0,0,0,0,0,0,0,0
47,0,0,1,1,78.7234,0,0,0.2128,38,0.5,0.1087,1.0,3,0,0,0,0,0,0,0,0
18,0,0,0,0,50.0,0,0,0.2222,11,0.95,0.1176,1.0,3,0,0,0,0,0,0,0,0
45,0,0,2,1,88.8889,0,0,0.1556,36,0.8,0.0909,1.0,2,0,0,0,0,0,0,0,0
26,0,0,1,1,65.3846,0,0,0.1923,18,0.9,0.16,1.0,3,0,0,0,2,0,0,0,0
24,0,0,2,1,54.1667,0,0,0.25,16,0.98,0.1739,1.0,3,1,0,0,2,0,1,0,1
29,0,0,1,1,62.069,0,0,0.1724,21,0.95,0.1429,1.0,3,0,0,1,69,0,1,0,1
22,0,0,2,1,63.6364,0,0,0.2727,14,0.9,0.1905,1.0,2,0,0,0,0,0,0,0,0
25,0,0,1,1,64.0,0,0,0.2,17,0.95,0.2083,1.0,3,0,0,0,0,0,0,0,0
41,0,0,1,1,73.1707,0,0,0.1951,33,0.5,0.1,1.0,3,0,0,0,0,0,0,0,0
32,0,0,1,1,75.0,0,0,0.2188,14,0.5,0.0645,1.0,2,0,0,0,0,0,0,0,0
32,0,0,1,1,81.25,0,0,0.1562,24,0.95,0.1935,1.0,3,0,0,0,22,0,1,0,1
33,0,0,1,1,57.5758,0,0,0.2121,24,0.95,0.125,1.0,3,0,0,0,0,0,0,0,0
117,0,1,0,0,92.3077,0,0,0.1795,11,0.95,0.0776,0.9829,3,0,0,0,0,0,0,0,0
23,0,0,1,1,52.1739,0,0,0.2609,15,0.95,0.1818,1.0,3,0,0,0,0,0,0,0,0
29,0,0,1,0,65.5172,0,0,0.2069,22,0.55,0.1429,1.0,4,0,0,0,0,0,1,0,0
31,0,0,1,1,61.2903,0,0,0.1613,23,0.95,0.1333,1.0,3,1,0,0,1,0,1,0,1
26,0,0,2,0,73.0769,0,0,0.2308,19,0.85,0.16,1.0,3,0,0,0,0,0,0,0,0
33,0,0,2,1,75.7576,0,0,0.1818,25,0.5,0.125,1.0,2,0,0,0,0,0,0,0,0
27,0,0,1,1,74.0741,0,0,0.1852,19,0.95,0.1538,1.0,3,0,0,0,0,0,0,0,0
59,0,0,1,1,91.5254,0,0,0.1186,51,0.8,0.0517,1.0,2,0,0,0,0,0,0,0,0
38,0,0,2,0,60.5263,0,0,0.1842,31,0.95,0.1892,1.0,3,0,0,0,0,0,0,0,0
24,0,0,2,1,66.6667,0,0,0.25,16,0.5,0.1739,1.0,2,0,0,0,0,0,0,0,0
42,0,0,0,0,76.1905,0,0,0.2143,25,0.95,0.0732,1.0,3,0,0,0,0,0,0,0,0
20,0,0,1,0,60.0,0,0,0.25,13,0.95,0.2105,1.0,3,0,0,0,0,0,0,0,0
22,0,0,1,0,72.7273,0,0,0.2273,15,0.5,0.1905,1.0,2,0,0,0,0,0,0,0,0
34,0,0,2,1,76.4706,0,0,0.1765,26,0.5,0.1212,1.0,2,0,0,0,0,0,0,0,0
51,0,0,2,0,86.2745,0,0,0.1373,43,0.5,0.06,1.0,2,0,0,0,0,0,0,0,0
30,0,0,1,0,56.6667,0,0,0.2,23,0.88,0.1724,1.0,2,0,0,0,0,0,0,0,1
35,0,0,1,1,71.4286,0,0,0.1429,27,0.95,0.1176,1.0,3,2,1,0,155,0,1,0,1
22,0,0,1,1,68.1818,0,0,0.2273,14,0.85,0.1905,1.0,2,0,0,0,0,0,0,0,0
28,0,0,1,1,64.2857,0,0,0.2143,20,0.9,0.1481,1.0,3,0,0,0,0,0,0,0,0
23,0,0,1,1,60.8696,0,0,0.2174,15,0.95,0.1818,1.0,3,0,0,0,0,0,0,0,0
18,0,0,1,0,50.0,0,0,0.2778,11,0.5,0.2353,1.0,2,0,0,0,0,0,0,0,0
23,0,0,1,1,69.5652,0,0,0.2174,15,0.95,0.1818,1.0,3,0,0,0,0,0,0,0,0
30,0,0,1,1,76.6667,0,0,0.1667,22,0.95,0.1379,1.0,3,0,0,0,0,0,0,0,0
89,0,0,1,1,93.2584,0,0,0.0787,16,0.5,0.0227,1.0,4,0,0,0,0,0,0,0,0
36,0,0,1,0,88.8889,0,0,0.2222,17,0.95,0.1429,1.0,3,0,0,0,0,0,0,0,0
27,0,0,1,1,62.963,0,0,0.2222,18,0.5,0.0769,1.0,3,0,0,0,0,0,0,0,0
36,0,0,2,1,66.6667,0,0,0.1667,28,0.9,0.1143,1.0,2,0,0,0,0,0,0,0,0
57,0,0,1,1,87.7193,0,0,0.1404,48,0.8,0.0714,1.0,2,0,0,0,0,0,0,0,0
21,0,0,1,0,57.1429,0,0,0.2381,14,0.95,0.25,1.0,3,0,0,0,0,1,0,0,0
79,0,0,2,1,89.8734,0,0,0.1519,25,0.5,0.0641,1.0,2,0,0,0,0,0,0,0,0
24,0,0,2,0,62.5,0,0,0.25,17,0.5,0.1739,1.0,2,0,0,0,0,0,0,0,0
27,0,0,1,1,62.963,0,0,0.1852,19,0.88,0.1538,1.0,2,0,0,0,0,0,0,0,0
24,0,0,1,1,62.5,0,0,0.2083,16,0.5,0.1739,1.0,2,0,2,0,3,0,1,0,1
41,0,0,2,0,78.0488,0,0,0.1951,29,0.5,0.075,1.0,2,0,0,0,0,0,0,0,0
27,0,0,1,1,62.963,0,0,0.1852,19,0.9,0.1538,1.0,3,0,0,0,0,0,0,0,0
24,0,0,1,1,75.0,0,0,0.25,15,0.5,0.087,1.0,2,0,0,0,0,0,0,0,0
59,0,0,1,1,89.8305,0,0,0.1695,23,0.3,0.1034,1.0,3,0,0,0,0,0,0,0,0
25,0,0,1,1,52.0,0,0,0.2,17,0.95,0.1667,1.0,3,0,0,0,0,0,0,0,0
23,0,0,1,1,69.5652,0,0,0.2174,15,0.95,0.2273,1.0,3,0,0,0,0,0,0,0,0
21,0,0,1,0,66.6667,0,0,0.2381,14,0.95,0.25,1.0,3,0,0,0,0,0,0,0,0
32,0,0,1,1,78.125,0,0,0.1562,24,0.95,0.1613,1.0,3,0,0,0,0,0,0,0,0
28,0,0,1,1,78.5714,0,0,0.1786,20,0.9,0.2222,1.0,3,0,0,0,0,0,0,0,0
32,0,0,1,1,56.25,0,0,0.1875,24,0.95,0.129,1.0,3,0,0,0,0,0,0,0,0
37,0,0,1,1,86.4865,0,0,0.1351,29,0.95,0.1389,1.0,3,0,0,0,0,0,0,0,0
33,0,0,2,1,69.697,0,0,0.2121,25,0.9,0.1562,1.0,2,0,0,0,0,0,0,0,0
27,0,0,1,1,59.2593,0,0,0.1852,19,0.95,0.1538,1.0,3,3,0,1,31,0,1,1,1
29,0,0,1,0,58.6207,0,0,0.2069,22,0.95,0.1429,1.0,3,0,0,0,0,0,0,0,0
53,0,0,1,1,84.9057,0,0,0.1321,44,0.95,0.0577,1.0,3,0,0,0,0,0,0,0,0
20,0,0,1,1,45.0,0,0,0.25,12,0.9,0.2105,1.0,3,0,0,0,0,0,0,0,0
48,0,0,3,0,81.25,0,0,0.2083,41,0.95,0.1064,1.0,3,0,0,0,0,0,0,0,0
34,0,0,1,1,82.3529,0,0,0.1471,26,0.95,0.1818,1.0,3,0,0,0,0,0,0,0,0
28,0,0,1,1,60.7143,0,0,0.1786,20,0.95,0.1481,1.0,3,0,0,0,0,0,0,0,0
38,0,0,1,1,76.3158,0,0,0.2105,29,0.35,0.0811,1.0,4,0,0,0,0,0,0,0,0
28,0,0,1,1,75.0,0,0,0.1786,20,0.95,0.1852,1.0,3,0,0,0,0,0,0,0,0
40,0,0,1,0,85.0,0,0,0.2,32,0.5,0.1026,1.0,2,0,0,0,0,0,0,0,0
23,0,0,1,1,47.8261,0,0,0.2174,15,0.5,0.1818,1.0,2,0,0,0,0,0,0,0,0
43,0,0,1,1,72.093,0,0,0.186,34,0.5,0.0714,1.0,3,0,0,0,0,0,0,0,0
25,0,0,1,0,56.0,0,0,0.2,18,0.95,0.1667,1.0,3,0,0,0,0,0,0,0,0
28,0,0,1,1,60.7143,0,0,0.2143,20,0.9,0.1481,1.0,3,0,0,1,111,1,1,1,1
32,0,0,2,1,68.75,0,0,0.1875,24,0.88,0.129,1.0,2,0,0,0,0,0,0,0,0
24,0,0,2,1,50.0,0,0,0.25,16,0.88,0.1739,1.0,2,1,0,0,0,1,1,0,1
20,0,0,2,0,55.0,0,0,0.3,13,0.5,0.2105,1.0,2,0,0,0,0,0,0,0,0
28,0,0,1,1,75.0,0,0,0.3214,19,0.5,0.1111,1.0,3,0,0,0,0,0,0,0,0
23,0,0,1,1,52.1739,0,0,0.2174,15,0.95,0.1818,1.0,3,0,0,0,53,1,1,0,1
20,0,0,1,1,70.0,0,0,0.25,12,0.5,0.2632,1.0,2,0,0,0,0,0,0,0,0
75,0,0,1,0,85.3333,0,0,0.0933,28,0.95,0.0405,1.0,3,0,0,0,0,0,0,0,0
25,0,0,2,1,68.0,0,0,0.24,17,0.5,0.1667,1.0,2,0,0,0,0,0,0,0,0
29,0,0,1,1,65.5172,0,0,0.2414,20,0.95,0.1071,1.0,3,0,0,0,0,0,0,0,0
24,0,0,1,1,66.6667,0,0,0.2083,16,0.5,0.1739,1.0,2,0,0,0,0,0,0,0,0
85,0,0,1,0,89.4118,0,0,0.1176,19,0.95,0.0595,1.0,3,0,0,0,0,0,0,0,0
30,0,0,1,0,53.3333,0,0,0.2,22,0.9,0.069,1.0,3,0,0,0,0,0,0,0,0
27,0,0,1,1,77.7778,0,0,0.2222,19,0.55,0.1538,1.0,4,0,0,0,4,0,1,0,1
26,0,0,2,0,57.6923,0,0,0.2308,19,0.5,0.16,1.0,4,0,0,0,0,0,0,0,0
95,0,0,0,1,90.5263,0,0,0.1579,16,0.95,0.0426,1.0,3,0,0,0,0,0,0,0,0
22,0,0,1,1,63.6364,0,0,0.2273,14,0.95,0.1905,1.0,3,0,0,0,0,0,0,0,0
29,0,0,1,1,51.7241,0,0,0.1724,21,0.9,0.1429,1.0,3,0,0,0,0,0,0,0,0
31,0,0,1,1,74.1935,0,0,0.1613,23,0.95,0.1333,1.0,3,0,0,0,8,0,1,0,1
42,0,0,1,0,71.4286,0,0,0.1429,35,0.95,0.0976,1.0,3,0,0,0,0,0,0,0,0
29,0,0,1,1,58.6207,0,0,0.1724,21,0.95,0.1429,1.0,3,0,0,0,0,1,1,0,0
24,0,0,1,0,62.5,0,0,0.2083,17,0.5,0.2174,1.0,2,0,0,0,0,0,0,0,0
26,0,0,2,1,65.3846,0,0,0.2308,18,0.5,0.16,1.0,2,0,0,0,0,0,0,0,0
41,0,0,1,1,63.4146,0,0,0.1707,32,0.95,0.075,1.0,3,0,0,0,0,0,0,0,0
117,0,0,1,1,90.5983,0,0,0.0855,30,0.95,0.0517,1.0,3,0,0,0,0,0,0,0,0
44,0,0,1,0,79.5455,0,0,0.2045,36,0.95,0.0465,1.0,3,0,0,0,0,0,0,0,0
36,0,0,1,1,77.7778,0,0,0.1389,28,0.9,0.1143,1.0,3,1,0,0,0,0,1,0,0
24,0,0,2,1,66.6667,0,0,0.25,16,0.5,0.1739,1.0,2,0,0,0,0,0,0,0,0
25,0,0,1,1,72.0,0,0,0.2,17,0.95,0.1667,1.0,3,0,0,0,0,0,0,0,0
57,0,0,2,1,84.2105,0,0,0.1228,48,0.8,0.0357,1.0,2,0,0,0,0,0,0,0,0
36,0,0,1,1,63.8889,0,0,0.1944,27,0.95,0.0857,1.0,3,0,0,0,0,0,0,0,0
48,0,0,1,0,81.25,0,0,0.2083,27,0.5,0.0426,1.0,2,0,0,0,0,0,0,0,0
45,0,0,1,1,68.8889,0,0,0.2,36,0.95,0.0909,1.0,3,0,0,0,0,0,0,0,0
28,0,0,1,1,67.8571,0,0,0.1786,20,0.95,0.1481,1.0,3,0,0,0,0,0,0,0,0
42,0,0,1,1,83.3333,0,0,0.2143,33,0.5,0.0976,1.0,3,0,0,0,0,0,0,0,0
33,0,0,1,1,72.7273,0,0,0.1818,24,0.95,0.125,1.0,3,0,0,0,0,0,0,0,0
26,0,0,1,1,73.0769,0,0,0.1923,18,0.95,0.2,1.0,3,0,0,0,0,0,0,0,0
28,0,0,1,1,75.0,0,0,0.1786,20,0.95,0.1481,1.0,3,0,0,0,0,0,0,0,0
24,0,0,1,1,75.0,0,0,0.2083,16,0.95,0.1739,1.0,3,0,0,0,0,0,0,0,0
25,0,0,1,1,60.0,0,0,0.2,17,0.95,0.1667,1.0,3,0,0,0,0,0,0,0,0
20,0,0,1,1,65.0,0,0,0.25,12,0.88,0.2632,1.0,2,1,0,1,52,0,1,1,1
38,0,0,0,1,76.3158,0,0,0.2632,16,0.95,0.0811,1.0,3,0,0,0,0,0,0,0,0
31,0,0,1,1,67.7419,0,0,0.1613,23,0.95,0.1333,1.0,3,0,0,0,0,0,0,0,0
26,0,0,1,1,73.0769,0,0,0.1923,18,0.9,0.16,1.0,3,0,0,0,0,0,0,0,0
26,0,0,1,1,61.5385,0,0,0.1923,18,0.85,0.16,1.0,3,0,0,0,0,0,0,0,0
82,0,0,2,1,91.4634,0,0,0.0854,73,0.5,0.0247,1.0,4,0,0,0,0,0,0,0,0
19,0,0,1,1,47.3684,0,0,0.2632,11,0.95,0.2222,1.0,3,1,1,1,4,0,1,0,1
27,0,0,1,1,66.6667,0,0,0.1852,19,0.85,0.1538,1.0,3,0,0,0,0,0,0,0,0
31,0,0,0,1,67.7419,0,0,0.1613,22,0.5,0.1,1.0,4,0,0,0,0,0,0,0,0
34,0,0,1,0,79.4118,0,0,0.1471,27,0.95,0.1212,1.0,3,0,0,0,0,0,0,0,0
30,0,0,1,1,66.6667,0,0,0.1667,22,0.95,0.1379,1.0,3,0,0,0,0,0,0,0,0
21,0,0,1,1,42.8571,0,0,0.2381,13,0.95,0.2,1.0,3,0,0,0,0,0,0,0,0
25,0,0,1,1,72.0,0,0,0.2,17,0.95,0.1667,1.0,3,0,0,0,0,0,0,0,0
25,0,0,1,1,68.0,0,0,0.2,17,0.95,0.1667,1.0,3,0,0,1,0,0,1,1,1
26,0,0,1,1,65.3846,0,0,0.1923,18,0.9,0.16,1.0,3,0,0,0,0,0,0,0,0
28,0,0,1,1,64.2857,0,0,0.2143,19,0.95,0.0741,1.0,3,0,0,0,0,0,0,0,0
28,0,0,1,1,46.4286,0,0,0.1786,20,0.95,0.1481,1.0,3,0,0,0,0,0,0,0,0
28,0,0,1,1,78.5714,0,0,0.1786,20,0.95,0.1481,1.0,3,0,0,1,211,0,1,0,1
27,0,0,1,1,66.6667,0,0,0.1852,19,0.95,0.2308,1.0,3,0,0,0,0,0,0,0,0
20,0,0,0,0,45.0,0,0,0.25,12,0.35,0.1053,1.0,3,0,0,0,0,0,0,0,0
45,0,0,1,1,80.0,0,0,0.1778,36,0.95,0.0455,1.0,3,0,0,0,0,0,0,0,0
66,0,0,1,1,86.3636,0,0,0.1667,33,0.5,0.0462,1.0,2,0,0,0,0,0,0,0,0
64,0,0,1,0,81.25,2,1,0.1719,25,0.5,0.1111,1.0,4,0,0,0,0,0,0,0,0
31,0,0,1,0,70.9677,0,0,0.1613,24,0.88,0.1333,1.0,2,0,0,0,0,0,0,0,0
38,0,0,1,1,78.9474,0,0,0.1579,29,0.5,0.1622,1.0,3,0,0,0,0,0,0,0,0
29,0,0,1,1,68.9655,0,0,0.1724,21,0.95,0.1429,1.0,3,0,0,0,0,0,0,0,0
35,0,0,1,1,71.4286,0,0,0.1429,27,0.95,0.1176,1.0,3,0,0,0,0,0,0,0,0
33,0,0,1,1,78.7879,0,0,0.1515,25,0.9,0.1875,1.0,3,0,0,0,0,0,0,0,0
36,0,0,1,1,72.2222,0,0,0.1944,27,0.95,0.0857,1.0,3,0,0,0,0,0,0,0,0
30,0,0,2,0,90.0,0,0,0.2,23,0.85,0.1724,1.0,3,0,0,0,0,0,0,0,0
32,0,0,2,1,65.625,0,0,0.1875,24,0.9,0.129,1.0,2,0,0,0,0,0,0,0,0
30,0,0,1,1,76.6667,0,0,0.1667,22,0.95,0.1379,1.0,3,0,0,0,0,0,0,0,0
40,0,0,4,1,75.0,0,0,0.225,31,0.85,0.0769,1.0,3,0,0,0,0,0,0,0,0
24,0,0,1,1,66.6667,0,0,0.2083,16,0.95,0.1739,1.0,3,0,0,0,0,0,0,0,0
53,0,0,2,0,73.5849,0,0,0.1698,35,0.95,0.0577,1.0,3,0,0,0,0,0,0,0,0
38,0,0,1,0,73.6842,0,0,0.1579,31,0.5,0.1081,1.0,7,0,0,0,0,0,0,0,0
41,0,0,1,1,78.0488,0,0,0.1463,32,0.95,0.125,1.0,3,0,0,0,0,0,0,0,0
38,0,0,1,1,71.0526,0,0,0.1842,29,0.95,0.0811,1.0,3,0,0,0,0,0,0,0,0
38,0,0,0,1,63.1579,0,0,0.1842,13,0.35,0.1622,1.0,3,0,0,0,0,0,0,0,0
24,0,0,2,1,70.8333,0,0,0.25,16,0.88,0.1739,1.0,2,0,0,0,0,0,0,0,0
22,0,0,2,1,63.6364,0,0,0.2727,14,0.5,0.1905,1.0,2,0,0,0,0,0,0,0,0
23,0,0,1,1,56.5217,0,0,0.2174,15,0.95,0.2273,1.0,3,0,0,1,157,1,1,0,1
43,0,0,2,1,62.7907,0,0,0.2093,34,0.5,0.0952,1.0,3,0,0,0,0,0,0,0,0
29,0,0,1,1,72.4138,0,0,0.1724,21,0.95,0.1429,1.0,3,0,0,0,0,0,0,0,0
31,0,0,1,1,74.1935,0,0,0.2258,17,0.5,0.1333,1.0,2,0,0,0,0,0,0,0,0
32,0,0,1,1,56.25,0,0,0.2188,23,0.5,0.0968,1.0,3,0,0,0,0,0,0,0,0
52,0,0,0,0,84.6154,0,0,0.2308,13,0.85,0.0784,1.0,3,0,0,0,0,0,0,0,0
32,0,0,2,0,71.875,0,0,0.1875,25,0.95,0.1935,1.0,3,0,0,0,0,0,0,0,0
26,0,0,1,0,73.0769,0,0,0.1923,19,0.95,0.2,1.0,3,0,0,0,0,0,0,0,0
56,0,0,2,1,78.5714,0,0,0.1964,47,0.8,0.0545,1.0,2,0,0,0,0,0,0,0,0
46,0,0,0,0,80.4348,0,0,0.1522,13,0.95,0.0444,1.0,3,0,0,0,0,0,0,0,0
30,0,0,1,1,76.6667,0,0,0.1667,22,0.5,0.2069,1.0,2,0,0,0,0,0,0,0,0
24,0,0,1,1,58.3333,0,0,0.2083,16,0.5,0.1739,1.0,2,0,0,0,16,0,1,0,1
111,0,0,0,1,87.3874,3,1,0.1441,33,0.95,0.0364,0.982,3,0,0,0,0,0,0,0,0
26,0,0,1,1,65.3846,0,0,0.1923,18,0.95,0.2,1.0,3,0,0,0,0,0,0,0,0
28,0,0,1,1,78.5714,0,0,0.1786,20,0.9,0.1481,1.0,3,0,0,0,0,0,0,0,0
26,0,0,1,0,65.3846,0,0,0.1923,19,0.95,0.16,1.0,3,0,0,0,0,0,0,0,0
25,0,0,1,0,64.0,0,0,0.2,18,0.95,0.1667,1.0,3,0,0,0,0,0,0,0,0
59,0,0,1,0,93.2203,0,0,0.1525,30,0.5,0.069,1.0,2,0,0,0,0,0,0,0,0
23,0,0,1,0,56.5217,0,0,0.2174,16,0.5,0.1818,1.0,2,0,0,0,0,0,0,0,0
31,0,0,1,1,74.1935,0,0,0.1613,23,0.95,0.1333,1.0,3,0,0,0,0,0,0,0,0
27,0,0,1,1,70.3704,0,0,0.1852,19,0.9,0.1538,1.0,3,0,0,0,0,0,0,0,0
25,0,0,1,1,68.0,0,0,0.2,17,0.5,0.1667,1.0,2,0,0,0,0,0,1,0,1
28,0,0,1,1,64.2857,0,0,0.1786,20,0.95,0.1481,1.0,3,0,1,0,0,0,0,0,0
26,0,0,0,1,53.8462,0,0,0.2308,17,0.35,0.24,1.0,3,0,0,0,0,0,0,0,0
80,0,0,0,1,85.0,0,0,0.075,7,0.5,0.0506,1.0,2,0,0,0,0,0,0,0,0
27,0,0,1,1,77.7778,0,0,0.1852,19,0.9,0.1923,1.0,3,0,0,0,0,0,0,0,0
35,0,0,1,1,74.2857,0,0,0.1429,27,0.95,0.1471,1.0,3,0,0,1,0,0,1,0,1
36,0,0,1,1,66.6667,0,0,0.2222,27,0.35,0.1143,1.0,4,0,0,0,0,0,0,0,0
92,0,0,1,1,95.6522,0,0,0.1522,19,0.8,0.0659,1.0,2,0,0,0,0,0,0,0,0
34,0,0,1,1,79.4118,0,0,0.1471,26,0.95,0.1212,1.0,3,0,0,0,0,0,0,0,0
21,0,0,1,1,52.381,0,0,0.2381,13,0.95,0.25,1.0,3,0,0,0,0,0,0,0,0
35,0,0,1,1,68.5714,0,0,0.2,26,0.95,0.1471,1.0,3,0,0,0,0,0,0,0,0
33,0,0,1,1,84.8485,0,0,0.1515,25,0.9,0.125,1.0,3,0,0,0,0,0,0,0,0
38,0,0,2,0,76.3158,0,0,0.2105,19,0.5,0.0811,1.0,2,0,0,0,0,0,0,0,0
32,0,0,1,1,68.75,0,0,0.1562,24,0.95,0.129,1.0,3,0,0,0,0,0,0,0,0
26,0,0,2,1,65.3846,0,0,0.2308,18,0.85,0.16,1.0,2,0,0,0,0,0,0,0,0
36,0,0,2,0,80.5556,0,0,0.1667,29,0.5,0.1143,1.0,2,0,0,0,0,0,0,0,0
20,0,0,1,1,55.0,0,0,0.25,12,0.5,0.2105,1.0,2,0,0,0,0,0,0,0,0
96,0,0,2,1,90.625,0,0,0.0938,76,0.95,0.0421,1.0,3,0,0,0,0,0,0,0,0
38,0,0,1,1,86.8421,0,0,0.1579,30,0.5,0.1622,1.0,3,0,0,0,0,0,0,0,0
24,0,0,1,1,70.8333,0,0,0.2083,16,0.5,0.1739,1.0,2,2,0,0,9,0,0,0,1
21,0,0,1,0,52.381,0,0,0.2381,14,0.55,0.2,1.0,4,0,0,0,0,0,0,0,0
24,0,0,1,1,87.5,0,0,0.2083,16,0.5,0.1739,1.0,2,0,0,0,0,0,0,0,0
27,0,0,1,1,77.7778,0,0,0.1852,19,0.5,0.1923,1.0,2,1,3,0,12,0,1,0,1
56,0,0,2,1,83.9286,0,0,0.1964,47,0.8,0.1091,1.0,2,0,0,0,0,0,0,0,0
99,0,0,1,1,89.899,0,0,0.0909,16,0.5,0.0204,1.0,4,0,0,0,0,0,0,0,0
19,0,0,0,0,47.3684,0,0,0.2632,11,0.95,0.1667,1.0,3,0,0,0,0,0,0,0,0
25,0,0,1,1,68.0,0,0,0.2,17,0.9,0.1667,1.0,3,0,0,0,0,0,0,0,0
35,0,0,2,0,74.2857,0,0,0.1714,28,0.95,0.1471,1.0,3,0,0,0,0,0,0,0,0
39,0,0,1,1,79.4872,0,0,0.2051,30,0.95,0.0789,1.0,3,0,0,0,0,0,0,0,0
23,0,0,1,0,60.8696,0,0,0.2174,16,0.85,0.1818,1.0,3,0,0,0,0,0,0,0,0
43,0,0,2,0,58.1395,0,0,0.2093,35,0.5,0.0476,1.0,3,0,0,0,0,0,0,0,0
31,0,0,1,0,74.1935,0,0,0.1613,24,0.85,0.1333,1.0,3,0,0,0,0,0,0,0,0
27,0,0,2,1,59.2593,0,0,0.2222,19,0.5,0.1538,1.0,2,0,0,0,0,0,0,0,0
30,0,0,1,1,80.0,0,0,0.1667,22,0.95,0.1379,1.0,3,0,0,0,0,0,0,0,0
466,1,1,2,0,99.3562,10,1,0.1223,11,0.5,0.0409,0.9678,2,0,0,0,0,0,0,0,0
18,0,0,0,1,55.5556,0,0,0.2778,4,0.5,0.1765,1.0,2,0,0,0,0,0,0,0,0
35,0,0,2,0,68.5714,0,0,0.2,28,0.9,0.2059,1.0,3,0,0,0,0,0,0,0,0
31,0,0,2,1,67.7419,0,0,0.1935,23,0.9,0.1333,1.0,2,0,0,0,0,0,0,0,0
38,0,0,1,1,84.2105,0,0,0.1842,29,0.5,0.0541,1.0,4,0,0,0,0,0,0,0,0
32,0,0,1,1,71.875,0,0,0.2188,23,0.95,0.0968,1.0,3,0,0,0,0,0,0,0,0
25,0,0,1,1,64.0,0,0,0.2,17,0.5,0.2083,1.0,2,0,0,0,39,0,1,0,1
37,0,0,1,1,51.3514,0,0,0.1892,28,0.95,0.1111,1.0,3,0,0,0,0,0,0,0,0
26,0,0,1,1,65.3846,0,0,0.1923,18,0.9,0.16,1.0,3,0,0,0,0,0,0,0,0
25,0,0,1,1,64.0,0,0,0.2,17,0.9,0.1667,1.0,3,0,0,0,0,0,0,0,0
55,0,0,1,1,85.4545,0,0,0.2,46,0.95,0.0556,1.0,3,0,0,0,0,0,0,0,0
37,0,0,3,1,75.6757,0,0,0.1892,29,0.88,0.1111,1.0,2,0,0,0,0,0,0,0,0
30,0,0,3,1,73.3333,0,0,0.2333,22,0.88,0.1379,1.0,2,0,0,0,0,0,0,0,0
26,0,0,1,1,65.3846,0,0,0.1923,18,0.95,0.2,1.0,3,0,0,0,0,0,0,0,0
47,0,0,2,1,89.3617,0,0,0.1915,38,0.5,0.0435,1.0,3,0,0,0,0,0,0,0,0
22,0,0,1,1,59.0909,0,0,0.2273,14,0.5,0.1905,1.0,2,0,0,0,0,0,0,0,0
30,0,0,1,1,83.3333,0,0,0.1667,22,0.95,0.1379,1.0,3,0,0,0,0,0,0,0,0
23,0,0,0,1,65.2174,0,0,0.2174,4,0.5,0.0909,1.0,2,0,0,0,0,0,0,0,0
22,0,0,1,1,63.6364,0,0,0.2273,14,0.95,0.1905,1.0,3,0,0,0,0,0,0,0,0
30,0,0,1,1,60.0,0,0,0.2333,21,0.35,0.1034,1.0,4,0,0,0,0,0,0,0,0
31,0,0,1,1,74.1935,0,0,0.1613,23,0.95,0.1333,1.0,3,0,0,0,0,0,0,0,0
33,0,0,1,1,84.8485,0,0,0.1515,25,0.95,0.125,1.0,3,0,0,0,0,0,0,0,0
27,0,0,2,1,70.3704,0,0,0.2222,19,0.5,0.1538,1.0,2,0,0,0,0,0,0,0,0
29,0,0,2,1,68.9655,0,0,0.2069,21,0.99,0.1429,1.0,3,0,0,0,0,0,0,0,0
25,0,0,1,0,60.0,0,0,0.2,18,0.95,0.1667,1.0,3,0,0,0,0,0,0,0,0
39,0,0,1,1,71.7949,0,0,0.1795,30,0.95,0.0789,1.0,3,0,0,0,0,0,0,0,0
145,0,0,1,1,95.1724,3,1,0.1379,23,0.95,0.0347,0.9862,3,0,0,0,0,0,0,0,0
28,0,0,1,0,71.4286,0,0,0.2143,21,0.95,0.1481,1.0,3,0,0,0,0,0,0,0,0
25,0,0,1,1,68.0,0,0,0.2,17,0.95,0.2083,1.0,3,0,0,0,0,0,0,0,0
43,0,0,0,1,72.093,0,0,0.1628,12,0.5,0.0714,1.0,2,0,0,0,0,0,0,0,0
34,0,0,1,1,79.4118,0,0,0.1765,26,0.95,0.1515,1.0,3,0,0,0,0,0,0,0,0
48,0,0,2,1,72.9167,0,0,0.2292,39,0.5,0.1915,1.0,3,0,0,0,0,0,0,0,0
28,0,0,2,1,60.7143,0,0,0.2143,20,0.88,0.1852,1.0,2,0,0,0,0,0,0,0,0
58,0,0,3,0,82.7586,0,0,0.1724,50,0.5,0.1053,1.0,4,0,0,0,0,0,0,0,0
30,0,0,1,1,63.3333,0,0,0.1667,22,0.95,0.1379,1.0,3,0,0,0,0,0,0,0,0
27,0,0,1,1,59.2593,0,0,0.2593,18,0.5,0.1154,1.0,3,0,0,0,0,0,0,0,0
20,0,0,1,1,60.0,0,0,0.25,12,0.95,0.2105,1.0,3,0,0,0,0,0,0,0,0
28,0,0,1,1,75.0,0,0,0.1786,20,0.9,0.1481,1.0,3,0,0,0,0,0,0,0,0
21,0,0,1,0,71.4286,0,0,0.2381,14,0.95,0.2,1.0,3,0,0,0,1,0,0,0,0
28,0,0,1,1,75.0,0,0,0.1786,20,0.95,0.1481,1.0,3,0,0,0,0,0,0,0,0
22,0,0,1,1,72.7273,0,0,0.2273,14,0.95,0.1905,1.0,3,0,0,0,0,0,0,0,0
36,0,0,1,1,66.6667,0,0,0.1389,28,0.95,0.1143,1.0,3,0,0,0,0,0,0,0,0
29,0,0,1,0,72.4138,0,0,0.2069,22,0.5,0.1786,1.0,2,0,0,0,0,0,0,0,0
32,0,0,1,1,59.375,0,0,0.1562,24,0.95,0.1613,1.0,3,0,0,0,0,0,0,0,0
19,0,0,1,1,47.3684,0,0,0.2632,11,0.5,0.2222,1.0,2,0,0,0,0,0,0,0,0
27,0,0,1,1,77.7778,0,0,0.1852,19,0.95,0.1538,1.0,3,0,0,0,0,0,0,0,0
33,0,0,1,1,75.7576,0,0,0.1515,25,0.85,0.125,1.0,3,0,0,0,0,0,0,0,0
38,0,0,1,1,86.8421,0,0,0.1316,30,0.95,0.1351,1.0,3,0,0,0,0,0,0,0,0
20,0,0,0,1,55.0,0,0,0.25,5,0.5,0.1579,1.0,2,0,0,0,0,0,0,0,0
37,0,0,2,0,72.973,0,0,0.1892,29,0.95,0.2222,1.0,3,0,0,0,0,0,0,0,0
27,0,0,2,0,51.8519,0,0,0.2222,20,0.95,0.1538,1.0,3,0,0,0,0,0,0,0,0
23,0,0,1,1,69.5652,0,0,0.2174,15,0.5,0.2727,1.0,3,0,0,0,0,0,0,0,0
32,0,0,1,0,71.875,0,0,0.1562,25,0.55,0.1613,1.0,4,0,0,0,0,0,0,0,0
23,0,0,1,1,69.5652,0,0,0.2174,15,0.95,0.2273,1.0,3,0,0,0,0,0,0,0,0
23,0,0,0,0,34.7826,0,0,0.3043,7,0.5,0.0909,1.0,2,0,0,0,0,0,0,0,0
22,0,0,1,1,59.0909,0,0,0.2273,14,0.95,0.1905,1.0,3,1,0,1,80,0,1,0,1
21,0,0,1,1,61.9048,0,0,0.2381,13,0.95,0.2,1.0,3,0,0,0,0,0,0,0,0
54,0,0,1,1,85.1852,0,0,0.1852,19,0.95,0.0377,1.0,3,0,0,0,0,0,0,0,0
29,0,0,1,1,58.6207,0,0,0.2069,20,0.5,0.1429,1.0,3,0,0,0,0,0,0,0,0
28,0,0,1,0,75.0,0,0,0.1786,21,0.5,0.1852,1.0,2,0,0,0,0,1,0,0,1
43,0,0,0,0,76.7442,0,0,0.2093,11,0.5,0.0476,1.0,2,0,0,0,0,0,0,0,0
76,0,0,1,1,89.4737,0,0,0.0921,28,0.95,0.04,1.0,3,0,0,0,0,0,0,0,0
23,0,0,1,1,69.5652,0,0,0.2174,15,0.95,0.2273,1.0,3,0,0,0,0,0,0,0,0
79,0,0,0,1,83.5443,0,0,0.0886,19,0.95,0.0385,1.0,3,0,0,0,0,0,0,0,0
28,0,0,1,1,71.4286,0,0,0.1786,20,0.95,0.1852,1.0,3,0,0,0,0,0,0,0,0
39,0,0,1,1,74.359,0,0,0.2051,21,0.95,0.1053,1.0,3,0,0,0,0,0,0,0,0
28,0,0,1,1,78.5714,0,0,0.1786,20,0.9,0.1481,1.0,3,0,0,1,4,0,1,0,1
576,0,0,10,0,100.0,0,0,0.0747,101,0.95,0.0278,1.0,3,0,0,0,0,0,0,0,0
24,0,0,1,1,50.0,0,0,0.2083,16,0.95,0.1739,1.0,3,0,0,0,0,0,0,0,0
27,0,0,1,1,81.4815,0,0,0.1852,19,0.88,0.1538,1.0,2,0,0,0,255,0,1,0,1
24,0,0,1,1,70.8333,0,0,0.25,16,0.5,0.1739,1.0,2,0,0,0,0,0,0,0,0
36,0,0,1,1,77.7778,0,0,0.2222,27,0.8,0.0857,1.0,2,0,0,0,0,0,0,0,0
25,0,0,1,1,60.0,0,0,0.2,17,0.95,0.1667,1.0,3,0,0,0,0,0,0,0,0
25,0,0,1,0,68.0,0,0,0.2,18,0.95,0.1667,1.0,3,0,0,0,0,0,0,0,0
35,0,0,1,0,82.8571,0,0,0.1714,27,0.8,0.0882,1.0,2,0,0,0,0,0,0,0,0
66,0,1,0,1,80.303,1,1,0.197,12,0.5,0.0308,0.9848,2,1,3,1,0,1,1,0,1
21,0,0,1,0,52.381,0,0,0.2857,14,0.8,0.2,1.0,2,0,0,0,0,0,0,0,0
92,0,0,1,1,90.2174,0,0,0.1413,29,0.35,0.033,1.0,4,0,0,0,0,0,0,0,0
32,0,0,1,1,68.75,0,0,0.1562,24,0.95,0.129,1.0,3,0,0,0,0,0,0,0,0
27,0,0,1,1,66.6667,0,0,0.1852,19,0.95,0.1538,1.0,3,0,0,0,0,0,0,0,0
20,0,0,1,0,45.0,0,0,0.25,13,0.95,0.2105,1.0,3,0,0,0,0,0,0,0,0
26,0,0,1,0,50.0,0,0,0.1923,19,0.95,0.16,1.0,3,0,0,0,0,0,0,0,0
45,0,0,1,1,77.7778,0,0,0.1333,36,0.95,0.1136,1.0,3,0,0,0,0,0,0,0,0
31,0,0,1,0,80.6452,0,0,0.1613,24,0.95,0.1667,1.0,3,0,0,0,0,0,0,0,0
24,0,0,0,1,54.1667,0,0,0.1667,16,0.95,0.087,1.0,3,0,0,0,0,0,0,0,0
27,0,0,2,0,66.6667,0,0,0.2222,20,0.5,0.1923,1.0,2,0,0,0,0,0,0,0,0
83,0,0,2,1,90.3614,0,0,0.0843,74,0.5,0.0488,1.0,4,0,0,0,0,0,0,0,0
83,0,0,2,1,90.3614,0,0,0.0843,74,0.5,0.0244,1.0,4,0,0,0,0,0,0,0,0
32,0,0,1,1,71.875,0,0,0.1875,23,0.35,0.129,1.0,4,0,0,0,0,0,0,0,0
24,0,0,1,1,75.0,0,0,0.25,16,0.5,0.2174,1.0,2,0,0,0,0,0,0,0,0
33,0,0,1,1,66.6667,0,0,0.1818,24,0.95,0.0938,1.0,3,0,0,0,0,0,0,0,0
34,0,0,1,1,73.5294,0,0,0.1471,26,0.95,0.1212,1.0,3,2,1,1,0,0,1,0,1
45,0,0,1,0,77.7778,0,0,0.1778,37,0.95,0.0455,1.0,3,0,0,0,0,0,0,0,1
38,0,0,1,1,73.6842,0,0,0.1316,30,0.9,0.1081,1.0,3,0,0,0,0,0,0,0,0
29,0,0,1,1,51.7241,0,0,0.2069,21,0.95,0.1429,1.0,3,1,0,1,2,0,1,0,1
27,0,0,1,0,70.3704,0,0,0.1852,20,0.95,0.1538,1.0,3,0,0,0,0,0,0,0,0
26,0,0,1,1,76.9231,0,0,0.1923,18,0.95,0.2,1.0,3,0,0,0,1,0,1,0,1
23,0,0,1,0,56.5217,0,0,0.2174,16,0.35,0.1818,1.0,3,0,0,0,0,0,0,0,0
25,0,0,1,1,72.0,0,0,0.2,17,0.95,0.1667,1.0,3,0,0,0,0,0,0,0,0
28,0,0,1,0,82.1429,0,0,0.1786,21,0.95,0.1481,1.0,3,0,0,0,0,0,0,0,0
37,0,0,1,1,78.3784,0,0,0.1351,29,0.95,0.1389,1.0,3,0,0,0,0,0,0,0,0
20,0,0,1,1,65.0,0,0,0.25,12,0.5,0.2632,1.0,2,0,0,0,0,0,0,0,0
101,0,0,1,1,89.1089,0,0,0.0891,16,0.5,0.05,1.0,4,0,0,0,0,0,0,0,0
28,0,0,1,1,78.5714,0,0,0.1786,20,0.9,0.1481,1.0,3,0,0,0,0,0,0,0,0
23,0,0,1,1,60.8696,0,0,0.2174,15,0.95,0.1818,1.0,3,2,0,0,56,0,1,0,1
28,0,0,0,1,64.2857,0,0,0.1786,19,0.25,0.0741,1.0,5,0,0,0,0,0,0,0,0
20,0,0,1,0,65.0,0,0,0.25,13,0.95,0.2105,1.0,3,0,0,0,0,0,0,0,0
25,0,0,0,0,52.0,0,0,0.28,18,0.5,0.125,1.0,2,0,0,0,0,0,0,0,0
22,0,0,1,0,77.2727,0,0,0.2273,15,0.95,0.2857,1.0,3,0,0,0,0,0,0,0,0
55,0,0,1,1,78.1818,0,0,0.1636,46,0.95,0.1111,1.0,3,0,0,0,0,0,0,0,0
54,0,0,4,0,87.037,1,1,0.2222,36,0.5,0.0755,1.0,4,0,0,0,0,0,0,0,0
65,0,0,2,1,84.6154,0,0,0.1846,47,0.8,0.0469,1.0,2,0,0,0,0,0,0,0,0
32,0,0,1,1,81.25,0,0,0.1562,24,0.95,0.1613,1.0,3,0,0,0,0,0,0,0,0
29,0,0,1,0,68.9655,0,0,0.1724,22,0.95,0.1429,1.0,3,0,0,0,0,0,0,0,0
26,0,0,0,1,76.9231,0,0,0.1923,6,0.5,0.08,1.0,2,0,0,0,0,0,0,0,0
27,0,0,1,1,77.7778,0,0,0.1852,19,0.8,0.1538,1.0,2,0,1,0,0,0,1,0,1
28,0,0,1,1,67.8571,0,0,0.1786,20,0.95,0.1481,1.0,3,0,0,0,0,0,0,0,0
35,0,0,1,1,77.1429,0,0,0.1429,27,0.95,0.1176,1.0,3,0,0,1,100,0,1,0,1
48,0,0,1,0,77.0833,0,0,0.1042,41,0.5,0.1489,1.0,2,0,0,0,0,0,0,0,0
42,0,0,2,1,69.0476,0,0,0.1905,19,0.9,0.0976,1.0,3,0,0,0,0,0,0,0,0
27,0,0,1,1,70.3704,0,0,0.2593,19,0.95,0.1538,1.0,3,0,0,0,0,0,0,0,0
20,0,0,1,1,45.0,0,0,0.25,12,0.9,0.2105,1.0,3,0,0,0,0,0,0,0,0
22,0,0,1,1,59.0909,0,0,0.2273,14,0.95,0.1905,1.0,3,0,0,0,0,0,0,0,0
39,0,0,3,1,76.9231,0,0,0.2051,31,0.5,0.1053,1.0,2,0,0,0,0,0,0,0,0
39,0,0,1,1,74.359,0,0,0.1795,23,0.95,0.1579,1.0,3,0,0,0,0,0,0,0,0
28,0,0,1,1,60.7143,0,0,0.1786,20,0.9,0.1481,1.0,3,0,0,0,0,0,0,0,0
27,0,0,1,1,70.3704,0,0,0.1852,19,0.88,0.1538,1.0,2,0,0,0,0,0,0,0,0
30,0,0,2,1,63.3333,0,0,0.2,22,0.88,0.1379,1.0,2,0,0,0,0,0,0,0,0
80,0,0,0,1,88.75,0,0,0.1,7,0.5,0.0506,1.0,2,0,0,0,0,0,0,0,0
23,0,0,1,1,60.8696,0,0,0.2174,15,0.5,0.2273,1.0,2,0,0,0,0,0,0,0,0
24,0,0,1,1,50.0,0,0,0.2083,16,0.95,0.1739,1.0,3,0,0,0,0,0,0,0,0
33,0,0,1,1,69.697,0,0,0.1515,25,0.5,0.125,1.0,2,0,0,0,0,0,0,0,0
31,0,0,2,0,77.4194,0,0,0.1935,24,0.95,0.1333,1.0,3,0,0,0,0,0,0,0,0
42,0,0,1,0,83.3333,0,0,0.1429,34,0.9,0.0732,1.0,3,0,0,0,0,0,0,0,0
30,0,0,2,0,66.6667,0,0,0.2,23,0.95,0.1379,1.0,3,0,0,0,0,0,0,0,0
26,0,0,1,1,69.2308,0,0,0.1923,18,0.9,0.16,1.0,3,0,0,0,0,0,0,0,0
32,0,0,1,1,71.875,0,0,0.1875,24,0.9,0.129,1.0,3,0,0,0,0,0,0,0,0
25,0,0,1,1,56.0,0,0,0.2,17,0.95,0.1667,1.0,3,0,0,0,0,0,0,0,0
27,0,0,1,0,59.2593,0,0,0.1852,20,0.95,0.1538,1.0,3,0,0,0,0,0,0,0,0
266,0,1,0,0,98.1203,9,2,0.1805,18,0.95,0.034,0.9925,3,0,0,0,0,0,0,0,0
27,0,0,2,1,59.2593,0,0,0.2222,19,0.9,0.1538,1.0,2,0,0,0,0,0,0,0,0
27,0,0,1,1,74.0741,0,0,0.1852,19,0.95,0.1923,1.0,3,1,0,1,0,1,1,0,1
26,0,0,1,1,61.5385,0,0,0.1923,18,0.5,0.16,1.0,2,0,0,0,0,0,0,0,0
25,0,0,2,1,68.0,0,0,0.24,17,0.5,0.1667,1.0,2,0,0,1,25,0,1,0,0
42,0,0,2,1,83.3333,0,0,0.1667,33,0.8,0.0976,1.0,2,0,0,0,0,0,0,0,0
21,0,0,1,1,66.6667,0,0,0.2381,13,0.9,0.2,1.0,3,0,0,0,0,0,0,0,0
24,0,0,1,0,54.1667,0,0,0.2083,17,0.5,0.1739,1.0,5,0,0,0,0,0,0,0,0
25,0,0,1,1,68.0,0,0,0.2,17,0.9,0.2083,1.0,3,4,0,0,49,0,0,0,1
24,0,0,1,1,87.5,0,0,0.2083,16,0.9,0.1739,1.0,3,0,0,0,0,0,0,0,0
21,0,0,1,1,71.4286,0,0,0.2381,13,0.5,0.2,1.0,2,0,0,0,0,0,0,0,0
24,0,0,1,0,62.5,0,0,0.2083,17,0.95,0.2174,1.0,3,0,0,0,0,0,0,0,0
27,0,0,1,1,70.3704,0,0,0.2222,18,0.8,0.1154,1.0,2,0,0,0,0,0,0,0,0
23,0,0,1,1,47.8261,0,0,0.2174,15,0.95,0.1818,1.0,3,0,0,0,0,0,0,0,0
27,0,0,1,1,59.2593,0,0,0.1852,19,0.95,0.1538,1.0,3,0,0,0,0,0,0,0,0
23,0,0,1,1,60.8696,0,0,0.2174,15,0.95,0.1818,1.0,3,0,0,0,0,0,0,0,0
24,0,0,2,1,70.8333,0,0,0.25,16,0.99,0.1739,1.0,3,0,0,0,0,0,0,0,0
25,0,0,1,1,72.0,0,0,0.2,17,0.95,0.1667,1.0,3,0,0,0,0,0,0,0,0
15,0,0,1,0,73.3333,0,0,0.3333,8,0.5,0.2857,1.0,2,0,0,0,0,0,0,0,0
31,0,0,1,1,70.9677,0,0,0.2581,22,0.5,0.1333,1.0,3,0,0,0,0,0,0,0,0
27,0,0,1,1,77.7778,0,0,0.1852,19,0.95,0.1538,1.0,3,0,0,0,0,0,0,0,0
50,0,0,1,1,82.0,0,0,0.16,41,0.95,0.0612,1.0,3,0,0,0,0,0,0,0,0
35,0,0,1,1,82.8571,0,0,0.1429,27,0.95,0.1471,1.0,3,0,0,0,0,0,0,0,0
26,0,0,1,0,57.6923,0,0,0.1923,19,0.95,0.16,1.0,3,0,0,0,0,0,0,0,0
31,0,0,1,1,77.4194,0,0,0.1613,23,0.95,0.1333,1.0,3,2,0,1,30,0,1,0,1
27,0,0,1,0,77.7778,0,0,0.1852,20,0.95,0.1538,1.0,3,0,0,0,0,0,0,0,0
31,0,0,1,1,80.6452,0,0,0.1613,23,0.9,0.1333,1.0,3,3,0,0,97,0,1,0,1
30,0,0,3,0,70.0,0,0,0.2333,23,0.5,0.2069,1.0,2,0,0,0,0,0,0,0,0
18,0,0,1,0,66.6667,0,0,0.2778,11,0.5,0.2353,1.0,2,0,0,0,0,0,0,0,0
50,0,0,1,1,78.0,0,0,0.12,29,0.95,0.0816,1.0,3,0,0,0,0,0,0,0,0
22,0,0,2,1,54.5455,0,0,0.2727,14,0.9,0.1905,1.0,2,0,0,0,0,0,0,0,0
26,0,0,1,1,57.6923,0,0,0.1923,18,0.85,0.16,1.0,3,0,0,0,0,0,0,0,0
24,0,0,2,0,70.8333,0,0,0.25,17,0.5,0.1739,1.0,2,0,0,0,0,0,0,0,0
20,0,0,1,1,50.0,0,0,0.25,12,0.5,0.2105,1.0,2,0,0,0,0,0,0,0,0
75,0,0,1,0,86.6667,0,0,0.0933,28,0.95,0.0541,1.0,3,0,0,0,0,0,0,0,0
22,0,0,1,1,59.0909,0,0,0.2273,14,0.95,0.1905,1.0,3,1,1,0,63,0,1,0,0
29,0,0,1,1,75.8621,0,0,0.1724,21,0.95,0.1786,1.0,3,0,0,0,0,0,0,0,0
25,0,0,1,1,52.0,0,0,0.2,17,0.95,0.1667,1.0,3,0,0,0,0,0,0,0,0
22,0,0,1,1,40.9091,0,0,0.2273,14,0.95,0.1905,1.0,3,0,0,0,0,1,1,0,0
27,0,0,1,1,51.8519,0,0,0.1852,19,0.95,0.0769,1.0,3,0,0,0,0,0,0,0,0
40,0,0,1,0,55.0,0,0,0.2,32,0.95,0.1282,1.0,3,0,0,0,0,0,0,0,0
22,0,0,2,1,59.0909,0,0,0.2727,14,0.5,0.1905,1.0,2,1,2,1,4,0,1,0,1
22,0,0,1,1,63.6364,0,0,0.2273,14,0.95,0.1905,1.0,3,0,0,0,0,0,0,0,0
27,0,0,1,0,66.6667,0,0,0.2222,19,0.85,0.1923,1.0,3,0,0,0,0,0,0,0,0
22,0,0,1,1,63.6364,0,0,0.2273,14,0.99,0.1905,1.0,3,0,0,0,0,0,0,0,0
32,0,0,0,0,81.25,0,0,0.1562,5,0.5,0.0968,1.0,2,0,0,0,0,0,0,0,0
85,0,0,2,1,89.4118,0,0,0.0941,76,0.95,0.0238,1.0,3,0,0,0,0,0,0,0,0
24,0,0,2,0,62.5,0,0,0.25,17,0.5,0.1739,1.0,2,0,0,0,0,0,1,0,0
30,0,0,1,1,66.6667,0,0,0.2,22,0.95,0.1724,1.0,3,0,0,0,0,0,0,0,0
58,0,0,3,1,75.8621,0,0,0.2069,48,0.5,0.0526,1.0,4,0,0,0,0,0,0,0,0
22,0,0,1,0,59.0909,0,0,0.2273,15,0.5,0.1905,1.0,2,0,0,0,0,0,0,0,0
319,1,0,2,0,98.7461,7,1,0.1348,12,0.5,0.0535,0.9812,2,0,0,0,0,0,0,0,0
44,0,0,1,1,88.6364,0,0,0.1136,36,0.95,0.093,1.0,3,1,0,0,5,0,1,0,1
22,0,0,1,1,54.5455,0,0,0.2273,14,0.95,0.1905,1.0,3,0,0,0,0,0,0,0,0
32,0,0,1,1,71.875,0,0,0.2188,24,0.95,0.1613,1.0,3,0,0,0,0,0,0,0,0
31,0,0,1,0,74.1935,0,0,0.1613,24,0.95,0.1333,1.0,3,0,0,0,0,0,0,0,0
29,0,0,1,1,72.4138,0,0,0.1724,21,0.95,0.1429,1.0,3,0,0,0,0,0,0,0,0
24,0,0,1,1,75.0,0,0,0.2083,16,0.5,0.2174,1.0,2,0,0,0,0,0,0,0,0
46,0,0,1,1,84.7826,0,0,0.1522,37,0.5,0.0444,1.0,2,0,0,0,0,0,0,0,0
27,0,0,1,1,70.3704,0,0,0.1852,19,0.95,0.2308,1.0,3,0,0,0,0,0,0,0,0
29,0,0,1,1,68.9655,0,0,0.2069,20,0.5,0.1071,1.0,2,0,0,1,17,0,1,0,0
36,0,0,2,1,75.0,0,0,0.1667,28,0.9,0.1429,1.0,2,0,0,0,0,0,0,0,0
25,0,0,1,0,80.0,0,0,0.2,18,0.9,0.1667,1.0,2,0,0,0,0,0,0,0,0
29,0,0,1,1,72.4138,0,0,0.1724,21,0.5,0.1429,1.0,6,0,0,0,0,0,0,0,0
27,0,0,2,0,59.2593,0,0,0.2222,20,0.5,0.1538,1.0,2,0,0,0,0,0,0,0,0
21,0,0,1,0,61.9048,0,0,0.2381,14,0.95,0.2,1.0,3,0,0,0,0,0,0,0,0
30,0,0,1,1,73.3333,0,0,0.1667,22,0.95,0.1724,1.0,3,0,0,0,0,0,0,0,0
22,0,0,2,0,63.6364,0,0,0.2727,15,0.95,0.1905,1.0,3,0,0,0,0,0,0,0,0
28,0,0,1,1,53.5714,0,0,0.25,19,0.5,0.1481,1.0,3,0,0,0,0,0,0,0,0
24,0,0,1,0,66.6667,0,0,0.2083,17,0.95,0.1739,1.0,3,0,0,0,0,0,0,0,0
26,0,0,2,0,80.7692,0,0,0.2308,19,0.5,0.16,1.0,2,0,0,0,0,0,0,0,1
27,0,0,1,1,85.1852,0,0,0.1852,19,0.95,0.1538,1.0,3,0,0,0,0,0,0,0,0
26,0,0,2,1,69.2308,0,0,0.2308,18,0.5,0.16,1.0,2,0,0,0,0,0,0,0,0
35,0,0,1,1,65.7143,0,0,0.2286,26,0.5,0.0882,1.0,3,0,0,0,0,0,0,0,0
55,0,0,0,1,87.2727,0,0,0.1273,28,0.95,0.0741,1.0,3,0,0,0,0,0,0,0,0
27,0,0,1,1,59.2593,0,0,0.1852,19,0.95,0.1538,1.0,3,0,0,0,0,0,0,0,0
29,0,0,1,1,65.5172,0,0,0.1724,21,0.95,0.1429,1.0,3,1,0,1,8,0,1,0,1
50,0,0,4,0,86.0,0,0,0.22,31,0.3,0.0816,1.0,3,0,0,0,0,0,0,0,0
55,0,0,1,0,74.5455,0,0,0.1455,20,0.95,0.1111,1.0,3,0,0,0,0,0,0,0,0
53,0,0,2,1,81.1321,0,0,0.1509,35,0.95,0.0962,1.0,3,0,0,0,0,0,0,0,0
135,0,0,1,1,95.5556,2,1,0.1556,40,0.8,0.0522,0.9926,2,0,0,0,0,0,0,0,0
75,0,0,1,0,85.3333,0,0,0.0933,28,0.95,0.0405,1.0,3,0,0,0,0,0,0,0,0
21,0,0,1,1,71.4286,0,0,0.2381,13,0.5,0.2,1.0,2,0,0,0,175,0,1,0,1
96,0,0,2,1,94.7917,0,0,0.0833,73,0.5,0.0526,1.0,4,0,0,0,0,0,0,0,0
21,0,0,1,1,61.9048,0,0,0.2381,13,0.95,0.2,1.0,3,0,0,0,0,0,0,0,0
31,0,0,1,1,74.1935,0,0,0.1613,23,0.95,0.1333,1.0,3,0,0,0,0,0,0,0,0
24,0,0,1,1,58.3333,0,0,0.2083,16,0.9,0.1739,1.0,3,0,0,0,0,0,0,0,0
22,0,0,1,1,68.1818,0,0,0.2273,14,0.95,0.2381,1.0,3,0,0,0,0,0,0,0,0
41,0,0,1,0,68.2927,0,0,0.1951,33,0.95,0.075,1.0,3,0,0,0,0,0,0,0,0
26,0,0,1,1,53.8462,0,0,0.1923,18,0.85,0.16,1.0,3,0,0,0,0,0,0,0,0
38,0,0,1,1,76.3158,0,0,0.1316,30,0.95,0.1622,1.0,3,0,0,0,0,0,0,0,0
29,0,0,1,1,58.6207,0,0,0.1724,21,0.95,0.1429,1.0,3,0,0,0,0,0,0,0,0
35,0,0,1,1,77.1429,0,0,0.1429,27,0.95,0.1471,1.0,3,1,0,0,3,0,1,0,1
76,0,0,1,1,81.5789,1,1,0.1711,17,0.95,0.04,1.0,3,0,0,0,0,0,0,0,0
34,0,0,1,1,73.5294,0,0,0.1471,26,0.9,0.1212,1.0,3,0,0,0,0,0,0,0,0
30,0,0,1,0,63.3333,0,0,0.2333,23,0.95,0.1379,1.0,3,0,0,0,0,0,0,0,0
24,0,0,1,1,62.5,0,0,0.2083,16,0.95,0.1739,1.0,3,0,0,0,0,0,0,0,0
80,0,0,0,1,90.0,0,0,0.075,7,0.5,0.0506,1.0,2,0,0,0,0,0,0,0,0
39,0,0,1,1,71.7949,0,0,0.1538,30,0.95,0.1053,1.0,3,0,0,0,0,0,0,0,0
25,0,0,2,0,76.0,0,0,0.24,18,0.5,0.2083,1.0,2,0,0,0,0,0,0,0,0
30,0,0,1,1,80.0,0,0,0.2,21,0.5,0.1379,1.0,3,0,0,0,0,0,0,0,0
21,0,0,1,0,52.381,0,0,0.2381,14,0.95,0.2,1.0,3,0,0,0,0,0,0,0,0
24,0,0,1,1,70.8333,0,0,0.2083,16,0.5,0.1739,1.0,2,0,0,0,0,0,0,0,0
30,0,0,1,1,76.6667,0,0,0.2,22,0.85,0.1379,1.0,3,0,0,0,0,0,0,0,0
26,0,0,1,1,80.7692,0,0,0.1923,18,0.85,0.2,1.0,3,0,0,0,0,0,0,0,0
23,0,0,1,0,52.1739,0,0,0.2174,16,0.95,0.1818,1.0,3,0,0,0,0,0,0,0,0
27,0,0,1,1,70.3704,0,0,0.1852,19,0.5,0.1538,1.0,2,0,0,0,0,0,0,0,0
26,0,0,1,1,61.5385,0,0,0.1923,18,0.95,0.16,1.0,3,0,0,0,0,0,0,0,0
36,0,0,0,0,75.0,0,0,0.2222,18,0.5,0.1429,1.0,2,0,0,0,0,0,0,0,0
31,0,0,0,0,70.9677,0,0,0.2581,23,0.95,0.1,1.0,3,0,0,0,0,0,0,0,0
29,0,0,1,1,72.4138,0,0,0.1724,21,0.95,0.1786,1.0,3,0,0,0,0,0,0,0,0
74,0,0,2,1,87.8378,0,0,0.1216,43,0.8,0.0548,1.0,2,0,0,0,0,0,0,0,0
186,0,0,3,1,96.2366,3,1,0.1075,48,0.5,0.0541,0.9892,2,0,0,0,0,0,0,0,0
24,0,0,1,1,70.8333,0,0,0.2083,16,0.95,0.1739,1.0,3,1,0,0,0,0,1,0,1
32,0,0,1,0,71.875,0,0,0.1562,25,0.95,0.129,1.0,3,0,0,0,0,0,0,0,0
27,0,0,1,1,74.0741,0,0,0.1852,19,0.5,0.1538,1.0,2,0,0,0,0,0,0,0,0
73,0,0,6,1,93.1507,0,0,0.1918,41,0.95,0.0556,1.0,3,0,0,0,0,0,0,0,0
115,0,0,2,0,95.6522,0,0,0.1565,61,0.95,0.0439,1.0,3,0,0,0,0,0,0,0,0
25,0,0,0,0,68.0,0,0,0.28,10,0.85,0.0833,1.0,3,0,0,0,0,0,0,0,0
24,0,0,1,0,70.8333,0,0,0.2083,17,0.85,0.1739,1.0,2,0,0,0,0,0,0,0,0
23,0,0,1,1,60.8696,0,0,0.2174,15,0.5,0.1818,1.0,2,0,4,0,65,0,1,0,1
20,0,0,1,0,55.0,0,0,0.25,13,0.95,0.2105,1.0,3,0,0,0,0,0,0,0,0
29,0,0,1,1,68.9655,0,0,0.1724,21,0.95,0.2143,1.0,3,0,0,0,0,0,0,0,0
19,0,0,1,1,47.3684,0,0,0.2632,11,0.9,0.2222,1.0,3,0,0,0,0,0,0,0,0
31,0,0,2,0,70.9677,0,0,0.2581,24,0.5,0.2,1.0,3,0,0,0,0,0,0,0,0
21,0,0,1,1,52.381,0,0,0.2381,13,0.95,0.2,1.0,3,0,0,1,0,0,1,0,1
25,0,0,1,1,64.0,0,0,0.2,17,0.95,0.1667,1.0,3,0,0,0,0,1,1,0,1
33,0,0,0,0,66.6667,0,0,0.2424,25,0.95,0.0625,1.0,3,0,0,0,0,0,0,0,0
28,0,0,1,1,57.1429,0,0,0.1786,20,0.95,0.1481,1.0,3,0,0,0,0,0,0,0,0
34,0,0,0,0,64.7059,0,0,0.2353,26,0.85,0.0909,1.0,3,0,0,0,0,0,0,0,0
54,0,0,2,1,79.6296,0,0,0.1667,45,0.5,0.0377,1.0,3,0,0,0,0,0,0,0,0
25,0,0,1,1,52.0,0,0,0.2,17,0.9,0.2083,1.0,3,0,0,0,0,0,0,0,0
27,0,0,1,1,66.6667,0,0,0.1852,19,0.5,0.1538,1.0,2,0,0,0,0,0,0,0,0
22,0,0,1,0,68.1818,0,0,0.2273,15,0.5,0.1905,1.0,2,0,0,0,0,0,0,0,0
30,0,0,1,0,73.3333,0,0,0.1667,23,0.95,0.1379,1.0,3,0,0,0,0,0,0,0,0
21,0,0,1,1,52.381,0,0,0.2381,13,0.9,0.2,1.0,3,0,0,0,0,0,1,0,0
33,0,0,1,1,75.7576,0,0,0.2121,24,0.95,0.0938,1.0,3,0,0,0,0,0,0,0,0
47,0,0,1,1,85.1064,0,0,0.1489,19,0.5,0.0652,1.0,2,0,0,0,0,0,0,0,0
21,0,0,1,1,61.9048,0,0,0.2381,13,0.9,0.2,1.0,3,0,0,0,0,0,0,0,0
26,0,0,1,1,65.3846,0,0,0.1923,18,0.85,0.16,1.0,3,0,0,0,0,0,1,0,1
62,0,0,0,1,79.0323,0,0,0.1452,17,0.95,0.0492,1.0,3,0,0,0,0,0,0,0,0
38,0,0,1,1,57.8947,0,0,0.1579,29,0.95,0.0541,1.0,3,0,0,0,0,0,0,0,0
20,0,0,1,0,55.0,0,0,0.25,13,0.5,0.2105,1.0,2,0,0,0,0,0,0,0,0
20,0,0,1,0,75.0,0,0,0.25,13,0.5,0.2105,1.0,4,0,0,0,0,0,0,0,0
96,0,0,2,1,89.5833,1,1,0.1354,31,0.9,0.0947,1.0,3,0,0,0,0,0,0,0,0
43,0,0,1,1,86.0465,0,0,0.1395,34,0.95,0.0952,1.0,3,0,0,0,0,0,0,0,0
21,0,0,1,1,61.9048,0,0,0.2381,13,0.95,0.2,1.0,3,0,0,0,0,0,0,0,0
35,0,0,1,1,80.0,0,0,0.2,26,0.5,0.1176,1.0,3,0,0,0,0,0,0,0,0
20,0,0,1,1,65.0,0,0,0.25,12,0.9,0.2105,1.0,3,0,0,0,0,0,0,0,0
22,0,0,1,0,45.4545,0,0,0.2273,15,0.85,0.1905,1.0,3,0,0,0,0,0,0,0,0
43,0,0,2,1,72.093,0,0,0.1628,34,0.95,0.0476,1.0,3,0,0,0,0,0,0,0,0
36,0,0,0,1,69.4444,0,0,0.1389,27,0.95,0.0571,1.0,3,0,0,0,0,0,0,0,0
25,0,0,1,0,56.0,0,0,0.2,18,0.95,0.1667,1.0,3,0,0,0,0,0,0,0,0
23,0,0,1,1,43.4783,0,0,0.2174,15,0.95,0.1818,1.0,3,0,0,0,0,0,0,0,0
34,0,0,1,1,55.8824,0,0,0.2059,25,0.95,0.1212,1.0,3,0,0,0,0,0,0,0,0
24,0,0,1,1,58.3333,0,0,0.2083,16,0.95,0.1739,1.0,3,0,0,0,0,0,0,0,0
30,0,0,1,1,70.0,0,0,0.1667,22,0.85,0.1379,1.0,3,0,0,0,0,0,0,0,0
24,0,0,1,1,50.0,0,0,0.2083,16,0.5,0.1739,1.0,2,2,0,1,63,0,1,0,1
71,0,0,0,1,77.4648,0,0,0.0845,23,0.95,0.0429,1.0,3,0,0,0,0,0,0,0,0
28,0,0,1,0,75.0,0,0,0.1786,21,0.5,0.0741,1.0,3,0,0,0,0,0,0,0,0
35,0,0,1,1,71.4286,0,0,0.1429,27,0.5,0.1176,1.0,2,0,0,0,0,0,0,0,0
39,0,0,3,1,79.4872,0,0,0.2051,31,0.3,0.1316,1.0,3,0,0,0,0,0,0,0,0
27,0,0,2,0,66.6667,0,0,0.2222,20,0.9,0.2308,1.0,3,0,0,0,0,0,0,0,0
35,0,0,1,1,85.7143,0,0,0.1429,27,0.95,0.1176,1.0,3,0,0,0,0,0,0,0,0
40,0,0,1,1,82.5,0,0,0.125,32,0.95,0.1282,1.0,3,0,0,0,0,0,0,0,0
36,0,0,3,1,80.5556,0,0,0.1944,28,0.88,0.1143,1.0,2,1,0,1,0,0,1,0,1
26,0,0,1,1,65.3846,0,0,0.1923,18,0.95,0.2,1.0,3,0,0,0,0,0,1,0,0
25,0,0,1,1,76.0,0,0,0.2,17,0.9,0.1667,1.0,3,0,0,0,0,0,0,0,0
99,0,0,1,1,91.9192,0,0,0.1313,15,0.95,0.0408,1.0,3,0,0,0,0,0,0,0,0
25,0,0,2,0,68.0,0,0,0.24,18,0.8,0.1667,1.0,2,0,0,0,0,0,0,0,0
41,0,0,2,1,78.0488,0,0,0.1707,32,0.8,0.05,1.0,2,0,0,0,0,0,0,0,0
24,0,0,2,1,50.0,0,0,0.25,16,0.9,0.1739,1.0,2,0,0,0,0,0,0,0,0
33,0,0,1,1,66.6667,0,0,0.1515,25,0.5,0.125,1.0,2,0,0,0,0,0,0,0,0
22,0,0,1,1,59.0909,0,0,0.2273,14,0.95,0.1905,1.0,3,0,0,0,0,0,0,0,0
28,0,0,1,1,67.8571,0,0,0.1786,20,0.95,0.1852,1.0,3,0,0,0,0,0,0,0,0
23,0,0,1,1,56.5217,0,0,0.2174,15,0.95,0.1818,1.0,3,0,0,0,0,0,0,0,0
34,0,0,1,1,79.4118,0,0,0.1765,26,0.9,0.1212,1.0,3,0,0,0,0,0,0,0,0
27,0,0,1,1,59.2593,0,0,0.2222,18,0.5,0.0769,1.0,3,0,0,0,0,0,0,0,0
59,0,0,1,1,91.5254,0,0,0.1525,28,0.5,0.0517,1.0,2,0,0,0,0,0,0,0,0
46,0,0,1,1,80.4348,0,0,0.1522,37,0.5,0.0444,1.0,2,0,0,0,0,0,0,0,0
36,0,0,1,1,80.5556,0,0,0.1389,28,0.95,0.1143,1.0,3,1,0,1,132,0,1,0,1
30,0,0,1,0,80.0,0,0,0.1667,23,0.5,0.1379,1.0,3,0,0,0,0,0,0,0,0
36,0,0,1,1,66.6667,0,0,0.1944,27,0.95,0.0857,1.0,3,0,0,0,0,0,0,0,0
63,0,0,1,0,76.1905,2,1,0.1746,24,0.5,0.0645,1.0,4,0,0,0,0,0,0,0,0
22,0,0,0,1,40.9091,0,0,0.2273,6,0.5,0.0952,1.0,2,0,0,0,0,0,0,0,0
26,0,0,1,0,73.0769,0,0,0.1923,19,0.9,0.16,1.0,2,0,0,0,0,0,0,0,0
23,0,0,1,1,69.5652,0,0,0.2174,15,0.5,0.1818,1.0,2,0,0,0,0,0,0,0,0
26,0,0,1,1,61.5385,0,0,0.1923,18,0.9,0.16,1.0,3,0,0,0,0,0,0,0,0
17,0,0,0,1,47.0588,0,0,0.2353,9,0.5,0.125,1.0,2,0,0,0,0,0,0,0,0
29,0,0,1,1,65.5172,0,0,0.1724,21,0.95,0.1786,1.0,3,0,1,0,1,1,1,0,1
26,0,0,2,1,69.2308,0,0,0.2308,18,0.88,0.16,1.0,2,0,0,0,0,0,0,0,0
23,0,0,1,1,56.5217,0,0,0.2174,15,0.95,0.1818,1.0,3,0,0,0,0,0,0,0,0
23,0,0,1,1,65.2174,0,0,0.2174,15,0.95,0.2727,1.0,3,0,0,0,0,0,0,0,0
19,0,0,0,0,36.8421,0,0,0.3158,11,0.95,0.1111,1.0,3,0,0,0,0,0,0,0,0
35,0,0,1,1,68.5714,0,0,0.2,26,0.95,0.0882,1.0,3,0,0,0,0,0,0,0,0
28,0,0,1,1,75.0,0,0,0.2857,19,0.5,0.1111,1.0,3,0,0,0,0,0,0,0,0
25,0,0,1,1,68.0,0,0,0.2,17,0.95,0.1667,1.0,3,0,0,0,0,0,0,0,0
19,0,0,1,1,57.8947,0,0,0.2632,11,0.5,0.2222,1.0,2,0,0,0,0,0,0,0,0
23,0,0,1,0,52.1739,0,0,0.2174,16,0.95,0.2273,1.0,3,1,0,1,47,0,0,0,1
71,0,0,0,1,78.8732,0,0,0.0986,11,0.95,0.0286,1.0,3,0,0,0,0,0,0,0,0
26,0,0,2,1,84.6154,0,0,0.2308,18,0.5,0.16,1.0,2,0,0,1,0,0,1,0,1
23,0,0,1,1,69.5652,0,0,0.3043,14,0.5,0.1818,1.0,3,0,0,0,0,0,0,0,0
77,0,0,0,1,93.5065,0,0,0.1429,20,0.5,0.0395,1.0,2,0,0,0,0,0,0,0,0
28,0,0,1,1,71.4286,0,0,0.2143,19,0.8,0.1111,1.0,2,0,0,0,0,0,0,0,0
31,0,0,1,1,87.0968,0,0,0.1613,23,0.95,0.2,1.0,3,1,0,0,0,0,0,0,1
55,0,0,2,1,83.6364,0,0,0.1818,47,0.8,0.0741,1.0,2,0,0,0,0,0,0,0,0
27,0,0,1,1,77.7778,0,0,0.1852,19,0.5,0.1923,1.0,2,0,0,0,48,0,0,0,1
30,0,0,2,1,66.6667,0,0,0.2,22,0.5,0.1724,1.0,2,0,0,0,0,0,0,0,0
32,0,0,1,1,75.0,0,0,0.1562,24,0.95,0.1613,1.0,3,2,0,0,0,0,0,0,1
30,0,0,2,1,63.3333,0,0,0.2,22,0.9,0.1379,1.0,2,0,0,0,0,0,0,0,0
34,0,0,1,1,85.2941,0,0,0.2647,25,0.8,0.0909,1.0,2,0,0,0,0,0,0,0,0
31,0,0,1,1,74.1935,0,0,0.1613,23,0.88,0.1667,1.0,2,0,0,0,0,0,0,0,0
65,0,0,0,1,78.4615,0,0,0.1231,20,0.95,0.0469,1.0,3,0,0,0,0,0,0,0,0
37,0,0,1,0,67.5676,0,0,0.1351,30,0.95,0.1111,1.0,3,0,0,0,0,0,0,0,0
36,0,0,0,1,72.2222,0,0,0.1667,19,0.95,0.0571,1.0,3,0,0,0,0,0,0,0,0
36,0,0,1,1,80.5556,0,0,0.1667,27,0.95,0.0857,1.0,3,0,0,0,0,0,0,0,0
75,0,0,1,0,89.3333,0,0,0.0933,28,0.95,0.0405,1.0,3,0,0,0,0,0,0,0,0
33,0,0,2,0,75.7576,0,0,0.1818,26,0.85,0.125,1.0,3,0,0,0,0,0,0,0,0
21,0,0,1,0,85.7143,0,0,0.2381,14,0.3,0.2,1.0,3,0,0,0,0,0,0,0,0
59,0,0,1,1,83.0508,0,0,0.1356,50,0.8,0.0862,1.0,2,0,0,0,0,0,0,0,0
100,0,0,2,1,92.0,0,0,0.07,91,0.5,0.0707,1.0,3,0,0,0,0,0,0,0,0
93,0,1,1,1,89.2473,0,1,0.1183,13,0.5,0.0543,0.9892,2,0,0,0,0,0,0,0,0
21,0,0,1,1,66.6667,0,0,0.2857,13,0.5,0.25,1.0,2,0,1,0,0,0,1,0,0
34,0,0,2,1,79.4118,0,0,0.1765,26,0.5,0.1515,1.0,2,0,0,0,0,0,0,0,0
27,0,0,0,1,66.6667,0,0,0.2222,16,0.9,0.1154,1.0,3,0,0,0,0,0,0,0,0
24,0,0,1,1,62.5,0,0,0.2083,16,0.85,0.1739,1.0,3,0,0,1,0,1,0,0,0
25,0,0,2,1,72.0,0,0,0.24,17,0.5,0.2083,1.0,2,0,0,0,0,0,0,0,0
26,0,0,3,1,84.6154,0,0,0.2692,18,0.85,0.2,1.0,2,0,0,1,3,0,1,0,0
26,0,0,1,1,53.8462,0,0,0.1923,18,0.95,0.16,1.0,3,0,0,0,19,0,1,0,1
31,0,0,1,1,77.4194,0,0,0.1935,23,0.95,0.1333,1.0,3,1,0,1,8,0,1,0,1
22,0,0,1,1,54.5455,0,0,0.2273,14,0.95,0.1905,1.0,3,0,0,0,0,0,0,0,1
28,0,0,1,1,71.4286,0,0,0.1786,20,0.85,0.1852,1.0,3,0,0,0,0,0,0,0,0
49,0,0,1,0,81.6327,0,0,0.1633,42,0.85,0.1042,1.0,3,0,0,0,0,0,0,0,0
35,0,0,2,1,80.0,0,0,0.1714,27,0.8,0.1176,1.0,2,0,0,0,0,0,0,0,0
37,0,0,1,1,75.6757,0,0,0.1892,28,0.95,0.0556,1.0,3,0,0,0,0,0,0,0,0
26,0,0,1,1,53.8462,0,0,0.1923,18,0.95,0.16,1.0,3,0,0,0,0,0,0,0,0
30,0,0,1,1,66.6667,0,0,0.1667,22,0.95,0.1379,1.0,3,0,0,0,0,0,0,0,0
22,0,0,1,0,50.0,0,0,0.2273,15,0.95,0.1905,1.0,3,0,0,0,0,0,0,0,0
24,0,0,1,1,66.6667,0,0,0.2083,16,0.5,0.1739,1.0,2,0,1,0,5,0,0,0,1
33,0,0,1,0,69.697,0,0,0.1515,26,0.5,0.2188,1.0,2,0,0,0,0,0,0,0,0
20,0,0,1,1,70.0,0,0,0.25,12,0.5,0.2632,1.0,2,0,0,0,0,0,0,0,0
28,0,0,1,1,71.4286,0,0,0.1786,20,0.95,0.1852,1.0,3,0,0,0,0,0,0,0,0
23,0,0,1,1,52.1739,0,0,0.2174,15,0.95,0.1818,1.0,3,0,0,0,0,0,0,0,0
33,0,0,1,1,81.8182,0,0,0.1515,25,0.9,0.125,1.0,3,0,0,0,0,0,0,0,0
28,0,0,1,1,57.1429,0,0,0.1786,20,0.95,0.1481,1.0,3,6,0,0,8,0,1,0,1
24,0,0,1,1,45.8333,0,0,0.2083,16,0.95,0.1739,1.0,3,0,0,0,0,0,0,0,1
29,0,0,1,1,68.9655,0,0,0.1724,21,0.95,0.1429,1.0,3,5,0,1,22,1,1,0,1
37,0,0,1,1,72.973,0,0,0.1351,29,0.9,0.1111,1.0,3,0,0,0,0,0,0,0,0
34,0,0,1,1,67.6471,0,0,0.1471,26,0.95,0.1818,1.0,3,0,0,0,0,0,0,0,0
23,0,0,1,1,52.1739,0,0,0.2174,15,0.95,0.1818,1.0,3,0,0,0,0,0,0,0,0
35,0,0,3,0,68.5714,0,0,0.2571,27,0.3,0.1765,1.0,3,0,0,0,0,0,0,0,0
83,0,0,2,1,91.5663,0,0,0.1566,38,0.5,0.061,1.0,3,0,0,0,0,0,0,0,0
20,0,0,1,0,65.0,0,0,0.25,13,0.95,0.3158,1.0,3,0,0,0,0,0,0,0,0
26,0,0,1,1,69.2308,0,0,0.1923,18,0.95,0.16,1.0,3,0,0,0,24,0,0,0,0
27,0,0,1,1,55.5556,0,0,0.2593,18,0.88,0.1538,1.0,2,0,0,0,0,0,0,0,0
45,0,0,2,1,84.4444,0,0,0.1556,36,0.8,0.0682,1.0,2,0,0,0,0,0,0,0,0
31,0,0,1,1,83.871,0,0,0.1613,23,0.85,0.1333,1.0,3,0,0,0,0,0,0,0,0
23,0,0,1,1,65.2174,0,0,0.2174,15,0.95,0.1818,1.0,3,0,0,0,0,0,0,0,0
31,0,0,1,1,77.4194,0,0,0.1613,23,0.95,0.1333,1.0,3,0,0,0,0,0,0,0,0
89,0,0,1,1,91.0112,0,0,0.0787,16,0.5,0.0341,1.0,4,0,0,0,0,0,0,0,0
35,0,0,1,0,88.5714,0,0,0.1429,28,0.85,0.1176,1.0,3,0,0,0,0,0,0,0,0
32,0,0,1,0,68.75,0,0,0.1875,25,0.95,0.129,1.0,3,0,0,0,0,0,0,0,0
40,0,0,1,1,75.0,0,0,0.125,32,0.95,0.1026,1.0,3,0,0,0,0,0,0,0,0
34,0,0,1,1,50.0,0,0,0.2059,25,0.95,0.1515,1.0,3,0,0,0,0,0,0,0,0
21,0,0,1,0,61.9048,0,0,0.2381,14,0.5,0.2,1.0,4,0,0,0,0,0,0,0,0
23,0,0,1,1,52.1739,0,0,0.2174,15,0.95,0.1818,1.0,3,0,0,0,0,0,0,0,0
24,0,0,1,1,66.6667,0,0,0.2083,16,0.5,0.1739,1.0,2,0,0,0,0,0,0,0,0
31,0,0,1,1,77.4194,0,0,0.1613,23,0.85,0.2,1.0,3,0,0,0,0,0,0,0,0
25,0,0,1,1,60.0,0,0,0.2,17,0.95,0.1667,1.0,3,0,0,0,0,0,0,0,0
35,0,0,1,1,91.4286,0,0,0.1429,27,0.9,0.1176,1.0,3,0,0,0,0,0,0,0,0
33,0,0,2,0,66.6667,0,0,0.1818,26,0.95,0.1875,1.0,3,0,0,0,0,0,0,0,0
26,0,0,2,0,80.7692,0,0,0.2308,19,0.5,0.16,1.0,4,0,0,0,0,0,0,0,0
26,0,0,1,1,61.5385,0,0,0.1923,18,0.95,0.16,1.0,3,0,0,0,0,0,0,0,0
30,0,0,1,1,53.3333,0,0,0.1667,22,0.9,0.1379,1.0,3,0,0,0,0,1,1,0,1
32,0,0,1,1,75.0,0,0,0.1562,24,0.95,0.2258,1.0,3,0,0,0,0,0,0,0,0
21,0,0,1,1,52.381,0,0,0.2381,13,0.95,0.2,1.0,3,0,0,0,0,0,0,0,1
25,0,0,1,0,60.0,0,0,0.2,18,0.95,0.1667,1.0,3,0,0,0,0,0,0,0,0
34,0,0,1,1,58.8235,0,0,0.2059,25,0.95,0.1212,1.0,3,0,0,0,0,0,0,0,0
34,0,0,1,1,88.2353,0,0,0.1471,26,0.95,0.1212,1.0,3,1,0,0,1,0,1,0,0
81,0,0,0,1,87.6543,0,0,0.0988,7,0.5,0.1,1.0,2,0,0,0,0,0,0,0,0
28,0,0,1,1,67.8571,0,0,0.2143,20,0.88,0.1481,1.0,2,0,0,0,0,0,0,0,0
74,0,0,1,1,86.4865,1,1,0.1892,36,0.85,0.0959,1.0,3,0,0,0,0,0,0,0,0
27,0,0,1,1,62.963,0,0,0.1852,19,0.95,0.1538,1.0,3,0,0,0,40,0,1,0,1
21,0,0,1,1,71.4286,0,0,0.2381,13,0.88,0.2,1.0,2,0,0,0,0,0,0,0,0
21,0,0,0,0,47.619,0,0,0.2381,7,0.5,0.1,1.0,2,0,0,0,0,0,0,0,0
25,0,0,1,0,68.0,0,0,0.24,18,0.5,0.1667,1.0,2,0,0,0,0,0,0,0,0
20,0,0,1,0,55.0,0,0,0.25,13,0.5,0.2632,1.0,4,0,0,0,0,0,0,0,0
25,0,0,1,1,60.0,0,0,0.2,17,0.95,0.1667,1.0,3,0,0,0,0,0,0,0,0
25,0,0,1,1,68.0,0,0,0.2,17,0.5,0.1667,1.0,2,0,0,0,0,0,0,0,0
26,0,0,1,1,61.5385,0,0,0.2308,18,0.5,0.16,1.0,2,0,0,0,0,0,0,0,0
48,0,0,1,0,81.25,0,0,0.1667,25,0.95,0.1064,1.0,3,0,0,0,0,0,0,0,0
55,0,0,1,1,90.9091,0,0,0.1455,46,0.8,0.0556,1.0,2,0,0,0,0,0,0,0,0
24,0,0,2,0,58.3333,0,0,0.25,17,0.5,0.1739,1.0,2,0,0,0,0,0,0,0,0
42,0,0,1,1,78.5714,0,0,0.1667,33,0.5,0.0732,1.0,2,0,0,0,0,0,0,0,0
18,0,0,1,1,61.1111,0,0,0.2778,10,0.5,0.2941,1.0,2,0,0,0,0,0,0,0,0
32,0,0,1,1,65.625,0,0,0.1562,24,0.95,0.1613,1.0,3,0,0,0,0,0,0,0,0
51,0,0,0,0,74.5098,0,0,0.2157,11,0.5,0.06,0.9804,2,0,0,0,0,0,1,1,0
22,0,0,1,1,68.1818,0,0,0.2273,14,0.95,0.1905,1.0,3,0,0,1,0,0,1,0,1
32,0,0,1,1,68.75,0,0,0.1562,24,0.95,0.129,1.0,3,0,0,0,0,0,0,0,0
28,0,0,1,1,67.8571,0,0,0.1786,20,0.95,0.1481,1.0,3,0,0,0,0,0,0,0,0
39,0,0,3,0,66.6667,0,0,0.2051,31,0.5,0.0789,1.0,2,0,0,0,0,0,0,0,0
23,0,0,1,1,60.8696,0,0,0.2174,15,0.9,0.2273,1.0,3,0,0,0,0,0,0,0,0
23,0,0,0,1,52.1739,0,0,0.2174,4,0.8,0.0909,1.0,2,0,0,0,0,0,0,0,0
25,0,0,2,0,64.0,0,0,0.24,18,0.85,0.2083,1.0,3,0,0,0,0,0,0,0,0
33,0,0,1,0,69.697,0,0,0.1515,26,0.9,0.125,1.0,3,0,0,1,0,0,1,0,0
40,0,0,1,1,65.0,0,0,0.2,31,0.5,0.0769,1.0,3,0,0,0,0,0,0,0,0
30,0,0,1,1,83.3333,0,0,0.1667,22,0.85,0.1379,1.0,3,0,0,0,0,0,0,0,0
28,0,0,1,0,64.2857,0,0,0.1786,21,0.5,0.1481,1.0,2,0,0,0,0,0,0,0,0
26,0,0,1,0,76.9231,0,0,0.2308,18,0.5,0.12,1.0,3,0,0,0,0,0,0,0,0
27,0,0,1,1,77.7778,0,0,0.2222,19,0.95,0.1538,1.0,3,0,0,0,0,0,0,0,0
18,0,0,0,0,61.1111,0,0,0.3333,10,0.95,0.1176,1.0,3,0,0,0,0,0,0,0,0
88,0,0,1,1,86.3636,1,1,0.125,13,0.5,0.046,1.0,2,0,0,0,0,0,0,0,0
25,0,0,1,1,64.0,0,0,0.2,17,0.5,0.1667,1.0,2,0,0,0,0,0,0,0,0
30,0,0,0,0,66.6667,0,0,0.2,11,0.9,0.1034,1.0,2,0,0,0,0,0,0,0,0
26,0,0,1,1,53.8462,0,0,0.1923,18,0.95,0.16,1.0,3,0,0,0,0,0,0,0,0
25,0,0,1,1,64.0,0,0,0.2,17,0.95,0.1667,1.0,3,0,0,0,0,0,0,0,0
25,0,0,1,1,68.0,0,0,0.2,17,0.95,0.1667,1.0,3,0,0,0,0,0,0,0,0
20,0,0,1,1,60.0,0,0,0.25,12,0.5,0.2105,1.0,3,0,0,0,0,0,0,0,0
30,0,0,1,1,63.3333,0,0,0.2,22,0.95,0.1379,1.0,3,0,0,0,0,0,0,0,0
39,0,0,1,1,71.7949,0,0,0.1795,30,0.95,0.1316,1.0,3,0,0,0,0,0,0,0,0
27,0,0,2,1,59.2593,0,0,0.2222,19,0.5,0.1538,1.0,2,0,0,0,0,0,0,0,0
28,0,0,3,1,71.4286,0,0,0.25,20,0.5,0.1481,1.0,2,0,0,0,0,0,0,0,0
25,0,0,1,1,60.0,0,0,0.2,17,0.95,0.1667,1.0,3,1,0,1,0,1,1,0,1
35,0,0,1,1,82.8571,0,0,0.1714,26,0.95,0.1176,1.0,3,0,0,0,0,0,0,0,0
23,0,0,2,1,65.2174,0,0,0.2609,15,0.9,0.1818,1.0,2,0,0,0,0,0,0,0,0
4247,0,1,0,1,99.9529,163,0,0.1789,28,0.95,0.0035,0.9649,3,0,0,0,0,0,0,0,0
20,0,0,1,1,65.0,0,0,0.25,12,0.5,0.2105,1.0,2,0,0,0,0,0,0,0,0
24,0,0,2,1,54.1667,0,0,0.25,16,0.5,0.1739,1.0,2,0,0,0,0,0,0,0,0
26,0,0,1,1,65.3846,0,0,0.2308,17,0.5,0.12,1.0,4,0,0,0,0,0,0,0,0
20,0,0,1,1,65.0,0,0,0.25,12,0.95,0.2105,1.0,3,0,0,0,0,0,0,0,0
21,0,0,1,1,66.6667,0,0,0.2381,13,0.5,0.25,1.0,2,0,0,0,0,0,0,0,0
45,0,0,1,1,73.3333,0,0,0.1333,36,0.95,0.0909,1.0,3,0,0,0,0,0,0,0,0
26,0,0,1,1,76.9231,0,0,0.2308,17,0.95,0.12,1.0,3,0,0,0,0,0,0,0,0
46,0,0,2,1,69.5652,0,0,0.1522,37,0.8,0.0667,1.0,2,0,0,0,0,0,0,0,0
36,0,0,1,1,75.0,0,0,0.1944,27,0.95,0.1143,1.0,3,0,0,0,0,0,0,0,0
31,0,0,1,1,61.2903,0,0,0.1935,18,0.95,0.1333,1.0,3,0,0,0,0,0,0,0,0
35,0,0,3,0,65.7143,0,0,0.2571,28,0.95,0.1471,1.0,3,0,0,0,0,0,0,0,0
33,0,0,1,1,72.7273,0,0,0.1515,25,0.95,0.125,1.0,3,0,0,0,0,0,0,0,0
30,0,0,1,1,70.0,0,0,0.1667,22,0.95,0.1379,1.0,3,0,0,0,0,0,0,0,0
227,0,0,1,0,98.6784,5,1,0.1145,24,0.5,0.0354,1.0,2,0,0,0,0,0,0,0,0
48,0,0,1,1,62.5,0,0,0.1458,39,0.95,0.0851,1.0,3,0,0,0,0,0,0,0,0
26,0,0,1,1,61.5385,0,0,0.2308,18,0.95,0.2,1.0,3,0,0,0,0,0,0,0,0
32,0,0,1,1,75.0,0,0,0.1562,24,0.95,0.1613,1.0,3,0,0,0,0,0,0,0,0
34,0,0,1,1,55.8824,0,0,0.2059,25,0.95,0.0909,1.0,3,0,0,0,0,0,0,0,0
30,0,0,1,1,80.0,0,0,0.1667,22,0.95,0.1724,1.0,3,0,0,0,0,0,0,0,0
28,0,0,0,1,53.5714,0,0,0.1786,5,0.5,0.0741,1.0,2,0,0,0,0,0,0,0,0
23,0,0,1,1,52.1739,0,0,0.2174,15,0.95,0.1818,1.0,3,0,0,0,0,0,0,0,0
33,0,0,1,1,72.7273,0,0,0.1515,25,0.5,0.125,1.0,2,0,0,0,0,0,0,0,0
31,0,0,1,1,61.2903,0,0,0.2258,22,0.35,0.1333,1.0,4,0,0,0,0,0,0,0,0
29,0,0,0,1,51.7241,0,0,0.2069,20,0.95,0.0714,1.0,3,0,0,0,0,0,0,0,0
23,0,0,1,1,56.5217,0,0,0.2174,15,0.5,0.1818,1.0,2,0,0,0,0,0,0,0,0
88,0,0,1,1,81.8182,0,0,0.1023,17,0.5,0.046,1.0,2,0,0,0,0,0,0,0,0
21,0,0,1,1,66.6667,0,0,0.2857,13,0.5,0.2,1.0,2,2,0,0,11,0,0,0,1
32,0,0,1,1,78.125,0,0,0.1562,24,0.9,0.129,1.0,3,0,0,0,0,0,0,0,0
23,0,0,1,1,56.5217,0,0,0.2174,15,0.95,0.1818,1.0,3,0,0,0,0,0,0,0,0
29,0,0,2,1,58.6207,0,0,0.2069,21,0.9,0.1786,1.0,2,0,0,0,0,0,0,0,0
23,0,0,1,0,78.2609,0,0,0.2174,16,0.35,0.2273,1.0,4,0,0,0,0,0,0,0,0
26,0,0,1,1,69.2308,0,0,0.1923,18,0.95,0.16,1.0,3,2,0,1,167,0,1,0,1
40,0,0,1,1,85.0,0,0,0.125,32,0.5,0.1026,1.0,2,0,0,0,0,0,0,0,0
20,0,0,1,0,60.0,0,0,0.25,13,0.5,0.2105,1.0,3,0,0,0,0,0,0,0,0
19,0,0,1,1,57.8947,0,0,0.2632,11,0.99,0.2222,1.0,3,0,0,0,0,0,0,0,0
26,0,0,1,1,53.8462,0,0,0.1923,18,0.99,0.16,1.0,3,0,0,0,0,0,0,0,0
45,0,0,3,0,95.5556,0,0,0.2222,37,0.5,0.1136,1.0,2,0,0,0,0,0,0,0,0
29,0,0,1,1,93.1034,0,0,0.1724,21,0.95,0.1429,1.0,3,0,0,0,0,0,0,0,0
54,0,0,0,0,90.7407,0,0,0.1481,18,0.95,0.0377,1.0,3,0,0,0,0,0,0,0,0
30,0,0,1,1,80.0,0,0,0.1667,22,0.95,0.1379,1.0,3,0,0,0,0,0,0,0,0
34,0,0,2,0,70.5882,0,0,0.1765,27,0.95,0.1212,1.0,3,0,0,0,0,0,0,0,0
38,0,0,1,1,76.3158,0,0,0.1316,30,0.95,0.1622,1.0,3,0,0,0,0,0,0,0,0
29,0,0,1,1,68.9655,0,0,0.1724,21,0.95,0.1786,1.0,3,0,0,0,0,0,0,0,0
25,0,0,1,1,64.0,0,0,0.2,17,0.95,0.1667,1.0,3,0,0,0,0,0,0,0,0
37,0,0,1,1,70.2703,0,0,0.1622,28,0.5,0.1111,1.0,3,0,0,0,0,0,0,0,0
35,0,0,1,1,71.4286,0,0,0.2,26,0.95,0.0882,1.0,3,0,0,0,0,0,0,0,0
29,0,0,1,1,79.3103,0,0,0.1724,21,0.95,0.2143,1.0,3,0,0,0,0,0,0,0,0
37,0,0,1,1,70.2703,0,0,0.1622,28,0.5,0.1111,1.0,3,0,0,0,0,0,0,0,0
23,0,0,1,1,69.5652,0,0,0.2174,15,0.95,0.1818,1.0,3,0,0,0,0,0,0,0,0
21,0,0,1,1,61.9048,0,0,0.2381,13,0.9,0.2,1.0,3,0,0,0,0,0,0,0,0
28,0,0,1,0,85.7143,0,0,0.1786,21,0.5,0.1852,1.0,5,0,0,0,0,0,0,0,0
22,0,0,1,0,50.0,0,0,0.2273,15,0.5,0.1905,1.0,2,0,0,0,0,0,0,0,0
22,0,0,1,1,50.0,0,0,0.2273,14,0.95,0.1905,1.0,3,0,0,0,0,0,0,0,0
20,0,0,0,0,45.0,0,0,0.25,12,0.95,0.1579,1.0,3,0,0,0,0,0,0,0,0
22,0,0,2,1,63.6364,0,0,0.2727,14,0.5,0.1905,1.0,2,0,0,0,0,0,0,0,0
25,0,0,1,1,72.0,0,0,0.2,17,0.95,0.1667,1.0,3,0,0,0,0,0,0,0,0
25,0,0,1,1,68.0,0,0,0.2,17,0.9,0.1667,1.0,3,0,0,0,0,0,0,0,0
20,0,0,1,1,55.0,0,0,0.25,12,0.5,0.2105,1.0,3,0,0,0,0,0,0,0,0
300,0,1,0,1,97.0,0,1,0.0533,10,0.95,0.0234,0.9933,3,0,0,0,0,0,0,0,0
38,0,0,1,1,60.5263,0,0,0.1579,29,0.5,0.1351,1.0,3,0,0,0,0,0,0,0,0
31,0,0,2,1,74.1935,0,0,0.1935,23,0.5,0.1333,1.0,2,0,0,0,0,0,0,0,0
26,0,0,1,0,65.3846,0,0,0.1923,19,0.95,0.2,1.0,3,0,0,0,0,0,0,0,0
26,0,0,1,1,65.3846,0,0,0.1923,18,0.95,0.16,1.0,3,0,0,0,0,0,0,0,0
30,0,0,1,1,53.3333,0,0,0.2333,21,0.5,0.1034,1.0,3,0,0,0,0,0,0,0,0
26,0,0,1,1,80.7692,0,0,0.1923,18,0.95,0.16,1.0,3,0,0,0,0,0,0,0,0
32,0,0,1,1,65.625,0,0,0.1562,24,0.95,0.1613,1.0,3,0,0,0,0,0,0,0,0
23,0,0,1,1,56.5217,0,0,0.2174,15,0.95,0.1818,1.0,3,0,0,0,0,0,0,0,0
24,0,0,1,0,66.6667,0,0,0.2083,17,0.95,0.2174,1.0,3,0,0,0,0,0,0,0,0
31,0,0,1,1,87.0968,0,0,0.1613,23,0.5,0.2,1.0,4,1,0,0,1,1,1,0,1
29,0,0,2,1,72.4138,0,0,0.2414,21,0.5,0.2143,1.0,2,0,0,0,0,0,0,0,0
71,0,0,0,1,78.8732,0,0,0.0845,23,0.95,0.0571,1.0,3,0,0,0,0,0,0,0,0
28,0,0,0,0,78.5714,0,0,0.1786,5,0.5,0.1111,1.0,2,0,0,0,0,0,0,0,0
33,0,0,2,0,57.5758,0,0,0.1818,26,0.9,0.125,1.0,3,0,0,0,0,0,0,0,0
26,0,0,1,1,80.7692,0,0,0.1923,18,0.95,0.2,1.0,3,0,0,0,2,0,0,0,0
167,0,0,1,1,96.4072,3,1,0.1078,15,0.95,0.0602,1.0,3,0,0,0,0,0,0,0,0
47,0,0,1,0,80.8511,0,0,0.1915,14,0.5,0.087,1.0,2,0,0,0,0,0,0,0,0
30,0,0,1,1,73.3333,0,0,0.1667,22,0.95,0.1379,1.0,3,8,0,0,10,1,1,0,1
28,0,0,1,1,64.2857,0,0,0.1786,20,0.5,0.1481,1.0,2,0,0,0,0,0,0,0,0
42,0,0,1,0,64.2857,0,0,0.1667,34,0.5,0.0976,1.0,3,0,0,0,0,0,0,0,0
26,0,0,2,1,57.6923,0,0,0.2308,18,0.9,0.2,1.0,2,0,0,0,0,0,0,0,0
191,1,0,2,0,96.8586,3,2,0.1414,13,0.5,0.0368,0.9895,3,0,0,0,0,0,0,0,0
31,0,0,1,1,74.1935,0,0,0.1613,23,0.95,0.1333,1.0,3,0,0,0,0,0,0,0,0
26,0,0,1,1,57.6923,0,0,0.1923,18,0.95,0.16,1.0,3,0,0,0,0,0,0,0,0
27,0,0,1,1,74.0741,0,0,0.1852,19,0.95,0.1538,1.0,3,0,0,0,0,0,0,0,0
24,0,0,1,0,54.1667,0,0,0.2083,17,0.95,0.2174,1.0,3,0,0,0,0,0,0,0,0
25,0,0,1,1,72.0,0,0,0.2,17,0.95,0.1667,1.0,3,2,6,0,351,0,1,0,1
21,0,0,1,1,66.6667,0,0,0.2381,13,0.9,0.2,1.0,3,0,0,0,0,0,0,0,0
42,0,0,1,1,78.5714,0,0,0.1429,17,0.95,0.122,1.0,3,0,0,0,0,0,0,0,0
23,0,0,1,1,69.5652,0,0,0.2174,15,0.5,0.1818,1.0,2,0,0,0,0,0,0,0,0
28,0,0,1,1,60.7143,0,0,0.1786,20,0.95,0.1481,1.0,3,0,0,0,0,0,0,0,0
38,0,0,1,1,68.4211,0,0,0.1842,29,0.95,0.1081,1.0,3,0,0,0,0,0,0,0,0
26,0,0,1,1,69.2308,0,0,0.1923,18,0.5,0.16,1.0,3,0,0,0,0,0,0,0,0
28,0,0,1,0,64.2857,0,0,0.1786,21,0.95,0.1481,1.0,3,0,0,0,0,0,0,0,0
32,0,0,1,1,59.375,0,0,0.2188,24,0.95,0.1613,1.0,3,0,0,0,0,0,0,0,0
33,0,0,1,1,75.7576,0,0,0.1818,24,0.5,0.125,1.0,3,0,0,0,0,0,0,0,0
31,0,0,1,1,74.1935,0,0,0.1613,23,0.9,0.1333,1.0,3,0,0,0,0,0,0,0,0
29,0,0,1,1,68.9655,0,0,0.1724,21,0.95,0.1429,1.0,3,0,0,0,0,0,0,0,0
34,0,0,1,0,79.4118,0,0,0.1765,26,0.95,0.4242,1.0,3,0,0,0,0,0,0,0,0
29,0,0,1,1,75.8621,0,0,0.1724,21,0.95,0.1429,1.0,3,0,0,0,0,0,0,0,0
44,0,0,4,0,72.7273,0,0,0.2045,36,0.5,0.093,1.0,2,0,0,0,0,0,0,0,0
37,0,0,1,1,78.3784,0,0,0.1892,28,0.95,0.0556,1.0,3,0,0,0,0,0,0,0,0
35,0,0,1,1,80.0,0,0,0.1429,27,0.85,0.1176,1.0,3,1,0,0,0,0,0,0,1
29,0,0,1,1,86.2069,0,0,0.1724,21,0.95,0.1429,1.0,3,0,0,0,0,0,0,0,0
53,0,0,2,0,79.2453,0,0,0.2075,34,0.5,0.0385,1.0,2,0,0,0,0,0,0,0,0
28,0,0,1,1,71.4286,0,0,0.1786,20,0.88,0.2222,1.0,2,0,0,0,0,0,0,0,0
42,0,0,1,1,80.9524,0,0,0.1905,33,0.5,0.0732,1.0,2,0,0,0,0,0,0,0,0
54,0,0,2,1,90.7407,0,0,0.1296,45,0.8,0.0943,1.0,2,0,0,0,0,0,0,0,0
32,0,0,1,1,75.0,0,0,0.1562,24,0.9,0.129,1.0,3,0,0,0,0,0,0,0,0
30,0,0,1,0,73.3333,0,0,0.2,22,0.5,0.1379,1.0,2,0,0,0,1,0,0,0,0
61,0,0,1,1,81.9672,0,0,0.1311,43,0.5,0.0667,1.0,3,0,0,0,0,0,0,0,0
29,0,0,1,0,72.4138,0,0,0.1724,22,0.85,0.1429,1.0,3,0,0,0,0,0,0,0,0
47,0,0,1,1,89.3617,0,0,0.1915,38,0.5,0.0652,1.0,3,0,0,0,0,0,0,0,0
34,0,0,0,1,70.5882,1,1,0.2353,11,0.3,0.0606,1.0,3,0,0,0,0,0,0,0,0
29,0,0,1,1,75.8621,0,0,0.1724,21,0.95,0.1429,1.0,3,0,0,0,0,0,0,0,0
19,0,0,1,1,68.4211,0,0,0.2632,11,0.5,0.2222,1.0,2,0,0,0,0,0,0,0,0
21,0,0,1,0,42.8571,0,0,0.2381,14,0.5,0.2,1.0,2,0,0,0,0,0,0,0,0
27,0,0,1,1,62.963,0,0,0.2222,18,0.5,0.0769,1.0,3,0,0,0,0,0,0,0,0
22,0,0,1,1,59.0909,0,0,0.2273,14,0.95,0.1905,1.0,3,0,0,0,0,0,0,0,0
21,0,0,2,1,80.9524,0,0,0.2857,13,0.88,0.2,1.0,2,0,0,0,0,0,0,0,0
178,0,0,1,1,95.5056,4,1,0.1236,15,0.95,0.0395,1.0,3,0,0,0,0,0,0,0,0
24,0,0,1,1,58.3333,0,0,0.2083,16,0.88,0.1739,1.0,2,0,0,0,0,0,0,0,0
45,0,0,1,1,73.3333,0,0,0.1333,36,0.95,0.0909,1.0,3,0,0,0,0,0,0,0,0
21,0,0,1,0,57.1429,0,0,0.2857,14,0.5,0.2,1.0,2,0,0,0,0,0,0,0,0
29,0,0,1,1,72.4138,0,0,0.1724,21,0.95,0.1786,1.0,3,0,0,0,0,0,0,0,0
25,0,0,1,0,60.0,0,0,0.2,18,0.95,0.1667,1.0,3,0,0,0,0,0,0,0,0
21,0,0,1,0,61.9048,0,0,0.2381,14,0.95,0.2,1.0,3,0,0,0,0,0,0,0,0
23,0,0,1,0,52.1739,0,0,0.2174,16,0.95,0.2273,1.0,3,0,0,0,0,0,0,0,0
32,0,0,1,1,68.75,0,0,0.1562,24,0.95,0.129,1.0,3,0,0,1,1,1,1,1,1
93,0,0,1,1,94.6237,0,0,0.0753,20,0.5,0.0326,1.0,5,0,0,0,0,0,0,0,0
25,0,0,1,1,60.0,0,0,0.28,16,0.5,0.125,1.0,3,0,0,0,0,0,0,0,0
29,0,0,1,1,72.4138,0,0,0.1724,21,0.95,0.1429,1.0,3,0,0,0,0,0,0,0,0
37,0,0,1,1,62.1622,0,0,0.2162,28,0.5,0.0833,1.0,3,0,0,0,0,0,0,0,0
29,0,0,1,1,51.7241,0,0,0.2069,20,0.95,0.1071,1.0,3,0,0,0,0,0,0,0,0
55,0,0,2,1,83.6364,0,0,0.1818,47,0.8,0.0556,1.0,2,0,0,0,0,0,0,0,0
32,0,0,1,1,84.375,0,0,0.1562,24,0.95,0.129,1.0,3,1,0,1,110,0,1,0,1
28,0,0,1,0,75.0,0,0,0.1786,21,0.95,0.1852,1.0,3,0,0,0,0,0,0,0,0
29,0,0,1,0,75.8621,0,0,0.1724,22,0.5,0.1429,1.0,3,0,0,0,0,0,0,0,0
25,0,0,1,0,60.0,0,0,0.2,18,0.5,0.1667,1.0,2,0,0,0,0,0,0,0,0
40,0,0,2,0,75.0,0,0,0.175,33,0.8,0.1282,1.0,2,0,0,0,0,0,0,0,0
75,0,0,1,0,85.3333,0,0,0.0933,28,0.95,0.0541,1.0,3,0,0,0,0,0,0,0,0
33,0,0,2,0,81.8182,0,0,0.1818,26,0.8,0.1562,1.0,2,0,0,0,0,0,0,0,0
31,0,0,2,1,83.871,0,0,0.1935,23,0.5,0.1333,1.0,2,0,0,0,0,0,0,0,0
24,0,0,2,1,58.3333,0,0,0.25,16,0.5,0.1739,1.0,2,0,0,0,0,0,0,0,0
34,0,0,1,1,70.5882,0,0,0.1471,26,0.95,0.1212,1.0,3,0,0,0,0,0,0,0,0
89,0,0,1,1,92.1348,0,0,0.0787,16,0.5,0.0227,1.0,4,0,0,0,0,0,0,0,0
26,0,0,2,1,53.8462,0,0,0.2308,18,0.9,0.16,1.0,2,0,0,0,0,0,0,0,0
33,0,0,1,1,66.6667,0,0,0.1515,25,0.9,0.125,1.0,3,0,0,0,0,0,0,0,0
90,0,1,1,1,90.0,1,1,0.1333,43,0.5,0.0562,0.9889,3,0,0,0,0,0,0,0,0
41,0,0,2,1,70.7317,0,0,0.1707,32,0.8,0.075,1.0,2,0,0,0,0,0,0,0,0
28,0,0,1,0,75.0,0,0,0.1786,21,0.95,0.1481,1.0,3,0,0,0,0,0,0,0,0
37,0,0,1,1,78.3784,0,0,0.1622,28,0.95,0.0833,1.0,3,0,0,0,0,0,0,0,0
26,0,0,1,1,73.0769,0,0,0.1923,18,0.9,0.2,1.0,3,5,1,1,3,1,1,1,1
27,0,0,2,1,70.3704,0,0,0.2222,19,0.9,0.1538,1.0,2,0,0,0,0,0,0,0,0
26,0,0,1,1,57.6923,0,0,0.1923,18,0.95,0.2,1.0,3,0,0,1,35,0,1,0,1
46,0,0,1,1,76.087,0,0,0.1522,37,0.95,0.0667,1.0,3,0,0,0,0,0,0,0,0
28,0,0,1,1,78.5714,0,0,0.1786,20,0.95,0.1481,1.0,3,1,0,0,2,0,1,0,1
53,0,1,1,1,83.0189,0,0,0.1698,19,0.5,0.0385,0.9811,2,0,0,0,0,0,0,0,0
27,0,0,1,1,62.963,0,0,0.1852,19,0.95,0.1538,1.0,3,3,0,1,68,0,1,0,1
29,0,0,2,0,62.069,0,0,0.2069,22,0.5,0.1429,1.0,3,0,0,0,0,0,0,0,0
101,0,0,2,1,90.099,0,0,0.099,76,0.95,0.1,1.0,3,0,0,0,0,0,0,0,0
30,0,0,1,1,66.6667,0,0,0.1667,22,0.95,0.1379,1.0,3,0,0,0,0,0,0,0,0
33,0,0,2,1,69.697,0,0,0.1818,25,0.9,0.1562,1.0,2,0,0,0,0,0,0,0,0
34,0,0,3,1,70.5882,0,0,0.2059,26,0.9,0.1515,1.0,2,0,0,0,2,0,0,0,1
45,0,0,1,1,84.4444,0,0,0.1111,37,0.95,0.1591,1.0,3,0,0,0,0,0,0,0,0
22,0,0,1,1,54.5455,0,0,0.2273,14,0.95,0.1905,1.0,3,0,0,0,0,0,0,0,0
24,0,0,1,1,58.3333,0,0,0.2083,16,0.95,0.1739,1.0,3,0,0,0,0,0,0,0,0
24,0,0,1,1,45.8333,0,0,0.2083,16,0.95,0.1739,1.0,3,0,0,0,0,0,0,0,0
27,0,0,1,0,74.0741,0,0,0.1852,20,0.95,0.1538,1.0,3,0,0,0,0,0,0,0,0
28,0,0,1,1,67.8571,0,0,0.1786,20,0.95,0.1481,1.0,3,0,0,0,1,0,1,0,1
28,0,0,1,0,71.4286,0,0,0.1786,21,0.95,0.1481,1.0,3,0,0,0,0,0,1,0,0
62,0,0,1,0,91.9355,0,0,0.0806,55,0.95,0.1148,1.0,3,0,0,0,0,0,0,0,0
83,0,0,2,1,90.3614,0,0,0.0843,74,0.5,0.0244,1.0,4,0,0,0,0,0,0,0,0
23,0,0,1,1,47.8261,0,0,0.2174,15,0.95,0.1818,1.0,3,0,0,0,0,0,0,0,0
167,0,0,1,1,95.8084,3,1,0.1257,15,0.95,0.0422,1.0,3,0,0,0,0,0,0,0,0
23,0,0,1,0,65.2174,0,0,0.2174,16,0.5,0.1818,1.0,2,0,0,0,0,0,0,0,0
21,0,0,1,1,61.9048,0,0,0.2381,13,0.5,0.2,1.0,3,0,0,1,0,1,1,0,0
49,0,0,4,0,83.6735,0,0,0.2041,42,0.95,0.0833,1.0,3,0,0,0,0,0,0,0,0
38,0,0,1,1,68.4211,0,0,0.1842,29,0.35,0.0811,1.0,4,0,0,0,0,0,0,0,0
27,0,0,1,1,66.6667,0,0,0.2222,18,0.5,0.0769,1.0,3,0,0,0,0,0,0,0,0
47,0,0,1,1,72.3404,0,0,0.1489,38,0.35,0.087,1.0,4,0,0,0,0,0,0,0,0
27,0,0,2,1,48.1481,0,0,0.2222,19,0.88,0.1538,1.0,2,0,0,0,0,0,0,0,0
33,0,0,1,1,69.697,0,0,0.1515,25,0.95,0.125,1.0,3,0,0,0,0,0,0,0,0
20,0,0,0,1,50.0,0,0,0.25,11,0.95,0.1053,1.0,3,0,0,0,0,1,1,0,0
48,0,0,3,0,93.75,0,0,0.2083,40,0.3,0.0851,1.0,3,0,0,0,0,0,0,0,0
27,0,0,3,1,66.6667,0,0,0.2593,19,0.5,0.1923,1.0,3,0,0,0,0,0,0,0,0
34,0,0,1,1,67.6471,0,0,0.2353,25,0.5,0.1212,1.0,3,0,0,0,0,0,0,0,0
29,0,0,1,1,72.4138,0,0,0.1724,21,0.95,0.1786,1.0,3,0,0,0,0,0,0,0,1
22,0,0,1,1,68.1818,0,0,0.2273,14,0.85,0.1905,1.0,3,0,0,0,0,0,0,0,0
29,0,0,1,1,79.3103,0,0,0.1724,21,0.95,0.1786,1.0,3,0,0,0,0,0,0,0,0
29,0,0,1,0,79.3103,0,0,0.1724,22,0.95,0.1786,1.0,3,0,0,0,0,0,0,0,1
36,0,0,1,1,69.4444,0,0,0.2222,27,0.95,0.1143,1.0,3,0,0,0,0,0,0,0,0
28,0,0,1,1,57.1429,0,0,0.1786,20,0.95,0.1481,1.0,3,0,0,0,0,0,0,0,0
24,0,0,2,1,66.6667,0,0,0.25,16,0.5,0.2174,1.0,2,0,0,0,0,0,0,0,0
29,0,0,1,1,62.069,0,0,0.1724,21,0.95,0.1429,1.0,3,0,0,0,0,0,0,0,0
25,0,0,1,1,68.0,0,0,0.2,17,0.9,0.1667,1.0,3,0,0,1,11,0,1,0,1
43,0,0,1,0,76.7442,0,0,0.2093,17,0.35,0.119,1.0,3,0,0,0,0,0,0,0,0
19,0,0,1,1,63.1579,0,0,0.2632,11,0.5,0.2222,1.0,2,1,0,0,15,0,1,0,1
61,0,0,1,1,90.1639,0,0,0.1311,52,0.8,0.0667,1.0,2,0,0,0,0,0,0,0,0
30,0,0,1,0,70.0,0,0,0.2,22,0.9,0.069,1.0,3,0,0,0,0,0,0,0,0
52,0,0,1,1,88.4615,0,0,0.1731,43,0.95,0.0784,1.0,3,0,0,0,0,0,0,0,0
18,0,0,1,0,50.0,0,0,0.2778,11,0.5,0.2353,1.0,2,0,0,0,0,0,0,0,0
61,0,0,1,1,81.9672,0,1,0.1148,38,0.5,0.0833,1.0,2,0,0,0,0,0,0,0,0
29,0,0,1,1,75.8621,0,0,0.1724,21,0.85,0.1786,1.0,3,0,0,0,0,0,0,0,0
44,0,0,1,1,77.2727,0,0,0.2045,35,0.5,0.1163,1.0,3,0,0,0,0,0,0,0,0
46,0,0,1,1,80.4348,0,0,0.1304,37,0.95,0.1111,1.0,3,0,0,0,0,0,0,0,0
27,0,0,2,1,66.6667,0,0,0.2222,19,0.95,0.1538,1.0,3,0,0,0,0,0,0,0,0
24,0,0,1,0,70.8333,0,0,0.2083,17,0.95,0.1739,1.0,3,0,0,0,0,0,0,0,0
25,0,0,2,1,72.0,0,0,0.24,17,0.5,0.1667,1.0,2,0,0,0,0,0,0,0,0
24,0,0,1,1,54.1667,0,0,0.2083,16,0.95,0.1739,1.0,3,0,0,0,1,0,1,0,1
29,0,0,0,1,86.2069,0,0,0.1724,10,0.5,0.1071,1.0,2,0,0,0,0,0,0,0,0
25,0,0,1,0,64.0,0,0,0.2,18,0.5,0.1667,1.0,4,0,0,0,0,0,0,0,0
208,0,0,3,1,97.5962,5,2,0.1635,52,0.3,0.0531,0.976,3,0,0,0,0,0,0,0,0
39,0,0,0,1,69.2308,0,0,0.1795,13,0.5,0.0526,1.0,4,0,0,0,0,0,0,0,0
37,0,0,1,1,70.2703,0,0,0.1622,28,0.5,0.1111,1.0,3,0,0,0,0,0,0,0,0
35,0,0,1,1,71.4286,0,0,0.1714,26,0.95,0.0882,1.0,3,0,0,0,0,0,0,0,0
22,0,0,1,1,50.0,0,0,0.2273,14,0.95,0.2381,1.0,3,0,0,0,0,0,0,0,0
40,0,0,1,1,77.5,0,0,0.2,31,0.35,0.0769,1.0,4,0,0,0,0,0,0,0,0
27,0,0,1,1,66.6667,0,0,0.1852,19,0.8,0.1538,1.0,2,0,0,1,18,1,1,0,1
26,0,0,1,1,65.3846,0,0,0.1923,18,0.5,0.16,1.0,2,0,0,0,0,0,0,0,0
19,0,0,1,1,68.4211,0,0,0.2632,11,0.88,0.2222,1.0,2,0,0,0,4,0,1,0,1
64,0,0,1,1,85.9375,1,1,0.1562,38,0.5,0.0317,1.0,2,0,0,0,0,0,0,0,0
28,0,0,1,1,71.4286,0,0,0.1786,20,0.5,0.1852,1.0,2,0,0,0,0,0,0,0,0
47,0,0,3,1,82.9787,0,0,0.2128,30,0.3,0.087,1.0,3,0,0,0,0,0,0,0,0
26,0,0,1,1,57.6923,0,0,0.2692,17,0.95,0.08,1.0,3,0,0,0,0,0,0,0,0
23,0,0,1,1,60.8696,0,0,0.2174,15,0.5,0.1818,1.0,2,0,4,1,5,0,1,0,1
32,0,0,1,0,59.375,0,0,0.1875,25,0.95,0.1935,1.0,3,0,0,0,0,0,0,0,0
23,0,0,1,1,60.8696,0,0,0.2609,15,0.88,0.1818,1.0,2,0,0,0,86,0,1,0,1
30,0,0,1,1,70.0,0,0,0.1667,22,0.5,0.1724,1.0,2,0,0,0,0,0,0,0,0
45,0,0,1,1,84.4444,0,0,0.1556,26,0.95,0.0455,1.0,3,0,0,0,0,0,0,0,0
37,0,0,1,1,59.4595,0,0,0.1892,28,0.95,0.1111,1.0,3,0,0,0,0,0,0,0,0
21,0,0,0,0,47.619,0,0,0.2381,14,0.5,0.1,1.0,3,0,0,0,0,0,0,0,0
73,0,0,2,1,86.3014,0,0,0.2055,44,0.5,0.0694,1.0,2,0,0,0,0,0,0,0,0
35,0,0,2,0,82.8571,0,0,0.1714,28,0.95,0.1471,1.0,3,0,0,0,0,0,0,0,0
27,0,0,1,1,81.4815,0,0,0.1852,19,0.9,0.1538,1.0,3,0,0,0,0,0,0,0,0
49,0,0,2,1,67.3469,0,0,0.1837,40,0.5,0.0833,1.0,3,0,0,0,0,0,0,0,0
65,0,1,2,1,89.2308,0,0,0.1538,32,0.5,0.0312,0.9846,2,0,0,0,0,0,0,0,0
31,0,0,1,1,87.0968,0,0,0.1613,23,0.95,0.1667,1.0,3,0,0,0,0,0,1,0,1
27,0,0,1,1,59.2593,0,0,0.2222,16,0.95,0.1538,1.0,3,0,0,0,0,0,0,0,0
27,0,0,1,0,51.8519,0,0,0.2222,20,0.95,0.1923,1.0,3,0,0,0,0,0,0,0,0
26,0,0,1,1,73.0769,0,0,0.1923,18,0.95,0.2,1.0,3,0,0,0,0,0,0,0,0
25,0,0,1,1,68.0,0,0,0.2,17,0.95,0.2083,1.0,3,0,0,0,0,0,0,0,0
32,0,0,1,1,78.125,0,0,0.1562,24,0.95,0.129,1.0,3,0,0,0,0,0,0,0,0
31,0,0,1,1,70.9677,0,0,0.1613,23,0.95,0.1333,1.0,3,0,0,0,0,0,0,0,0
38,0,0,2,0,78.9474,0,0,0.1579,31,0.95,0.1622,1.0,3,0,0,0,0,0,0,0,0
25,0,0,1,1,80.0,0,0,0.2,17,0.95,0.1667,1.0,3,0,0,0,0,0,0,0,0
23,0,0,1,1,52.1739,0,0,0.2174,15,0.95,0.1818,1.0,3,0,0,0,0,0,0,0,0
28,0,0,1,0,60.7143,0,0,0.1786,21,0.95,0.1481,1.0,3,0,0,0,0,0,0,0,0
22,0,0,2,1,63.6364,0,0,0.2727,14,0.5,0.1905,1.0,2,0,0,0,0,0,0,0,0
26,0,0,1,1,69.2308,0,0,0.1923,18,0.85,0.16,1.0,3,0,0,0,0,0,0,0,0
26,0,0,1,1,65.3846,0,0,0.2308,18,0.95,0.16,1.0,3,0,0,0,0,0,0,0,0
29,0,0,1,1,72.4138,0,0,0.1724,21,0.95,0.1429,1.0,3,1,0,1,182,0,1,0,1
34,0,0,1,1,55.8824,0,0,0.2059,25,0.95,0.0909,1.0,3,0,0,0,0,0,0,0,0
27,0,0,1,1,70.3704,0,0,0.1852,19,0.95,0.1923,1.0,3,0,0,0,0,0,0,0,0
27,0,0,1,1,59.2593,0,0,0.1852,19,0.95,0.1538,1.0,3,0,0,1,95,0,1,0,1
30,0,0,1,1,83.3333,0,0,0.1667,22,0.5,0.1379,1.0,2,0,0,0,0,0,0,0,0
37,0,0,1,1,78.3784,0,0,0.1351,29,0.85,0.1111,1.0,3,0,0,0,5,0,0,0,1
38,0,0,1,1,57.8947,0,0,0.1842,29,0.95,0.0811,1.0,3,0,0,0,0,0,0,0,0
24,0,0,1,0,83.3333,0,0,0.2083,17,0.95,0.2174,1.0,3,0,0,0,0,0,0,0,0
19,0,0,1,1,47.3684,0,0,0.2632,11,0.9,0.2222,1.0,3,0,0,0,0,0,0,0,0
26,0,0,2,1,73.0769,0,0,0.2308,18,0.9,0.16,1.0,2,0,0,0,0,0,0,0,0
29,0,0,1,0,79.3103,0,0,0.1724,22,0.35,0.1429,1.0,6,0,0,0,0,0,0,0,0
21,0,0,1,1,61.9048,0,0,0.2381,13,0.88,0.2,1.0,2,0,0,0,0,0,0,0,0
24,0,0,1,1,62.5,0,0,0.2083,16,0.95,0.1739,1.0,3,0,0,0,0,0,0,0,0
21,0,0,1,0,52.381,0,0,0.2381,14,0.95,0.2,1.0,3,0,0,0,0,0,0,0,0
40,0,0,0,1,77.5,0,0,0.1,32,0.35,0.0769,1.0,4,0,0,0,0,0,0,0,0
28,0,0,1,1,67.8571,0,0,0.1786,20,0.95,0.1852,1.0,3,0,0,0,0,0,0,0,0
29,0,0,1,1,62.069,0,0,0.1724,21,0.95,0.1429,1.0,3,0,0,0,0,0,0,0,0
16,0,0,1,0,56.25,0,0,0.3125,9,0.5,0.2667,1.0,2,0,0,0,0,0,0,0,0
33,0,0,1,0,81.8182,0,0,0.1515,26,0.9,0.125,1.0,3,0,0,0,0,0,0,0,0
48,0,0,1,0,81.25,0,0,0.1667,19,0.95,0.0426,1.0,3,0,0,0,0,0,0,0,0
71,0,0,1,1,90.1408,0,0,0.1549,37,0.95,0.0857,1.0,3,0,0,0,0,0,0,0,0
36,0,0,1,0,69.4444,0,0,0.2222,10,0.5,0.0571,1.0,2,0,0,0,0,0,0,0,0
19,0,0,0,0,52.6316,0,0,0.2632,11,0.95,0.1667,1.0,3,0,0,0,0,0,0,0,0
59,0,0,2,0,91.5254,0,0,0.2034,20,0.5,0.069,1.0,2,0,0,0,0,0,0,0,0
31,0,0,1,1,67.7419,0,0,0.1613,23,0.95,0.1333,1.0,3,0,0,0,0,0,0,0,0
41,0,0,1,1,85.3659,0,0,0.122,33,0.95,0.1,1.0,3,0,0,0,0,0,0,0,0
34,0,0,2,0,88.2353,0,0,0.1765,27,0.95,0.1212,1.0,3,0,0,0,0,0,0,0,0
24,0,0,1,0,66.6667,0,0,0.2083,17,0.55,0.1739,1.0,4,0,0,0,0,0,0,0,0
34,0,0,1,1,82.3529,0,0,0.1471,26,0.95,0.1212,1.0,3,0,0,1,7,0,1,0,1
20,0,0,1,1,75.0,0,0,0.25,12,0.95,0.2105,1.0,3,1,0,0,88,0,1,0,1
18,0,0,1,0,50.0,0,0,0.2778,11,0.5,0.2353,1.0,2,0,0,0,0,0,0,0,0
28,0,0,1,1,67.8571,0,0,0.1786,20,0.95,0.1481,1.0,3,0,0,0,0,0,0,0,0
67,0,0,0,1,85.0746,0,0,0.0896,7,0.5,0.0303,1.0,2,0,0,0,0,0,0,0,0
30,0,0,1,0,63.3333,0,0,0.1667,23,0.95,0.1724,1.0,3,0,0,0,0,0,0,0,0
29,0,0,1,1,41.3793,0,0,0.1724,21,0.95,0.1429,1.0,3,0,0,0,0,0,0,0,0
56,0,0,2,1,78.5714,0,0,0.1964,47,0.8,0.0545,1.0,2,0,0,0,0,0,0,0,0
24,0,0,1,1,70.8333,0,0,0.2083,16,0.95,0.1739,1.0,3,0,0,0,0,0,0,0,0
21,0,0,1,1,47.619,0,0,0.2381,13,0.95,0.2,1.0,3,0,0,0,0,0,0,0,0
178,0,0,1,1,93.8202,4,1,0.1236,15,0.95,0.0395,1.0,3,0,0,0,0,0,0,0,0
25,0,0,0,1,84.0,0,0,0.2,16,0.3,0.2083,1.0,3,0,0,0,0,0,0,0,0
29,0,0,2,0,62.069,0,0,0.2069,22,0.5,0.1429,1.0,2,0,0,0,0,0,0,0,0
31,0,0,1,1,77.4194,0,0,0.1613,23,0.85,0.1333,1.0,3,0,0,0,1,0,1,0,1
23,0,0,2,1,73.913,0,0,0.2609,15,0.85,0.1818,1.0,2,0,0,0,0,0,0,0,0
22,0,0,1,0,81.8182,0,0,0.2727,14,0.5,0.0952,1.0,2,0,0,0,0,0,0,0,0
32,0,0,2,1,93.75,0,0,0.1875,24,0.95,0.129,1.0,3,0,0,0,0,0,0,0,0
27,0,0,2,0,59.2593,0,0,0.2222,20,0.5,0.1538,1.0,2,0,0,0,0,0,0,0,0
51,0,0,1,1,90.1961,0,0,0.1569,42,0.8,0.06,1.0,2,0,0,0,0,0,0,0,0
20,0,0,1,0,70.0,0,0,0.25,13,0.95,0.2632,1.0,3,0,0,0,0,0,0,0,0
29,0,0,1,1,58.6207,0,0,0.2069,21,0.95,0.1429,1.0,3,0,2,0,0,0,0,0,0
28,0,0,1,1,71.4286,0,0,0.1786,20,0.95,0.1481,1.0,3,0,0,0,0,0,0,0,0
26,0,0,2,1,76.9231,0,0,0.2308,18,0.99,0.16,1.0,3,0,0,1,27,1,1,0,1
34,0,0,1,1,70.5882,0,0,0.1471,26,0.95,0.1212,1.0,3,0,0,0,0,0,0,0,0
29,0,0,1,1,75.8621,0,0,0.1724,21,0.95,0.1786,1.0,3,0,0,0,0,0,0,0,0
21,0,0,1,0,61.9048,0,0,0.2381,14,0.5,0.25,1.0,2,0,0,0,0,0,0,0,0
30,0,0,1,1,73.3333,0,0,0.1667,22,0.9,0.1379,1.0,3,0,0,0,0,0,0,0,0
25,0,0,1,1,64.0,0,0,0.2,17,0.5,0.1667,1.0,2,0,0,0,0,0,0,0,0
72,0,0,2,0,87.5,0,0,0.1111,25,0.5,0.0282,1.0,2,0,0,0,0,0,0,0,0
41,0,0,1,0,63.4146,0,0,0.122,34,0.95,0.125,1.0,3,0,0,0,0,0,0,0,0
23,0,0,2,1,69.5652,0,0,0.2609,15,0.98,0.1818,1.0,3,0,0,0,0,0,0,0,0
28,0,0,1,1,64.2857,0,0,0.2143,20,0.95,0.1481,1.0,3,0,0,0,57,0,0,0,1
44,0,0,1,1,75.0,0,0,0.1364,35,0.95,0.093,1.0,3,0,0,0,0,0,0,0,0
31,0,0,2,0,64.5161,0,0,0.1935,24,0.95,0.1667,1.0,3,0,0,0,0,0,0,0,0
33,0,0,1,1,78.7879,0,0,0.1515,25,0.9,0.1875,1.0,3,0,0,0,0,0,0,0,0
41,0,0,1,0,73.1707,0,0,0.2195,16,0.5,0.075,1.0,2,0,0,0,0,0,0,0,0
50,0,0,4,1,82.0,0,0,0.18,41,0.85,0.0816,1.0,3,0,0,0,0,0,0,0,0
25,0,0,1,0,76.0,0,0,0.2,18,0.95,0.1667,1.0,3,0,0,0,0,0,0,0,0
21,0,0,1,0,71.4286,0,0,0.2381,14,0.3,0.3,1.0,3,0,0,0,0,0,0,0,0
33,0,0,1,0,66.6667,0,0,0.1515,26,0.95,0.1875,1.0,3,0,0,0,0,0,0,0,0
21,0,0,1,1,61.9048,0,0,0.2381,13,0.9,0.2,1.0,3,0,0,0,0,0,0,0,0
86,0,0,1,1,95.3488,0,0,0.1395,29,0.35,0.0471,1.0,6,0,0,0,0,0,0,0,0
100,0,0,2,1,92.0,0,0,0.1,79,0.5,0.0404,1.0,2,0,0,0,0,0,0,0,0
26,0,0,1,1,61.5385,0,0,0.2308,17,0.5,0.12,1.0,2,0,0,0,0,0,0,0,0
29,0,0,1,1,62.069,0,0,0.2069,21,0.9,0.1786,1.0,3,0,0,0,0,0,0,0,0
21,0,0,1,1,66.6667,0,0,0.2381,13,0.9,0.2,1.0,3,2,0,1,3,0,1,1,1
26,0,0,2,1,80.7692,0,0,0.2308,18,0.8,0.08,1.0,2,0,0,0,0,0,0,0,0
30,0,0,1,1,63.3333,0,0,0.1667,22,0.9,0.1379,1.0,3,0,0,0,0,0,0,0,0
27,0,0,1,1,51.8519,0,0,0.1852,19,0.95,0.1538,1.0,3,0,0,0,0,0,0,0,0
28,0,0,1,1,75.0,0,0,0.1786,20,0.95,0.1481,1.0,3,0,0,0,0,0,0,0,0
40,0,0,1,1,77.5,0,0,0.2,18,0.5,0.0513,1.0,2,0,0,0,0,0,0,0,0
51,0,0,1,1,80.3922,0,0,0.1961,42,0.95,0.06,1.0,3,0,0,0,0,0,0,0,0
30,0,0,1,0,70.0,0,0,0.1667,23,0.95,0.1034,1.0,3,0,0,0,0,0,0,0,0
86,0,0,1,1,90.6977,0,0,0.0814,13,0.5,0.0471,1.0,2,0,0,0,0,0,0,0,0
55,0,0,0,1,85.4545,0,0,0.1636,12,0.95,0.0556,1.0,3,0,0,0,0,0,0,0,0
44,0,0,0,1,81.8182,0,0,0.1818,16,0.95,0.0465,1.0,3,0,0,0,0,0,0,0,0
29,0,0,1,0,68.9655,0,0,0.1724,22,0.95,0.1786,1.0,3,0,0,0,0,0,0,0,0
23,0,0,1,1,56.5217,0,0,0.2174,15,0.95,0.1818,1.0,3,0,0,0,0,0,0,0,0
30,0,0,1,1,70.0,0,0,0.1667,22,0.95,0.1379,1.0,3,0,0,0,0,0,0,0,0
25,0,0,1,1,60.0,0,0,0.24,17,0.95,0.1667,1.0,3,2,1,1,64,0,1,0,1
21,0,0,1,0,57.1429,0,0,0.2381,14,0.5,0.2,1.0,2,0,0,0,0,0,0,0,0
35,0,0,2,1,68.5714,0,0,0.1714,27,0.9,0.1471,1.0,2,0,0,0,0,0,0,0,0
27,0,0,1,1,74.0741,0,0,0.1852,19,0.95,0.1538,1.0,3,0,0,0,0,0,0,0,0
23,0,0,1,1,65.2174,0,0,0.2174,15,0.95,0.2273,1.0,3,0,0,0,0,0,0,0,0
33,0,0,2,1,66.6667,0,0,0.1818,25,0.9,0.125,1.0,2,3,4,1,6,0,1,0,1
31,0,0,1,1,58.0645,0,0,0.1613,23,0.95,0.1333,1.0,3,0,0,0,0,0,0,0,0
25,0,0,1,1,84.0,0,0,0.2,17,0.95,0.2083,1.0,3,0,0,0,0,0,0,0,0
32,0,0,1,1,68.75,0,0,0.1562,24,0.95,0.129,1.0,3,0,0,0,0,0,0,0,0
23,0,0,1,1,65.2174,0,0,0.2609,15,0.95,0.2727,1.0,3,0,0,0,0,0,1,0,0
26,0,0,1,1,84.6154,0,0,0.1923,18,0.88,0.16,1.0,2,0,0,0,0,1,1,0,1
32,0,0,2,1,78.125,0,0,0.1875,24,0.9,0.129,1.0,2,0,0,0,0,0,0,0,0
27,0,0,1,1,55.5556,0,0,0.1852,19,0.95,0.1538,1.0,3,0,0,0,0,0,0,0,0
26,0,0,1,1,69.2308,0,0,0.1923,18,0.95,0.16,1.0,3,0,0,0,0,1,1,0,1
33,0,0,2,1,81.8182,0,0,0.1818,25,0.88,0.125,1.0,2,0,0,0,0,0,0,0,0
29,0,0,1,1,65.5172,0,0,0.1724,21,0.9,0.1429,1.0,3,0,0,0,0,0,0,0,0
49,0,0,0,1,83.6735,1,1,0.1633,9,0.5,0.0625,1.0,2,0,0,0,0,0,0,0,0
38,0,0,1,1,68.4211,0,0,0.1842,29,0.95,0.1081,1.0,3,0,0,0,0,0,0,0,0
38,0,0,1,1,76.3158,0,0,0.2105,29,0.95,0.1081,1.0,3,0,0,0,0,0,0,0,0
49,0,0,2,1,75.5102,0,0,0.1837,40,0.5,0.0417,1.0,3,0,0,0,0,0,0,0,0
21,0,0,1,0,61.9048,0,0,0.2381,14,0.95,0.25,1.0,3,0,0,0,0,0,0,0,0
36,0,0,1,1,61.1111,0,0,0.2222,27,0.35,0.0857,1.0,4,0,0,0,0,0,0,0,0
26,0,0,2,1,57.6923,0,0,0.2308,18,0.5,0.16,1.0,2,0,0,0,0,0,0,0,0
27,0,0,1,0,66.6667,0,0,0.1852,20,0.9,0.1538,1.0,3,0,0,0,0,0,0,0,0
24,0,0,1,1,70.8333,0,0,0.2083,16,0.5,0.2174,1.0,2,0,0,0,0,0,0,0,0
31,0,0,1,1,67.7419,0,0,0.1935,23,0.95,0.1667,1.0,3,0,0,0,1,1,1,0,1
31,0,0,1,1,77.4194,0,0,0.1613,23,0.95,0.2333,1.0,3,0,0,0,2,0,0,0,1
34,0,0,1,0,73.5294,0,0,0.1765,27,0.55,0.1212,1.0,4,0,0,0,0,0,0,0,0
48,0,0,2,0,79.1667,0,0,0.25,31,0.95,0.0426,1.0,3,0,0,0,0,0,0,0,0
20,0,0,1,0,50.0,0,0,0.25,13,0.5,0.2105,1.0,2,0,0,0,0,0,0,0,0
31,0,0,1,1,74.1935,0,0,0.1613,23,0.95,0.1667,1.0,3,0,0,0,0,0,0,0,0
172,0,0,2,0,95.9302,3,1,0.1919,51,0.5,0.0585,1.0,2,0,0,0,0,0,0,0,0
31,0,0,1,1,74.1935,0,0,0.1935,23,0.95,0.1333,1.0,3,0,0,0,0,0,0,0,0
16,0,0,1,0,62.5,0,0,0.3125,9,0.5,0.2667,1.0,2,0,0,0,0,0,0,0,0
21,0,0,1,1,42.8571,0,0,0.2381,13,0.95,0.2,1.0,3,0,0,1,0,0,1,0,1
33,0,0,1,1,75.7576,0,0,0.1515,25,0.95,0.1562,1.0,3,8,0,0,18,0,1,0,1
25,0,0,1,0,60.0,0,0,0.2,18,0.85,0.1667,1.0,3,0,0,0,0,0,0,0,0
36,0,0,2,1,72.2222,0,0,0.1667,28,0.9,0.1143,1.0,2,0,0,0,0,0,0,0,0
116,0,0,1,1,93.9655,0,0,0.069,64,0.85,0.0435,1.0,3,0,0,0,0,0,0,0,0
20,0,0,1,1,55.0,0,0,0.25,12,0.95,0.2105,1.0,3,0,0,0,0,0,0,0,0
27,0,0,1,1,74.0741,0,0,0.1852,19,0.95,0.1538,1.0,3,0,0,0,0,0,0,0,0
34,0,0,1,1,76.4706,0,0,0.1765,26,0.88,0.1212,1.0,2,0,0,0,0,0,0,0,0
45,0,0,1,1,62.2222,0,0,0.2,36,0.5,0.1364,1.0,3,0,0,0,0,0,0,0,0
19,0,0,1,1,68.4211,0,0,0.2632,11,0.5,0.2222,1.0,2,0,2,0,11,0,1,0,0
38,0,0,1,0,71.0526,0,0,0.1842,30,0.95,0.0811,1.0,3,0,0,0,0,0,0,0,0
25,0,0,1,0,76.0,0,0,0.24,18,0.5,0.2083,1.0,2,0,0,0,0,0,0,0,0
31,0,0,1,1,80.6452,0,0,0.1613,23,0.95,0.1333,1.0,3,0,0,0,0,0,0,0,0
26,0,0,1,1,73.0769,0,0,0.2308,15,0.95,0.24,1.0,3,0,0,0,0,0,0,0,0
20,0,0,1,0,55.0,0,0,0.25,13,0.95,0.2105,1.0,3,0,0,0,0,0,0,0,0
26,0,0,2,0,65.3846,0,0,0.2308,19,0.5,0.16,1.0,2,0,0,0,0,0,0,0,0
26,0,0,1,1,76.9231,0,0,0.1923,18,0.95,0.16,1.0,3,0,0,0,0,0,0,0,0
30,0,0,1,1,60.0,0,0,0.1667,22,0.99,0.1724,1.0,3,0,0,0,0,0,0,0,0
26,0,0,1,1,69.2308,0,0,0.1923,18,0.95,0.16,1.0,3,0,0,0,0,0,0,0,0
47,0,0,0,0,80.8511,0,0,0.1702,16,0.5,0.1087,1.0,4,0,0,0,0,0,0,0,0
20,0,0,1,1,65.0,0,0,0.25,12,0.95,0.2632,1.0,3,3,0,0,254,0,1,0,1
72,0,0,2,0,83.3333,0,0,0.1111,25,0.5,0.0423,1.0,2,0,0,0,0,0,0,0,0
39,0,0,1,1,87.1795,0,0,0.1538,30,0.5,0.1053,1.0,3,0,0,0,0,0,0,0,0
24,0,0,1,0,58.3333,0,0,0.2083,17,0.5,0.1739,1.0,2,0,0,0,0,0,0,0,0
24,0,0,1,1,66.6667,0,0,0.25,16,0.95,0.1739,1.0,3,0,0,0,0,0,0,0,0
36,0,0,1,1,83.3333,0,0,0.1389,28,0.9,0.1429,1.0,3,0,0,0,0,0,0,0,0
74,0,0,0,1,82.4324,0,0,0.0946,14,0.5,0.0685,1.0,2,0,0,0,0,0,0,0,0
31,0,0,1,0,67.7419,0,0,0.1935,24,0.95,0.1333,1.0,3,0,0,0,0,0,0,0,0
25,0,0,1,1,80.0,0,0,0.2,17,0.95,0.2083,1.0,3,0,0,0,0,0,0,0,0
30,0,0,1,1,76.6667,0,0,0.1667,22,0.9,0.1724,1.0,3,0,0,0,0,0,0,0,0
25,0,0,1,0,56.0,0,0,0.2,18,0.95,0.1667,1.0,3,0,0,0,0,0,0,0,0
22,0,0,0,0,68.1818,0,0,0.1818,15,0.95,0.0952,1.0,3,0,0,0,0,0,0,0,0
27,0,0,1,1,59.2593,0,0,0.2222,19,0.5,0.1923,1.0,2,0,0,0,0,0,0,0,0
210,0,1,1,0,96.6667,1,1,0.1048,14,0.5,0.0239,0.9905,2,0,0,0,0,0,0,0,0
30,0,0,1,1,60.0,0,0,0.1667,22,0.95,0.1379,1.0,3,0,0,0,0,0,0,0,0
21,0,0,1,1,66.6667,0,0,0.2381,13,0.5,0.2,1.0,2,0,0,0,0,0,0,0,0
28,0,0,3,1,57.1429,0,0,0.25,20,0.9,0.1481,1.0,2,1,0,0,2,0,0,0,1
27,0,0,2,1,70.3704,0,0,0.2222,19,0.5,0.1538,1.0,2,0,0,0,0,0,0,0,0
24,0,0,1,1,62.5,0,0,0.2083,16,0.95,0.1739,1.0,3,0,0,0,0,0,0,0,0
28,0,0,1,1,78.5714,0,0,0.1786,20,0.95,0.1481,1.0,3,0,0,0,0,0,0,0,0
31,0,0,1,1,90.3226,0,0,0.1613,23,0.95,0.1333,1.0,3,0,0,0,0,0,0,0,0
34,0,0,1,0,79.4118,0,0,0.2059,26,0.5,0.0909,1.0,3,0,0,0,0,0,0,0,0
25,0,0,1,1,60.0,0,0,0.24,17,0.95,0.1667,1.0,3,1,0,0,47,0,1,0,1
24,0,0,1,1,37.5,0,0,0.2083,16,0.88,0.1739,1.0,2,0,0,0,8,0,1,0,1
27,0,0,1,1,51.8519,0,0,0.1852,19,0.95,0.1923,1.0,3,0,0,0,0,0,0,0,0
21,0,0,1,1,61.9048,0,0,0.2381,13,0.95,0.2,1.0,3,0,0,0,0,0,0,0,0
23,0,0,1,1,65.2174,0,0,0.2174,15,0.9,0.1818,1.0,3,0,0,0,0,0,0,0,0
85,0,0,1,1,85.8824,0,0,0.1529,19,0.8,0.0833,1.0,2,0,0,0,0,0,0,0,0
53,0,0,4,0,81.1321,0,0,0.1887,46,0.95,0.0769,1.0,3,0,0,0,0,0,0,0,0
31,0,0,2,0,70.9677,0,0,0.2258,24,0.95,0.1333,1.0,3,0,0,0,0,0,0,0,0
76,0,0,0,1,90.7895,0,1,0.1316,16,0.95,0.0667,1.0,3,0,0,0,0,0,0,0,0
24,0,0,0,1,50.0,0,0,0.2083,15,0.5,0.087,1.0,4,0,0,0,0,0,0,0,0
286,0,0,0,1,96.5035,1,1,0.042,17,0.95,0.0316,1.0,3,0,1,0,22,0,1,0,0
32,0,0,1,1,62.5,0,0,0.1562,24,0.85,0.129,1.0,3,0,0,0,0,0,0,0,0
24,0,0,1,1,58.3333,0,0,0.2083,16,0.5,0.1739,1.0,2,2,0,1,15,0,1,0,1
104,0,1,0,1,92.3077,0,0,0.1154,7,0.5,0.0388,0.9615,2,0,0,0,0,0,0,0,0
23,0,0,2,1,69.5652,0,0,0.2609,15,0.88,0.1818,1.0,2,0,0,0,0,0,0,0,0
28,0,0,1,1,75.0,0,0,0.1786,20,0.95,0.1852,1.0,3,0,0,0,0,0,0,0,0
36,0,0,1,1,69.4444,0,0,0.1389,28,0.95,0.1143,1.0,3,0,0,0,0,0,0,0,0
48,0,0,1,1,89.5833,0,0,0.1875,39,0.95,0.1277,1.0,3,0,0,0,0,0,0,0,0
208,0,1,0,1,94.7115,1,1,0.1058,14,0.95,0.0676,0.9904,3,0,0,0,0,0,0,0,0
52,0,0,2,1,75.0,0,0,0.1731,43,0.5,0.0588,1.0,3,0,0,0,0,0,0,0,0
25,0,0,1,1,84.0,0,0,0.2,17,0.85,0.1667,1.0,3,0,0,0,0,0,0,0,0
35,0,0,1,1,74.2857,0,0,0.1429,27,0.5,0.1176,1.0,2,0,0,0,0,0,0,0,0
89,0,0,1,1,92.1348,0,0,0.0899,15,0.5,0.0455,1.0,2,0,0,0,0,0,0,0,0
29,0,0,1,0,68.9655,0,0,0.2069,22,0.95,0.1429,1.0,3,0,0,0,0,0,0,0,0
29,0,0,1,1,72.4138,0,0,0.1724,21,0.95,0.1429,1.0,3,0,0,0,0,0,0,0,0
31,0,0,1,1,83.871,0,0,0.1613,23,0.5,0.2333,1.0,2,0,0,0,0,0,0,0,0
40,0,0,1,1,77.5,0,0,0.2,17,0.5,0.0513,1.0,2,0,0,0,0,0,0,0,0
27,0,0,1,1,77.7778,0,0,0.1852,19,0.95,0.1923,1.0,3,0,0,0,0,0,0,0,0
43,0,0,1,1,88.3721,0,0,0.1628,34,0.5,0.119,1.0,4,0,0,0,0,0,0,0,0
34,0,0,1,1,50.0,0,0,0.2059,25,0.95,0.1515,1.0,3,0,0,0,0,0,0,0,0
27,0,0,2,0,59.2593,0,0,0.2222,20,0.5,0.1538,1.0,2,0,0,0,0,0,0,0,0
40,0,0,4,0,55.0,0,0,0.225,32,0.35,0.1026,1.0,3,0,0,0,0,0,0,0,0
82,0,0,2,0,89.0244,0,0,0.0854,74,0.5,0.0864,1.0,4,0,0,0,0,0,0,0,0
22,0,0,1,1,68.1818,0,0,0.2273,14,0.9,0.2381,1.0,3,1,0,0,42,0,1,0,1
31,0,0,2,0,74.1935,0,0,0.1935,24,0.9,0.1667,1.0,2,0,0,0,0,0,0,0,0
28,0,0,1,1,78.5714,0,0,0.1786,20,0.95,0.1481,1.0,3,0,0,0,0,0,0,0,0
25,0,0,2,0,64.0,0,0,0.24,18,0.95,0.1667,1.0,3,0,0,0,0,0,0,0,0
36,0,0,0,1,72.2222,0,0,0.1944,27,0.95,0.0571,1.0,3,0,0,0,0,0,0,0,0
27,0,0,1,0,66.6667,0,0,0.1852,20,0.85,0.1923,1.0,2,0,0,0,0,0,0,0,0
25,0,0,1,0,56.0,0,0,0.2,18,0.95,0.1667,1.0,3,0,0,0,0,0,0,0,0
21,0,0,1,1,61.9048,0,0,0.2381,13,0.95,0.2,1.0,3,0,0,1,130,0,1,1,0
20,0,0,1,0,65.0,0,0,0.25,13,0.5,0.2632,1.0,2,0,0,0,0,0,0,0,0
23,0,0,1,0,65.2174,0,0,0.2174,16,0.95,0.2273,1.0,3,0,0,0,0,0,0,0,0
23,0,0,2,1,73.913,0,0,0.2609,15,0.5,0.1818,1.0,2,0,0,0,0,0,0,0,0
26,0,0,1,1,76.9231,0,0,0.1923,18,0.5,0.16,1.0,2,0,0,0,0,0,0,0,0
26,0,0,2,1,69.2308,0,0,0.2308,18,0.5,0.16,1.0,2,0,0,0,0,0,0,0,0
32,0,0,1,1,78.125,0,0,0.1562,24,0.95,0.1613,1.0,3,0,0,0,1,0,1,0,0
22,0,0,2,1,59.0909,0,0,0.2727,14,0.5,0.1905,1.0,2,1,0,0,50,0,1,0,1
28,0,0,1,1,46.4286,0,0,0.2143,20,0.95,0.1481,1.0,3,0,0,0,0,0,0,0,0
26,0,0,1,1,76.9231,0,0,0.1923,18,0.9,0.16,1.0,3,0,0,0,0,0,0,0,0
39,0,0,2,1,84.6154,0,0,0.1795,30,0.8,0.0526,1.0,2,0,0,0,0,0,0,0,0
22,0,0,1,1,63.6364,0,0,0.2273,14,0.95,0.1905,1.0,3,0,0,0,0,0,0,0,0
36,0,0,2,1,80.5556,0,0,0.1667,28,0.9,0.1143,1.0,2,0,0,0,0,0,0,0,0
32,0,0,1,1,75.0,0,0,0.1562,24,0.95,0.129,1.0,3,0,0,0,0,0,0,0,0
19,0,0,1,1,84.2105,0,0,0.2632,11,0.5,0.2222,1.0,2,0,0,0,0,0,0,0,0
28,0,0,1,1,71.4286,0,0,0.1786,20,0.95,0.1481,1.0,3,0,0,0,0,0,0,0,0
31,0,0,1,1,64.5161,0,0,0.1613,23,0.9,0.1667,1.0,3,0,0,0,0,0,0,0,0
41,0,0,1,0,78.0488,0,0,0.1951,24,0.95,0.05,1.0,3,0,0,0,0,0,0,0,0
41,0,0,1,1,78.0488,0,0,0.1463,32,0.95,0.125,1.0,3,0,0,0,0,0,0,0,0
29,0,0,1,1,68.9655,0,0,0.1724,21,0.95,0.1429,1.0,3,0,0,0,0,0,0,0,0
71,0,0,1,1,84.507,1,1,0.1549,20,0.5,0.0571,1.0,2,0,0,0,0,0,0,0,0
33,0,0,1,1,66.6667,0,0,0.1515,25,0.95,0.1562,1.0,3,0,0,0,0,0,0,0,0
20,0,0,1,0,60.0,0,0,0.25,13,0.95,0.3158,1.0,3,0,0,0,0,0,0,0,0
20,0,0,1,0,60.0,0,0,0.25,13,0.8,0.2105,1.0,2,0,0,0,0,0,0,0,0
23,0,0,1,1,65.2174,0,0,0.2174,15,0.85,0.1818,1.0,3,0,0,0,0,0,0,0,0
29,0,0,1,1,55.1724,0,0,0.1724,21,0.5,0.1786,1.0,2,0,0,0,0,0,0,0,0
17,0,0,1,0,52.9412,0,0,0.2941,10,0.5,0.25,1.0,2,0,0,0,0,0,0,0,0
30,0,0,0,1,66.6667,0,0,0.1667,21,0.95,0.1034,1.0,3,0,0,0,0,0,0,0,0
34,0,0,1,1,76.4706,0,0,0.1471,26,0.95,0.1515,1.0,3,0,0,0,0,0,0,0,0
85,0,0,2,1,90.5882,0,0,0.0941,76,0.95,0.0238,1.0,3,0,0,0,0,0,0,0,0
23,0,0,1,1,73.913,0,0,0.2174,15,0.95,0.2273,1.0,3,0,0,0,0,0,0,0,0
32,0,0,1,0,62.5,0,0,0.1562,25,0.95,0.129,1.0,3,1,0,0,0,1,1,0,1
26,0,0,1,1,76.9231,0,0,0.1923,18,0.95,0.2,1.0,3,0,0,0,0,0,0,0,0
30,0,0,1,1,80.0,0,0,0.1667,22,0.5,0.1379,1.0,2,0,2,1,2,0,0,0,1
27,0,0,1,0,74.0741,0,0,0.1852,20,0.95,0.1538,1.0,3,0,0,0,0,0,0,0,0
35,0,0,1,1,65.7143,0,0,0.1714,26,0.95,0.1176,1.0,3,0,0,0,0,0,0,0,0
32,0,0,2,1,71.875,0,0,0.1875,24,0.9,0.129,1.0,2,0,0,0,0,0,0,0,0
23,0,0,1,0,65.2174,0,0,0.2174,16,0.95,0.2273,1.0,3,0,0,0,0,0,0,0,0
28,0,0,2,0,60.7143,0,0,0.2143,21,0.5,0.1852,1.0,2,0,0,0,0,0,0,0,0
31,0,0,2,1,61.2903,0,0,0.1935,23,0.5,0.1333,1.0,2,0,0,0,0,0,0,0,0
32,0,0,1,1,62.5,0,0,0.2188,23,0.95,0.0968,1.0,3,0,0,0,0,0,0,0,0
88,0,0,0,1,94.3182,0,0,0.0909,7,0.5,0.046,1.0,2,0,0,0,0,0,0,0,0
31,0,0,1,1,77.4194,0,0,0.1613,23,0.85,0.1333,1.0,3,0,0,0,0,0,0,0,0
26,0,0,1,1,57.6923,0,0,0.1923,18,0.95,0.2,1.0,3,0,0,0,5,0,1,0,0
22,0,0,1,0,63.6364,0,0,0.2273,15,0.55,0.2381,1.0,4,0,0,0,0,0,0,0,0
29,0,0,1,0,72.4138,0,0,0.1724,22,0.95,0.1786,1.0,3,0,0,0,0,0,0,0,0
18,0,0,1,0,61.1111,0,0,0.2778,11,0.5,0.2353,1.0,2,0,0,0,0,0,0,0,0
35,0,0,2,0,77.1429,0,0,0.1714,28,0.95,0.1176,1.0,3,0,0,0,0,0,0,0,0
40,0,0,1,1,75.0,0,0,0.2,31,0.35,0.1026,1.0,4,0,0,0,0,0,0,0,0
26,0,0,1,0,50.0,0,0,0.2308,19,0.95,0.16,1.0,3,0,0,0,0,0,0,0,0
28,0,0,1,1,60.7143,0,0,0.1786,20,0.95,0.1481,1.0,3,0,0,0,0,0,0,0,0
29,0,0,1,1,68.9655,0,0,0.1724,21,0.9,0.1786,1.0,3,0,0,0,0,0,0,0,0
36,0,0,1,1,83.3333,0,0,0.1389,28,0.88,0.1429,1.0,2,1,0,1,25,0,1,0,1
26,0,0,1,1,80.7692,0,0,0.2308,18,0.95,0.2,1.0,3,0,0,0,0,0,0,0,0
39,0,0,1,1,76.9231,0,0,0.1795,30,0.95,0.0789,1.0,3,0,0,0,0,0,0,0,0
27,0,0,1,1,62.963,0,0,0.2222,13,0.5,0.1154,1.0,2,0,0,0,0,0,0,0,0
28,0,0,1,0,75.0,0,0,0.1786,21,0.95,0.1852,1.0,3,0,0,0,0,0,0,0,0
17,0,0,1,0,52.9412,0,0,0.2941,10,0.5,0.25,1.0,2,0,0,0,0,0,0,0,0
25,0,0,1,1,52.0,0,0,0.2,17,0.95,0.1667,1.0,3,0,0,0,0,0,0,0,0
24,0,0,1,1,70.8333,0,0,0.2083,16,0.95,0.2174,1.0,3,0,0,0,0,0,0,0,0
96,0,0,0,1,92.7083,0,0,0.0938,7,0.5,0.0421,1.0,2,0,0,0,0,0,0,0,0
29,0,0,2,1,75.8621,0,0,0.2414,21,0.9,0.1429,1.0,2,1,0,0,3,0,1,0,0
55,0,0,2,0,92.7273,0,0,0.1273,47,0.8,0.0556,1.0,2,0,0,0,0,0,0,0,0
24,0,0,1,0,54.1667,0,0,0.2083,17,0.95,0.1739,1.0,3,0,0,0,0,0,0,0,0
25,0,0,0,0,56.0,0,0,0.16,18,0.5,0.0833,1.0,7,0,0,0,0,0,0,0,0
40,0,0,1,1,82.5,0,0,0.125,32,0.95,0.1282,1.0,3,0,0,0,0,0,0,0,0
27,0,0,1,1,70.3704,0,0,0.2222,18,0.5,0.0769,1.0,3,0,0,0,0,0,0,0,0
27,0,0,1,1,62.963,0,0,0.1852,19,0.95,0.1923,1.0,3,0,0,0,0,0,0,0,0
17,0,0,1,0,64.7059,0,0,0.2941,10,0.5,0.3125,1.0,2,0,0,0,0,0,0,0,0
22,0,0,1,1,72.7273,0,0,0.2273,14,0.5,0.1905,1.0,4,0,0,0,0,0,0,0,0
36,0,0,1,1,75.0,0,0,0.1389,28,0.95,0.1143,1.0,3,0,0,0,0,0,0,0,0
21,0,0,1,1,71.4286,0,0,0.2381,13,0.98,0.2,1.0,3,0,0,0,0,0,0,0,0
52,0,0,1,1,84.6154,0,0,0.1731,26,0.95,0.098,0.9808,3,0,0,0,0,0,0,0,0
99,0,0,1,1,89.899,0,0,0.1212,15,0.95,0.0306,1.0,3,0,0,0,0,0,0,0,0
48,0,0,2,0,89.5833,0,0,0.1875,24,0.5,0.0426,1.0,2,0,0,0,0,0,0,0,0
27,0,0,0,0,62.963,0,0,0.1852,19,0.95,0.1154,1.0,3,0,0,0,0,0,0,0,0
23,0,0,1,1,60.8696,0,0,0.2174,15,0.9,0.1818,1.0,3,0,0,0,0,0,0,0,0
25,0,0,1,1,68.0,0,0,0.2,17,0.95,0.2083,1.0,3,0,0,0,0,0,0,0,0
48,0,0,1,0,81.25,0,0,0.1875,36,0.85,0.0638,1.0,3,0,0,0,0,0,0,0,0
30,0,0,1,1,66.6667,0,0,0.1667,22,0.95,0.1724,1.0,3,0,2,1,141,0,0,0,1
29,0,0,1,1,68.9655,0,0,0.2069,21,0.9,0.1429,1.0,3,0,0,0,0,0,0,0,0
25,0,0,2,1,56.0,0,0,0.24,17,0.88,0.1667,1.0,2,0,0,0,0,0,0,0,0
33,0,0,1,1,84.8485,0,0,0.1515,25,0.95,0.125,1.0,3,0,0,0,0,0,0,0,0
19,0,0,1,1,57.8947,0,0,0.2632,11,0.99,0.2222,1.0,3,0,0,0,0,0,0,0,0
23,0,0,1,1,73.913,0,0,0.2174,15,0.95,0.2273,1.0,3,1,0,0,14,0,1,1,1
22,0,0,1,1,63.6364,0,0,0.2273,14,0.85,0.1905,1.0,3,0,0,0,0,0,0,0,0
29,0,0,2,0,68.9655,0,0,0.2069,22,0.95,0.1786,1.0,3,0,0,0,0,0,0,0,0
33,0,0,1,1,54.5455,0,0,0.2121,24,0.95,0.0938,1.0,3,0,0,0,0,0,0,0,0
26,0,0,1,1,80.7692,0,0,0.1923,18,0.95,0.16,1.0,3,1,1,1,25,0,1,0,1
37,0,0,3,1,78.3784,0,0,0.2162,29,0.3,0.1111,1.0,3,0,0,0,0,0,0,0,0
25,0,0,2,1,60.0,0,0,0.24,17,0.9,0.2083,1.0,2,0,0,0,0,0,0,0,0
29,0,0,1,0,75.8621,0,0,0.2069,22,0.95,0.1786,1.0,3,0,0,0,0,0,0,0,0
18,0,0,1,1,61.1111,0,0,0.2778,10,0.5,0.2353,1.0,2,0,0,0,0,0,0,0,0
25,0,0,2,0,64.0,0,0,0.24,18,0.95,0.1667,1.0,3,0,0,0,0,0,0,0,0
41,0,0,2,1,75.6098,0,0,0.1707,32,0.8,0.05,1.0,2,0,0,0,0,0,0,0,0
25,0,0,2,1,64.0,0,0,0.24,17,0.5,0.1667,1.0,2,0,0,0,0,0,0,0,0
25,0,0,1,1,64.0,0,0,0.2,17,0.85,0.1667,1.0,3,0,0,0,0,0,0,0,0
28,0,0,2,1,57.1429,0,0,0.2143,20,0.9,0.1481,1.0,2,0,0,0,0,0,0,0,0
26,0,0,1,1,61.5385,0,0,0.2308,18,0.95,0.16,1.0,3,0,0,0,0,0,0,0,0
50,0,0,4,0,84.0,0,0,0.22,31,0.3,0.0816,1.0,3,0,0,0,0,0,0,0,0
21,0,0,1,1,52.381,0,0,0.2381,13,0.95,0.2,1.0,3,0,0,0,0,0,0,0,0
83,0,0,2,1,91.5663,0,0,0.1566,38,0.5,0.0488,1.0,3,0,0,0,0,0,0,0,0
48,0,0,2,1,93.75,0,0,0.1458,39,0.8,0.0426,1.0,2,0,0,0,0,0,0,0,0
26,0,0,1,1,80.7692,0,0,0.1923,18,0.95,0.16,1.0,3,0,0,0,0,0,0,0,0
29,0,0,1,1,72.4138,0,0,0.1724,21,0.95,0.1429,1.0,3,0,0,0,0,0,0,0,0
31,0,0,1,1,70.9677,0,0,0.1613,23,0.95,0.1667,1.0,3,0,0,0,1,0,0,0,1
208,0,0,3,1,97.5962,5,2,0.1635,52,0.3,0.058,0.976,3,0,0,0,0,0,0,0,0
27,0,0,1,1,85.1852,0,0,0.1852,19,0.88,0.1923,1.0,2,0,0,0,0,0,0,0,0
25,0,0,1,1,64.0,0,0,0.2,17,0.95,0.1667,1.0,3,0,0,0,0,0,0,0,0
26,0,0,1,1,65.3846,0,0,0.1923,18,0.95,0.16,1.0,3,0,0,1,37,0,1,1,1
20,0,0,1,1,60.0,0,0,0.25,12,0.5,0.2105,1.0,2,0,0,0,0,0,0,0,0
37,0,0,1,1,78.3784,0,0,0.1622,28,0.95,0.0833,1.0,3,0,0,0,0,0,0,0,0
29,0,0,3,0,72.4138,0,0,0.2414,22,0.5,0.1429,1.0,2,0,0,0,0,0,0,0,0
33,0,0,1,1,75.7576,0,0,0.1515,25,0.95,0.125,1.0,3,0,0,0,0,0,0,0,0
24,0,0,1,1,58.3333,0,0,0.2083,16,0.95,0.1739,1.0,3,0,0,0,0,0,0,0,0
27,0,0,0,1,62.963,0,0,0.1852,18,0.5,0.0769,1.0,8,0,0,0,0,0,0,0,0
34,0,0,0,0,70.5882,0,0,0.1471,26,0.95,0.0606,1.0,3,0,0,0,0,0,0,0,0
29,0,0,1,1,72.4138,0,0,0.1724,21,0.95,0.1786,1.0,3,0,0,0,0,0,0,0,0
28,0,0,0,0,67.8571,0,0,0.1786,7,0.5,0.1111,1.0,2,0,0,0,0,0,0,0,0
26,0,0,2,1,73.0769,0,0,0.2308,18,0.9,0.16,1.0,2,0,0,0,0,0,0,0,0
28,0,0,1,1,64.2857,0,0,0.1786,20,0.95,0.1481,1.0,3,0,0,0,0,0,0,0,0
37,0,0,1,0,75.6757,0,0,0.1622,29,0.5,0.0833,1.0,2,0,0,0,0,0,0,0,0
27,0,0,1,1,59.2593,0,0,0.1852,19,0.95,0.1538,1.0,3,0,0,0,1,0,1,0,0
36,0,0,1,1,72.2222,0,0,0.1667,27,0.35,0.1429,1.0,4,0,0,0,0,0,0,0,0
31,0,0,1,1,77.4194,0,0,0.1613,23,0.95,0.1667,1.0,3,0,0,0,0,0,0,0,0
21,0,0,1,0,71.4286,0,0,0.2381,14,0.95,0.25,1.0,3,0,0,0,0,0,0,0,0
25,0,0,1,0,80.0,0,0,0.2,18,0.5,0.2083,1.0,4,0,0,0,0,0,0,0,0
28,0,0,1,0,71.4286,0,0,0.1786,21,0.9,0.1852,1.0,3,0,0,0,0,0,0,0,0
30,0,0,1,1,66.6667,0,0,0.1667,22,0.9,0.1379,1.0,3,0,0,0,0,0,0,0,0
31,0,0,1,1,61.2903,0,0,0.1613,23,0.9,0.1333,1.0,2,1,0,0,5,0,1,0,1
51,0,0,2,1,78.4314,0,0,0.2157,42,0.5,0.04,1.0,4,0,0,0,0,0,0,0,0
60,0,0,0,1,88.3333,0,0,0.1833,17,0.95,0.0339,1.0,3,0,0,0,0,0,0,0,0
21,0,0,2,1,57.1429,0,0,0.2857,13,0.5,0.2,1.0,2,0,0,0,0,0,0,0,0
22,0,0,1,0,63.6364,0,0,0.2273,15,0.5,0.1905,1.0,3,0,0,0,0,0,0,0,0
42,0,0,1,0,83.3333,0,0,0.1667,34,0.95,0.0488,1.0,3,0,0,0,0,0,0,0,0
23,0,0,2,0,78.2609,0,0,0.2609,16,0.5,0.2727,1.0,2,0,0,0,0,0,0,0,0
31,0,0,1,1,80.6452,0,0,0.1613,23,0.5,0.1333,1.0,2,0,0,0,0,0,0,0,0
25,0,0,1,1,60.0,0,0,0.2,17,0.95,0.1667,1.0,3,0,0,0,1,0,1,0,1
18,0,0,1,0,66.6667,0,0,0.2778,11,0.35,0.2353,1.0,3,0,0,0,0,0,0,0,0
33,0,0,3,0,78.7879,0,0,0.2121,26,0.88,0.125,1.0,2,0,0,0,0,0,0,0,0
67,0,0,1,1,91.0448,0,0,0.1493,16,0.95,0.0909,1.0,3,0,0,0,0,0,0,0,0
28,0,0,1,1,67.8571,0,0,0.2143,19,0.5,0.1111,1.0,3,0,0,0,0,0,0,0,0
27,0,0,1,1,74.0741,0,0,0.2222,19,0.95,0.1538,1.0,3,0,0,0,0,0,0,0,0
28,0,0,2,1,82.1429,0,0,0.2143,20,0.5,0.1481,1.0,2,0,0,0,0,0,0,0,0
28,0,0,2,1,67.8571,0,0,0.2143,20,0.9,0.1481,1.0,2,0,0,0,0,0,0,0,0
17,0,0,1,0,64.7059,0,0,0.2941,10,0.85,0.25,1.0,2,0,0,0,0,0,0,0,0
28,0,0,1,1,82.1429,0,0,0.1786,20,0.95,0.1481,1.0,3,0,0,0,0,0,0,0,0
23,0,0,1,1,73.913,0,0,0.2174,15,0.5,0.1818,1.0,2,0,0,0,0,0,0,0,0
56,0,0,1,1,92.8571,0,0,0.1607,48,0.5,0.0545,1.0,2,0,0,0,0,0,0,0,0
26,0,0,1,1,57.6923,0,0,0.1923,18,0.95,0.16,1.0,3,0,0,0,0,0,0,0,0
24,0,0,1,1,66.6667,0,0,0.2083,16,0.5,0.1739,1.0,2,0,0,0,0,0,0,0,0
29,0,0,1,1,58.6207,0,0,0.1724,21,0.95,0.1429,1.0,3,8,0,0,235,0,0,0,1
32,0,0,1,1,78.125,0,0,0.1875,24,0.95,0.129,1.0,3,1,0,0,1,0,1,0,1
23,0,0,1,1,39.1304,0,0,0.2174,15,0.95,0.1818,1.0,3,0,0,0,0,0,0,0,0
22,0,0,1,1,77.2727,0,0,0.2273,14,0.8,0.1905,1.0,2,0,0,0,0,0,0,0,0
48,0,0,1,1,81.25,0,0,0.1667,22,0.95,0.0426,1.0,3,0,0,0,0,0,0,0,0
31,0,0,1,1,80.6452,0,0,0.1613,23,0.8,0.1333,1.0,2,0,0,0,0,0,0,0,0
24,0,0,1,1,54.1667,0,0,0.2083,16,0.95,0.2174,1.0,3,0,0,0,0,0,0,0,0
39,0,0,1,1,82.0513,0,0,0.1282,31,0.95,0.1053,1.0,3,0,0,0,0,0,0,0,0
20,0,0,1,1,55.0,0,0,0.25,12,0.5,0.2105,1.0,3,0,0,0,0,0,0,0,0
27,0,0,1,1,55.5556,0,0,0.1852,19,0.95,0.1538,1.0,3,0,0,0,0,0,0,0,0
28,0,0,1,1,78.5714,0,0,0.2143,20,0.95,0.1481,1.0,3,0,0,0,0,0,0,0,0
43,0,0,1,1,74.4186,0,0,0.1395,34,0.95,0.0952,1.0,3,0,0,0,0,0,0,0,0
26,0,0,1,0,53.8462,0,0,0.1923,19,0.95,0.16,1.0,3,0,0,0,0,0,0,0,0
28,0,0,1,1,57.1429,0,0,0.1786,20,0.95,0.1481,1.0,3,1,1,1,72,1,0,0,1
24,0,0,2,1,70.8333,0,0,0.25,16,0.5,0.1739,1.0,2,1,4,1,10,1,1,0,0
30,0,0,1,1,76.6667,0,0,0.1667,22,0.95,0.1724,1.0,3,0,0,0,0,0,0,0,0
20,0,0,1,1,60.0,0,0,0.25,12,0.5,0.2105,1.0,3,1,0,1,108,0,1,0,1
18,0,0,0,0,55.5556,0,0,0.2778,11,0.5,0.1176,1.0,3,0,0,0,0,0,0,0,0
36,0,0,3,0,75.0,0,0,0.1944,29,0.95,0.1429,1.0,3,0,0,0,0,0,0,0,0
31,0,0,1,1,64.5161,0,0,0.1613,23,0.95,0.1333,1.0,3,0,0,0,0,0,0,0,0
26,0,0,1,1,50.0,0,0,0.1923,18,0.9,0.2,1.0,3,0,0,0,0,0,0,0,0
26,0,0,1,1,57.6923,0,0,0.2308,17,0.95,0.12,1.0,3,0,0,0,0,0,0,0,0
19,0,0,1,1,57.8947,0,0,0.2632,11,0.95,0.2778,1.0,3,0,0,0,0,0,0,0,0
32,0,0,1,1,65.625,0,0,0.1562,24,0.95,0.129,1.0,3,0,0,0,0,0,0,0,0
26,0,0,1,0,69.2308,0,0,0.1923,19,0.95,0.2,1.0,3,0,0,0,0,0,0,0,0
95,0,0,1,1,88.4211,2,1,0.1579,20,0.3,0.0957,1.0,3,0,0,0,0,0,0,0,0
40,0,0,1,0,80.0,0,0,0.15,32,0.95,0.1795,1.0,3,0,0,0,0,0,0,0,0
34,0,0,1,1,55.8824,0,0,0.2059,25,0.95,0.1212,1.0,3,0,0,0,0,0,0,0,0
25,0,0,1,0,48.0,0,0,0.2,18,0.95,0.1667,1.0,3,0,0,0,0,0,0,0,0
41,0,0,1,1,70.7317,0,0,0.2195,32,0.5,0.125,1.0,3,0,0,0,0,0,0,0,0
22,0,0,1,1,45.4545,0,0,0.2273,14,0.9,0.1905,1.0,3,0,0,0,0,0,0,0,0
41,0,0,2,0,68.2927,0,0,0.1951,29,0.5,0.05,1.0,2,0,0,0,0,0,0,0,0
30,0,0,1,0,76.6667,0,0,0.2,23,0.95,0.1379,1.0,3,0,0,0,0,0,0,0,0
30,0,0,2,0,80.0,0,0,0.2,23,0.95,0.1724,1.0,3,0,0,0,0,0,0,0,0
28,0,0,1,1,67.8571,0,0,0.2143,20,0.95,0.1852,1.0,3,0,0,0,0,0,0,0,0
26,0,0,1,1,73.0769,0,0,0.1923,18,0.85,0.16,1.0,3,0,0,0,0,0,0,0,0
33,0,0,2,0,72.7273,0,0,0.1818,26,0.85,0.1562,1.0,3,0,0,0,0,0,0,0,0
19,0,0,1,1,57.8947,0,0,0.2632,11,0.5,0.2222,1.0,2,1,0,0,0,1,1,0,1
27,0,0,1,1,59.2593,0,0,0.2222,19,0.95,0.1538,1.0,3,0,0,0,0,0,0,0,0
49,0,0,1,1,85.7143,0,0,0.1837,40,0.5,0.0417,1.0,2,0,0,0,0,0,0,0,0
21,0,0,1,0,52.381,0,0,0.2381,14,0.95,0.2,1.0,3,0,0,0,0,0,0,0,0
50,0,0,1,1,70.0,0,0,0.14,41,0.95,0.0816,1.0,3,0,0,0,0,0,0,0,0
76,0,0,1,1,89.4737,0,0,0.1053,28,0.5,0.0533,1.0,2,0,0,0,0,0,0,0,0
25,0,0,1,0,76.0,0,0,0.2,18,0.95,0.2083,1.0,3,0,0,0,0,0,0,0,0
23,0,0,2,1,69.5652,0,0,0.2609,15,0.88,0.1818,1.0,2,0,0,0,0,0,0,0,0
25,0,0,1,1,64.0,0,0,0.2,17,0.95,0.1667,1.0,3,0,0,0,0,0,0,0,0
80,0,0,0,0,88.75,0,0,0.2,18,0.95,0.2278,0.925,3,0,0,0,0,0,0,0,0
48,0,0,1,0,79.1667,0,0,0.1042,41,0.5,0.1489,1.0,2,0,0,0,0,0,0,0,0
37,0,0,1,1,75.6757,0,0,0.1622,28,0.95,0.1389,1.0,3,0,0,0,0,0,0,0,0
27,0,0,1,1,74.0741,0,0,0.1852,19,0.95,0.1538,1.0,3,0,0,0,0,0,0,0,0
35,0,0,0,1,68.5714,0,0,0.1429,22,0.95,0.0882,1.0,3,0,0,0,0,0,0,0,0
20,0,0,1,1,75.0,0,0,0.25,12,0.5,0.2105,1.0,2,0,0,0,183,0,1,0,1
24,0,0,1,0,83.3333,0,0,0.2083,17,0.5,0.2174,1.0,2,0,0,0,0,0,0,0,0
34,0,0,1,1,55.8824,0,0,0.2059,25,0.95,0.0909,1.0,3,0,0,0,0,0,0,0,0
21,0,0,1,1,71.4286,0,0,0.2381,13,0.9,0.2,1.0,3,0,0,0,0,0,0,0,0
32,0,0,1,1,75.0,0,0,0.1562,24,0.95,0.129,1.0,3,0,0,0,0,0,0,0,0
33,0,0,1,0,57.5758,0,0,0.1515,26,0.95,0.125,1.0,3,0,0,0,0,0,0,0,0
30,0,0,2,1,73.3333,0,0,0.2,22,0.5,0.1379,1.0,2,0,0,0,0,0,0,0,0
21,0,0,1,1,57.1429,0,0,0.2381,13,0.5,0.2,1.0,2,0,0,0,0,0,0,0,0
33,0,0,1,1,72.7273,0,0,0.2727,24,0.5,0.0938,1.0,3,0,0,0,0,0,0,0,0
30,0,0,1,1,63.3333,0,0,0.1667,22,0.95,0.1724,1.0,3,0,0,0,0,0,0,0,0
20,0,0,1,0,45.0,0,0,0.25,13,0.5,0.2105,1.0,2,0,0,0,0,0,0,0,0
18,0,0,1,1,66.6667,0,0,0.2778,10,0.5,0.2353,1.0,2,0,0,0,0,0,0,0,0
21,0,0,1,1,47.619,0,0,0.2381,13,0.95,0.2,1.0,3,1,0,0,0,0,1,0,1
29,0,0,1,1,79.3103,0,0,0.1724,21,0.9,0.1786,1.0,3,0,0,0,0,0,0,0,0
33,0,0,1,1,84.8485,0,0,0.1818,25,0.95,0.1562,1.0,3,0,0,0,0,0,0,0,0
32,0,0,1,1,75.0,0,0,0.1562,24,0.95,0.1613,1.0,3,0,0,0,0,0,0,0,0
29,0,0,1,1,79.3103,0,0,0.1724,21,0.95,0.1429,1.0,3,0,0,0,0,0,0,0,0
34,0,0,1,1,67.6471,0,0,0.1765,26,0.95,0.1212,1.0,3,1,0,1,8,0,1,0,1
34,0,0,1,1,79.4118,0,0,0.1471,26,0.95,0.1515,1.0,3,0,0,0,0,0,0,0,0
147,0,0,4,0,95.2381,1,1,0.0952,70,0.95,0.0753,1.0,3,0,0,0,0,0,0,0,0
46,0,0,1,1,80.4348,0,0,0.1522,37,0.5,0.0444,1.0,2,0,0,0,0,0,0,0,0
38,0,0,0,1,84.2105,0,0,0.1842,20,0.9,0.0541,1.0,3,0,0,0,0,0,0,0,0
20,0,0,1,1,70.0,0,0,0.25,12,0.5,0.2632,1.0,2,0,0,0,0,0,0,0,1
25,0,0,1,1,68.0,0,0,0.2,17,0.5,0.2083,1.0,2,0,0,0,0,0,0,0,0
32,0,0,2,0,71.875,0,0,0.1875,25,0.95,0.1935,1.0,3,0,0,0,0,0,0,0,0
23,0,0,1,1,47.8261,0,0,0.2174,15,0.9,0.1818,1.0,3,0,0,0,0,0,0,0,0
20,0,0,1,0,65.0,0,0,0.25,13,0.5,0.2105,1.0,2,0,0,0,0,0,0,0,0
23,0,0,1,1,56.5217,0,0,0.2174,15,0.95,0.1818,1.0,3,0,0,0,0,0,0,0,0
27,0,0,2,0,59.2593,0,0,0.2222,20,0.5,0.1538,1.0,2,0,0,0,0,0,0,0,0
24,0,0,1,0,45.8333,0,0,0.25,17,0.95,0.1739,1.0,3,0,0,0,0,0,0,0,0
25,0,0,1,1,52.0,0,0,0.2,17,0.95,0.1667,1.0,3,0,0,0,0,0,0,0,0
44,0,0,0,1,88.6364,0,0,0.2045,13,0.5,0.0465,1.0,2,0,0,0,0,0,0,0,0
24,0,0,1,1,66.6667,0,0,0.25,16,0.95,0.1739,1.0,3,0,0,0,0,0,0,0,0
19,0,0,1,1,52.6316,0,0,0.3158,11,0.88,0.2222,1.0,2,0,0,0,0,0,0,0,0
24,0,0,2,1,70.8333,0,0,0.25,16,0.5,0.1739,1.0,2,1,0,0,76,0,1,0,1
24,0,0,1,1,54.1667,0,0,0.2083,16,0.95,0.1739,1.0,3,0,0,0,0,0,0,0,0
23,0,0,1,1,56.5217,0,0,0.2174,15,0.9,0.2727,1.0,3,0,0,0,0,0,0,0,0
24,0,0,1,1,66.6667,0,0,0.2083,16,0.5,0.1739,1.0,2,0,0,0,0,0,0,0,0
23,0,0,1,0,65.2174,0,0,0.2609,16,0.5,0.1818,1.0,2,0,0,0,0,0,0,0,0
36,0,0,1,1,69.4444,0,0,0.2222,27,0.95,0.0857,1.0,3,0,0,0,0,0,0,0,0
29,0,0,1,1,75.8621,0,0,0.2069,21,0.5,0.1786,1.0,2,0,0,0,0,0,0,0,0
34,0,0,1,1,76.4706,0,0,0.1471,26,0.9,0.1212,1.0,3,0,0,0,0,0,0,0,0
24,0,0,1,1,54.1667,0,0,0.2083,16,0.95,0.1739,1.0,3,0,14,0,243,0,0,0,1
32,0,0,1,1,71.875,0,0,0.1562,24,0.5,0.129,1.0,2,0,0,0,0,0,0,0,0
27,0,0,2,1,62.963,0,0,0.2222,19,0.5,0.1538,1.0,2,0,0,0,0,0,0,0,0
39,0,0,1,0,84.6154,0,0,0.1538,31,0.88,0.0526,1.0,2,0,0,0,0,0,0,0,0
38,0,0,1,1,86.8421,0,0,0.1316,30,0.95,0.1351,1.0,3,0,1,1,4,0,0,0,1
52,0,0,2,1,82.6923,0,0,0.2115,43,0.5,0.1176,1.0,4,0,0,0,0,0,0,0,0
80,0,0,0,1,92.5,0,0,0.1125,7,0.5,0.0759,1.0,2,0,0,0,0,0,0,0,0
29,0,0,1,1,62.069,0,0,0.1724,21,0.9,0.1429,1.0,3,0,0,0,0,0,0,0,0
59,0,0,3,1,86.4407,0,0,0.1695,28,0.95,0.0862,1.0,3,0,0,0,0,0,0,0,0
41,0,0,1,1,78.0488,0,0,0.1463,32,0.95,0.075,1.0,3,0,0,0,0,0,0,0,0
27,0,0,2,0,74.0741,0,0,0.2222,20,0.5,0.2308,1.0,2,0,0,0,0,0,0,0,0
23,0,0,0,1,52.1739,0,0,0.2609,14,0.95,0.1364,1.0,3,0,0,0,0,0,0,0,0
26,0,0,1,0,65.3846,0,0,0.1923,19,0.95,0.16,1.0,3,0,0,0,0,0,0,0,0
25,0,0,1,1,60.0,0,0,0.2,17,0.95,0.2083,1.0,3,0,0,0,0,0,0,0,0
19,0,0,1,1,73.6842,0,0,0.2632,11,0.5,0.2222,1.0,2,0,0,0,0,0,0,0,0
33,0,0,2,1,66.6667,0,0,0.1818,25,0.9,0.125,1.0,2,0,0,0,0,0,0,0,0
20,0,0,0,1,40.0,0,0,0.25,5,0.5,0.1053,1.0,2,0,0,0,0,0,0,0,0
28,0,0,1,1,64.2857,0,0,0.1786,20,0.95,0.1481,1.0,3,0,0,0,0,0,0,0,0
52,0,0,0,1,86.5385,0,0,0.1923,26,0.95,0.0392,1.0,3,0,0,0,0,0,0,0,0
29,0,0,1,1,86.2069,0,0,0.1724,21,0.95,0.1429,1.0,3,0,0,0,0,0,0,0,0
49,0,0,1,1,79.5918,0,0,0.1633,29,0.5,0.0417,1.0,2,0,0,0,0,0,0,0,0
28,0,0,1,1,71.4286,0,0,0.1786,20,0.95,0.1481,1.0,3,1,0,1,60,0,1,1,1
34,0,0,1,1,73.5294,0,0,0.1471,26,0.95,0.1818,1.0,3,0,0,0,0,0,0,0,0
25,0,0,1,0,72.0,0,0,0.2,18,0.95,0.1667,1.0,3,0,0,0,0,0,0,0,0
34,0,0,2,1,76.4706,0,0,0.1765,26,0.5,0.1515,1.0,2,0,0,0,0,0,0,0,0
36,0,0,1,0,75.0,0,0,0.1389,29,0.5,0.1143,1.0,10,0,0,0,0,0,0,0,0
27,0,0,1,0,55.5556,0,0,0.1852,20,0.95,0.1538,1.0,3,0,0,0,0,0,0,0,0
45,0,0,1,1,73.3333,0,0,0.1333,36,0.95,0.0909,1.0,3,0,0,0,0,0,0,0,0
38,0,0,1,1,92.1053,0,0,0.1316,30,0.95,0.1351,1.0,3,0,0,0,275,0,1,0,1
50,0,0,3,0,86.0,0,0,0.2,42,0.5,0.1224,1.0,2,0,0,0,0,0,0,0,0
25,0,0,1,1,72.0,0,0,0.2,17,0.9,0.1667,1.0,3,0,0,0,0,0,0,0,0
74,0,0,1,1,86.4865,0,0,0.1081,13,0.5,0.0548,1.0,2,0,0,0,0,0,0,0,0
23,0,0,1,1,60.8696,0,0,0.2174,15,0.88,0.1818,1.0,2,0,0,0,0,0,0,0,0
38,0,0,1,1,84.2105,0,0,0.1842,29,0.95,0.0811,1.0,3,0,0,0,0,0,0,0,0
40,0,0,1,1,72.5,0,0,0.175,17,0.5,0.0513,1.0,2,0,0,0,0,0,0,0,0
29,0,0,1,0,62.069,0,0,0.1724,22,0.95,0.1786,1.0,3,0,0,0,0,0,0,0,0
34,0,0,1,1,76.4706,0,0,0.1471,26,0.5,0.1212,1.0,2,0,0,0,0,0,0,0,0
23,0,0,1,1,60.8696,0,0,0.2174,15,0.95,0.1818,1.0,3,0,0,0,0,0,0,0,0
32,0,0,1,1,65.625,0,0,0.1562,24,0.95,0.1613,1.0,3,0,0,0,0,0,0,0,0
28,0,0,1,1,53.5714,0,0,0.1786,20,0.95,0.1481,1.0,3,0,0,0,0,0,0,0,0
33,0,0,1,1,81.8182,0,0,0.1515,25,0.95,0.125,1.0,3,0,0,0,0,0,0,0,0
27,0,0,1,1,81.4815,0,0,0.1852,19,0.9,0.1538,1.0,3,0,0,0,0,0,0,0,0
27,0,0,1,1,74.0741,0,0,0.2222,18,0.5,0.1154,1.0,3,0,0,0,0,0,0,0,0
25,0,0,1,0,56.0,0,0,0.2,18,0.5,0.1667,1.0,4,0,0,0,0,0,0,0,0
28,0,0,2,0,71.4286,0,0,0.2143,21,0.5,0.1481,1.0,3,0,0,0,0,0,0,0,0
33,0,0,2,1,72.7273,0,0,0.2121,25,0.88,0.1562,1.0,2,0,0,0,0,0,0,0,0
32,0,0,1,1,65.625,0,0,0.2188,23,0.35,0.0968,1.0,4,0,0,0,0,0,0,0,0
30,0,0,1,1,63.3333,0,0,0.2667,19,0.95,0.1379,0.9667,3,0,0,0,0,0,0,0,0
41,0,0,1,1,58.5366,0,0,0.1707,32,0.95,0.075,1.0,3,0,0,0,0,0,0,0,0
40,0,0,2,1,87.5,0,0,0.175,31,0.8,0.0513,1.0,2,0,0,0,0,0,0,0,0
29,0,0,1,1,65.5172,0,0,0.2069,15,0.5,0.1429,1.0,2,0,0,0,0,0,0,0,0
35,0,0,2,1,77.1429,0,0,0.1714,27,0.95,0.1176,1.0,3,0,0,0,0,0,0,0,0
18,0,0,1,0,66.6667,0,0,0.2778,11,0.5,0.2353,1.0,2,0,0,0,0,0,0,0,0
76,0,0,1,1,92.1053,0,0,0.1053,28,0.5,0.0533,1.0,2,0,0,0,0,0,0,0,0
23,0,0,1,1,69.5652,0,0,0.2174,15,0.5,0.1818,1.0,2,0,0,0,0,0,0,0,0
26,0,0,2,1,65.3846,0,0,0.2308,18,0.88,0.16,1.0,2,0,0,0,0,0,0,0,0
25,0,0,1,1,80.0,0,0,0.2,17,0.5,0.2083,1.0,2,0,0,0,0,0,0,0,0
23,0,0,1,1,65.2174,0,0,0.2174,15,0.95,0.1818,1.0,3,0,0,0,0,0,0,0,0
26,0,0,2,1,76.9231,0,0,0.2308,18,0.9,0.16,1.0,2,0,0,0,0,0,0,0,0
57,0,0,1,0,78.9474,0,0,0.193,24,0.9,0.1071,1.0,3,0,0,0,0,0,0,0,0
28,0,0,2,0,78.5714,0,0,0.2143,21,0.5,0.2222,1.0,4,0,0,0,0,0,0,0,0
27,0,0,2,1,62.963,0,0,0.2222,19,0.88,0.1538,1.0,2,2,0,0,40,0,1,0,1
27,0,0,1,1,70.3704,0,0,0.1852,19,0.95,0.1538,1.0,3,0,0,0,0,0,0,0,0
30,0,0,3,0,73.3333,0,0,0.2333,23,0.88,0.1379,1.0,2,0,0,0,0,0,0,0,0
25,0,0,1,1,60.0,0,0,0.2,17,0.95,0.1667,1.0,3,0,0,0,0,0,0,0,0
47,0,0,2,1,76.5957,0,0,0.1915,38,0.5,0.0435,1.0,3,0,0,0,0,0,0,0,0
36,0,0,1,1,61.1111,0,0,0.1944,27,0.95,0.1143,1.0,3,0,0,0,0,0,0,0,0
22,0,0,1,1,72.7273,0,0,0.2273,14,0.95,0.1905,1.0,3,0,0,0,0,0,0,0,0
56,0,0,1,0,80.3571,1,1,0.1607,23,0.5,0.0727,1.0,2,0,0,0,0,0,0,0,0
54,0,0,1,1,88.8889,0,0,0.1481,26,0.95,0.0377,1.0,3,0,0,0,0,0,0,0,0
29,0,0,1,1,72.4138,0,0,0.1724,21,0.95,0.1786,1.0,3,0,0,1,12,0,1,0,1
35,0,0,1,1,57.1429,0,0,0.2,26,0.35,0.0588,1.0,4,0,0,0,0,0,0,0,0
37,0,0,1,1,70.2703,0,0,0.1622,28,0.5,0.1111,1.0,3,0,0,0,0,0,0,0,0
19,0,0,1,1,57.8947,0,0,0.2632,11,0.5,0.2222,1.0,2,0,0,0,0,0,0,0,0
23,0,0,1,1,65.2174,0,0,0.2174,15,0.88,0.2273,1.0,2,0,0,0,0,0,0,0,0
25,0,0,1,1,80.0,0,0,0.2,17,0.5,0.2083,1.0,2,0,0,0,0,0,0,0,0
45,0,0,1,1,75.5556,0,0,0.2,36,0.95,0.0909,1.0,3,0,0,0,0,0,0,0,0
22,0,0,1,1,50.0,0,0,0.2273,14,0.95,0.2381,1.0,3,0,0,0,0,0,0,0,0
31,0,0,1,1,74.1935,0,0,0.1613,23,0.95,0.1333,1.0,3,0,0,0,0,0,0,0,0
25,0,0,2,1,60.0,0,0,0.24,17,0.5,0.1667,1.0,2,0,0,0,0,0,0,0,0
28,0,0,1,1,71.4286,0,0,0.1786,20,0.95,0.1481,1.0,3,0,0,1,2,0,1,0,1
24,0,0,2,1,58.3333,0,0,0.25,16,0.88,0.2174,1.0,2,0,0,0,0,0,0,0,1
29,0,0,1,1,68.9655,0,0,0.1724,21,0.9,0.1429,1.0,3,0,0,0,0,0,0,0,0
28,0,0,1,1,64.2857,0,0,0.1786,20,0.95,0.1852,1.0,3,0,0,0,3,0,0,0,0
28,0,0,1,1,64.2857,0,0,0.1786,20,0.95,0.1481,1.0,3,0,0,0,0,0,0,0,0
23,0,0,1,1,65.2174,0,0,0.2174,15,0.95,0.1818,1.0,3,0,0,0,0,0,0,0,0
24,0,0,1,1,62.5,0,0,0.2083,16,0.5,0.2174,1.0,2,0,0,0,0,0,0,0,0
93,0,0,0,1,87.0968,0,0,0.086,19,0.95,0.0217,1.0,3,0,0,0,0,0,0,0,0
22,0,0,1,1,68.1818,0,0,0.2273,14,0.95,0.1905,1.0,3,0,1,1,4,1,1,0,1
34,0,0,2,1,64.7059,0,0,0.2353,25,0.5,0.0606,1.0,3,0,0,0,0,0,0,0,0
1004,0,1,0,1,100.0,6,2,0.0657,17,0.95,0.0279,0.992,3,0,0,0,0,0,0,0,0
68,0,0,1,1,82.3529,0,0,0.1471,50,0.85,0.0299,1.0,3,0,0,0,0,0,0,0,0
35,0,0,2,0,68.5714,0,0,0.1714,28,0.5,0.1176,1.0,3,0,0,0,0,0,0,0,0
25,0,0,1,0,64.0,0,0,0.2,18,0.5,0.0833,1.0,2,0,0,0,0,0,0,0,0
18,0,0,0,0,61.1111,0,0,0.2778,10,0.5,0.2941,1.0,2,0,0,0,0,0,0,0,0
40,0,0,0,0,75.0,0,0,0.125,11,0.95,0.0513,1.0,3,0,0,0,34,0,1,0,0
22,0,0,1,1,77.2727,0,0,0.2273,14,0.5,0.2381,1.0,3,0,0,0,0,0,0,0,0
34,0,0,0,1,76.4706,0,0,0.1471,7,0.5,0.0909,1.0,3,0,0,0,1,0,0,0,1
27,0,0,2,0,74.0741,0,0,0.2222,20,0.5,0.1923,1.0,3,0,0,0,0,0,0,0,0
23,0,0,1,1,43.4783,0,0,0.2174,15,0.95,0.1818,1.0,3,1,0,1,0,1,1,0,1
29,0,0,1,1,82.7586,0,0,0.1724,21,0.9,0.1786,1.0,3,0,0,0,0,0,0,0,0
27,0,0,1,1,66.6667,0,0,0.1852,19,0.95,0.1538,1.0,3,0,0,0,0,0,0,0,0
32,0,0,1,1,84.375,0,0,0.1875,24,0.5,0.129,1.0,2,0,0,0,0,0,0,0,0
21,0,0,1,1,61.9048,0,0,0.2381,13,0.95,0.2,1.0,3,0,0,0,0,0,0,0,0
35,0,0,1,1,71.4286,0,0,0.1714,26,0.95,0.0882,1.0,3,0,0,0,0,0,0,0,0
20,0,0,1,1,60.0,0,0,0.25,12,0.5,0.2105,1.0,2,0,0,0,0,0,0,0,0
28,0,0,1,1,75.0,0,0,0.1786,20,0.95,0.1481,1.0,3,0,0,0,0,0,0,0,0
29,0,0,1,0,62.069,0,0,0.1724,22,0.95,0.1429,1.0,3,0,0,0,0,0,0,0,0
70,0,0,0,1,80.0,1,1,0.1429,18,0.85,0.029,1.0,3,0,0,0,0,0,0,0,0
19,0,0,1,1,57.8947,0,0,0.2632,11,0.88,0.2222,1.0,2,0,0,0,0,0,0,0,0
31,0,0,1,1,80.6452,0,0,0.1613,23,0.95,0.1333,1.0,3,0,0,0,0,0,1,0,1
50,0,0,4,0,82.0,0,0,0.22,31,0.3,0.102,1.0,3,0,0,0,0,0,0,0,0
22,0,0,1,0,54.5455,0,0,0.2273,15,0.95,0.1905,1.0,3,0,0,0,0,0,0,0,0
84,0,1,0,1,84.5238,0,0,0.1071,7,0.5,0.0361,0.9762,2,0,0,0,0,0,0,0,0
26,0,0,1,1,69.2308,0,0,0.2308,17,0.5,0.12,1.0,3,0,0,0,0,0,0,0,0
41,0,0,1,1,68.2927,0,0,0.1951,32,0.95,0.125,1.0,3,0,0,0,0,0,0,0,0
41,0,0,2,1,82.9268,0,0,0.1463,33,0.5,0.1,1.0,2,0,0,0,0,0,0,0,0
333,0,1,0,1,98.4985,12,0,0.1892,25,0.5,0.0392,0.9309,3,0,0,0,0,0,0,0,0
23,0,0,1,1,73.913,0,0,0.2174,15,0.85,0.1818,1.0,3,0,0,0,0,0,0,0,0
31,0,0,1,1,67.7419,0,0,0.1613,23,0.95,0.1667,1.0,3,0,0,0,0,0,0,0,0
56,0,0,2,1,76.7857,0,0,0.1071,48,0.8,0.0909,1.0,2,0,0,0,0,0,0,0,0
27,0,0,1,1,74.0741,0,0,0.1852,19,0.5,0.1538,1.0,2,0,0,0,0,0,0,0,0
22,0,0,1,1,63.6364,0,0,0.2273,14,0.95,0.1905,1.0,3,0,0,0,0,0,0,0,0
25,0,0,1,0,52.0,0,0,0.28,18,0.95,0.1667,1.0,3,0,0,1,0,1,1,0,1
24,0,0,1,1,79.1667,0,0,0.2083,16,0.9,0.1739,1.0,3,0,0,0,133,0,1,0,0
27,0,0,1,1,62.963,0,0,0.1852,19,0.95,0.1923,1.0,3,0,0,1,1,0,1,0,1
31,0,0,1,1,83.871,0,0,0.1613,23,0.95,0.1333,1.0,3,0,0,0,0,0,0,0,0
52,0,0,1,1,71.1538,0,0,0.1154,43,0.95,0.0784,1.0,3,0,0,0,0,0,0,0,0
23,0,0,1,0,73.913,0,0,0.2174,16,0.5,0.2273,1.0,2,0,0,0,0,0,0,0,0
55,0,0,2,1,80.0,0,0,0.1818,47,0.8,0.1111,1.0,2,0,0,0,0,0,0,0,0
32,0,0,2,1,68.75,0,0,0.1875,24,0.5,0.1935,1.0,2,0,0,0,0,0,0,0,0
24,0,0,1,1,70.8333,0,0,0.2083,16,0.95,0.1739,1.0,3,0,0,0,0,0,0,0,0
22,0,0,2,0,54.5455,0,0,0.2727,15,0.5,0.2381,1.0,2,0,0,0,0,0,0,0,0
22,0,0,1,0,59.0909,0,0,0.2273,15,0.95,0.1905,1.0,3,0,0,0,0,0,0,0,0
27,0,0,1,1,70.3704,0,0,0.1852,19,0.95,0.1923,1.0,3,0,0,0,0,0,0,0,0
20,0,0,1,1,55.0,0,0,0.25,12,0.95,0.2105,1.0,3,0,0,0,0,0,0,0,0
26,0,0,1,1,76.9231,0,0,0.1923,18,0.9,0.16,1.0,3,0,0,0,0,0,0,0,0
30,0,0,1,1,76.6667,0,0,0.1667,22,0.95,0.1724,1.0,3,0,0,0,0,0,0,0,0
20,0,0,1,1,55.0,0,0,0.25,12,0.9,0.2105,1.0,2,0,0,0,0,0,0,0,0
27,0,0,1,1,74.0741,0,0,0.2222,18,0.5,0.0769,1.0,3,0,0,0,0,0,0,0,0
22,0,0,1,1,68.1818,0,0,0.2273,14,0.5,0.1905,1.0,2,1,0,0,53,0,1,0,1
23,0,0,1,1,60.8696,0,0,0.2174,15,0.95,0.1818,1.0,3,1,0,1,1,0,1,0,1
22,0,0,1,1,54.5455,0,0,0.2273,14,0.95,0.2381,1.0,3,0,0,0,62,0,1,0,1
27,0,0,1,0,62.963,0,0,0.1852,20,0.95,0.1538,1.0,3,0,0,0,0,0,0,0,0
20,0,0,1,0,55.0,0,0,0.25,13,0.95,0.2105,1.0,3,0,0,0,0,0,0,0,0
35,0,0,2,1,77.1429,0,0,0.1714,27,0.9,0.1471,1.0,2,0,0,0,0,0,0,0,0
26,0,0,1,1,65.3846,0,0,0.1923,18,0.95,0.16,1.0,3,0,0,0,0,0,0,0,0
44,0,0,1,1,86.3636,0,0,0.1136,36,0.9,0.1163,1.0,3,0,0,0,0,0,0,0,0
50,0,0,1,1,80.0,0,0,0.18,41,0.95,0.0816,1.0,3,0,0,0,0,0,0,0,0
27,0,0,1,1,70.3704,0,0,0.1852,19,0.95,0.2308,1.0,3,0,0,0,1,0,1,0,0
28,0,0,2,1,85.7143,0,0,0.2143,20,0.5,0.1481,1.0,2,0,0,0,0,0,0,0,0
44,0,0,1,1,81.8182,0,0,0.1818,25,0.95,0.1163,1.0,3,0,0,0,0,0,0,0,0
23,0,0,1,0,60.8696,0,0,0.2174,16,0.5,0.1818,1.0,2,0,0,0,0,0,0,0,0
29,0,0,1,0,65.5172,0,0,0.1724,22,0.5,0.0714,1.0,2,0,0,0,0,0,0,0,0
35,0,0,1,1,71.4286,0,0,0.1429,27,0.95,0.1176,1.0,3,0,0,0,0,0,0,0,0
23,0,0,1,1,52.1739,0,0,0.3043,14,0.5,0.1364,1.0,3,0,0,0,0,0,0,0,0
53,0,0,2,0,86.7925,0,0,0.1321,46,0.9,0.0769,1.0,3,0,0,0,0,0,0,0,0
25,0,0,0,1,68.0,0,0,0.24,16,0.5,0.0833,1.0,4,0,0,0,0,0,0,0,0
33,0,0,1,1,78.7879,0,0,0.1515,25,0.95,0.125,1.0,3,0,0,0,0,0,0,0,0
29,0,0,1,1,62.069,0,0,0.2069,21,0.9,0.1786,1.0,3,0,0,0,0,0,0,0,0
31,0,0,1,1,67.7419,0,0,0.1613,23,0.95,0.1333,1.0,3,0,0,0,5,0,1,0,1
32,0,0,1,0,71.875,0,0,0.1562,25,0.95,0.129,1.0,3,0,0,0,0,0,0,0,0
32,0,0,3,1,78.125,0,0,0.2188,24,0.88,0.1613,1.0,2,0,0,0,0,0,0,0,0
27,0,0,1,1,77.7778,0,0,0.1852,19,0.95,0.1538,1.0,3,0,0,0,0,0,0,0,0
24,0,0,1,1,66.6667,0,0,0.2917,15,0.5,0.1304,1.0,3,0,0,0,0,0,0,0,0
27,0,0,2,0,59.2593,0,0,0.2222,20,0.5,0.1923,1.0,2,0,0,0,0,0,0,0,0
32,0,0,1,1,62.5,0,0,0.2188,23,0.5,0.0968,1.0,3,0,0,0,0,0,0,0,0
31,0,0,1,1,61.2903,0,0,0.2258,22,0.35,0.1333,1.0,4,0,0,0,0,0,0,0,0
27,0,0,1,1,77.7778,0,0,0.1852,19,0.95,0.1923,1.0,3,0,0,0,0,0,0,0,0
18,0,0,1,0,72.2222,0,0,0.2778,11,0.8,0.2353,1.0,2,0,0,0,0,0,0,0,0
28,0,0,1,1,46.4286,0,0,0.1786,20,0.5,0.1481,1.0,2,0,0,0,0,0,0,0,0
48,0,0,1,1,72.9167,0,0,0.1667,39,0.95,0.1277,1.0,3,0,0,0,0,0,0,0,0
24,0,0,1,1,54.1667,0,0,0.25,16,0.95,0.2174,1.0,3,0,0,0,0,0,1,0,1
23,0,0,1,1,56.5217,0,0,0.2174,15,0.95,0.1818,1.0,3,0,0,0,0,0,0,0,0
35,0,0,1,1,77.1429,0,0,0.1429,27,0.95,0.1765,1.0,3,0,0,0,0,0,0,0,0
39,0,0,1,1,82.0513,0,0,0.1538,30,0.95,0.0789,1.0,3,0,0,0,0,0,0,0,0
100,0,0,1,1,90.0,0,1,0.1,13,0.8,0.0707,1.0,2,0,0,0,0,0,0,0,0
32,0,0,1,1,75.0,0,0,0.1562,24,0.95,0.1613,1.0,3,0,0,0,0,0,0,0,0
33,0,0,1,1,81.8182,0,0,0.1515,25,0.95,0.125,1.0,3,0,0,0,0,0,0,0,0
34,0,0,1,1,64.7059,0,0,0.1471,26,0.95,0.1212,1.0,3,0,0,0,0,0,0,0,0
34,0,0,1,1,64.7059,0,0,0.1471,26,0.95,0.1212,1.0,3,0,0,0,0,0,0,0,0
23,0,0,1,1,56.5217,0,0,0.2174,15,0.95,0.1818,1.0,3,0,0,0,0,0,0,0,0
38,0,0,1,0,78.9474,0,0,0.2105,30,0.95,0.0811,1.0,3,0,0,0,0,0,0,0,0
29,0,0,1,1,65.5172,0,0,0.1724,21,0.9,0.1429,1.0,3,0,0,0,0,0,0,0,0
25,0,0,1,1,68.0,0,0,0.2,17,0.95,0.2083,1.0,3,2,0,0,13,0,0,0,1
28,0,0,1,1,71.4286,0,0,0.1786,20,0.95,0.1481,1.0,3,0,0,0,0,0,0,0,0
20,0,0,1,1,65.0,0,0,0.25,12,0.95,0.2105,1.0,3,0,0,0,0,0,0,0,0
301,0,0,4,1,99.6678,0,0,0.0631,27,0.95,0.0633,1.0,3,0,0,0,0,0,0,0,0
29,0,0,1,0,72.4138,0,0,0.1724,22,0.95,0.1786,1.0,3,0,0,0,0,0,0,0,0
67,0,1,2,1,85.0746,0,0,0.1493,33,0.5,0.0303,0.9851,2,0,0,0,0,0,0,0,0
30,0,0,1,1,76.6667,0,0,0.1667,22,0.5,0.1724,1.0,2,0,0,1,21,0,1,0,1
32,0,0,1,1,56.25,0,0,0.1875,23,0.95,0.0968,1.0,3,0,0,0,0,0,0,0,0
27,0,0,1,0,74.0741,0,0,0.1852,20,0.95,0.1923,1.0,3,0,0,0,0,0,0,0,0
402,0,0,0,1,98.5075,0,0,0.1692,9,0.5,0.0075,1.0,2,0,0,0,0,0,0,0,0
95,0,0,0,1,94.7368,0,0,0.0842,7,0.5,0.0745,1.0,2,0,0,0,0,0,0,0,0
47,0,0,1,0,76.5957,0,0,0.1915,14,0.5,0.0652,1.0,2,0,0,0,0,0,0,0,0
19,0,0,1,1,63.1579,0,0,0.2632,11,0.88,0.2222,1.0,2,0,0,0,0,0,0,0,0
39,0,0,3,0,71.7949,0,0,0.2051,32,0.5,0.1053,1.0,3,0,0,0,0,0,0,0,0
24,0,0,1,1,58.3333,0,0,0.2083,16,0.9,0.1739,1.0,3,0,0,0,0,0,0,0,0
31,0,0,1,1,77.4194,0,0,0.1613,23,0.95,0.1333,1.0,3,0,0,0,0,0,0,0,0
24,0,0,2,0,50.0,0,0,0.25,17,0.5,0.1739,1.0,4,0,0,0,0,0,0,0,0
34,0,0,1,1,70.5882,0,0,0.1765,25,0.5,0.0909,1.0,3,0,0,0,0,0,0,0,0
29,0,0,0,0,72.4138,0,0,0.1724,22,0.5,0.0714,1.0,4,0,0,0,0,0,0,0,0
38,0,0,1,1,78.9474,0,0,0.1842,29,0.5,0.0811,1.0,3,0,0,0,0,0,0,0,0
199,0,0,0,1,97.9899,3,1,0.0704,16,0.95,0.0859,1.0,3,0,0,0,0,0,0,0,0
17,0,0,0,0,52.9412,0,0,0.2941,9,0.5,0.25,1.0,2,0,0,0,0,0,0,0,0
22,0,0,1,1,45.4545,0,0,0.2273,14,0.95,0.1905,1.0,3,0,0,0,0,0,0,0,0
28,0,0,2,1,60.7143,0,0,0.25,20,0.9,0.1852,1.0,2,0,0,0,0,0,0,0,0
232,0,0,3,1,97.4138,3,1,0.1379,76,0.95,0.0346,0.9957,3,0,0,0,0,0,0,0,0
38,0,0,1,1,68.4211,0,0,0.2105,29,0.95,0.0541,1.0,3,0,0,0,0,0,0,0,0
25,0,0,2,1,72.0,0,0,0.24,17,0.5,0.1667,1.0,2,0,0,0,0,0,0,0,0
45,0,0,1,1,86.6667,0,0,0.1111,37,0.5,0.0909,1.0,2,0,0,0,399,0,1,0,1
29,0,0,1,1,51.7241,0,0,0.1724,21,0.95,0.1429,1.0,3,0,0,0,0,0,0,0,0
33,0,0,1,1,75.7576,0,0,0.1515,25,0.95,0.125,1.0,3,0,1,0,102,0,1,0,1
26,0,0,2,0,84.6154,0,0,0.2308,19,0.5,0.2,1.0,3,1,1,0,0,0,0,0,0
55,0,0,2,1,78.1818,0,0,0.1818,47,0.8,0.0926,1.0,2,0,0,0,0,0,0,0,0
23,0,0,2,1,60.8696,0,0,0.2609,15,0.5,0.2727,1.0,2,0,0,0,0,0,0,0,0
63,0,0,1,1,87.3016,0,1,0.127,38,0.5,0.0645,1.0,4,0,0,0,0,0,0,0,0
227,0,0,3,1,98.2379,3,1,0.1366,77,0.95,0.0221,0.9956,3,0,0,0,0,0,0,0,0
20,0,0,1,1,65.0,0,0,0.25,12,0.9,0.2105,1.0,3,0,0,0,0,0,0,0,0
22,0,0,1,1,63.6364,0,0,0.2273,14,0.5,0.1905,1.0,2,1,0,0,0,1,1,0,1
93,0,0,0,1,87.0968,0,0,0.086,19,0.95,0.0326,1.0,3,0,0,0,0,0,0,0,0
21,0,0,1,0,57.1429,0,0,0.2381,14,0.5,0.2,1.0,2,0,0,0,0,0,0,0,0
30,0,0,1,1,83.3333,0,0,0.1667,22,0.9,0.1724,1.0,3,1,0,0,89,0,1,0,1
28,0,0,1,1,67.8571,0,0,0.1786,20,0.95,0.2222,1.0,3,0,0,0,0,0,0,0,0
30,0,0,0,0,63.3333,0,0,0.1667,22,0.95,0.069,1.0,3,0,0,0,0,0,0,0,0
29,0,0,1,1,89.6552,0,0,0.1724,21,0.9,0.1429,1.0,3,0,0,0,0,0,0,0,0
32,0,0,2,1,84.375,0,0,0.1875,24,0.88,0.129,1.0,2,0,0,0,3,0,0,0,1
33,0,0,1,1,72.7273,0,0,0.1515,25,0.95,0.125,1.0,3,0,0,0,0,0,0,0,0
27,0,0,1,1,74.0741,0,0,0.1852,19,0.95,0.1923,1.0,3,0,0,1,225,0,1,0,1
35,0,0,2,0,71.4286,0,0,0.2,28,0.5,0.1176,1.0,2,0,0,0,0,0,0,0,0
23,0,0,1,0,52.1739,0,0,0.2609,16,0.5,0.1818,1.0,2,0,0,0,0,0,0,0,0
24,0,0,2,1,58.3333,0,0,0.25,16,0.5,0.1739,1.0,3,0,0,0,0,0,0,0,0
31,0,0,1,1,70.9677,0,0,0.1613,23,0.95,0.1333,1.0,3,0,0,1,18,0,1,0,1
29,0,0,1,1,75.8621,0,0,0.1724,21,0.95,0.1429,1.0,3,0,0,0,0,0,0,0,0
140,0,0,1,1,92.8571,0,1,0.1,36,0.95,0.0647,1.0,3,0,0,0,0,0,0,0,0
27,0,0,2,0,77.7778,0,0,0.2222,20,0.5,0.1923,1.0,4,0,0,0,0,0,0,0,0
24,0,0,0,0,58.3333,0,0,0.25,16,0.5,0.087,1.0,4,0,0,0,0,0,0,0,0
26,0,0,1,1,61.5385,0,0,0.1923,18,0.95,0.2,1.0,3,0,0,0,0,0,0,0,0
29,0,0,1,0,55.1724,0,0,0.1724,22,0.9,0.0714,1.0,3,0,0,0,0,0,0,0,0
31,0,0,1,1,61.2903,0,0,0.1613,23,0.9,0.1667,1.0,3,0,0,0,0,0,0,0,0
20,0,0,0,1,45.0,0,0,0.25,11,0.95,0.1053,1.0,3,0,0,0,0,0,0,0,0
26,0,0,1,1,65.3846,0,0,0.1923,18,0.95,0.2,1.0,3,0,0,1,52,0,1,0,1
25,0,0,1,0,56.0,0,0,0.2,18,0.5,0.1667,1.0,2,0,0,0,0,1,1,0,0
28,0,0,1,1,60.7143,0,0,0.1786,20,0.95,0.1481,1.0,3,0,0,0,0,0,0,0,0
34,0,0,1,1,82.3529,0,0,0.1471,26,0.95,0.1515,1.0,3,0,0,0,0,0,0,0,0
31,0,0,2,1,67.7419,0,0,0.2258,23,0.88,0.1667,1.0,2,0,0,0,0,0,0,0,0
24,0,0,1,1,62.5,0,0,0.2083,16,0.95,0.1739,1.0,3,0,0,0,0,0,0,0,0
22,0,0,1,1,63.6364,0,0,0.2273,14,0.85,0.1905,1.0,3,0,0,0,0,0,0,0,0
24,0,0,0,0,62.5,0,0,0.2083,17,0.85,0.087,1.0,3,0,0,0,0,0,0,0,0
57,0,0,2,1,80.7018,0,0,0.1754,40,0.5,0.0357,0.9825,3,0,0,0,0,0,0,0,0
34,0,0,2,0,76.4706,0,0,0.1765,27,0.5,0.1515,1.0,2,0,0,0,0,0,0,0,0
26,0,0,1,0,57.6923,0,0,0.1923,19,0.95,0.16,1.0,3,0,0,0,0,0,0,0,0
23,0,0,1,1,56.5217,0,0,0.2174,15,0.95,0.1818,1.0,3,2,0,1,51,0,1,0,1
26,0,0,1,1,80.7692,0,0,0.1923,18,0.5,0.16,1.0,2,0,0,0,0,0,0,0,0
59,0,0,2,1,91.5254,0,0,0.1186,50,0.8,0.0345,1.0,2,0,0,0,0,0,0,0,0
24,0,0,1,1,70.8333,0,0,0.2083,16,0.95,0.1739,1.0,3,0,0,0,0,0,0,0,0
24,0,0,1,0,62.5,0,0,0.25,17,0.5,0.1739,1.0,2,0,0,0,0,0,0,0,0
32,0,0,1,1,84.375,0,0,0.1562,24,0.9,0.129,1.0,3,0,0,0,0,0,0,0,0
26,0,0,0,1,65.3846,0,0,0.1923,17,0.95,0.24,1.0,3,0,0,0,0,0,0,0,0
22,0,0,1,1,68.1818,0,0,0.2273,14,0.5,0.2381,1.0,3,0,0,0,0,0,0,0,0
49,0,0,1,1,77.551,0,0,0.2041,40,0.95,0.0833,1.0,3,0,0,0,0,0,0,0,0
24,0,0,1,1,75.0,0,0,0.2083,16,0.5,0.1739,1.0,2,0,0,0,0,0,0,0,0
25,0,0,0,1,64.0,0,0,0.2,16,0.95,0.125,1.0,3,0,0,0,0,0,0,0,0
29,0,0,1,1,68.9655,0,0,0.1724,21,0.9,0.2143,1.0,3,0,0,0,0,0,0,0,0
25,0,0,1,0,68.0,0,0,0.2,18,0.95,0.2917,1.0,3,0,0,0,0,0,0,0,0
29,0,0,0,1,44.8276,0,0,0.1724,15,0.5,0.0714,1.0,2,0,0,0,0,0,0,0,0
33,0,0,1,1,72.7273,0,0,0.1515,25,0.95,0.1562,1.0,3,0,1,0,51,0,1,0,1
34,0,0,1,1,55.8824,0,0,0.2059,25,0.95,0.0909,1.0,3,0,0,0,0,0,0,0,0
27,0,0,2,1,81.4815,0,0,0.2222,19,0.98,0.1923,1.0,3,0,0,0,0,0,0,0,0
23,0,0,2,1,69.5652,0,0,0.2609,15,0.9,0.1818,1.0,2,0,0,0,0,0,0,0,0
20,0,0,1,1,45.0,0,0,0.25,12,0.9,0.2105,1.0,3,0,0,0,0,0,0,0,0
26,0,0,1,1,65.3846,0,0,0.1923,18,0.95,0.16,1.0,3,0,0,0,0,0,0,0,0
42,0,0,1,1,76.1905,0,0,0.1667,33,0.95,0.0732,1.0,3,0,0,0,0,0,0,0,0
20,0,0,1,1,55.0,0,0,0.25,12,0.9,0.2105,1.0,3,0,0,0,0,0,0,0,0
69,0,0,1,1,86.9565,0,0,0.1159,43,0.5,0.0588,1.0,3,0,0,0,0,0,0,0,0
28,0,0,1,1,78.5714,0,0,0.1786,20,0.95,0.1481,1.0,3,0,0,0,0,0,0,0,0
28,0,0,1,1,75.0,0,0,0.1786,20,0.95,0.1852,1.0,3,0,0,0,0,0,0,0,0
34,0,0,2,1,79.4118,0,0,0.1765,26,0.8,0.0606,1.0,2,0,0,0,0,0,0,0,0
23,0,0,2,1,60.8696,0,0,0.2609,15,0.9,0.1818,1.0,2,0,0,0,0,0,0,0,0
29,0,0,1,1,65.5172,0,0,0.1724,21,0.95,0.1429,1.0,3,0,0,0,0,0,0,0,0
40,0,0,1,1,80.0,0,0,0.175,31,0.95,0.0769,1.0,3,0,0,0,0,0,0,0,0
27,0,0,1,0,81.4815,0,0,0.1852,20,0.95,0.1538,1.0,3,0,0,0,0,0,0,0,0
22,0,0,1,0,40.9091,0,0,0.2273,15,0.5,0.1905,1.0,4,0,0,0,0,0,0,0,0
61,0,0,1,1,78.6885,0,0,0.1311,43,0.5,0.05,1.0,3,0,0,0,0,0,0,0,0
28,0,0,1,1,78.5714,0,0,0.1786,20,0.85,0.1481,1.0,2,0,0,0,0,0,0,0,0
27,0,0,1,1,70.3704,0,0,0.1852,19,0.95,0.1538,1.0,3,0,0,0,0,0,0,0,0
24,0,0,1,1,62.5,0,0,0.2083,16,0.95,0.1739,1.0,3,0,1,1,7,1,1,0,1
33,0,0,1,1,69.697,0,0,0.1515,25,0.95,0.125,1.0,3,0,0,0,0,0,0,0,0
35,0,0,1,1,74.2857,0,0,0.1429,27,0.95,0.1176,1.0,3,0,0,1,147,0,1,0,1
29,0,0,1,1,55.1724,0,0,0.1724,21,0.9,0.1429,1.0,3,0,0,0,0,0,0,0,0
23,0,0,1,0,56.5217,0,0,0.2174,16,0.5,0.1818,1.0,3,0,0,0,0,0,0,0,0
49,0,0,2,1,73.4694,0,0,0.1837,40,0.5,0.0417,1.0,3,0,0,0,0,0,0,0,0
19,0,0,1,0,52.6316,0,0,0.2632,12,0.85,0.2222,1.0,3,0,0,0,0,0,0,0,0
92,0,0,0,1,92.3913,0,0,0.0761,19,0.95,0.033,1.0,3,0,0,0,0,0,0,0,0
40,0,0,1,1,87.5,0,0,0.15,31,0.95,0.0769,1.0,3,0,0,0,0,0,0,0,0
22,0,0,1,1,59.0909,0,0,0.2273,14,0.95,0.1905,1.0,3,0,0,0,0,0,0,0,0
25,0,0,1,0,68.0,0,0,0.2,18,0.35,0.1667,1.0,3,0,0,0,0,0,0,0,0
35,0,0,1,0,74.2857,0,0,0.1429,28,0.95,0.0588,1.0,3,0,0,0,0,0,0,0,0
24,0,0,1,1,66.6667,0,0,0.2083,16,0.88,0.2174,1.0,2,2,0,1,210,0,1,1,1
26,0,0,1,1,57.6923,0,0,0.1923,18,0.95,0.16,1.0,3,1,0,0,2,0,1,0,1
24,0,0,1,0,70.8333,0,0,0.2083,17,0.55,0.1739,1.0,4,0,0,0,0,0,0,0,0
687,0,0,1,1,99.7089,31,2,0.179,15,0.95,0.0292,0.9578,3,0,0,0,0,0,0,0,0
20,0,0,1,1,70.0,0,0,0.25,12,0.9,0.2632,1.0,3,1,2,0,4,0,0,0,0
27,0,0,1,0,62.963,0,0,0.1852,20,0.85,0.1538,1.0,2,0,0,0,0,0,0,0,0
32,0,0,2,0,81.25,0,0,0.2188,25,0.9,0.2258,1.0,3,0,0,0,0,0,0,0,0
21,0,0,1,0,61.9048,0,0,0.2381,14,0.95,0.2,1.0,3,0,0,0,0,0,0,0,0
22,0,0,1,1,72.7273,0,0,0.2273,14,0.5,0.1905,1.0,2,0,0,0,0,0,0,0,0
24,0,0,2,1,58.3333,0,0,0.25,16,0.9,0.1739,1.0,2,0,0,0,0,0,0,0,0
25,0,0,1,1,80.0,0,0,0.2,17,0.88,0.1667,1.0,2,0,0,0,0,0,0,0,0
23,0,0,1,0,69.5652,0,0,0.2174,16,0.95,0.1818,1.0,3,0,0,0,0,0,0,0,0
35,0,0,1,1,74.2857,0,0,0.1429,27,0.95,0.1176,1.0,3,0,0,0,0,0,0,0,0
30,0,0,1,1,70.0,0,0,0.2,22,0.5,0.1379,1.0,3,0,0,0,0,0,0,0,0
46,0,0,0,0,82.6087,0,0,0.1739,12,0.5,0.1333,1.0,2,0,0,0,0,0,0,0,0
40,0,0,1,0,75.0,0,1,0.175,11,0.9,0.0513,1.0,2,0,0,0,0,0,0,0,0
48,0,0,1,0,85.4167,0,0,0.1042,41,0.5,0.1277,1.0,2,0,0,0,0,0,0,0,0
31,0,0,1,1,70.9677,0,0,0.1613,23,0.9,0.1333,1.0,3,0,0,0,0,0,0,0,0
108,0,0,0,1,91.6667,1,1,0.0833,37,0.95,0.0561,1.0,3,0,0,0,0,0,0,0,0
22,0,0,1,1,54.5455,0,0,0.2727,14,0.5,0.1905,1.0,2,0,0,0,0,0,0,0,0
36,0,0,1,1,77.7778,0,0,0.1389,28,0.5,0.1429,1.0,2,0,0,0,0,0,0,0,0
28,0,0,1,1,60.7143,0,0,0.1786,20,0.95,0.1481,1.0,3,0,0,0,0,0,0,0,0
23,0,0,1,1,65.2174,0,0,0.2174,15,0.99,0.1818,1.0,3,0,0,1,1,0,1,0,1
24,0,0,1,0,70.8333,0,0,0.2083,17,0.5,0.1739,1.0,2,0,0,0,0,0,0,0,0
59,0,0,1,1,74.5763,0,0,0.1525,42,0.95,0.0517,1.0,3,0,0,0,0,0,0,0,0
30,0,0,1,0,60.0,0,0,0.2333,22,0.35,0.1379,1.0,4,0,0,0,0,0,0,0,0
25,0,0,1,0,72.0,0,0,0.2,18,0.95,0.1667,1.0,3,0,0,0,0,0,0,0,0
28,0,0,1,1,67.8571,0,0,0.2143,19,0.5,0.1111,1.0,3,0,0,0,0,0,0,0,0
46,0,0,2,1,84.7826,0,0,0.2174,37,0.8,0.0444,1.0,2,0,0,0,0,0,0,0,0
22,0,0,1,1,50.0,0,0,0.2273,14,0.9,0.1905,1.0,3,0,0,0,0,0,0,0,0
31,0,0,0,0,54.8387,0,0,0.1935,23,0.95,0.0667,1.0,3,0,0,0,0,0,0,0,0
29,0,0,1,1,68.9655,0,0,0.1724,21,0.95,0.1429,1.0,3,0,0,0,0,0,0,0,0
36,0,0,2,0,77.7778,0,0,0.1667,29,0.5,0.1143,1.0,2,0,0,0,0,0,0,0,0
23,0,0,1,1,60.8696,0,0,0.2174,15,0.5,0.2273,1.0,3,0,0,0,0,0,0,0,0
24,0,0,2,0,66.6667,0,0,0.25,17,0.5,0.1739,1.0,2,0,0,0,0,0,0,0,0
68,0,0,1,1,92.6471,0,0,0.1765,19,0.85,0.0597,1.0,3,0,0,0,0,0,0,0,0
31,0,0,1,1,67.7419,0,0,0.1613,23,0.95,0.2,1.0,3,0,0,1,9,0,1,0,0
23,0,0,2,1,60.8696,0,0,0.2609,15,0.9,0.1818,1.0,2,0,0,0,0,0,0,0,0
22,0,0,1,1,59.0909,0,0,0.2273,14,0.95,0.1905,1.0,3,0,0,1,66,0,1,0,1
22,0,0,1,0,59.0909,0,0,0.2273,15,0.85,0.1905,1.0,2,0,0,0,0,0,0,0,0
30,0,0,1,1,66.6667,0,0,0.1667,22,0.95,0.1724,1.0,3,0,0,0,0,0,0,0,0
27,0,0,2,1,66.6667,0,0,0.2222,19,0.9,0.1538,1.0,2,0,0,0,0,0,0,0,0
32,0,0,2,1,56.25,0,0,0.1875,24,0.88,0.129,1.0,2,0,0,0,0,0,0,0,0
32,0,0,1,1,68.75,0,0,0.1562,24,0.9,0.129,1.0,3,0,0,0,0,0,0,0,0
27,0,0,1,0,70.3704,0,0,0.2222,20,0.5,0.1538,1.0,2,0,0,0,0,0,0,0,0
37,0,0,1,1,70.2703,0,0,0.1622,28,0.5,0.1111,1.0,3,0,0,0,0,0,0,0,0
21,1,0,2,0,57.1429,0,0,0.3333,13,0.5,0.1,1.0,3,0,0,0,0,0,0,0,0
31,0,0,1,1,67.7419,0,0,0.1613,23,0.95,0.1667,1.0,3,0,0,0,0,0,0,0,0
24,0,0,1,1,62.5,0,0,0.25,16,0.5,0.1739,1.0,2,0,0,0,0,0,0,0,0
32,0,0,1,1,75.0,0,0,0.1562,24,0.55,0.129,1.0,4,0,0,0,379,0,1,0,1
22,0,0,1,1,68.1818,0,0,0.2273,14,0.95,0.1905,1.0,3,0,0,0,0,0,0,0,0
41,0,0,2,1,78.0488,0,0,0.1463,33,0.9,0.125,1.0,2,0,0,0,0,0,0,0,0
27,0,0,1,1,74.0741,0,0,0.1852,19,0.95,0.1923,1.0,3,0,0,0,0,0,0,0,0
28,0,0,1,1,53.5714,0,0,0.1786,20,0.95,0.1481,1.0,3,1,0,1,431,0,1,0,1
28,0,0,1,1,78.5714,0,0,0.1786,20,0.95,0.1481,1.0,3,0,0,0,0,0,0,0,0
34,0,0,1,1,58.8235,0,0,0.2059,25,0.95,0.1212,1.0,3,0,0,0,0,0,0,0,0
36,0,0,0,1,72.2222,0,0,0.1389,27,0.95,0.0857,1.0,3,0,0,0,0,0,0,0,0
33,0,0,1,1,81.8182,0,0,0.1515,25,0.95,0.1562,1.0,3,0,0,0,0,0,0,0,0
31,0,0,2,0,61.2903,0,0,0.1935,24,0.95,0.1333,1.0,3,0,0,0,0,0,0,0,0
733,0,0,1,1,99.4543,3,1,0.0341,15,0.95,0.026,0.9986,3,0,0,0,0,0,0,0,0
54,0,0,1,1,85.1852,0,0,0.1296,46,0.8,0.0566,1.0,2,0,0,0,0,0,0,0,0
28,0,0,0,1,35.7143,0,0,0.1786,11,0.95,0.0741,1.0,3,0,0,0,34,0,1,0,0
37,0,0,1,1,70.2703,0,0,0.1622,28,0.5,0.1111,1.0,3,0,0,0,0,0,0,0,0
17,0,0,1,1,52.9412,0,0,0.2941,9,0.5,0.25,1.0,2,0,0,0,0,0,0,0,0
49,0,0,2,0,75.5102,0,0,0.2041,28,0.5,0.0833,1.0,2,0,0,0,0,0,0,0,0
27,0,0,1,1,74.0741,0,0,0.1852,19,0.95,0.1538,1.0,3,0,1,0,0,0,1,0,1
44,0,0,1,1,81.8182,0,0,0.2045,35,0.5,0.0698,1.0,3,0,0,0,0,0,0,0,0
46,0,0,3,0,95.6522,0,0,0.1957,39,0.5,0.1111,1.0,2,0,0,0,0,0,0,0,0
21,0,0,1,0,47.619,0,0,0.2857,14,0.5,0.2,1.0,2,0,0,0,0,0,0,0,0
25,0,0,1,1,64.0,0,0,0.2,17,0.88,0.2083,1.0,2,0,0,0,0,0,0,0,0
30,0,0,1,1,66.6667,0,0,0.1667,22,0.95,0.1379,1.0,3,0,0,0,0,0,0,0,0
22,0,0,1,1,72.7273,0,0,0.2273,14,0.85,0.1905,1.0,3,0,0,0,0,0,0,0,0
25,0,0,1,1,68.0,0,0,0.28,16,0.5,0.2083,1.0,3,0,0,0,0,0,0,0,0
16,0,0,0,0,50.0,0,0,0.3125,8,0.3,0.1333,1.0,3,0,0,0,0,0,0,0,0
96,0,0,2,1,94.7917,0,0,0.0938,73,0.5,0.0526,1.0,4,0,0,0,0,0,0,0,0
31,0,0,1,1,61.2903,0,0,0.2258,12,0.5,0.0667,1.0,2,0,0,0,0,0,0,0,0
45,0,0,2,0,84.4444,0,0,0.1778,38,0.5,0.1136,1.0,2,0,0,0,0,0,0,0,0
25,0,0,1,1,64.0,0,0,0.2,17,0.95,0.1667,1.0,3,0,0,0,0,0,0,0,0
26,0,0,2,0,84.6154,0,0,0.2308,19,0.5,0.2,1.0,4,0,0,0,0,0,0,0,0
90,0,1,1,1,87.7778,1,1,0.1444,43,0.5,0.0337,0.9889,3,0,0,0,0,0,0,0,0
26,0,0,1,1,65.3846,0,0,0.2692,18,0.5,0.16,1.0,2,0,0,0,0,0,0,0,0
23,0,0,1,0,65.2174,0,0,0.2174,16,0.5,0.1818,1.0,2,0,0,0,0,0,0,0,0
30,0,0,1,1,80.0,0,0,0.1667,22,0.9,0.1379,1.0,3,0,0,0,0,0,0,0,0
24,0,0,1,1,58.3333,0,0,0.2083,16,0.95,0.1739,1.0,3,0,0,0,0,0,0,0,0
22,0,0,1,1,77.2727,0,0,0.2273,14,0.98,0.1905,1.0,3,0,0,0,0,0,0,0,0
36,0,0,1,0,69.4444,0,0,0.1944,29,0.35,0.1143,1.0,6,0,0,0,0,0,0,0,0
30,0,0,1,1,73.3333,0,0,0.1667,22,0.95,0.1724,1.0,3,0,0,0,0,0,0,0,0
33,0,0,1,1,75.7576,0,0,0.2121,24,0.95,0.0938,1.0,3,0,0,0,0,0,0,0,0
31,0,0,1,1,77.4194,0,0,0.1613,23,0.9,0.1333,1.0,3,0,0,0,0,0,0,0,0
19,0,0,1,1,57.8947,0,0,0.2632,11,0.9,0.2778,1.0,2,2,32,0,184,0,0,0,1
88,0,0,1,1,86.3636,1,1,0.2045,39,0.5,0.069,0.9545,3,0,0,0,0,0,0,0,0
23,0,0,1,1,56.5217,0,0,0.2174,15,0.95,0.1818,1.0,3,0,0,0,0,0,0,0,0
34,0,0,1,1,61.7647,0,0,0.2059,25,0.35,0.1212,1.0,4,0,0,0,0,0,0,0,0
34,0,0,1,1,76.4706,0,0,0.1471,26,0.88,0.1212,1.0,2,0,0,0,0,0,0,0,0
177,0,0,1,0,96.0452,1,0,0.1243,16,0.95,0.0341,1.0,3,1,0,0,0,0,1,0,1
19,0,0,0,0,52.6316,0,0,0.2632,4,0.5,0.1667,1.0,2,0,0,0,0,0,0,0,0
18,0,0,1,0,61.1111,0,0,0.2778,11,0.5,0.2353,1.0,2,0,0,0,0,0,0,0,0
25,0,0,1,1,72.0,0,0,0.2,17,0.5,0.1667,1.0,2,0,0,0,0,0,0,0,0
34,0,0,1,1,82.3529,0,0,0.1471,26,0.95,0.1515,1.0,3,0,0,0,0,0,0,0,0
26,0,0,1,1,76.9231,0,0,0.1923,18,0.95,0.2,1.0,3,0,0,1,85,0,1,1,0
33,0,0,1,1,75.7576,0,0,0.1515,25,0.9,0.125,1.0,3,0,0,0,97,0,1,0,1
29,0,0,2,1,68.9655,0,0,0.2069,21,0.5,0.1429,1.0,3,0,0,0,0,0,0,0,0
20,0,0,0,0,40.0,0,0,0.25,12,0.95,0.1579,1.0,3,0,0,0,49,0,1,0,0
149,0,0,0,1,97.3154,1,1,0.0537,7,0.5,0.027,1.0,2,0,0,0,0,0,0,0,0
31,0,0,1,1,58.0645,0,0,0.1613,23,0.95,0.1667,1.0,3,0,0,0,0,0,0,0,0
32,0,0,1,1,78.125,0,0,0.1562,24,0.9,0.129,1.0,3,0,0,0,0,0,0,0,0
23,0,0,1,1,65.2174,0,0,0.2609,14,0.5,0.0909,1.0,2,0,0,0,0,0,0,0,0
30,0,0,0,0,66.6667,0,0,0.1333,23,0.5,0.069,1.0,4,0,0,0,0,0,0,0,0
29,0,0,1,1,65.5172,0,0,0.1724,21,0.95,0.1429,1.0,3,0,0,0,175,0,1,0,1
28,0,0,1,1,75.0,0,0,0.1786,20,0.95,0.1481,1.0,3,0,0,0,0,0,0,0,0
34,0,0,1,1,76.4706,0,0,0.1471,26,0.95,0.1212,1.0,3,0,0,0,0,0,0,0,0
29,0,0,1,1,75.8621,0,0,0.1724,21,0.95,0.1786,1.0,3,0,0,1,282,0,1,0,1
22,0,0,0,0,59.0909,0,0,0.1818,15,0.95,0.1429,1.0,3,0,0,0,0,0,0,0,0
25,0,0,1,1,68.0,0,0,0.2,17,0.95,0.1667,1.0,3,0,0,0,0,0,0,0,0
99,0,0,2,1,93.9394,0,0,0.0808,74,0.5,0.051,1.0,4,0,0,0,0,0,0,0,0
32,0,0,1,0,75.0,0,0,0.1562,25,0.95,0.129,1.0,3,0,0,0,0,0,0,0,0
37,0,0,1,1,70.2703,0,0,0.1622,28,0.5,0.1111,1.0,3,0,0,0,0,0,0,0,0
33,0,0,3,0,75.7576,0,0,0.2121,26,0.95,0.1562,1.0,3,0,0,0,0,0,0,0,0
30,0,0,1,1,76.6667,0,0,0.2333,22,0.95,0.1379,1.0,3,0,0,0,0,0,0,0,0
40,0,0,1,0,75.0,0,0,0.15,32,0.95,0.0513,1.0,3,0,0,0,0,0,0,0,0
25,0,0,1,0,68.0,0,0,0.2,18,0.9,0.1667,1.0,3,0,0,0,0,0,0,0,0
27,0,0,1,0,59.2593,0,0,0.1852,20,0.95,0.1538,1.0,3,0,0,0,0,0,0,0,0
26,0,0,1,0,53.8462,0,0,0.1923,19,0.95,0.16,1.0,3,0,0,0,0,0,0,0,0
26,0,0,3,1,50.0,0,0,0.2692,18,0.9,0.16,1.0,2,0,0,0,0,0,0,0,0
25,0,0,1,0,60.0,0,0,0.2,18,0.95,0.2083,1.0,3,0,0,0,0,0,0,0,0
21,0,0,1,0,61.9048,0,0,0.2381,14,0.95,0.25,1.0,3,0,0,0,0,0,0,0,0
31,0,0,1,1,70.9677,0,0,0.1613,23,0.95,0.1333,1.0,3,0,0,0,0,0,0,0,0
24,0,0,1,1,54.1667,0,0,0.2083,16,0.95,0.2174,1.0,3,0,0,0,0,0,0,0,0
20,0,0,1,1,50.0,0,0,0.25,12,0.9,0.2105,1.0,3,0,0,0,0,0,0,0,0
18,0,0,1,1,50.0,0,0,0.2778,10,0.95,0.2353,1.0,3,0,0,0,0,0,0,0,0
34,0,0,1,1,50.0,0,0,0.2059,25,0.95,0.1212,1.0,3,0,0,0,0,0,0,0,0
25,0,0,0,0,80.0,0,0,0.2,17,0.95,0.1667,1.0,3,0,0,0,0,0,0,0,0
72,0,0,2,0,86.1111,0,0,0.1111,25,0.5,0.0282,1.0,2,0,0,0,0,0,0,0,0
28,0,0,1,1,71.4286,0,0,0.1786,20,0.9,0.1481,1.0,3,0,0,0,0,1,1,0,0
19,0,0,0,0,36.8421,0,0,0.2632,5,0.5,0.1111,1.0,2,0,0,0,0,0,0,0,0
44,0,0,1,1,86.3636,0,0,0.1591,36,0.8,0.0698,1.0,2,0,0,0,0,0,0,0,0
32,0,0,1,0,78.125,0,0,0.1562,25,0.95,0.129,1.0,3,3,0,0,0,0,0,0,1
30,0,0,1,0,73.3333,0,0,0.1667,23,0.95,0.1379,1.0,3,0,0,0,0,0,0,0,0
21,0,0,2,0,57.1429,0,0,0.2857,14,0.9,0.2,1.0,2,0,0,0,0,0,0,0,0
26,0,0,0,1,53.8462,0,0,0.2308,17,0.95,0.08,1.0,3,0,0,0,0,0,0,0,0
20,0,0,1,1,55.0,0,0,0.25,12,0.5,0.2105,1.0,3,0,0,0,0,0,0,0,0
47,0,0,2,1,82.9787,0,0,0.1489,38,0.8,0.0652,1.0,2,0,0,0,0,0,0,0,0
18,0,0,1,0,55.5556,0,0,0.2778,11,0.5,0.2353,1.0,2,0,0,0,0,0,0,0,0
21,0,0,1,1,76.1905,0,0,0.2381,13,0.5,0.2,1.0,2,0,0,0,0,0,0,0,0
25,0,0,1,1,80.0,0,0,0.2,17,0.95,0.1667,1.0,3,0,0,0,0,0,0,0,1
29,0,0,1,1,72.4138,0,0,0.1724,21,0.9,0.1429,1.0,3,0,0,0,0,0,0,0,0
23,0,0,1,0,69.5652,0,0,0.2174,16,0.5,0.1818,1.0,2,0,0,0,0,0,0,0,0
35,0,0,2,0,68.5714,0,0,0.2,27,0.5,0.0882,1.0,2,0,0,0,0,0,0,0,0
120,0,0,0,1,93.3333,0,0,0.1417,11,0.95,0.0168,0.9833,3,0,0,0,0,0,0,0,0
25,0,0,1,0,72.0,0,0,0.2,18,0.95,0.1667,1.0,3,0,0,0,0,0,0,0,0
33,0,0,1,0,81.8182,0,0,0.1515,26,0.95,0.1562,1.0,3,0,0,0,0,0,0,0,0
37,0,0,1,0,70.2703,0,0,0.1892,29,0.95,0.0833,1.0,3,0,0,0,0,0,0,0,0
33,0,0,1,1,72.7273,0,0,0.1515,25,0.95,0.125,1.0,3,0,0,0,0,0,0,0,0
29,0,0,1,1,75.8621,0,0,0.1724,21,0.9,0.1786,1.0,3,0,0,0,30,0,0,0,1
35,0,0,1,0,71.4286,0,0,0.2,27,0.5,0.0882,1.0,3,0,0,0,0,0,0,0,0
22,0,0,1,0,59.0909,0,0,0.2273,15,0.95,0.2381,1.0,3,0,0,0,0,0,0,0,0
23,0,0,1,0,60.8696,0,0,0.2174,16,0.5,0.1818,1.0,2,0,0,0,0,0,0,0,0
23,0,0,1,1,65.2174,0,0,0.2174,15,0.85,0.2273,1.0,3,0,0,0,37,0,1,0,1
35,0,0,2,0,71.4286,0,0,0.2,27,0.5,0.1176,1.0,2,0,0,0,0,0,0,0,0
25,0,0,1,0,72.0,0,0,0.2,18,0.5,0.1667,1.0,7,0,0,0,0,0,1,0,0
26,0,0,1,1,69.2308,0,0,0.1923,18,0.95,0.2,1.0,3,0,0,0,0,0,0,0,0
36,0,0,2,1,75.0,0,0,0.1667,28,0.9,0.1143,1.0,2,0,0,0,0,0,0,0,0
43,0,0,1,1,83.7209,0,0,0.2093,17,0.5,0.0714,1.0,2,0,0,0,0,0,0,0,0
28,0,0,1,1,60.7143,0,0,0.1786,20,0.95,0.1481,1.0,3,0,0,0,0,0,0,0,0
23,0,0,1,0,69.5652,0,0,0.2174,16,0.3,0.1818,1.0,3,0,0,0,0,0,0,0,0
34,0,0,1,1,76.4706,0,0,0.1471,26,0.95,0.1212,1.0,3,0,0,0,0,0,0,0,0
36,0,0,1,1,69.4444,0,0,0.1667,28,0.88,0.1143,1.0,2,0,0,0,0,0,0,0,0
24,0,0,1,1,66.6667,0,0,0.2083,16,0.5,0.1739,1.0,2,0,0,0,0,0,0,0,0
35,0,0,1,1,68.5714,0,0,0.1429,27,0.95,0.1471,1.0,3,0,0,0,0,0,0,0,0
37,0,0,1,1,78.3784,0,0,0.1892,29,0.88,0.1389,1.0,2,0,0,0,0,0,0,0,0
23,0,0,1,1,65.2174,0,0,0.2174,15,0.9,0.1818,1.0,3,0,0,0,0,0,0,0,0
35,0,0,1,1,74.2857,0,0,0.1429,27,0.5,0.1176,1.0,2,0,0,0,0,0,0,0,0
41,0,0,1,1,82.9268,0,0,0.1463,32,0.95,0.075,1.0,3,0,0,0,0,0,0,0,0
41,0,0,2,0,68.2927,0,0,0.1951,34,0.95,0.1,1.0,3,0,0,0,0,0,0,0,0
31,0,0,1,1,74.1935,0,0,0.1613,23,0.95,0.1333,1.0,3,0,0,0,0,0,0,0,0
28,0,0,1,1,75.0,0,0,0.1786,20,0.95,0.1481,1.0,3,0,0,1,0,1,1,0,1
27,0,0,1,1,62.963,0,0,0.1852,19,0.9,0.1923,1.0,3,4,0,0,17,0,0,0,1
33,0,0,1,0,81.8182,0,0,0.1515,26,0.5,0.1562,1.0,2,0,0,0,0,0,0,0,0
31,0,0,1,0,58.0645,0,0,0.1613,24,0.95,0.1667,1.0,3,0,0,0,0,0,0,0,0
26,0,0,0,1,69.2308,0,0,0.1538,18,0.95,0.08,1.0,3,0,0,0,0,0,0,0,0
25,0,0,1,0,68.0,0,0,0.24,18,0.95,0.1667,1.0,3,0,0,0,0,0,0,0,0
39,0,0,0,1,84.6154,0,0,0.1795,24,0.3,0.1316,1.0,3,0,0,0,0,0,0,0,0
26,0,0,1,1,65.3846,0,0,0.1923,18,0.95,0.16,1.0,3,0,0,0,0,0,0,0,0
28,0,0,1,0,60.7143,0,0,0.2143,21,0.95,0.1481,1.0,3,0,0,0,0,0,0,0,0
55,0,0,1,0,80.0,0,0,0.2,14,0.5,0.0556,1.0,2,0,0,0,0,0,0,0,0
23,0,0,1,1,78.2609,0,0,0.2174,15,0.5,0.1818,1.0,2,0,0,0,0,0,0,0,0
30,0,0,1,1,73.3333,0,0,0.1667,22,0.98,0.1724,1.0,3,0,0,0,0,0,0,0,0
20,0,0,1,1,70.0,0,0,0.25,12,0.85,0.2105,1.0,3,0,0,0,0,0,0,0,0
28,0,0,1,1,71.4286,0,0,0.1786,20,0.95,0.1481,1.0,3,0,0,1,84,1,1,0,1
20,0,0,1,1,55.0,0,0,0.25,12,0.9,0.2105,1.0,3,0,0,0,0,0,0,0,0
62,0,0,1,0,91.9355,0,0,0.1452,32,0.5,0.0656,1.0,2,0,0,0,0,0,0,0,0
40,0,0,1,1,77.5,0,0,0.125,32,0.95,0.1282,1.0,3,0,0,0,0,0,0,0,0
30,0,0,1,1,66.6667,0,0,0.1667,22,0.9,0.1379,1.0,3,0,0,0,0,0,0,0,0
27,0,0,1,0,48.1481,0,0,0.1852,20,0.95,0.1538,1.0,3,0,0,0,0,0,1,0,1
48,0,0,1,1,83.3333,0,0,0.1875,27,0.35,0.0638,1.0,4,0,0,0,0,0,0,0,0
51,0,0,2,1,72.549,0,0,0.1961,42,0.5,0.08,1.0,3,0,0,0,0,0,0,0,0
24,0,0,1,1,62.5,0,0,0.2083,16,0.95,0.1739,1.0,3,0,0,0,0,0,0,0,0
29,0,0,1,0,62.069,0,0,0.1724,22,0.95,0.1429,1.0,3,0,0,0,0,0,0,0,0
47,0,0,2,1,82.9787,0,0,0.1915,38,0.5,0.0435,1.0,3,0,0,0,0,0,0,0,0
44,0,0,1,1,79.5455,0,0,0.1818,35,0.8,0.093,1.0,2,0,0,0,0,0,0,0,0
27,0,0,1,1,81.4815,0,0,0.1852,19,0.95,0.1538,1.0,3,0,0,0,0,0,0,0,0
37,0,0,0,1,75.6757,0,0,0.1622,17,0.85,0.0833,1.0,3,0,0,0,0,0,0,0,0
25,0,0,2,1,72.0,0,0,0.24,17,0.5,0.1667,1.0,2,0,0,0,0,0,0,0,0
56,0,0,1,1,85.7143,0,0,0.1429,48,0.8,0.0909,1.0,2,0,0,0,0,0,0,0,0
29,0,0,1,0,65.5172,0,0,0.1724,22,0.9,0.1429,1.0,3,0,0,0,0,0,0,0,0
25,0,0,1,0,64.0,0,0,0.24,15,0.95,0.0833,1.0,3,0,0,0,0,0,0,0,0
24,0,0,1,0,58.3333,0,0,0.2083,17,0.85,0.1739,1.0,3,0,0,0,0,0,0,0,0
28,0,0,1,1,60.7143,0,0,0.1786,20,0.9,0.1481,1.0,3,0,0,0,0,0,0,0,0
42,0,0,2,1,78.5714,0,0,0.1905,33,0.5,0.0976,1.0,3,0,0,0,0,0,0,0,0
221,0,0,0,1,95.4751,0,0,0.0452,12,0.95,0.0455,1.0,3,0,0,0,0,0,0,0,0
42,0,0,2,1,85.7143,0,0,0.1667,33,0.8,0.0976,1.0,2,0,0,0,0,0,0,0,0
30,0,0,1,1,60.0,0,0,0.1667,22,0.95,0.1379,1.0,3,0,0,0,0,0,0,0,0
64,0,0,2,1,92.1875,0,0,0.2031,22,0.5,0.0476,1.0,2,0,0,0,0,0,0,0,0
25,0,0,1,0,60.0,0,0,0.2,18,0.5,0.125,1.0,3,0,0,0,0,0,1,0,0
21,0,0,2,1,57.1429,0,0,0.2857,13,0.5,0.2,1.0,2,0,0,0,0,0,0,0,0
32,0,0,0,1,78.125,0,0,0.1875,16,0.95,0.0645,1.0,3,0,0,0,0,0,0,0,0
21,0,0,1,1,57.1429,0,0,0.2381,13,0.95,0.2,1.0,3,0,0,0,0,0,0,0,0
34,0,0,1,1,55.8824,0,0,0.2059,25,0.95,0.1212,1.0,3,0,0,0,0,0,0,0,0
37,0,0,1,1,67.5676,0,0,0.1622,28,0.35,0.0833,1.0,4,0,0,0,0,0,0,0,0
22,0,0,1,0,77.2727,0,0,0.2273,15,0.95,0.2857,1.0,3,0,0,0,0,0,0,0,0
20,0,0,1,0,45.0,0,0,0.25,13,0.95,0.2105,1.0,3,0,0,0,0,0,0,0,0
53,0,0,1,0,79.2453,0,0,0.2264,15,0.5,0.0385,0.9811,2,0,0,0,0,0,0,0,0
23,0,0,2,0,69.5652,0,0,0.2609,16,0.5,0.1818,1.0,2,0,0,0,0,0,0,0,0
19,0,0,1,0,57.8947,0,0,0.2632,12,0.9,0.2222,1.0,3,0,0,0,0,0,0,0,0
32,0,0,1,1,78.125,0,0,0.1562,24,0.85,0.129,1.0,3,0,0,0,0,0,0,0,0
24,0,0,0,1,70.8333,0,0,0.25,15,0.5,0.1304,1.0,2,0,0,0,0,0,0,0,0
25,0,0,1,1,72.0,0,0,0.24,17,0.9,0.1667,1.0,3,0,0,0,156,0,0,0,1
32,0,0,2,1,65.625,0,0,0.1875,24,0.9,0.129,1.0,2,0,0,0,0,0,0,0,0
37,0,0,1,1,70.2703,0,0,0.1622,28,0.5,0.1111,1.0,3,0,0,0,0,0,0,0,0
25,0,0,1,1,72.0,0,0,0.2,17,0.88,0.1667,1.0,2,0,0,0,0,0,0,0,0
28,0,0,1,1,57.1429,0,0,0.1786,20,0.95,0.1481,1.0,3,0,0,0,0,0,1,0,0
20,0,0,0,1,50.0,0,0,0.25,5,0.5,0.1053,1.0,2,0,0,0,0,0,0,0,0
163,0,0,1,1,95.7055,0,1,0.0613,14,0.95,0.0185,1.0,3,0,0,0,0,0,0,0,0
24,0,0,1,1,54.1667,0,0,0.2083,16,0.95,0.2174,1.0,3,0,0,1,134,0,1,1,1
33,0,0,1,1,69.697,0,0,0.1515,25,0.95,0.1562,1.0,3,1,0,0,2,0,1,0,1
18,0,0,1,1,72.2222,0,0,0.2778,10,0.5,0.2353,1.0,2,0,0,0,14,0,1,0,1
26,0,0,1,0,61.5385,0,0,0.1923,19,0.95,0.16,1.0,3,0,0,0,0,0,0,0,0
71,0,0,0,1,87.3239,0,0,0.0986,11,0.95,0.0429,1.0,3,0,0,0,0,0,0,0,0
26,0,0,1,1,61.5385,0,0,0.1923,18,0.95,0.2,1.0,3,0,0,0,0,0,0,0,0
41,0,0,1,1,73.1707,0,0,0.1951,32,0.95,0.1,1.0,3,0,0,0,0,0,0,0,0
21,0,0,1,1,76.1905,0,0,0.2381,13,0.5,0.2,1.0,2,0,0,0,0,0,0,0,0
56,0,0,1,0,85.7143,0,0,0.1071,48,0.9,0.0545,1.0,3,0,0,0,0,0,0,0,0
27,0,0,1,1,55.5556,0,0,0.1852,19,0.5,0.1538,1.0,2,0,0,0,2,0,1,0,1
25,0,0,1,1,64.0,0,0,0.28,16,0.5,0.125,1.0,3,0,0,0,0,0,0,0,0
29,0,0,1,1,72.4138,0,0,0.1724,21,0.85,0.1429,1.0,3,0,0,0,1,0,0,0,0
33,0,0,1,1,60.6061,0,0,0.2121,24,0.35,0.0938,1.0,4,0,0,0,0,0,0,0,0
56,0,0,1,0,91.0714,0,0,0.125,13,0.5,0.0727,1.0,2,0,0,0,1,0,0,0,0
17,0,0,1,0,52.9412,0,0,0.2941,10,0.88,0.25,1.0,2,0,0,0,0,0,0,0,0
26,0,0,1,1,61.5385,0,0,0.1923,18,0.95,0.16,1.0,3,0,0,0,0,0,0,0,0
23,0,0,1,0,60.8696,0,0,0.2609,16,0.5,0.1818,1.0,2,0,0,0,0,0,0,0,0
32,0,0,1,1,75.0,0,0,0.1562,24,0.95,0.129,1.0,3,0,0,0,0,0,0,0,0
34,0,0,1,1,70.5882,0,0,0.1471,26,0.95,0.1212,1.0,3,0,0,0,0,0,0,0,0
18,0,0,1,0,55.5556,0,0,0.2778,11,0.9,0.2353,1.0,3,0,0,0,0,0,0,0,0
21,0,0,1,1,61.9048,0,0,0.2381,13,0.9,0.25,1.0,3,0,0,0,0,0,0,0,0
31,0,0,1,0,70.9677,0,0,0.1613,24,0.95,0.1667,1.0,3,0,0,0,0,0,0,0,0
32,0,0,1,1,81.25,0,0,0.1562,24,0.95,0.129,1.0,3,2,0,0,1,0,1,0,1
29,0,0,2,1,58.6207,0,0,0.2069,21,0.5,0.1429,1.0,2,0,0,0,0,0,0,0,0
27,0,0,1,1,62.963,0,0,0.2222,18,0.5,0.1154,1.0,3,0,0,0,0,0,0,0,0
23,0,0,1,0,65.2174,0,0,0.2174,16,0.85,0.2273,1.0,3,0,0,0,0,0,0,0,0
38,0,0,1,1,78.9474,0,0,0.1316,30,0.95,0.1081,1.0,3,0,0,0,0,0,0,0,0
39,0,0,1,1,69.2308,0,0,0.1538,30,0.5,0.1579,1.0,3,0,0,0,0,0,0,0,0
69,0,0,2,0,82.6087,0,0,0.1304,37,0.5,0.0441,1.0,2,0,0,0,0,0,0,0,0
35,0,0,2,1,82.8571,0,0,0.1714,27,0.5,0.1176,1.0,2,0,0,0,0,0,0,0,0
21,0,0,1,1,57.1429,0,0,0.2381,13,0.5,0.2,1.0,2,0,0,0,0,0,0,0,0
28,0,0,1,1,71.4286,0,0,0.1786,20,0.9,0.1852,1.0,3,0,0,0,0,0,0,0,0
24,0,0,1,0,58.3333,0,0,0.2083,17,0.5,0.1739,1.0,2,0,0,0,0,0,0,0,0
39,0,0,1,1,69.2308,0,0,0.1538,30,0.5,0.1053,1.0,3,0,0,0,0,0,0,0,0
50,0,0,4,0,84.0,0,0,0.22,31,0.3,0.102,1.0,3,0,0,0,0,0,0,0,0
83,0,0,2,1,91.5663,0,0,0.0843,74,0.5,0.061,1.0,4,0,0,0,0,0,0,0,0
69,0,0,5,1,85.5072,0,0,0.2174,37,0.95,0.0588,1.0,3,0,0,0,0,0,0,0,0
23,0,0,1,1,60.8696,0,0,0.2174,15,0.95,0.2273,1.0,3,0,0,0,0,0,0,0,0
35,0,0,1,0,65.7143,0,0,0.1429,28,0.5,0.1176,1.0,2,0,0,0,0,0,0,0,0
27,0,0,1,1,51.8519,0,0,0.1852,19,0.95,0.1538,1.0,3,0,0,0,0,0,0,0,0
24,0,0,1,1,66.6667,0,0,0.2083,16,0.85,0.1739,1.0,3,0,0,0,0,0,0,0,0
29,0,0,1,1,65.5172,0,0,0.1724,21,0.85,0.1429,1.0,3,0,0,0,0,0,0,0,0
30,0,0,3,1,60.0,0,0,0.2333,22,0.88,0.1379,1.0,2,0,0,0,0,0,0,0,0
22,0,0,1,1,63.6364,0,0,0.2273,14,0.95,0.1905,1.0,3,0,0,0,0,0,0,0,0
164,0,0,0,0,95.122,4,1,0.128,14,0.5,0.0245,1.0,4,0,0,0,0,0,0,0,0
30,0,0,1,1,80.0,0,0,0.1667,22,0.95,0.1379,1.0,3,0,0,0,0,0,0,0,0
27,0,0,1,0,77.7778,0,0,0.1852,20,0.95,0.1538,1.0,3,0,0,0,0,0,0,0,0
20,0,0,1,1,80.0,0,0,0.25,12,0.5,0.2632,1.0,4,0,0,0,0,0,0,0,0
36,0,0,1,1,83.3333,0,0,0.2222,27,0.5,0.0857,1.0,3,0,0,0,0,0,0,0,0
24,0,0,1,0,66.6667,0,0,0.2083,17,0.95,0.1739,1.0,3,0,0,0,0,0,0,0,0
25,0,0,1,1,64.0,0,0,0.2,17,0.85,0.1667,1.0,3,0,0,0,0,0,0,0,0
27,0,0,1,1,59.2593,0,0,0.1852,19,0.95,0.1538,1.0,3,0,0,0,0,0,0,0,0
22,0,0,1,1,45.4545,0,0,0.2273,14,0.5,0.1905,1.0,2,0,0,0,0,0,0,0,0
30,0,0,1,1,70.0,0,0,0.1667,22,0.95,0.1379,1.0,3,0,0,0,0,0,0,0,0
74,0,0,1,1,85.1351,0,0,0.1081,13,0.5,0.0411,1.0,2,0,0,0,0,0,0,0,0
29,0,0,1,1,68.9655,0,0,0.2069,21,0.95,0.1429,1.0,3,0,0,0,6,0,0,0,1
27,0,0,1,1,77.7778,0,0,0.1852,19,0.95,0.1538,1.0,3,0,0,0,0,0,0,0,0
57,0,0,1,0,87.7193,0,0,0.1579,26,0.5,0.0893,1.0,2,0,0,0,0,0,0,0,0
25,0,0,1,1,80.0,0,0,0.2,17,0.95,0.1667,1.0,3,2,0,1,3,0,1,0,1
36,0,0,1,1,72.2222,0,0,0.1667,27,0.5,0.1143,1.0,3,0,0,0,0,0,0,0,0
41,0,0,1,1,82.9268,0,0,0.1707,32,0.95,0.075,1.0,3,0,0,0,0,0,0,0,0
30,0,0,0,1,73.3333,0,0,0.1667,10,0.5,0.3448,1.0,2,0,0,0,0,0,0,0,0
32,0,0,1,1,71.875,0,0,0.1562,24,0.5,0.129,1.0,2,0,0,0,0,0,0,0,0
27,0,0,1,1,74.0741,0,0,0.1852,19,0.88,0.1538,1.0,2,0,0,0,0,0,0,0,0
32,0,0,1,1,78.125,0,0,0.1562,24,0.9,0.2258,1.0,3,0,0,0,0,0,0,0,0
23,0,0,1,0,43.4783,0,0,0.2174,16,0.95,0.1818,1.0,3,0,0,0,0,0,0,0,0
30,0,0,1,1,70.0,0,0,0.1667,22,0.95,0.1379,1.0,3,0,0,0,0,0,0,0,0
24,0,0,1,1,58.3333,0,0,0.2083,16,0.95,0.2174,1.0,3,0,0,0,0,0,0,0,0
26,0,0,1,1,61.5385,0,0,0.1923,18,0.95,0.16,1.0,3,3,0,1,0,1,1,1,1
51,0,0,2,1,82.3529,0,0,0.1961,25,0.5,0.12,1.0,2,0,0,0,0,0,0,0,0
48,0,0,1,1,87.5,0,0,0.1667,39,0.5,0.0426,1.0,2,0,0,0,0,0,0,0,0
45,0,0,1,1,73.3333,0,0,0.1333,36,0.95,0.0909,1.0,3,0,0,0,0,0,0,0,0
45,0,0,1,1,71.1111,0,0,0.2,36,0.95,0.0909,1.0,3,0,0,0,0,0,0,0,0
29,0,0,1,0,79.3103,0,0,0.1724,22,0.95,0.2143,1.0,3,0,0,0,0,0,0,0,0
64,0,0,1,0,89.0625,0,0,0.1562,18,0.95,0.0794,1.0,3,0,0,0,0,0,0,0,0
91,0,0,2,1,94.5055,0,0,0.0879,73,0.5,0.0222,1.0,4,0,0,0,0,0,0,0,0
25,0,0,1,1,72.0,0,0,0.2,17,0.95,0.1667,1.0,3,0,0,0,0,0,0,0,0
25,0,0,1,1,64.0,0,0,0.2,17,0.95,0.1667,1.0,3,0,0,1,10,0,1,0,1
48,0,0,2,1,83.3333,0,0,0.1458,39,0.8,0.0638,1.0,2,0,0,0,0,0,0,0,0
26,0,0,1,1,57.6923,0,0,0.1923,18,0.85,0.2,1.0,3,0,0,0,0,0,0,0,0
25,0,0,1,1,68.0,0,0,0.2,17,0.95,0.1667,1.0,3,0,0,0,0,0,0,0,0
44,0,0,1,0,77.2727,0,0,0.1818,20,0.5,0.0465,1.0,2,0,0,0,0,0,0,0,0
24,0,0,1,0,70.8333,0,0,0.2083,17,0.95,0.1739,1.0,3,0,0,1,0,0,1,0,1
37,0,0,1,1,78.3784,0,0,0.1622,28,0.95,0.0833,1.0,3,0,0,0,0,0,0,0,0
78,0,0,0,1,88.4615,0,0,0.1026,7,0.5,0.0519,1.0,2,0,0,0,0,0,0,0,0
33,0,0,2,1,69.697,0,0,0.1818,25,0.9,0.1562,1.0,2,0,0,0,0,0,0,0,0
28,0,0,1,1,71.4286,0,0,0.1786,20,0.95,0.1481,1.0,3,0,0,0,7,1,1,0,1
44,0,0,1,1,72.7273,0,0,0.1818,29,0.85,0.093,1.0,3,0,0,0,0,0,0,0,0
67,0,0,0,1,83.5821,0,0,0.0896,7,0.5,0.0455,1.0,2,0,0,0,0,0,0,0,0
49,0,0,2,1,75.5102,0,0,0.1837,40,0.5,0.0417,1.0,3,0,0,0,0,0,0,0,0
28,0,0,1,1,67.8571,0,0,0.1786,20,0.95,0.1481,1.0,3,0,0,0,0,0,0,0,0
34,0,0,1,1,73.5294,0,0,0.1765,25,0.95,0.0909,1.0,3,0,0,0,0,0,0,0,0
25,0,0,1,1,76.0,0,0,0.2,17,0.95,0.1667,1.0,3,0,0,0,0,0,0,0,0
20,0,0,1,0,70.0,0,0,0.25,13,0.5,0.2105,1.0,2,0,0,0,0,0,0,0,0
21,0,0,1,1,61.9048,0,0,0.2857,13,0.5,0.25,1.0,2,0,0,0,0,0,0,0,0
27,0,0,1,0,66.6667,0,0,0.1852,20,0.95,0.1538,1.0,3,0,0,0,0,0,0,0,0
29,0,0,2,1,65.5172,0,0,0.2069,21,0.98,0.1429,1.0,3,0,0,0,0,0,0,0,0
28,0,0,1,0,67.8571,0,0,0.1786,21,0.55,0.2222,1.0,4,0,0,0,0,0,0,0,0
37,0,0,1,1,94.5946,0,0,0.1351,29,0.5,0.2222,1.0,2,0,0,0,0,0,0,0,0
26,0,0,1,1,69.2308,0,0,0.1923,18,0.95,0.16,1.0,3,0,0,0,0,0,0,0,0
30,0,0,1,0,73.3333,0,0,0.2333,22,0.88,0.069,1.0,2,0,0,0,0,0,0,0,0
29,0,0,2,0,62.069,0,0,0.2069,22,0.95,0.1429,1.0,3,0,0,0,0,0,0,0,0
24,0,0,1,0,54.1667,0,0,0.2083,17,0.95,0.1739,1.0,3,1,0,0,0,0,1,0,1
64,0,0,1,0,89.0625,0,0,0.1562,33,0.95,0.0317,1.0,3,0,0,0,0,0,0,0,0
31,0,0,2,0,64.5161,0,0,0.2258,24,0.85,0.1333,1.0,3,0,0,0,0,0,0,0,0
27,0,0,1,1,62.963,0,0,0.1852,19,0.5,0.1538,1.0,2,0,0,0,0,0,0,0,0
23,0,0,1,1,65.2174,0,0,0.2174,15,0.95,0.1818,1.0,3,1,1,1,108,0,1,0,1
24,0,0,1,0,62.5,0,0,0.2083,17,0.95,0.1739,1.0,3,0,0,0,0,0,0,0,0
35,0,0,1,1,71.4286,0,0,0.2286,26,0.95,0.1176,1.0,3,0,0,0,0,0,0,0,0
25,0,0,1,1,44.0,0,0,0.2,17,0.95,0.1667,1.0,3,0,0,0,0,0,0,0,0
26,0,0,1,1,69.2308,0,0,0.1923,18,0.95,0.16,1.0,3,0,0,0,0,0,0,0,0
25,0,0,1,1,72.0,0,0,0.2,17,0.95,0.2083,1.0,3,0,0,0,0,0,0,0,0
31,0,0,1,1,74.1935,0,0,0.1613,23,0.95,0.1333,1.0,3,0,0,0,0,0,0,0,0
39,0,0,1,1,71.7949,0,0,0.1282,31,0.95,0.1053,1.0,3,0,0,0,0,0,0,0,0
23,0,0,1,1,56.5217,0,0,0.2174,15,0.95,0.1818,1.0,3,0,0,0,0,0,0,0,0
26,0,0,1,1,53.8462,0,0,0.1923,18,0.95,0.16,1.0,3,0,0,0,0,0,0,0,0
46,0,0,1,1,82.6087,0,0,0.1739,37,0.8,0.0889,1.0,2,0,0,0,0,0,0,0,0
26,0,0,1,1,61.5385,0,0,0.1923,18,0.95,0.16,1.0,3,0,0,0,0,0,0,0,0
19,0,0,1,0,52.6316,0,0,0.2632,12,0.9,0.2222,1.0,3,0,0,1,249,0,1,0,1
95,0,1,1,1,87.3684,0,0,0.1789,19,0.8,0.0319,0.9789,2,0,0,0,0,0,0,0,0
22,0,0,1,0,59.0909,0,0,0.2273,15,0.9,0.1905,1.0,3,0,0,0,0,0,0,0,0
71,0,0,0,1,81.6901,0,0,0.0845,23,0.95,0.0286,1.0,3,0,0,0,0,0,0,0,0
24,0,0,1,1,45.8333,0,0,0.2083,16,0.9,0.1739,1.0,3,0,0,0,0,0,0,0,0
36,0,0,1,1,80.5556,0,0,0.1389,28,0.95,0.1143,1.0,3,1,0,1,14,0,1,0,1
35,0,0,1,1,74.2857,0,0,0.1714,27,0.88,0.1176,1.0,2,0,0,0,0,0,0,0,0
22,0,0,1,0,63.6364,0,0,0.2273,15,0.5,0.1905,1.0,2,0,0,0,0,0,0,0,0
28,0,0,1,1,67.8571,0,0,0.1786,20,0.95,0.1852,1.0,3,0,0,0,0,0,0,0,0
25,0,0,1,1,56.0,0,0,0.2,17,0.9,0.1667,1.0,3,0,0,0,0,0,0,0,0
24,0,0,2,1,75.0,0,0,0.25,16,0.98,0.1739,1.0,3,0,0,0,2,0,1,0,0
33,0,0,2,0,60.6061,0,0,0.2121,25,0.95,0.0938,1.0,3,0,0,0,0,0,0,0,0
27,0,0,1,0,59.2593,0,0,0.1852,20,0.95,0.1538,1.0,3,0,0,0,0,0,0,0,0
21,0,0,1,1,52.381,0,0,0.2381,13,0.5,0.2,1.0,2,0,0,0,0,0,0,0,0
28,0,0,1,1,75.0,0,0,0.1786,20,0.9,0.1852,1.0,3,1,0,0,6,0,1,0,1
22,0,0,1,1,77.2727,0,0,0.2273,14,0.5,0.1905,1.0,2,0,0,0,0,0,0,0,0
31,0,0,1,1,70.9677,0,0,0.1613,23,0.9,0.1333,1.0,3,0,0,0,0,0,0,0,0
58,0,1,1,1,87.931,0,0,0.1552,31,0.5,0.0877,0.9655,3,0,0,0,0,0,0,0,0
40,0,0,3,0,85.0,0,0,0.175,33,0.95,0.1026,1.0,3,0,0,0,0,0,0,0,0
32,0,0,1,0,50.0,0,0,0.2188,24,0.95,0.0968,1.0,3,0,0,0,0,0,0,0,0
43,0,0,1,1,58.1395,0,0,0.1395,34,0.5,0.0714,1.0,3,0,0,0,0,0,0,0,0
31,0,0,2,1,61.2903,0,0,0.1935,23,0.5,0.1333,1.0,2,0,0,0,0,0,0,0,0
55,0,0,2,1,80.0,0,0,0.1818,47,0.8,0.0556,1.0,2,0,0,0,0,0,0,0,0
26,0,0,1,0,65.3846,0,0,0.1923,19,0.5,0.16,1.0,2,0,0,0,0,0,0,0,0
23,0,0,1,1,60.8696,0,0,0.2174,15,0.95,0.2273,1.0,3,0,0,0,0,0,0,0,0
31,0,0,1,1,61.2903,0,0,0.1613,23,0.95,0.1333,1.0,3,0,0,0,0,0,0,0,0
26,0,0,1,1,73.0769,0,0,0.1923,18,0.95,0.16,1.0,3,0,0,0,0,0,0,0,0
31,0,0,1,1,67.7419,0,0,0.2258,22,0.5,0.1,1.0,3,0,0,0,0,0,0,0,0
27,0,0,1,0,74.0741,0,0,0.1852,20,0.5,0.1538,1.0,2,0,0,0,0,0,0,0,0
31,0,0,1,1,70.9677,0,0,0.1613,23,0.5,0.1333,1.0,2,0,0,0,0,0,0,0,0
19,0,0,1,1,52.6316,0,0,0.2632,11,0.95,0.2222,1.0,3,0,0,0,0,0,0,0,0
20,0,0,1,1,45.0,0,0,0.25,12,0.5,0.2105,1.0,2,0,0,0,0,0,0,0,0
34,0,0,2,1,79.4118,0,0,0.1765,26,0.5,0.1212,1.0,2,0,0,0,0,0,0,0,0
35,0,0,1,1,71.4286,0,0,0.1429,27,0.95,0.1176,1.0,3,0,0,0,0,0,0,0,0
22,0,0,1,1,81.8182,0,0,0.2273,14,0.85,0.1905,1.0,3,0,0,0,0,0,0,0,0
29,0,0,1,1,62.069,0,0,0.1724,21,0.95,0.1429,1.0,3,0,0,0,0,0,0,0,0
31,0,0,1,1,80.6452,0,0,0.1613,23,0.95,0.2,1.0,3,0,0,0,0,0,0,0,0
19,0,0,1,1,47.3684,0,0,0.2632,11,0.5,0.2222,1.0,2,0,0,0,0,0,0,0,0
136,0,0,2,1,94.1176,2,1,0.1691,53,0.5,0.0519,0.9926,2,0,0,0,0,0,0,0,0
41,0,0,1,1,63.4146,0,0,0.1951,32,0.95,0.125,1.0,3,0,0,0,0,0,0,0,0
23,0,0,1,0,73.913,0,0,0.2174,16,0.95,0.1818,1.0,3,0,0,0,0,0,0,0,0
20,0,0,1,0,65.0,0,0,0.25,13,0.5,0.2105,1.0,2,0,0,0,0,0,0,0,0
20,0,0,1,1,45.0,0,0,0.25,12,0.9,0.2105,1.0,3,0,0,0,0,0,0,0,0
25,0,0,1,1,68.0,0,0,0.2,17,0.85,0.1667,1.0,3,0,0,0,0,0,0,0,0
26,0,0,1,1,73.0769,0,0,0.1923,18,0.5,0.2,1.0,2,0,0,0,195,0,1,0,0
101,0,0,1,1,92.0792,1,0,0.1683,16,0.95,0.07,1.0,3,0,0,0,0,0,0,0,0
26,0,0,1,1,53.8462,0,0,0.1923,18,0.95,0.2,1.0,3,0,0,0,0,0,0,0,0
19,0,0,0,0,57.8947,0,0,0.2105,12,0.5,0.1667,1.0,2,0,0,0,0,0,0,0,0
34,0,0,1,1,85.2941,0,0,0.2059,20,0.95,0.0606,1.0,3,0,0,0,0,0,0,0,0
21,0,0,1,1,57.1429,0,0,0.2381,13,0.5,0.25,1.0,2,0,0,0,0,0,0,0,0
80,0,0,0,1,90.0,0,0,0.1625,17,0.88,0.0506,1.0,2,0,0,0,0,0,0,0,0
29,0,0,1,1,58.6207,0,0,0.1724,21,0.95,0.1786,1.0,3,0,0,0,0,0,0,0,0
27,0,0,1,1,55.5556,0,0,0.1852,19,0.95,0.1538,1.0,3,0,0,0,0,0,0,0,0
30,0,0,1,1,60.0,0,0,0.1667,22,0.9,0.1379,1.0,3,0,0,0,0,0,0,0,0
25,0,0,1,0,68.0,0,0,0.2,18,0.85,0.0833,1.0,3,0,0,0,0,0,0,0,0
29,0,0,1,0,86.2069,0,0,0.1724,22,0.5,0.1429,1.0,5,0,0,0,0,0,0,0,0
28,0,0,1,1,75.0,0,0,0.1786,20,0.95,0.1481,1.0,3,0,3,0,2,0,0,0,1
52,0,0,3,0,92.3077,0,0,0.1923,44,0.3,0.098,1.0,3,0,0,0,0,0,0,0,0
22,0,0,1,1,68.1818,0,0,0.2273,14,0.85,0.2381,1.0,3,0,0,0,0,0,0,0,0
32,0,0,1,1,68.75,0,0,0.1562,24,0.95,0.129,1.0,3,0,0,0,0,0,0,0,0
28,0,0,1,1,71.4286,0,0,0.1786,20,0.85,0.1481,1.0,3,0,0,0,0,0,0,0,0
66,0,0,0,1,83.3333,0,0,0.1061,18,0.95,0.0615,1.0,3,0,0,0,0,0,0,0,0
22,0,0,1,1,68.1818,0,0,0.2273,14,0.5,0.1905,1.0,2,0,0,0,0,0,0,0,0
33,0,0,1,1,81.8182,0,0,0.1818,25,0.55,0.125,1.0,4,0,0,0,0,0,0,0,0
34,0,0,2,0,76.4706,0,0,0.1765,27,0.95,0.1212,1.0,3,0,0,0,0,0,0,0,0
28,0,0,1,1,71.4286,0,0,0.2143,19,0.95,0.0741,1.0,3,0,0,0,0,0,0,0,0
39,0,0,1,1,79.4872,0,0,0.1538,30,0.5,0.0789,1.0,3,0,0,0,0,0,0,0,0
25,0,0,1,1,64.0,0,0,0.24,17,0.95,0.2083,1.0,3,0,0,0,0,0,0,0,0
25,0,0,1,1,60.0,0,0,0.2,17,0.95,0.2083,1.0,3,0,0,0,0,0,0,0,0
23,0,0,2,0,69.5652,0,0,0.2609,16,0.8,0.1818,1.0,2,0,0,0,0,0,0,0,0
35,0,0,2,0,74.2857,0,0,0.1714,28,0.95,0.1176,1.0,3,0,0,0,0,0,0,0,0
30,0,0,1,1,86.6667,0,0,0.1667,22,0.5,0.1379,1.0,2,0,0,0,0,0,0,0,0
29,0,0,1,1,82.7586,0,0,0.1724,21,0.95,0.1429,1.0,3,0,0,0,0,0,0,0,0
28,0,0,1,0,71.4286,0,0,0.25,15,0.35,0.2222,1.0,3,0,0,0,0,0,0,0,0
25,0,0,1,1,56.0,0,0,0.2,17,0.95,0.1667,1.0,3,0,0,0,0,0,0,0,0
43,0,0,1,1,55.814,0,0,0.2093,17,0.35,0.0714,1.0,3,0,0,0,0,0,0,0,0
28,0,0,2,0,85.7143,0,0,0.2143,21,0.85,0.1481,1.0,2,0,0,0,0,0,0,0,0
24,0,0,2,0,66.6667,0,0,0.25,17,0.5,0.1739,1.0,3,0,0,0,0,0,0,0,0
23,0,0,1,1,60.8696,0,0,0.2174,15,0.5,0.1818,1.0,2,0,0,0,0,0,0,0,0
23,0,0,1,0,69.5652,0,0,0.2174,16,0.5,0.1818,1.0,2,0,0,0,0,0,0,0,0
27,0,0,0,0,59.2593,0,0,0.2593,13,0.35,0.1154,1.0,3,0,0,0,0,0,0,0,0
19,0,0,1,1,57.8947,0,0,0.2632,11,0.9,0.2222,1.0,3,0,0,0,0,0,0,0,0
28,0,0,1,0,57.1429,0,0,0.1786,21,0.95,0.1852,1.0,3,0,0,0,0,0,0,0,0
17,0,0,1,0,58.8235,0,0,0.2941,10,0.5,0.25,1.0,2,0,0,0,0,0,0,0,0
38,0,0,1,1,60.5263,0,0,0.1842,29,0.95,0.0811,1.0,3,0,0,0,0,0,0,0,0
30,0,0,1,0,76.6667,0,0,0.1667,23,0.95,0.1379,1.0,3,0,0,0,0,0,0,0,0
32,0,0,1,0,59.375,0,0,0.1875,25,0.95,0.1935,1.0,3,0,0,0,0,0,0,0,0
27,0,0,1,1,62.963,0,0,0.1852,19,0.95,0.1538,1.0,3,0,0,0,0,0,0,0,0
23,0,0,1,1,52.1739,0,0,0.2609,15,0.88,0.2273,1.0,2,0,0,0,0,0,0,0,0
34,0,0,1,1,79.4118,0,0,0.2059,25,0.5,0.1818,1.0,3,0,0,0,0,0,0,0,0
28,0,0,0,1,57.1429,0,0,0.1786,19,0.95,0.0741,1.0,3,0,0,0,0,0,0,0,0
32,0,0,1,1,75.0,0,0,0.1562,24,0.95,0.1613,1.0,3,0,0,0,0,0,0,0,0
33,0,0,1,1,72.7273,0,0,0.1515,25,0.95,0.125,1.0,3,0,0,0,0,0,0,0,0
23,0,0,1,1,60.8696,0,0,0.2174,15,0.5,0.1818,1.0,2,0,0,0,0,0,0,0,0
25,0,0,1,1,60.0,0,0,0.24,17,0.95,0.2083,1.0,3,0,0,0,0,0,0,0,0
30,0,0,1,1,73.3333,0,0,0.1667,22,0.95,0.1379,1.0,3,0,0,0,0,0,0,0,0
21,0,0,1,1,61.9048,0,0,0.2381,13,0.55,0.2,1.0,4,0,0,1,74,0,1,0,1
28,0,0,1,0,71.4286,0,0,0.1786,21,0.95,0.2222,1.0,3,0,0,0,0,0,0,0,0
29,0,0,2,1,65.5172,0,0,0.2069,21,0.5,0.1429,1.0,2,0,0,0,0,0,0,0,0
33,0,0,2,1,75.7576,0,0,0.1818,25,0.5,0.125,1.0,3,0,0,0,0,0,0,0,0
27,0,0,1,0,81.4815,0,0,0.1852,20,0.95,0.2308,1.0,3,0,0,0,0,0,0,0,0
27,0,0,1,0,70.3704,0,0,0.1852,20,0.5,0.1538,1.0,3,0,0,0,0,0,0,0,0
29,0,0,1,1,65.5172,0,0,0.2069,21,0.9,0.1429,1.0,3,0,0,0,0,0,0,0,0
28,0,0,1,1,64.2857,0,0,0.1786,20,0.95,0.1481,1.0,3,0,0,0,0,0,0,0,0
55,0,0,2,1,81.8182,0,0,0.1818,47,0.8,0.0926,1.0,2,0,0,0,0,0,0,0,0
34,0,0,1,1,64.7059,0,0,0.1471,26,0.95,0.1212,1.0,3,0,0,0,0,0,0,0,0
25,0,0,1,0,72.0,0,0,0.24,18,0.5,0.1667,1.0,2,0,0,0,0,0,0,0,0
31,0,0,1,1,74.1935,0,0,0.1613,23,0.95,0.1667,1.0,3,0,0,0,0,0,0,0,0
24,0,0,3,1,79.1667,0,0,0.2917,16,0.5,0.1739,1.0,2,0,0,0,0,0,0,0,0
29,0,0,1,1,68.9655,0,0,0.1724,21,0.95,0.1429,1.0,3,0,0,0,0,0,0,0,0
45,0,0,1,1,73.3333,0,0,0.1333,36,0.95,0.0909,1.0,3,0,0,0,0,0,0,0,0
137,0,0,0,0,97.0803,0,0,0.146,25,0.95,0.0441,1.0,3,0,0,0,0,0,0,0,0
26,0,0,2,1,76.9231,0,0,0.2308,18,0.5,0.16,1.0,2,0,0,0,0,0,0,0,0
27,0,0,1,0,66.6667,0,0,0.1852,20,0.5,0.1923,1.0,2,0,0,0,0,0,0,0,0
35,0,0,1,1,80.0,0,0,0.2,27,0.95,0.1471,1.0,3,0,0,0,0,0,0,0,0
28,0,0,1,1,78.5714,0,0,0.2143,20,0.5,0.1481,1.0,2,0,0,0,0,0,0,0,0
46,0,0,2,0,82.6087,0,0,0.1304,39,0.95,0.0889,1.0,3,0,0,0,0,0,0,0,0
25,0,0,1,0,88.0,0,0,0.2,18,0.5,0.2083,1.0,3,0,0,0,0,0,0,0,0
26,0,0,0,0,88.4615,0,0,0.2308,11,0.5,0.08,1.0,2,0,0,0,0,0,0,0,0
25,0,0,2,1,68.0,0,0,0.28,17,0.5,0.2083,1.0,2,0,0,0,0,0,0,0,0
23,0,0,1,0,65.2174,0,0,0.2174,16,0.5,0.1818,1.0,4,0,0,0,0,0,0,0,0
43,0,0,1,1,76.7442,0,0,0.186,34,0.95,0.0952,1.0,3,0,0,0,0,0,0,0,0
29,0,0,1,0,55.1724,0,0,0.1724,22,0.95,0.1429,1.0,3,0,0,0,0,0,0,0,0
26,0,0,1,1,76.9231,0,0,0.1923,18,0.95,0.24,1.0,3,0,0,0,0,0,0,0,0
35,0,0,1,1,65.7143,0,0,0.1429,27,0.95,0.1176,1.0,3,0,0,0,0,0,0,0,0
23,0,0,2,1,69.5652,0,0,0.2609,15,0.5,0.1818,1.0,2,0,0,0,0,0,0,0,0
67,0,0,0,1,82.0896,0,0,0.0896,7,0.5,0.0455,1.0,2,0,0,0,0,0,0,0,0
34,0,0,1,1,58.8235,0,0,0.1765,25,0.95,0.0909,1.0,3,0,0,0,0,0,0,0,0
30,0,0,1,1,63.3333,0,0,0.1667,22,0.95,0.2414,1.0,3,0,0,0,0,0,0,0,0
78,0,0,0,1,89.7436,0,1,0.1538,17,0.5,0.039,1.0,2,0,0,0,0,0,0,0,0
21,0,0,1,0,61.9048,0,0,0.2381,14,0.95,0.2,1.0,3,0,0,0,0,0,0,0,0
36,0,0,1,1,72.2222,0,0,0.1667,27,0.5,0.1143,1.0,3,0,0,0,0,0,0,0,0
23,0,0,1,1,56.5217,0,0,0.2174,15,0.95,0.1818,1.0,3,0,0,0,0,0,0,0,0
41,0,0,2,1,85.3659,0,0,0.1463,33,0.88,0.175,1.0,2,0,0,0,0,0,0,0,0
91,0,0,3,0,91.2088,0,0,0.1319,64,0.5,0.0556,1.0,4,0,0,0,0,0,0,0,0
63,0,0,3,0,92.0635,0,0,0.1746,52,0.3,0.0645,1.0,3,0,0,0,0,0,0,0,0
47,0,0,1,1,72.3404,0,0,0.1702,38,0.5,0.0652,1.0,3,0,0,0,0,0,0,0,0
24,0,0,2,1,62.5,0,0,0.25,16,0.9,0.1739,1.0,2,0,0,0,0,0,0,0,0
41,0,0,1,1,82.9268,0,0,0.1951,32,0.95,0.075,1.0,3,0,0,0,0,0,0,0,0
24,0,0,2,1,58.3333,0,0,0.25,16,0.9,0.1739,1.0,2,0,0,0,39,0,1,0,0
75,0,0,0,1,84.0,0,0,0.1333,25,0.95,0.0541,1.0,3,0,0,0,0,0,0,0,0
26,0,0,2,1,69.2308,0,0,0.2308,18,0.88,0.16,1.0,2,0,0,0,0,0,0,0,0
25,0,0,2,0,72.0,0,0,0.24,18,0.8,0.1667,1.0,2,0,0,0,0,0,0,0,0
20,0,0,1,1,65.0,0,0,0.25,12,0.95,0.2105,1.0,3,0,0,0,0,0,1,0,0
54,0,0,4,1,77.7778,0,0,0.2407,39,0.95,0.0755,1.0,3,0,0,0,0,0,0,0,0
41,0,0,3,1,80.4878,0,0,0.1951,32,0.95,0.05,1.0,3,0,0,0,0,0,0,0,0
26,0,0,1,1,69.2308,0,0,0.1923,18,0.95,0.16,1.0,3,0,0,0,0,0,0,0,0
24,0,0,1,1,75.0,0,0,0.2083,16,0.88,0.1739,1.0,2,0,0,0,0,0,0,0,0
22,0,0,1,1,63.6364,0,0,0.2727,13,0.5,0.2381,1.0,2,0,0,0,0,0,0,0,0
55,0,0,4,1,81.8182,0,0,0.1818,46,0.85,0.037,1.0,3,0,0,0,0,0,0,0,0
33,0,0,2,1,63.6364,0,0,0.1818,25,0.5,0.125,1.0,2,0,0,0,0,0,0,0,0
54,0,0,0,1,81.4815,0,0,0.1111,18,0.5,0.1321,1.0,2,0,0,0,0,0,0,0,0
21,0,0,1,0,61.9048,0,0,0.2381,14,0.95,0.2,1.0,3,0,0,0,0,0,0,0,0
27,0,0,1,0,55.5556,0,0,0.1852,20,0.95,0.2308,1.0,3,0,0,0,0,0,0,0,0
27,0,0,1,1,70.3704,0,0,0.1852,19,0.5,0.1538,1.0,2,0,0,0,0,0,0,0,0
32,0,0,1,1,65.625,0,0,0.1875,23,0.95,0.0968,1.0,3,0,0,0,0,0,0,0,0
34,0,0,1,1,73.5294,0,0,0.1471,26,0.95,0.1515,1.0,3,0,0,0,0,0,0,0,0
25,0,0,1,1,72.0,0,0,0.2,17,0.95,0.1667,1.0,3,1,0,0,96,0,1,0,1
27,0,0,1,0,66.6667,0,0,0.1852,20,0.95,0.1538,1.0,3,0,0,0,0,0,0,0,0
29,0,0,2,1,79.3103,0,0,0.2069,21,0.5,0.1786,1.0,2,0,0,0,0,0,0,0,0
54,0,0,0,1,83.3333,0,0,0.1481,22,0.95,0.0377,1.0,3,0,0,0,0,0,0,0,0
28,0,0,1,1,75.0,0,0,0.1786,20,0.9,0.1481,1.0,3,0,0,0,0,0,0,0,0
50,0,0,2,1,76.0,0,0,0.18,41,0.5,0.0816,1.0,3,0,0,0,0,0,0,0,0
27,0,0,1,1,44.4444,0,0,0.1852,19,0.55,0.1538,1.0,4,0,0,0,0,0,0,0,0
29,0,0,1,1,68.9655,0,0,0.1724,21,0.95,0.1429,1.0,3,0,0,0,0,0,0,0,0
24,0,0,1,1,79.1667,0,0,0.2083,16,0.95,0.1739,1.0,3,6,0,1,49,0,1,0,1
56,0,0,2,1,85.7143,0,0,0.1786,47,0.5,0.0545,1.0,3,0,0,0,0,0,0,0,0
34,0,0,1,1,70.5882,0,0,0.1765,26,0.95,0.1212,1.0,3,0,0,0,0,0,0,0,0
69,0,0,1,1,86.9565,0,0,0.1739,18,0.5,0.0588,1.0,2,0,0,0,0,0,0,0,0
25,0,0,1,1,72.0,0,0,0.2,17,0.85,0.1667,1.0,3,0,0,0,0,0,0,0,0
18,0,0,1,0,55.5556,0,0,0.2778,11,0.5,0.2353,1.0,2,0,0,0,0,0,0,0,0
83,0,0,2,1,90.3614,0,0,0.0843,74,0.5,0.0244,1.0,4,0,0,0,0,0,0,0,0
47,0,0,1,1,74.4681,0,0,0.1702,38,0.5,0.1087,1.0,3,0,0,0,0,0,0,0,0
33,0,0,1,0,66.6667,0,0,0.1515,26,0.95,0.125,1.0,3,0,0,0,0,0,0,0,0
22,0,0,2,1,72.7273,0,0,0.2727,14,0.88,0.1905,1.0,2,1,1,1,1,0,1,0,0
29,0,0,1,1,72.4138,0,0,0.1724,21,0.9,0.2143,1.0,3,0,0,0,0,0,0,0,0
34,0,0,1,1,67.6471,0,0,0.1471,26,0.88,0.1212,1.0,2,0,0,0,79,0,0,0,1
21,0,0,1,1,61.9048,0,0,0.2381,13,0.88,0.2,1.0,2,0,0,0,1,0,0,0,0
20,0,0,1,1,70.0,0,0,0.25,12,0.99,0.2105,1.0,3,0,0,1,2,0,1,0,0
27,0,0,1,1,62.963,0,0,0.1852,19,0.95,0.1538,1.0,3,0,0,0,0,0,0,0,0
30,0,0,1,1,73.3333,0,0,0.1667,22,0.95,0.1379,1.0,3,0,0,0,0,0,0,0,0
22,0,0,1,1,40.9091,0,0,0.2273,14,0.95,0.1905,1.0,3,0,0,0,0,0,0,0,0
83,0,0,2,1,86.747,0,0,0.0843,74,0.5,0.0488,1.0,4,0,0,0,0,0,0,0,0
48,0,0,2,0,81.25,0,0,0.2083,27,0.88,0.0851,1.0,2,0,0,0,0,0,0,0,0
24,0,0,1,1,70.8333,0,0,0.2083,16,0.95,0.1739,1.0,3,0,0,0,0,0,0,0,0
32,0,0,3,1,75.0,0,0,0.2188,24,0.5,0.1613,1.0,2,0,0,0,0,0,0,0,0
34,0,0,1,1,55.8824,0,0,0.2059,25,0.95,0.1212,1.0,3,0,0,0,0,0,0,0,0
38,0,0,1,1,71.0526,0,0,0.1579,30,0.95,0.1081,1.0,3,0,0,0,0,0,0,0,0
38,0,0,1,1,68.4211,0,0,0.1842,29,0.95,0.0811,1.0,3,0,0,0,0,0,0,0,0
70,0,0,1,1,68.5714,1,1,0.1857,34,0.95,0.0435,1.0,3,0,0,0,0,0,0,0,0
28,0,0,1,1,82.1429,0,0,0.1786,20,0.95,0.1481,1.0,3,0,0,0,0,0,0,0,0
25,0,0,1,1,56.0,0,0,0.2,17,0.95,0.1667,1.0,3,1,0,1,0,0,1,0,1
28,0,0,1,1,64.2857,0,0,0.25,20,0.88,0.1852,1.0,2,0,0,0,0,0,0,0,0
22,0,0,2,0,63.6364,0,0,0.2727,15,0.5,0.1905,1.0,2,0,9,0,0,0,0,0,1
34,0,0,1,1,61.7647,0,0,0.2059,25,0.95,0.1212,1.0,3,0,0,0,0,0,0,0,0
31,0,0,1,1,77.4194,0,0,0.1613,23,0.95,0.1333,1.0,3,1,0,0,0,0,1,0,1
32,0,0,1,1,59.375,0,0,0.25,23,0.5,0.0968,1.0,3,0,0,0,0,0,0,0,0
31,0,0,1,1,80.6452,0,0,0.1935,23,0.95,0.1333,1.0,3,0,0,0,0,0,0,0,0
23,0,0,2,1,69.5652,0,0,0.2609,15,0.9,0.1818,1.0,2,0,0,0,1,0,1,0,1
24,0,0,1,1,54.1667,0,0,0.2083,16,0.95,0.1739,1.0,3,0,0,0,191,0,0,0,1
110,0,0,0,0,87.2727,1,1,0.1636,18,0.88,0.0367,1.0,2,0,0,0,0,0,0,0,0
25,0,0,2,1,72.0,0,0,0.24,17,0.5,0.1667,1.0,2,0,0,0,0,0,0,0,0
26,0,0,1,0,76.9231,0,0,0.1923,19,0.95,0.16,1.0,3,0,0,0,0,0,0,0,0
32,0,0,1,1,75.0,0,0,0.1875,23,0.8,0.0645,1.0,2,0,0,0,0,0,0,0,0
18,0,0,0,0,50.0,0,0,0.2778,10,0.95,0.2353,1.0,3,0,0,0,0,0,0,0,0
21,0,0,1,1,66.6667,0,0,0.2381,13,0.5,0.2,1.0,2,0,0,1,0,1,1,0,0
33,0,0,1,1,72.7273,0,0,0.1818,24,0.95,0.0625,1.0,3,0,0,0,0,0,0,0,0
91,0,0,2,1,85.7143,0,0,0.0879,73,0.5,0.0444,1.0,4,0,0,0,0,0,0,0,0
29,0,0,1,1,68.9655,0,0,0.1724,21,0.88,0.1429,1.0,2,0,0,0,0,0,0,0,0
34,0,0,2,1,73.5294,0,0,0.1765,26,0.88,0.1212,1.0,2,0,0,0,0,0,0,0,0
27,0,0,3,1,59.2593,0,0,0.2593,19,0.85,0.1538,1.0,2,0,0,0,0,0,0,0,0
25,0,0,1,1,56.0,0,0,0.2,17,0.95,0.1667,1.0,3,0,0,0,0,0,0,0,0
24,0,0,1,0,54.1667,0,0,0.2083,17,0.95,0.1739,1.0,3,0,0,0,0,0,0,0,0
32,0,0,2,1,68.75,0,0,0.2188,24,0.9,0.129,1.0,2,0,0,0,0,0,0,0,0
26,0,0,2,0,57.6923,0,0,0.2308,19,0.5,0.16,1.0,3,0,0,0,0,0,0,0,0
27,0,0,2,0,74.0741,0,0,0.2222,20,0.5,0.1923,1.0,2,0,0,0,0,0,0,0,0
30,0,0,1,0,56.6667,0,0,0.2,22,0.95,0.069,1.0,3,0,0,0,0,0,0,0,0
83,0,0,2,1,91.5663,0,0,0.0843,74,0.5,0.0366,1.0,4,0,0,0,0,0,0,0,0
103,0,0,2,1,94.1748,0,0,0.1165,45,0.5,0.0392,1.0,2,0,0,0,0,0,0,0,0
23,0,0,1,1,78.2609,0,0,0.2174,15,0.9,0.1818,1.0,3,0,0,0,0,0,0,0,0
26,0,0,1,1,69.2308,0,0,0.1923,18,0.95,0.16,1.0,3,0,0,0,206,0,1,0,1
187,1,0,2,0,97.3262,4,1,0.0909,13,0.5,0.0323,1.0,2,0,0,0,0,0,0,0,0
25,0,0,1,1,68.0,0,0,0.2,17,0.95,0.1667,1.0,3,0,0,0,0,0,0,0,0
32,0,0,1,1,71.875,0,0,0.1562,24,0.9,0.129,1.0,3,0,2,1,133,1,1,0,1
19,0,0,1,1,47.3684,0,0,0.2632,11,0.5,0.2222,1.0,2,1,0,1,15,0,1,0,1
26,0,0,1,0,80.7692,0,0,0.1923,19,0.5,0.16,1.0,3,0,0,0,0,0,0,0,0
21,0,0,0,0,38.0952,0,0,0.1905,14,0.35,0.1,1.0,3,0,0,0,0,0,0,0,0
27,0,0,1,0,70.3704,0,0,0.1852,20,0.95,0.1923,1.0,3,0,0,0,0,0,0,0,0
26,0,0,1,1,76.9231,0,0,0.1923,18,0.95,0.16,1.0,3,0,0,0,0,0,0,0,0
23,0,0,1,0,78.2609,0,0,0.2174,16,0.95,0.1818,1.0,3,0,0,0,0,0,0,0,0
24,0,0,1,1,75.0,0,0,0.2083,16,0.9,0.1739,1.0,3,0,0,0,0,0,0,0,0
39,0,0,2,1,74.359,0,0,0.1538,31,0.9,0.1053,1.0,2,0,0,0,0,0,0,0,0
20,0,0,1,0,45.0,0,0,0.25,13,0.95,0.2105,1.0,3,0,0,0,0,0,0,0,0
30,0,0,1,0,80.0,0,0,0.1667,23,0.5,0.1724,1.0,2,0,0,0,0,0,0,0,0
26,0,0,1,1,57.6923,0,0,0.1923,18,0.95,0.16,1.0,3,0,0,0,0,0,0,0,0
26,0,0,2,1,65.3846,0,0,0.2308,18,0.9,0.16,1.0,2,0,0,0,0,0,0,0,0
69,0,0,2,1,88.4058,0,0,0.1884,47,0.8,0.0588,1.0,2,0,0,0,0,0,0,0,0
27,0,0,1,1,70.3704,0,0,0.2593,18,0.5,0.1538,1.0,3,0,0,0,0,0,0,0,0
38,0,0,1,0,73.6842,0,0,0.1579,31,0.3,0.1081,1.0,3,0,0,0,0,0,0,0,0
27,0,0,1,1,55.5556,0,0,0.2222,18,0.5,0.0769,1.0,3,0,0,0,0,0,0,0,0
29,0,0,1,1,75.8621,0,0,0.1724,21,0.9,0.1786,1.0,3,1,0,0,9,0,1,0,1
179,0,0,1,1,93.8547,3,1,0.1788,57,0.85,0.0506,1.0,3,0,0,0,0,0,0,0,0
37,0,0,1,1,72.973,0,0,0.1892,21,0.88,0.1111,1.0,2,0,0,0,0,0,0,0,0
33,0,0,1,0,78.7879,0,0,0.1515,26,0.95,0.125,1.0,3,0,0,0,0,0,0,0,0
186,0,0,3,1,95.6989,3,1,0.1075,48,0.5,0.0486,0.9892,2,0,0,0,0,0,0,0,0
31,0,0,1,1,77.4194,0,0,0.1613,23,0.95,0.2333,1.0,3,0,0,0,0,0,0,0,0
30,0,0,1,0,66.6667,0,0,0.1667,23,0.5,0.1724,1.0,2,0,0,0,0,0,0,0,0
95,0,1,3,1,91.5789,0,0,0.1789,61,0.95,0.0319,0.9789,3,0,0,0,0,0,0,0,0
35,0,0,1,1,71.4286,0,0,0.1714,26,0.95,0.1176,1.0,3,0,0,0,0,0,0,0,0
27,0,0,1,1,66.6667,0,0,0.1852,19,0.5,0.1538,1.0,6,2,0,1,111,0,1,0,1
27,0,0,1,1,74.0741,0,0,0.2222,18,0.5,0.1154,1.0,3,0,0,0,0,0,0,0,0
33,0,0,1,1,75.7576,0,0,0.1515,25,0.95,0.125,1.0,3,0,0,1,0,1,1,0,1
37,0,0,1,1,75.6757,0,0,0.1351,29,0.95,0.1111,1.0,3,0,0,0,0,0,0,0,0
34,0,0,1,0,70.5882,0,0,0.1471,27,0.5,0.1212,1.0,2,0,0,0,0,0,0,0,0
26,0,0,1,0,57.6923,0,0,0.1923,19,0.95,0.16,1.0,3,0,0,0,0,0,0,0,0
24,0,0,2,1,70.8333,0,0,0.25,16,0.98,0.1739,1.0,3,0,0,0,0,0,0,0,0
23,0,0,2,1,56.5217,0,0,0.2609,15,0.5,0.1818,1.0,2,0,3,1,3,0,1,0,1
26,0,0,1,1,65.3846,0,0,0.1923,18,0.5,0.2,1.0,2,0,0,0,0,0,0,0,0
42,0,0,1,1,85.7143,0,0,0.1667,33,0.95,0.0732,1.0,3,0,0,0,0,0,0,0,0
27,0,0,1,1,62.963,0,0,0.1852,19,0.95,0.1538,1.0,3,0,0,0,0,0,0,0,0
191,1,0,2,0,98.9529,5,3,0.2147,13,0.5,0.0684,0.9791,2,0,0,0,0,0,0,0,0
21,0,0,1,1,66.6667,0,0,0.2381,13,0.9,0.2,1.0,3,0,0,0,0,0,0,0,0
43,0,0,2,0,79.0698,0,0,0.1395,36,0.95,0.0952,1.0,3,0,0,0,0,0,0,0,0
22,0,0,2,1,45.4545,0,0,0.2727,14,0.9,0.1905,1.0,2,2,0,0,3,0,1,0,1
100,0,0,1,1,90.0,0,0,0.14,19,0.8,0.0707,1.0,2,0,0,0,0,0,0,0,0
36,0,0,1,1,69.4444,0,0,0.2222,27,0.95,0.0857,1.0,3,0,0,0,0,0,0,0,0
27,0,0,2,0,70.3704,0,0,0.2222,20,0.5,0.2308,1.0,2,0,0,0,0,0,0,0,0
20,0,0,1,1,65.0,0,0,0.25,12,0.9,0.2105,1.0,3,0,0,0,0,0,0,0,0
30,0,0,1,1,73.3333,0,0,0.1667,22,0.95,0.1724,1.0,3,0,0,0,0,0,0,0,0
89,0,0,2,1,87.6404,1,0,0.1573,25,0.5,0.0568,0.9551,2,0,0,0,0,0,0,0,0
50,0,0,1,0,70.0,0,0,0.2,24,0.35,0.0612,1.0,3,0,0,0,0,0,0,0,0
29,0,0,2,0,68.9655,0,0,0.2069,22,0.85,0.1786,1.0,3,0,0,0,0,0,0,0,0
42,0,0,2,1,78.5714,0,0,0.1667,33,0.8,0.0488,1.0,2,0,0,0,0,0,0,0,0
52,0,0,1,1,73.0769,0,0,0.1154,43,0.95,0.098,1.0,3,0,0,0,0,0,0,0,0
24,0,0,1,1,62.5,0,0,0.2083,16,0.95,0.1739,1.0,3,0,0,0,234,1,1,0,1
20,0,0,1,1,70.0,0,0,0.25,12,0.98,0.2105,1.0,3,0,0,0,4,1,1,0,1
369,0,1,2,1,98.916,8,1,0.1409,19,0.5,0.0245,0.9892,5,0,0,0,0,0,0,0,0
24,0,0,1,1,70.8333,0,0,0.2083,16,0.95,0.2174,1.0,3,0,0,0,1,0,0,0,1
25,0,0,1,0,52.0,0,0,0.24,18,0.5,0.25,1.0,3,0,0,0,0,0,0,0,0
54,0,0,2,1,87.037,0,0,0.1296,45,0.8,0.0377,1.0,2,0,0,0,0,0,0,0,0
41,0,0,2,1,78.0488,0,0,0.1463,33,0.9,0.1,1.0,2,0,0,0,0,0,0,0,0
63,0,0,1,1,87.3016,0,0,0.1746,17,0.5,0.0323,1.0,3,0,0,0,0,0,0,0,0
32,0,0,1,0,65.625,0,0,0.1875,25,0.95,0.1613,1.0,3,0,0,0,0,0,0,0,0
28,0,0,1,1,75.0,0,0,0.2143,19,0.95,0.0741,1.0,3,0,0,0,0,0,0,0,0
38,0,0,1,1,73.6842,0,0,0.1842,29,0.95,0.1081,1.0,3,0,0,0,0,0,0,0,0
28,0,0,1,1,64.2857,0,0,0.1786,20,0.95,0.1481,1.0,3,0,0,0,0,0,0,0,0
18,0,0,1,1,61.1111,0,0,0.2778,10,0.5,0.2353,1.0,2,0,0,0,0,0,0,0,0
24,0,0,1,0,62.5,0,0,0.25,17,0.95,0.1739,1.0,3,0,0,0,0,0,0,0,0
24,0,0,1,1,58.3333,0,0,0.25,15,0.3,0.087,1.0,3,0,0,0,0,0,0,0,0
19,0,0,1,1,57.8947,0,0,0.2632,11,0.99,0.2222,1.0,3,4,2,1,9,0,1,0,1
25,0,0,2,1,76.0,0,0,0.24,17,0.5,0.1667,1.0,2,0,0,0,0,0,0,0,0
33,0,0,2,1,81.8182,0,0,0.1818,25,0.5,0.1562,1.0,2,0,0,0,0,0,0,0,0
22,0,0,1,0,68.1818,0,0,0.2273,15,0.5,0.1905,1.0,2,0,0,0,0,0,0,0,0
29,0,0,2,1,55.1724,0,0,0.2069,21,0.5,0.1429,1.0,2,0,0,0,0,0,0,0,0
29,0,0,1,1,65.5172,0,0,0.1724,21,0.95,0.1786,1.0,3,0,0,0,0,0,0,0,0
27,0,0,1,1,96.2963,0,0,0.1852,19,0.95,0.1538,1.0,3,0,0,0,0,0,0,0,0
29,0,0,1,1,86.2069,0,0,0.1724,21,0.95,0.1429,1.0,3,0,0,0,0,0,0,0,0
23,0,0,2,0,65.2174,0,0,0.2609,16,0.95,0.1818,1.0,3,0,0,0,0,0,0,0,0
34,0,0,1,1,85.2941,0,0,0.1471,26,0.95,0.1212,1.0,3,0,0,0,0,0,0,0,0
27,0,0,1,1,48.1481,0,0,0.1852,19,0.9,0.1538,1.0,3,0,0,0,0,0,0,0,0
22,0,0,1,0,68.1818,0,0,0.2273,15,0.95,0.1905,1.0,3,0,0,0,0,0,0,0,0
28,0,0,2,1,71.4286,0,0,0.2143,20,0.88,0.1852,1.0,2,0,0,0,0,0,0,0,0
93,0,0,0,1,91.3978,0,0,0.086,19,0.95,0.0217,1.0,3,0,0,0,0,0,0,0,0
23,0,0,1,1,69.5652,0,0,0.2174,15,0.9,0.1818,1.0,3,0,0,0,0,0,0,0,0
27,0,0,2,0,74.0741,0,0,0.2222,20,0.95,0.1923,1.0,3,0,0,0,0,0,0,0,0
30,0,0,1,1,83.3333,0,0,0.1667,22,0.95,0.1379,1.0,3,0,0,0,0,0,0,0,0
27,0,0,1,0,66.6667,0,0,0.1852,20,0.95,0.1538,1.0,3,0,0,0,0,0,0,0,0
24,0,0,1,1,58.3333,0,0,0.2083,16,0.5,0.1739,1.0,2,0,0,0,0,0,0,0,0
26,0,0,1,1,61.5385,0,0,0.3077,17,0.5,0.12,1.0,3,0,0,0,0,0,0,0,0
50,0,0,1,1,80.0,0,0,0.18,41,0.5,0.0408,1.0,2,0,0,0,0,0,0,0,0
63,0,1,2,1,87.3016,0,0,0.1587,30,0.5,0.0484,0.9841,2,0,0,0,0,0,0,0,0
30,0,0,1,1,70.0,0,0,0.2,22,0.95,0.1724,1.0,3,0,0,0,0,0,0,0,0
55,0,0,2,1,92.7273,0,0,0.1273,46,0.8,0.0556,1.0,2,0,0,0,0,0,0,0,0
26,0,0,1,1,65.3846,0,0,0.1923,18,0.9,0.16,1.0,3,0,0,0,0,0,0,0,0
33,0,0,1,1,69.697,0,0,0.1818,24,0.95,0.0625,1.0,3,0,0,0,0,0,0,0,0
27,0,0,1,0,70.3704,0,0,0.1852,20,0.95,0.2308,1.0,3,0,0,0,0,0,0,0,0
44,0,0,2,1,79.5455,0,0,0.1591,35,0.8,0.0698,1.0,2,0,0,0,0,0,0,0,0
45,0,0,1,0,82.2222,0,0,0.1333,38,0.95,0.0909,1.0,3,0,0,0,0,0,0,0,0
20,0,0,1,1,65.0,0,0,0.25,12,0.9,0.2105,1.0,3,0,0,0,0,0,0,0,0
53,0,0,2,0,79.2453,0,0,0.2075,25,0.9,0.0385,1.0,2,0,0,0,0,0,0,0,0
23,0,0,2,1,43.4783,0,0,0.2609,15,0.9,0.1818,1.0,2,0,0,0,0,0,0,0,0
25,0,0,1,1,68.0,0,0,0.2,17,0.95,0.1667,1.0,3,0,0,0,0,0,0,0,0
26,0,0,1,1,76.9231,0,0,0.1923,18,0.95,0.24,1.0,3,0,0,0,14,0,0,0,1
20,0,0,1,1,50.0,0,0,0.25,12,0.95,0.2105,1.0,3,0,0,0,3,0,0,0,1
18,0,0,1,1,61.1111,0,0,0.2778,10,0.5,0.2353,1.0,2,0,0,0,28,0,1,0,1
22,0,0,1,1,59.0909,0,0,0.2273,14,0.5,0.2381,1.0,2,0,0,0,0,0,0,0,0
53,0,0,0,1,84.9057,0,0,0.1321,16,0.95,0.0962,1.0,3,0,0,0,0,0,0,0,0
50,0,0,4,0,88.0,0,0,0.22,31,0.3,0.0816,1.0,3,0,0,0,0,0,0,0,0
20,0,0,1,0,80.0,0,0,0.25,13,0.5,0.2105,1.0,2,0,0,0,0,0,0,0,0
22,0,0,1,1,68.1818,0,0,0.2273,14,0.5,0.1905,1.0,6,0,0,0,0,0,0,0,0
30,0,0,1,1,73.3333,0,0,0.1667,22,0.95,0.1724,1.0,3,0,0,0,0,0,0,0,0
27,0,0,1,0,66.6667,0,0,0.2222,20,0.95,0.1538,1.0,3,0,0,0,0,0,0,0,0
28,0,0,2,1,57.1429,0,0,0.2143,20,0.88,0.1481,1.0,2,0,0,0,0,0,0,0,0
37,0,0,1,1,75.6757,0,0,0.1622,28,0.5,0.1111,1.0,3,0,0,0,0,0,0,0,0
69,0,0,0,1,82.6087,0,0,0.087,14,0.95,0.0294,1.0,3,0,0,0,0,0,0,0,0
54,0,0,3,0,85.1852,0,0,0.1481,46,0.5,0.1887,1.0,2,0,0,0,0,0,0,0,0
29,0,0,1,0,75.8621,0,0,0.1724,22,0.95,0.1429,1.0,3,0,0,0,0,0,0,0,0
25,0,0,0,0,60.0,0,0,0.24,17,0.5,0.0833,1.0,2,0,0,0,0,0,0,0,0
20,0,0,1,1,70.0,0,0,0.25,12,0.5,0.2105,1.0,2,0,0,0,213,0,1,0,1
28,0,0,1,1,57.1429,0,0,0.2143,20,0.5,0.1481,1.0,2,0,0,0,0,0,0,0,0
21,0,0,1,1,57.1429,0,0,0.2381,13,0.8,0.25,1.0,2,0,0,0,0,0,0,0,0
51,0,0,1,1,90.1961,0,0,0.1569,42,0.5,0.04,1.0,2,0,0,0,0,0,0,0,0
22,0,0,1,0,77.2727,0,0,0.2273,15,0.88,0.3333,1.0,2,0,0,0,0,0,0,0,0
24,0,0,1,1,70.8333,0,0,0.2083,16,0.95,0.1739,1.0,3,0,0,0,0,0,0,0,0
55,0,0,2,1,80.0,0,0,0.1636,46,0.5,0.037,1.0,3,0,0,0,0,0,0,0,0
21,0,0,2,1,57.1429,0,0,0.2857,13,0.5,0.2,1.0,2,0,0,0,0,0,0,0,0
20,0,0,1,1,70.0,0,0,0.25,12,0.5,0.2105,1.0,2,0,0,0,237,0,1,0,1
33,0,0,1,0,63.6364,0,0,0.1818,26,0.85,0.1562,1.0,3,0,0,0,0,0,0,0,0
27,0,0,0,0,44.4444,0,0,0.1852,19,0.9,0.1154,1.0,3,0,0,0,0,0,0,0,0
22,0,0,1,1,54.5455,0,0,0.2273,14,0.5,0.1905,1.0,2,0,0,0,0,0,0,0,0
24,0,0,1,1,66.6667,0,0,0.2083,16,0.95,0.1739,1.0,3,0,0,0,0,0,0,0,0
63,0,0,0,1,87.3016,0,0,0.1746,20,0.95,0.0645,1.0,3,0,0,0,0,0,0,0,0
44,0,0,0,1,81.8182,0,0,0.1818,13,0.5,0.0465,1.0,2,0,0,0,68,0,1,0,1
26,0,0,1,1,57.6923,0,0,0.1923,18,0.95,0.16,1.0,3,0,0,0,0,0,0,0,0
30,0,0,0,0,53.3333,0,0,0.2,22,0.95,0.069,1.0,3,0,0,0,0,0,0,0,0
30,0,0,1,1,60.0,0,0,0.1667,22,0.95,0.1379,1.0,3,0,0,0,0,0,0,0,0
27,0,0,1,0,70.3704,0,0,0.2222,19,0.95,0.1154,1.0,3,0,0,0,0,0,0,0,0
19,0,0,1,1,63.1579,0,0,0.2632,11,0.5,0.2778,1.0,2,0,0,1,0,1,1,0,1
24,0,0,2,1,62.5,0,0,0.25,16,0.5,0.1739,1.0,2,0,0,0,0,0,0,0,0
23,0,0,2,0,56.5217,0,0,0.3043,16,0.5,0.1818,1.0,2,0,0,0,0,0,0,0,0
26,0,0,1,1,61.5385,0,0,0.1923,18,0.55,0.2,1.0,4,0,0,0,0,0,0,0,0
30,0,0,1,0,83.3333,0,0,0.1667,23,0.95,0.1724,1.0,3,0,0,0,0,0,0,0,0
33,0,0,2,0,75.7576,0,0,0.1818,26,0.95,0.125,1.0,3,0,0,0,0,0,0,0,0
25,0,0,1,1,60.0,0,0,0.2,17,0.95,0.1667,1.0,3,0,0,0,0,0,0,0,0
46,0,0,1,1,82.6087,0,0,0.2174,19,0.8,0.0889,1.0,2,0,0,0,0,0,0,0,0
46,0,0,1,1,78.2609,0,0,0.1522,37,0.95,0.0667,1.0,3,0,0,0,0,0,0,0,0
31,0,0,1,1,67.7419,0,0,0.1613,23,0.85,0.1333,1.0,3,0,0,0,0,0,0,0,0
28,0,0,1,1,75.0,0,0,0.1786,20,0.95,0.1481,1.0,3,0,0,0,0,0,0,0,0
22,0,0,1,0,59.0909,0,0,0.2273,15,0.95,0.1905,1.0,3,0,0,0,0,0,0,0,0
38,0,0,1,1,63.1579,0,0,0.1842,29,0.95,0.0811,1.0,3,0,0,0,0,0,0,0,0
28,0,0,1,1,64.2857,0,0,0.1786,20,0.95,0.1852,1.0,3,0,0,0,0,0,0,0,0
27,0,0,1,0,66.6667,0,0,0.1852,20,0.5,0.1538,1.0,2,0,0,0,0,0,0,0,0
40,0,0,1,1,72.5,0,0,0.2,28,0.85,0.0769,1.0,3,0,0,0,0,0,0,0,0
25,0,0,1,1,68.0,0,0,0.24,17,0.85,0.1667,1.0,3,0,0,0,0,0,0,0,0
24,0,0,1,1,70.8333,0,0,0.2083,16,0.95,0.1739,1.0,3,0,0,0,0,0,0,0,0
24,0,0,1,1,50.0,0,0,0.2083,16,0.95,0.2174,1.0,3,0,0,0,0,0,0,0,0
34,0,0,1,1,79.4118,0,0,0.1765,25,0.95,0.0909,1.0,3,0,0,0,0,0,0,0,0
40,0,0,1,1,77.5,0,0,0.175,31,0.95,0.0769,1.0,3,0,0,0,0,0,0,0,0
26,0,0,1,0,65.3846,0,0,0.1923,19,0.5,0.16,1.0,2,0,0,0,0,0,0,0,0
36,0,0,0,1,66.6667,0,0,0.1667,11,0.95,0.0857,1.0,3,0,0,0,34,0,1,0,0
34,0,0,1,0,79.4118,0,0,0.1765,26,0.5,0.0606,1.0,2,0,0,0,0,0,0,0,0
20,0,0,1,1,70.0,0,0,0.25,12,0.9,0.2105,1.0,3,0,0,0,0,0,0,0,0
201,0,0,1,1,96.0199,2,1,0.1443,12,0.5,0.05,0.9851,2,0,0,0,0,0,0,0,0
22,0,0,2,1,68.1818,0,0,0.2727,14,0.5,0.2381,1.0,2,0,0,0,0,0,0,0,0
46,0,0,0,1,84.7826,0,0,0.1522,37,0.95,0.0444,1.0,3,0,0,0,0,0,0,0,0
25,0,0,1,0,52.0,0,0,0.2,18,0.95,0.1667,1.0,3,0,0,0,0,0,0,0,0
18,0,0,1,1,61.1111,0,0,0.2778,10,0.88,0.2353,1.0,2,0,0,0,0,0,0,0,0
31,0,0,3,1,83.871,0,0,0.2258,23,0.5,0.1333,1.0,2,0,0,0,0,0,0,0,0
27,0,0,1,1,66.6667,0,0,0.1852,19,0.95,0.1538,1.0,3,0,0,0,0,0,0,0,0
31,0,0,1,1,67.7419,0,0,0.1613,23,0.95,0.1333,1.0,3,0,0,0,0,0,0,0,0
26,0,0,1,1,69.2308,0,0,0.1923,18,0.95,0.16,1.0,3,1,0,0,0,0,1,0,1
20,0,0,1,1,65.0,0,0,0.25,12,0.95,0.2632,1.0,3,0,0,0,0,0,0,0,0
25,0,0,1,0,60.0,0,0,0.2,18,0.9,0.1667,1.0,2,0,0,0,0,0,0,0,0
122,0,0,4,0,90.1639,1,1,0.123,45,0.95,0.0413,1.0,3,0,0,0,0,0,0,0,0
23,0,0,1,1,78.2609,0,0,0.2174,15,0.95,0.1818,1.0,3,0,0,0,0,0,0,0,0
55,0,0,2,1,80.0,0,0,0.1818,47,0.8,0.1481,1.0,2,0,0,0,0,0,0,0,0
19,0,0,1,1,57.8947,0,0,0.2632,11,0.9,0.2222,1.0,3,0,0,0,0,0,0,0,0
23,0,0,1,1,73.913,0,0,0.2174,15,0.5,0.1818,1.0,2,0,0,0,0,0,0,0,0
25,0,0,1,1,60.0,0,0,0.2,17,0.95,0.1667,1.0,3,0,0,0,0,0,0,0,0
27,0,0,1,1,81.4815,0,0,0.1852,19,0.5,0.1923,1.0,2,0,0,0,0,0,0,0,0
23,0,0,1,1,60.8696,0,0,0.2174,15,0.95,0.1818,1.0,3,0,0,0,0,0,0,0,0
27,0,0,2,0,66.6667,0,0,0.2222,20,0.5,0.1538,1.0,2,0,0,0,0,0,0,0,0
25,0,0,1,1,80.0,0,0,0.2,17,0.5,0.2083,1.0,2,0,0,0,0,0,0,0,0
47,0,0,1,1,85.1064,0,0,0.1277,38,0.95,0.1522,1.0,3,0,0,0,0,0,0,0,0
25,0,0,1,1,60.0,0,0,0.2,17,0.95,0.1667,1.0,3,0,0,0,0,0,0,0,0
38,0,0,1,0,73.6842,0,0,0.2105,14,0.5,0.0811,1.0,2,0,0,0,0,0,0,0,0
35,0,0,1,1,74.2857,0,0,0.1429,27,0.9,0.1471,1.0,3,0,0,0,0,0,0,0,0
29,0,0,0,1,82.7586,0,0,0.2069,11,0.85,0.0714,1.0,3,0,0,0,0,0,0,0,0
30,0,0,1,1,70.0,0,0,0.1667,22,0.95,0.1379,1.0,3,0,0,0,95,0,1,0,0
27,0,0,1,1,74.0741,0,0,0.1852,19,0.95,0.1538,1.0,3,0,0,1,0,0,1,0,0
32,0,0,1,1,62.5,0,0,0.1562,24,0.95,0.129,1.0,3,0,0,0,0,0,0,0,0
52,0,0,0,0,75.0,0,0,0.1923,14,0.5,0.0392,1.0,2,0,0,0,0,0,0,0,0
33,0,0,1,0,78.7879,0,0,0.1818,26,0.95,0.1562,1.0,3,0,0,0,0,0,0,0,0
29,0,0,1,1,72.4138,0,0,0.2414,20,0.5,0.0714,1.0,3,0,0,0,0,0,0,0,0
25,0,0,1,1,68.0,0,0,0.2,17,0.85,0.1667,1.0,2,1,0,1,7,1,1,0,1
24,0,0,2,0,50.0,0,0,0.25,17,0.95,0.2174,1.0,3,0,0,0,0,0,0,0,0
37,0,0,1,1,67.5676,0,0,0.1351,29,0.9,0.1111,1.0,3,1,0,0,1,0,0,0,1
35,0,0,1,1,80.0,0,0,0.1429,27,0.95,0.1176,1.0,3,0,0,0,0,0,0,0,0
30,0,0,1,0,70.0,0,0,0.1667,23,0.95,0.1379,1.0,3,0,0,0,0,0,0,0,0
28,0,0,1,0,78.5714,0,0,0.1786,21,0.95,0.1481,1.0,3,0,0,0,0,0,0,0,0
19,0,0,1,1,57.8947,0,0,0.2632,11,0.5,0.2222,1.0,2,0,0,0,0,0,0,0,0
36,0,0,1,1,80.5556,0,0,0.1389,28,0.95,0.1429,1.0,3,0,0,0,0,0,0,0,0
25,0,0,1,1,52.0,0,0,0.2,17,0.95,0.1667,1.0,3,0,0,0,0,0,1,0,0
33,0,0,1,1,57.5758,0,0,0.2424,24,0.8,0.1875,1.0,2,0,0,0,0,0,0,0,0
35,0,0,1,1,71.4286,0,0,0.2,26,0.95,0.0882,1.0,3,0,0,0,0,0,0,0,0
23,0,0,1,0,56.5217,0,0,0.2174,16,0.5,0.2273,1.0,2,0,0,0,0,0,0,0,0
27,0,0,1,0,74.0741,0,0,0.1852,20,0.95,0.1923,1.0,3,0,0,0,0,0,0,0,0
79,0,0,1,0,87.3418,0,1,0.1392,14,0.5,0.0385,0.9873,2,0,0,0,0,0,0,0,0
39,0,0,1,1,76.9231,0,0,0.2051,30,0.95,0.1053,1.0,3,0,0,0,0,0,0,0,0
27,0,0,2,0,70.3704,0,0,0.2222,20,0.5,0.2308,1.0,2,0,0,0,0,0,0,0,0
27,0,0,1,1,66.6667,0,0,0.1852,19,0.95,0.1538,1.0,3,0,0,0,0,0,0,0,0
32,0,0,1,0,75.0,0,0,0.25,24,0.5,0.0968,1.0,2,0,0,0,0,0,0,0,0
24,0,0,1,1,62.5,0,0,0.2083,16,0.95,0.1739,1.0,3,0,0,0,0,0,0,0,0
29,0,0,1,1,62.069,0,0,0.1724,21,0.95,0.1429,1.0,3,1,0,1,125,0,1,0,1
27,0,0,1,1,51.8519,0,0,0.1852,19,0.95,0.1538,1.0,3,0,0,0,0,0,0,0,0
23,0,0,1,0,73.913,0,0,0.2174,16,0.95,0.2273,1.0,3,0,0,0,0,0,0,0,0
58,0,0,3,0,75.8621,0,0,0.1897,50,0.5,0.0526,1.0,4,0,0,0,0,0,0,0,0
26,0,0,2,1,61.5385,0,0,0.2308,18,0.9,0.16,1.0,2,0,0,0,0,0,0,0,0
25,0,0,1,1,64.0,0,0,0.28,16,0.5,0.125,1.0,3,0,0,0,0,0,0,0,0
26,0,0,2,0,80.7692,0,0,0.2308,19,0.5,0.2,1.0,2,0,0,0,0,0,0,0,0
33,0,0,1,1,72.7273,0,0,0.2424,24,0.5,0.0938,1.0,3,0,0,0,0,0,0,0,0
26,0,0,2,1,73.0769,0,0,0.2308,18,0.5,0.2,1.0,2,0,0,0,0,0,0,0,0
44,0,0,3,0,81.8182,0,0,0.2273,36,0.35,0.093,1.0,3,0,0,0,0,0,0,0,0
50,0,0,2,1,88.0,0,0,0.14,41,0.8,0.0408,1.0,2,0,0,0,0,0,0,0,0
29,0,0,1,1,68.9655,0,0,0.2069,21,0.95,0.1429,1.0,3,1,0,0,1,0,1,0,1
43,0,0,1,1,79.0698,0,0,0.186,34,0.95,0.0476,1.0,3,0,0,0,0,0,0,0,0
29,0,0,1,1,62.069,0,0,0.1724,21,0.9,0.1429,1.0,3,0,0,0,0,0,0,0,0
40,0,0,2,1,85.0,0,0,0.15,32,0.8,0.1026,1.0,2,0,0,0,0,0,0,0,0
24,0,0,2,1,50.0,0,0,0.25,16,0.9,0.1739,1.0,2,0,0,0,0,0,0,0,0
44,0,0,2,1,81.8182,0,0,0.1364,36,0.88,0.093,1.0,2,0,0,0,0,0,0,0,0
27,0,0,1,1,77.7778,0,0,0.1852,19,0.5,0.1538,1.0,2,0,0,0,176,0,0,0,1
21,0,0,1,0,42.8571,0,0,0.2381,14,0.35,0.2,1.0,3,0,0,0,0,0,0,0,0
31,0,0,1,1,74.1935,0,0,0.1613,23,0.9,0.2,1.0,3,0,0,0,0,0,0,0,0
27,0,0,1,1,66.6667,0,0,0.2222,18,0.5,0.0769,1.0,3,0,0,0,0,0,0,0,0
73,0,0,1,1,84.9315,0,1,0.1096,41,0.95,0.0833,1.0,3,0,0,0,0,0,0,0,0
36,0,0,1,1,83.3333,0,0,0.1389,28,0.95,0.1143,1.0,3,0,0,0,0,0,0,0,0
28,0,0,1,1,71.4286,0,0,0.2143,20,0.9,0.1481,1.0,3,2,5,0,121,0,1,0,1
79,0,0,0,1,87.3418,0,0,0.0886,19,0.95,0.0385,1.0,3,0,0,0,0,0,0,0,0
27,0,0,3,1,66.6667,0,0,0.2593,19,0.85,0.1538,1.0,2,0,0,1,0,0,1,0,0
27,0,0,0,1,59.2593,0,0,0.1852,18,0.5,0.0769,1.0,2,0,0,0,0,0,0,0,0
52,0,0,2,1,67.3077,0,0,0.1731,43,0.5,0.0588,1.0,3,0,0,0,0,0,0,0,0
129,0,0,1,1,90.6977,1,1,0.1318,27,0.95,0.0234,1.0,3,0,0,0,0,0,0,0,0
26,0,0,1,1,65.3846,0,0,0.1923,18,0.95,0.2,1.0,3,0,0,0,0,0,0,0,0
27,0,0,1,1,77.7778,0,0,0.2222,18,0.5,0.0769,1.0,3,0,0,0,0,0,0,0,0
26,0,0,1,1,76.9231,0,0,0.1923,18,0.95,0.16,1.0,3,0,0,0,0,0,0,0,0
55,0,0,2,1,80.0,0,0,0.1818,47,0.8,0.0741,1.0,2,0,0,0,0,0,0,0,0
33,0,0,2,0,81.8182,0,0,0.1818,26,0.95,0.1562,1.0,3,0,0,0,0,0,0,0,0
98,0,0,2,1,90.8163,0,0,0.0918,73,0.5,0.0309,1.0,4,0,0,0,0,0,0,0,0
28,0,0,1,0,75.0,0,0,0.1786,21,0.95,0.1852,1.0,3,0,0,0,0,0,0,0,0
23,0,0,1,1,69.5652,0,0,0.2174,15,0.85,0.1818,1.0,3,0,0,0,4,1,1,1,1
22,0,0,1,1,68.1818,0,0,0.2273,14,0.9,0.1905,1.0,3,0,0,0,0,0,0,0,0
37,0,0,1,1,83.7838,0,0,0.1351,29,0.95,0.1111,1.0,3,2,0,0,2,0,1,0,1
32,0,0,1,0,68.75,0,0,0.1562,25,0.95,0.1613,1.0,3,0,0,0,0,0,0,0,0
22,0,0,1,1,72.7273,0,0,0.2273,14,0.95,0.2381,1.0,3,0,0,0,0,0,0,0,0
20,0,0,1,1,70.0,0,0,0.25,12,0.5,0.2105,1.0,2,2,0,1,369,0,1,0,1
38,0,0,1,1,63.1579,0,0,0.1842,29,0.95,0.0811,1.0,3,0,0,0,0,0,0,0,0
37,0,0,1,1,70.2703,0,0,0.1622,28,0.5,0.1111,1.0,3,0,0,0,0,0,0,0,0
23,0,0,1,1,65.2174,0,0,0.2174,15,0.95,0.1818,1.0,3,0,0,0,0,0,0,0,0
31,0,0,1,1,80.6452,0,0,0.1613,23,0.95,0.1333,1.0,3,0,0,0,0,0,0,0,0
25,0,0,2,1,52.0,0,0,0.28,16,0.8,0.0833,1.0,2,0,0,0,0,0,0,0,0
20,0,0,1,1,55.0,0,0,0.25,12,0.9,0.2105,1.0,3,0,0,0,0,0,0,0,0
28,0,0,1,1,67.8571,0,0,0.1786,20,0.95,0.1481,1.0,3,0,0,0,0,0,0,0,0
31,0,0,1,1,67.7419,0,0,0.1935,23,0.85,0.1333,1.0,3,0,0,0,0,0,0,0,0
31,0,0,1,0,64.5161,0,0,0.1935,23,0.95,0.1,1.0,3,0,0,0,0,0,0,0,0
19,0,0,0,1,26.3158,0,0,0.2632,5,0.5,0.1111,1.0,2,0,0,0,5,0,1,0,0
35,0,0,2,1,74.2857,0,0,0.2,26,0.8,0.0882,1.0,2,0,0,0,0,0,0,0,0
27,0,0,2,1,55.5556,0,0,0.2222,19,0.5,0.1538,1.0,2,0,0,0,0,0,0,0,0
45,0,0,1,1,82.2222,0,0,0.2222,14,0.9,0.0682,1.0,2,0,0,0,0,0,0,0,0
22,0,0,1,1,81.8182,0,0,0.2273,14,0.88,0.1905,1.0,2,0,0,0,0,0,0,0,0
32,0,0,1,0,78.125,0,0,0.1562,25,0.5,0.1935,1.0,6,0,0,0,0,0,0,0,0
49,0,0,1,1,75.5102,0,0,0.1837,40,0.95,0.1042,1.0,3,0,0,0,0,0,0,0,0
30,0,0,3,1,60.0,0,0,0.2667,22,0.5,0.1379,1.0,2,1,0,0,151,1,1,0,1
21,0,0,1,0,52.381,0,0,0.2381,14,0.95,0.2,1.0,3,0,0,0,0,0,0,0,0
26,0,0,1,1,65.3846,0,0,0.1923,18,0.85,0.16,1.0,3,0,2,1,7,0,1,0,1
27,0,0,1,1,62.963,0,0,0.1852,19,0.95,0.1538,1.0,3,0,0,0,0,0,0,0,0
167,0,0,1,1,95.8084,3,1,0.1138,15,0.95,0.0361,1.0,3,0,0,0,0,0,0,0,0
21,0,0,1,1,80.9524,0,0,0.2381,13,0.95,0.2,1.0,3,0,0,0,0,0,0,0,0
27,0,0,1,1,44.4444,0,0,0.1852,19,0.95,0.1538,1.0,3,0,0,0,0,0,0,0,0
57,0,0,2,1,78.9474,0,0,0.1404,33,0.5,0.0536,1.0,2,0,0,0,0,0,0,0,0
20,0,0,1,1,70.0,0,0,0.25,12,0.85,0.2632,1.0,3,1,0,1,46,0,1,0,1
67,0,0,0,1,82.0896,0,0,0.0896,7,0.5,0.0606,1.0,2,0,0,0,0,0,0,0,0
29,0,0,2,1,68.9655,0,0,0.2069,21,0.9,0.1429,1.0,2,0,0,0,0,0,0,0,0
30,0,0,2,0,73.3333,0,0,0.2,23,0.95,0.1379,1.0,3,0,0,0,0,0,0,0,0
27,0,0,1,0,44.4444,0,0,0.2222,19,0.5,0.0769,1.0,2,0,0,0,0,0,0,0,0
43,0,0,1,1,83.7209,0,0,0.1628,34,0.95,0.0952,1.0,3,0,0,0,0,0,0,0,0
27,0,0,1,1,81.4815,0,0,0.1852,19,0.95,0.1538,1.0,3,0,0,0,0,0,0,0,0
50,0,0,2,1,84.0,0,0,0.14,41,0.8,0.0612,1.0,2,0,0,0,0,0,0,0,0
27,0,0,1,0,81.4815,0,0,0.1852,20,0.5,0.2308,1.0,2,0,0,0,0,0,0,0,0
31,0,0,1,1,67.7419,0,0,0.1935,23,0.88,0.1333,1.0,2,0,0,0,0,0,0,0,0
39,0,0,1,0,74.359,0,0,0.1282,32,0.95,0.1053,1.0,3,0,0,0,0,0,0,0,0
23,0,0,1,0,65.2174,0,0,0.2174,16,0.95,0.1818,1.0,3,0,0,0,0,0,0,0,0
25,0,0,1,1,72.0,0,0,0.24,17,0.88,0.1667,1.0,2,0,0,0,0,0,0,0,0
30,0,0,1,1,63.3333,0,0,0.2,21,0.5,0.1034,1.0,3,0,0,0,0,0,0,0,0
25,0,0,1,1,72.0,0,0,0.24,17,0.5,0.1667,1.0,2,0,0,0,0,0,0,0,0
39,0,0,1,1,87.1795,0,0,0.1795,30,0.5,0.0526,1.0,2,0,0,0,0,0,0,0,0
35,0,0,1,0,74.2857,0,0,0.1429,28,0.95,0.1176,1.0,3,0,0,0,0,0,0,0,0
35,0,0,1,1,71.4286,0,0,0.1429,27,0.95,0.1471,1.0,3,0,0,0,0,0,0,0,0
26,0,0,1,1,73.0769,0,0,0.1923,18,0.95,0.16,1.0,3,0,0,0,2,0,1,0,1
22,0,0,1,0,81.8182,0,0,0.2273,15,0.9,0.1905,1.0,3,0,0,0,0,0,0,0,0
32,0,0,1,1,65.625,0,0,0.1562,24,0.95,0.1613,1.0,3,0,0,0,0,0,0,0,0
29,0,0,1,1,62.069,0,0,0.2069,20,0.95,0.1429,1.0,3,0,0,0,0,0,0,0,0
27,0,0,2,0,70.3704,0,0,0.2222,20,0.5,0.1923,1.0,2,0,0,0,0,0,0,0,0
32,0,0,1,0,78.125,0,0,0.1562,25,0.95,0.129,1.0,3,0,0,0,0,0,0,0,0
46,0,0,1,0,76.087,0,0,0.1957,38,0.5,0.1333,1.0,3,0,0,0,0,0,0,0,0
28,0,0,1,0,75.0,0,0,0.2143,20,0.95,0.1111,1.0,3,0,0,0,0,0,0,0,0
26,0,0,1,0,61.5385,0,0,0.2308,19,0.5,0.16,1.0,2,0,0,0,0,0,0,0,0
26,0,0,1,0,65.3846,0,0,0.1923,19,0.95,0.16,1.0,3,0,0,0,0,0,0,0,0
30,0,0,3,1,73.3333,0,0,0.2333,22,0.5,0.1379,1.0,2,0,0,0,0,0,0,0,0
32,0,0,1,1,62.5,0,0,0.1562,24,0.95,0.129,1.0,3,0,0,0,0,0,0,0,0
99,0,1,2,1,93.9394,0,0,0.1414,24,0.95,0.051,0.9798,3,0,0,1,0,0,1,1,1
30,0,0,1,1,66.6667,0,0,0.2333,21,0.5,0.1034,1.0,3,0,0,0,0,0,0,0,0
31,0,0,1,1,74.1935,0,0,0.1613,23,0.95,0.2,1.0,3,0,0,0,0,0,0,0,0
22,0,0,2,1,63.6364,0,0,0.2727,14,0.9,0.1905,1.0,2,0,0,0,0,0,0,0,0
88,0,0,1,1,92.0455,0,0,0.0795,15,0.5,0.023,1.0,2,0,0,0,0,0,0,0,0
26,0,0,1,1,73.0769,0,0,0.1923,18,0.9,0.24,1.0,3,0,0,0,0,0,0,0,0
42,0,0,1,1,80.9524,0,0,0.119,34,0.9,0.0976,1.0,3,0,0,0,0,0,0,0,0
22,0,0,2,0,63.6364,0,0,0.2727,15,0.95,0.1905,1.0,3,0,0,0,0,0,0,0,0
28,0,0,1,0,67.8571,0,0,0.1786,21,0.95,0.1481,1.0,3,0,0,0,0,0,0,0,0
21,0,0,1,0,66.6667,0,0,0.2381,14,0.95,0.2,1.0,3,0,0,0,0,0,0,0,0
97,0,0,0,1,90.7216,1,1,0.0928,26,0.95,0.0625,1.0,3,0,0,0,0,0,0,0,0
39,0,0,1,1,79.4872,0,0,0.1795,30,0.95,0.0789,1.0,3,0,0,0,0,0,0,0,0
37,0,0,3,0,70.2703,0,0,0.2162,30,0.95,0.1111,1.0,3,0,0,0,0,0,0,0,0
28,0,0,2,1,64.2857,0,0,0.2143,20,0.9,0.1481,1.0,2,0,0,0,0,0,0,0,0
28,0,0,1,1,75.0,0,0,0.1786,20,0.95,0.1481,1.0,3,1,0,0,0,1,1,0,1
30,0,0,1,1,73.3333,0,0,0.1667,22,0.95,0.1724,1.0,3,0,0,0,0,0,0,0,0
33,0,0,2,0,63.6364,0,0,0.1818,26,0.9,0.125,1.0,3,0,0,0,0,0,0,0,0
32,0,0,1,1,84.375,0,0,0.1562,24,0.95,0.129,1.0,3,0,0,0,0,0,0,0,0
32,0,0,1,1,75.0,0,0,0.1562,24,0.9,0.1613,1.0,3,0,0,0,0,0,0,0,0
74,0,0,1,1,81.0811,0,0,0.1081,13,0.8,0.0685,1.0,2,0,0,0,0,0,0,0,0
32,0,0,1,1,65.625,0,0,0.1875,23,0.5,0.1935,1.0,2,0,0,0,0,0,0,0,0
43,0,0,1,1,83.7209,0,0,0.186,34,0.95,0.0952,1.0,3,0,0,0,0,0,0,0,0
41,0,0,1,1,73.1707,0,0,0.1707,32,0.95,0.075,1.0,3,0,0,0,0,0,0,0,0
25,0,0,1,1,60.0,0,0,0.24,17,0.5,0.1667,1.0,2,0,0,0,0,0,0,0,0
37,0,0,1,1,67.5676,0,0,0.1622,28,0.5,0.1667,1.0,3,0,0,0,0,0,0,0,0
27,0,0,1,1,66.6667,0,0,0.1852,19,0.5,0.1538,1.0,9,0,0,0,0,0,0,0,0
60,0,0,1,1,93.3333,0,0,0.1167,37,0.5,0.0339,1.0,4,0,0,0,0,0,0,0,0
22,0,0,1,1,63.6364,0,0,0.2273,14,0.88,0.1905,1.0,2,0,0,0,0,0,0,0,0
28,0,0,1,1,78.5714,0,0,0.1786,20,0.5,0.1481,1.0,2,0,0,0,0,0,0,0,0
27,0,0,2,0,51.8519,0,0,0.2222,20,0.5,0.1538,1.0,2,0,0,0,0,0,0,0,0
20,0,0,1,1,70.0,0,0,0.25,12,0.9,0.2105,1.0,3,0,0,0,0,0,0,0,0
34,0,0,1,1,67.6471,0,0,0.1471,26,0.95,0.1212,1.0,3,0,0,0,0,0,0,0,0
29,0,0,2,1,79.3103,0,0,0.2069,21,0.9,0.1786,1.0,2,0,0,0,0,0,0,0,0
22,0,0,1,1,50.0,0,0,0.2273,14,0.95,0.1905,1.0,3,0,0,0,0,0,0,0,0
35,0,0,1,0,82.8571,0,0,0.1429,28,0.95,0.1176,1.0,3,2,0,0,3,0,1,0,1
30,0,0,1,1,60.0,0,0,0.1667,22,0.95,0.1379,1.0,3,0,0,0,0,0,0,0,0
23,0,0,1,0,60.8696,0,0,0.2174,16,0.9,0.1818,1.0,2,0,0,0,0,0,0,0,0
56,0,0,4,1,80.3571,0,0,0.1607,47,0.85,0.0545,1.0,3,0,0,0,0,0,0,0,0
54,0,1,1,0,83.3333,0,0,0.2037,20,0.5,0.0755,0.963,2,0,0,0,0,0,0,0,0
33,0,0,1,1,72.7273,0,0,0.2121,25,0.95,0.125,1.0,3,0,0,0,0,0,0,0,0
45,0,0,1,1,77.7778,0,0,0.1333,36,0.95,0.1136,1.0,3,0,0,0,0,0,0,0,0
30,0,0,1,1,76.6667,0,0,0.2333,14,0.5,0.1034,1.0,3,0,0,0,0,0,0,0,0
41,0,0,1,1,78.0488,0,0,0.1463,32,0.95,0.1,1.0,3,0,0,0,0,0,0,0,0
44,0,0,1,1,65.9091,0,0,0.1818,35,0.35,0.0465,1.0,4,0,0,0,0,0,0,0,0
25,0,0,1,0,52.0,0,0,0.24,18,0.5,0.1667,1.0,2,0,0,0,0,0,0,0,0
27,0,0,1,1,55.5556,0,0,0.1852,19,0.95,0.1538,1.0,3,0,0,0,3,0,1,0,1
110,0,0,1,1,92.7273,0,0,0.1091,16,0.5,0.0275,1.0,4,0,0,0,0,0,0,0,0
103,0,0,2,1,93.2039,0,0,0.1165,45,0.5,0.049,1.0,2,0,0,0,0,0,0,0,0
20,0,0,1,1,75.0,0,0,0.25,12,0.99,0.2105,1.0,3,0,0,0,0,0,0,0,0
26,0,0,1,1,53.8462,0,0,0.1923,18,0.95,0.16,1.0,3,0,0,0,0,0,0,0,0
57,0,0,1,0,84.2105,0,0,0.1579,37,0.5,0.0357,1.0,2,0,0,0,0,0,0,0,0
28,0,0,2,1,67.8571,0,0,0.2143,20,0.98,0.1481,1.0,3,0,0,0,0,0,0,0,0
30,0,0,1,1,66.6667,0,0,0.1667,22,0.95,0.1724,1.0,3,0,0,0,0,0,0,0,0
29,0,0,1,1,65.5172,0,0,0.2414,20,0.5,0.1071,1.0,3,0,0,0,0,0,0,0,0
25,0,0,1,0,64.0,0,0,0.24,18,0.35,0.1667,1.0,3,0,0,0,0,0,0,0,0
26,0,0,1,1,73.0769,0,0,0.1923,18,0.85,0.2,1.0,3,0,0,0,0,0,0,0,0
45,0,0,2,1,73.3333,0,0,0.2,36,0.5,0.0455,1.0,3,0,0,0,0,0,0,0,0
31,0,0,1,1,70.9677,0,0,0.1613,23,0.9,0.1667,1.0,3,0,0,0,0,0,0,0,0
21,0,0,0,1,57.1429,0,0,0.2381,12,0.85,0.1,1.0,2,0,0,0,0,0,0,0,0
39,0,0,1,1,74.359,0,0,0.1538,30,0.95,0.1053,1.0,3,0,0,0,0,0,0,0,0
28,0,0,1,1,53.5714,0,0,0.1786,20,0.9,0.1481,1.0,3,0,0,0,0,0,0,0,0
27,0,0,1,1,55.5556,0,0,0.2222,18,0.5,0.1154,1.0,3,0,0,0,0,0,0,0,0
32,0,0,2,1,68.75,0,0,0.2188,23,0.8,0.0645,1.0,2,0,0,0,0,0,0,0,0
66,0,0,0,1,83.3333,1,1,0.197,14,0.5,0.0462,1.0,2,0,0,0,0,0,0,0,0
27,0,0,1,1,70.3704,0,0,0.1852,19,0.9,0.1538,1.0,3,0,0,0,0,0,0,0,0
22,0,0,1,1,54.5455,0,0,0.2273,14,0.95,0.1905,1.0,3,0,0,0,0,0,0,0,0
27,0,0,1,0,51.8519,0,0,0.1852,20,0.95,0.1538,1.0,3,0,0,0,0,0,0,0,0
30,0,0,1,0,73.3333,0,0,0.2333,23,0.88,0.2069,1.0,2,0,0,0,0,0,0,0,0
24,0,0,1,1,54.1667,0,0,0.2083,16,0.95,0.1739,1.0,3,0,0,0,0,0,0,0,0
21,0,0,1,0,61.9048,0,0,0.2381,14,0.5,0.2,1.0,2,0,0,0,0,0,0,0,0
24,0,0,1,1,58.3333,0,0,0.2083,16,0.95,0.1739,1.0,3,0,0,1,37,0,1,0,1
22,0,0,2,1,63.6364,0,0,0.2727,14,0.5,0.2381,1.0,2,0,0,0,0,0,0,0,0
67,0,0,0,1,85.0746,0,1,0.1791,27,0.95,0.0758,1.0,3,0,0,0,0,0,0,0,0
167,0,0,1,1,95.2096,3,1,0.1257,15,0.95,0.0482,1.0,3,0,0,0,0,0,0,0,0
28,0,0,2,1,42.8571,0,0,0.2143,20,0.9,0.1481,1.0,2,0,0,0,0,0,0,0,0
27,0,0,1,1,81.4815,0,0,0.1852,19,0.5,0.2308,1.0,4,0,1,0,2,0,1,0,1
30,0,0,1,0,60.0,0,0,0.1667,23,0.95,0.1379,1.0,3,0,0,0,0,0,0,0,0
23,0,0,1,1,65.2174,0,0,0.2174,15,0.95,0.1818,1.0,3,1,4,1,26,0,1,1,1
35,0,0,1,0,62.8571,0,0,0.2286,27,0.5,0.1176,1.0,2,0,0,0,0,0,0,0,0
26,0,0,1,1,61.5385,0,0,0.1923,18,0.9,0.2,1.0,3,0,0,0,0,0,0,0,0
26,0,0,1,1,69.2308,0,0,0.1923,18,0.9,0.16,1.0,3,2,0,0,21,0,1,0,1
28,0,0,2,1,67.8571,0,0,0.2143,20,0.88,0.1852,1.0,2,0,0,0,0,0,0,0,0
45,0,0,1,1,73.3333,0,0,0.1333,36,0.95,0.0909,1.0,3,0,0,0,0,0,0,0,0
34,0,0,1,1,79.4118,0,0,0.1471,26,0.95,0.1212,1.0,3,0,0,1,284,0,1,1,1
106,0,0,1,0,93.3962,0,0,0.1226,49,0.95,0.0381,1.0,3,0,0,0,0,0,0,0,0
74,0,0,0,1,90.5405,0,0,0.1486,17,0.5,0.0274,1.0,2,0,0,0,0,0,0,0,0
32,0,0,1,1,75.0,0,0,0.1562,24,0.85,0.1613,1.0,3,0,0,0,0,0,0,0,0
69,0,0,1,0,76.8116,1,1,0.1594,37,0.5,0.0294,1.0,2,0,0,0,0,0,0,0,0
42,0,0,1,1,80.9524,0,0,0.2143,33,0.5,0.0732,1.0,3,0,0,0,0,0,0,0,0
44,0,0,4,0,79.5455,0,0,0.2045,36,0.5,0.1163,1.0,2,0,0,0,0,0,0,0,0
26,0,0,1,0,42.3077,0,0,0.1923,19,0.5,0.16,1.0,2,0,0,0,0,0,0,0,0
25,0,0,1,1,68.0,0,0,0.24,16,0.5,0.1667,1.0,3,0,0,0,0,0,0,0,0
73,0,0,3,0,91.7808,0,0,0.137,45,0.3,0.0833,1.0,3,0,0,0,0,0,0,0,0
55,0,0,1,1,92.7273,0,0,0.1455,33,0.5,0.037,1.0,2,0,0,0,0,0,0,0,0
21,0,0,1,1,52.381,0,0,0.2381,13,0.95,0.25,1.0,3,0,0,0,0,0,0,0,0
29,0,0,1,1,72.4138,0,0,0.1724,21,0.9,0.1786,1.0,3,0,0,0,2,0,0,0,1
31,0,0,2,0,67.7419,0,0,0.2258,24,0.5,0.1333,1.0,2,0,0,0,0,0,0,0,0
28,0,0,1,1,67.8571,0,0,0.1786,20,0.95,0.1481,1.0,3,0,0,0,0,0,0,0,0
31,0,0,1,1,70.9677,0,0,0.1613,23,0.95,0.1333,1.0,3,1,0,1,16,0,1,0,1
24,0,0,1,1,45.8333,0,0,0.2083,16,0.5,0.1739,1.0,2,0,0,0,0,0,0,0,0
27,0,0,1,0,59.2593,0,0,0.2222,19,0.95,0.0769,1.0,3,0,0,0,0,0,0,0,0
35,0,0,2,0,77.1429,0,0,0.2286,27,0.5,0.1176,1.0,2,0,0,0,0,0,0,0,0
30,0,0,1,1,80.0,0,0,0.1667,22,0.95,0.1379,1.0,3,0,0,0,0,0,0,0,0
28,0,0,1,1,71.4286,0,0,0.1786,20,0.95,0.1481,1.0,3,0,0,0,0,0,0,0,0
35,0,0,2,0,71.4286,0,0,0.1714,28,0.9,0.1176,1.0,2,0,0,0,0,0,0,0,0
33,0,0,2,0,75.7576,0,0,0.1818,26,0.85,0.1562,1.0,3,0,0,0,0,0,0,0,0
123,0,0,0,1,91.8699,1,1,0.0732,8,0.35,0.0574,1.0,4,0,0,0,0,0,0,0,0
30,0,0,1,1,63.3333,0,0,0.1667,22,0.95,0.1379,1.0,3,0,0,0,0,0,0,0,0
22,0,0,1,0,50.0,0,0,0.2273,15,0.95,0.1905,1.0,3,0,0,0,0,0,0,0,0
21,0,0,1,1,61.9048,0,0,0.2381,13,0.85,0.2,1.0,3,0,0,1,461,0,1,0,0
25,0,0,1,1,72.0,0,0,0.28,16,0.5,0.125,1.0,3,0,0,0,0,0,0,0,0
23,0,0,1,1,69.5652,0,0,0.2174,15,0.95,0.1818,1.0,3,0,0,1,0,0,1,0,0
37,0,0,0,1,75.6757,0,0,0.2162,10,0.5,0.0556,1.0,2,0,0,0,0,0,0,0,0
24,0,0,1,1,75.0,0,0,0.2083,16,0.5,0.1739,1.0,2,0,0,1,6,0,1,0,0
23,0,0,1,1,52.1739,0,0,0.2174,15,0.95,0.1818,1.0,3,0,0,0,0,0,0,0,0
21,0,0,1,1,71.4286,0,0,0.2381,13,0.9,0.2,1.0,3,0,0,0,0,0,0,0,0
47,0,0,1,1,68.0851,0,0,0.1277,38,0.95,0.087,1.0,3,0,0,0,0,0,0,0,0
25,0,0,1,1,64.0,0,0,0.2,17,0.95,0.2083,1.0,3,0,0,0,0,0,0,0,0
46,0,0,1,0,82.6087,0,0,0.1957,18,0.5,0.0667,1.0,2,0,0,0,0,0,0,0,0
34,0,0,1,1,55.8824,0,0,0.2059,25,0.95,0.1515,1.0,3,0,0,0,0,0,0,0,0
26,0,0,1,0,57.6923,0,0,0.2308,19,0.5,0.16,1.0,2,0,0,0,0,0,0,0,0
20,0,0,1,0,80.0,0,0,0.25,13,0.3,0.2105,1.0,3,0,0,0,0,0,0,0,0
32,0,0,1,0,84.375,0,0,0.1562,25,0.95,0.1613,1.0,3,0,0,0,0,0,0,0,0
29,0,0,1,1,72.4138,0,0,0.1724,21,0.95,0.1786,1.0,3,0,0,0,0,0,0,0,0
110,0,1,1,0,91.8182,1,1,0.1636,28,0.88,0.0367,0.9909,2,0,0,0,0,0,0,0,0
19,0,0,1,0,68.4211,0,0,0.2632,12,0.5,0.2222,1.0,2,0,0,0,0,0,0,0,0
22,0,0,1,1,72.7273,0,0,0.2273,14,0.9,0.2381,1.0,3,0,0,0,0,0,1,0,1
39,0,0,3,1,76.9231,0,0,0.2051,31,0.3,0.1316,1.0,3,0,0,0,0,0,0,0,0
23,0,0,1,0,60.8696,0,0,0.2174,16,0.95,0.2273,1.0,3,0,0,0,0,0,0,0,0
32,0,0,1,1,68.75,0,0,0.1562,24,0.95,0.129,1.0,3,1,0,0,237,0,1,0,1
21,0,0,1,1,66.6667,0,0,0.2381,13,0.9,0.2,1.0,3,0,0,0,0,0,0,0,0
24,0,0,1,0,75.0,0,0,0.2083,17,0.95,0.1739,1.0,3,1,0,1,0,1,1,0,1
24,0,0,1,0,62.5,0,0,0.2083,17,0.95,0.1739,1.0,3,0,0,0,0,0,0,0,0
27,0,0,2,1,74.0741,0,0,0.2222,19,0.8,0.1538,1.0,2,0,0,0,0,0,0,0,0
38,0,0,1,1,63.1579,0,0,0.1579,29,0.95,0.0811,1.0,3,0,0,0,0,0,0,0,0
18,0,0,0,1,50.0,0,0,0.2778,9,0.95,0.1765,1.0,3,0,0,0,0,0,0,0,0
21,0,0,1,1,71.4286,0,0,0.2381,13,0.95,0.3,1.0,3,0,0,0,0,0,0,0,0
24,0,0,1,0,58.3333,0,0,0.2083,17,0.5,0.1739,1.0,2,0,0,0,0,0,0,0,0
18,0,0,1,1,72.2222,0,0,0.2778,10,0.5,0.2353,1.0,2,5,0,0,5,0,1,0,1
39,0,0,1,1,87.1795,0,0,0.1282,31,0.95,0.1053,1.0,3,0,0,0,0,0,0,0,0
34,0,0,1,1,50.0,0,0,0.2059,25,0.95,0.1212,1.0,3,0,0,0,0,0,0,0,0
22,0,0,2,1,63.6364,0,0,0.2727,14,0.9,0.1905,1.0,2,0,0,0,0,0,0,0,0
24,0,0,1,1,79.1667,0,0,0.2083,16,0.5,0.1739,1.0,2,0,0,0,0,0,0,0,0
26,0,0,1,1,61.5385,0,0,0.1923,18,0.95,0.2,1.0,3,1,1,1,78,1,1,0,0
26,0,0,1,1,65.3846,0,0,0.2692,17,0.5,0.08,1.0,3,0,0,0,0,0,0,0,0
40,0,0,0,1,85.0,0,0,0.2,12,0.95,0.0513,1.0,3,0,0,0,0,0,0,0,0
34,0,0,2,0,79.4118,0,0,0.1765,27,0.55,0.1212,1.0,4,0,0,0,0,0,0,0,0
30,0,0,1,0,83.3333,0,0,0.1667,23,0.9,0.1379,1.0,3,0,0,0,0,0,0,0,0
21,0,0,1,1,71.4286,0,0,0.2381,13,0.9,0.2,1.0,3,0,0,0,0,0,0,0,0
32,0,0,1,1,71.875,0,0,0.1562,24,0.95,0.129,1.0,3,0,0,0,0,0,0,0,0
20,0,0,1,1,55.0,0,0,0.25,12,0.98,0.2105,1.0,3,2,0,0,125,0,1,0,1
18,0,0,1,0,66.6667,0,0,0.2778,11,0.85,0.2941,1.0,3,0,0,0,0,0,0,0,0
42,0,0,1,1,83.3333,0,0,0.1905,33,0.95,0.0488,1.0,3,0,0,0,0,0,0,0,0
28,0,0,1,0,64.2857,0,0,0.2143,21,0.95,0.1481,1.0,3,0,0,0,0,0,0,0,0
78,0,0,1,1,79.4872,1,1,0.1154,40,0.5,0.0519,1.0,2,0,0,0,0,0,0,0,0
23,0,0,1,1,78.2609,0,0,0.2174,15,0.5,0.1818,1.0,2,0,0,0,0,0,0,0,0
24,0,0,2,1,75.0,0,0,0.25,16,0.5,0.1739,1.0,2,0,0,0,0,0,0,0,0
29,0,0,1,1,58.6207,0,0,0.1724,21,0.85,0.1429,1.0,3,0,0,0,0,0,0,0,0
50,0,0,2,1,82.0,0,0,0.14,41,0.8,0.102,1.0,2,0,0,0,0,0,0,0,0
37,0,0,1,1,62.1622,0,0,0.2162,28,0.35,0.0556,1.0,4,0,0,0,0,0,0,0,0
33,0,0,1,1,60.6061,0,0,0.1818,24,0.5,0.0938,1.0,3,0,0,0,0,0,0,0,0
29,0,0,1,1,58.6207,0,0,0.1724,21,0.95,0.1786,1.0,3,0,0,0,0,0,0,0,0
33,0,0,2,1,69.697,0,0,0.1818,25,0.9,0.125,1.0,2,0,0,0,0,0,0,0,0
35,0,0,1,1,68.5714,0,0,0.1429,27,0.95,0.1176,1.0,3,0,0,0,0,0,0,0,0
25,0,0,2,1,76.0,0,0,0.24,17,0.5,0.1667,1.0,2,0,0,0,0,0,0,0,0
64,0,0,1,0,76.5625,2,1,0.1719,25,0.5,0.0476,1.0,4,0,0,0,0,0,0,0,0
25,0,0,1,0,80.0,0,0,0.2,18,0.95,0.2083,1.0,3,0,0,0,0,0,0,0,0
36,0,0,1,1,77.7778,0,0,0.1389,28,0.95,0.1429,1.0,3,0,0,0,0,0,0,0,0
31,0,0,1,1,70.9677,0,0,0.1613,23,0.95,0.1333,1.0,3,0,0,0,0,0,0,0,0
33,0,0,2,0,78.7879,0,0,0.1818,26,0.95,0.1562,1.0,3,0,0,0,0,0,0,0,0
23,0,0,1,1,65.2174,0,0,0.2174,15,0.9,0.2273,1.0,3,0,0,0,0,0,0,0,0
28,0,0,2,1,60.7143,0,0,0.2143,20,0.5,0.1481,1.0,2,0,0,0,0,0,0,0,0
25,0,0,1,0,56.0,0,0,0.2,18,0.95,0.2083,1.0,3,0,0,0,0,0,0,0,0
27,0,0,1,1,66.6667,0,0,0.1852,19,0.95,0.1538,1.0,3,0,0,0,0,0,0,0,0
26,0,0,1,1,69.2308,0,0,0.1923,18,0.9,0.2,1.0,3,0,0,0,0,0,0,0,0
21,0,0,1,1,61.9048,0,0,0.2381,13,0.9,0.2,1.0,3,0,0,0,0,0,0,0,0
31,0,0,1,1,67.7419,0,0,0.2258,22,0.95,0.0667,1.0,3,0,0,0,0,0,0,0,0
32,0,0,3,1,75.0,0,0,0.2188,24,0.85,0.1613,1.0,2,0,0,0,0,0,1,0,1
75,0,0,0,1,88.0,1,2,0.1867,8,0.5,0.0405,1.0,2,0,0,0,0,0,0,0,0
47,0,0,1,0,74.4681,0,0,0.1702,16,0.5,0.0435,1.0,2,0,0,0,0,0,0,0,0
24,0,0,1,0,62.5,0,0,0.2083,17,0.95,0.1739,1.0,3,0,0,0,0,0,0,0,0
20,0,0,1,1,55.0,0,0,0.25,12,0.9,0.2105,1.0,3,0,0,0,0,0,0,0,0
21,0,0,2,1,71.4286,0,0,0.2857,13,0.5,0.2,1.0,2,0,0,1,56,1,1,0,1
25,0,0,1,1,56.0,0,0,0.2,17,0.9,0.25,1.0,3,0,0,0,0,0,0,0,0
24,0,0,1,1,50.0,0,0,0.2083,16,0.95,0.1739,1.0,3,0,0,0,3,0,1,0,0
19,0,0,1,0,57.8947,0,0,0.2632,12,0.95,0.2222,1.0,3,0,0,0,0,0,0,0,0
29,0,0,1,0,68.9655,0,0,0.2069,22,0.95,0.1786,1.0,3,0,0,0,0,0,0,0,0
22,0,0,1,1,59.0909,0,0,0.2273,14,0.5,0.1905,1.0,2,0,0,0,0,0,0,0,0
27,0,0,1,1,66.6667,0,0,0.1852,19,0.95,0.2308,1.0,3,0,0,0,0,0,0,0,0
30,0,0,1,1,80.0,0,0,0.2333,22,0.95,0.1724,1.0,3,0,0,0,0,0,0,0,0
38,0,0,1,1,86.8421,0,0,0.1316,30,0.95,0.1351,1.0,3,0,0,0,0,0,0,0,0
23,0,0,1,1,56.5217,0,0,0.2174,15,0.9,0.1818,1.0,3,0,0,0,0,0,0,0,0
29,0,0,2,0,65.5172,0,0,0.2069,22,0.5,0.1429,1.0,3,0,0,0,0,0,0,0,0
51,0,0,1,1,78.4314,0,0,0.1765,42,0.95,0.08,1.0,3,0,0,0,0,0,0,0,0
56,0,0,2,1,92.8571,1,1,0.1786,30,0.8,0.0364,1.0,2,0,0,0,0,0,0,0,0
37,0,0,1,0,81.0811,0,0,0.2162,29,0.5,0.1111,1.0,3,0,0,0,0,0,1,0,0
26,0,0,1,1,65.3846,0,0,0.1923,18,0.95,0.16,1.0,3,0,0,0,0,0,0,0,0
125,0,0,1,1,93.6,0,0,0.08,20,0.5,0.0242,1.0,5,0,0,0,0,0,0,0,0
29,0,0,1,0,72.4138,0,0,0.1724,22,0.9,0.1071,1.0,3,0,0,0,0,0,0,0,0
46,0,0,2,0,65.2174,0,0,0.1739,38,0.5,0.0889,1.0,4,0,0,0,0,0,0,0,0
23,0,0,1,1,47.8261,0,0,0.2174,15,0.95,0.1818,1.0,3,0,0,0,0,0,0,0,0
42,0,0,2,1,78.5714,0,0,0.1429,34,0.5,0.0976,1.0,3,0,0,0,0,0,0,0,0
26,0,0,2,1,80.7692,0,0,0.2308,18,0.5,0.2,1.0,2,0,0,0,0,0,0,0,0
47,0,0,1,1,80.8511,0,0,0.1277,38,0.95,0.087,1.0,3,0,0,0,0,0,0,0,0
26,0,0,1,1,65.3846,0,0,0.1923,18,0.9,0.2,1.0,3,0,0,0,0,0,0,0,0
22,0,0,2,0,68.1818,0,0,0.2727,15,0.5,0.1905,1.0,2,0,0,0,0,0,0,0,0
50,0,0,3,0,90.0,0,0,0.22,36,0.3,0.0816,1.0,3,0,0,0,0,0,0,0,0
29,0,0,1,1,72.4138,0,0,0.1724,21,0.88,0.1786,1.0,2,0,0,0,0,0,0,0,0
27,0,0,2,0,74.0741,0,0,0.2222,20,0.9,0.2692,1.0,3,0,0,0,0,0,0,0,0
33,0,0,1,1,75.7576,0,0,0.1515,25,0.95,0.1562,1.0,3,0,0,0,0,0,0,0,0
28,0,0,2,1,71.4286,0,0,0.2143,20,0.5,0.1481,1.0,2,0,0,0,0,0,0,0,0
36,0,0,3,0,80.5556,0,0,0.1944,29,0.95,0.1429,1.0,3,0,0,0,0,0,0,0,0
35,0,0,1,1,74.2857,0,0,0.2,26,0.95,0.1765,1.0,3,0,0,0,0,0,0,0,0
22,0,0,2,1,68.1818,0,0,0.2727,14,0.5,0.1905,1.0,2,0,0,0,0,0,0,0,0
19,0,0,1,1,57.8947,0,0,0.2632,11,0.9,0.2222,1.0,2,0,0,0,0,0,0,0,0
28,0,0,1,1,60.7143,0,0,0.1786,20,0.9,0.1481,1.0,3,0,0,0,0,0,0,0,0
21,0,0,1,1,71.4286,0,0,0.2381,13,0.95,0.2,1.0,3,0,0,0,0,0,0,0,0
24,0,0,1,1,45.8333,0,0,0.2083,16,0.5,0.1739,1.0,2,0,0,0,0,0,0,0,0
22,0,0,1,1,59.0909,0,0,0.2273,14,0.95,0.1905,1.0,3,0,0,0,0,0,0,0,0
26,0,0,1,1,65.3846,0,0,0.1923,18,0.95,0.16,1.0,3,0,0,0,0,0,0,0,0
28,0,0,1,1,71.4286,0,0,0.1786,20,0.9,0.1852,1.0,3,0,0,0,0,0,0,0,0
21,0,0,1,1,61.9048,0,0,0.2381,13,0.5,0.3,1.0,2,0,0,0,0,0,0,0,0
38,0,0,1,1,78.9474,0,0,0.1579,29,0.5,0.0811,1.0,3,0,0,0,0,0,0,0,0
33,0,0,1,1,78.7879,0,0,0.1515,25,0.9,0.1875,1.0,3,0,0,0,0,0,0,0,0
25,0,0,1,0,64.0,0,0,0.24,18,0.5,0.1667,1.0,2,0,0,0,0,0,0,0,0
47,0,0,2,1,80.8511,0,0,0.1915,38,0.5,0.0652,1.0,3,0,0,0,0,0,0,0,0
20,0,0,1,1,65.0,0,0,0.25,12,0.9,0.2105,1.0,3,0,0,0,0,0,0,0,0
31,0,0,1,1,70.9677,0,0,0.1613,23,0.9,0.1333,1.0,3,0,0,1,0,0,1,0,0
31,0,0,2,0,87.0968,0,0,0.1935,24,0.5,0.2333,1.0,4,0,0,0,0,0,0,0,0
40,0,0,1,0,77.5,0,0,0.125,33,0.5,0.1282,1.0,3,0,0,0,0,0,0,0,0
18,0,0,1,1,61.1111,0,0,0.2778,10,0.88,0.2353,1.0,2,0,0,0,2,0,1,0,1
38,0,0,1,1,81.5789,0,0,0.1842,23,0.95,0.0541,1.0,3,0,0,0,0,0,0,0,0
53,0,0,1,1,81.1321,0,0,0.1698,44,0.95,0.0577,1.0,3,0,0,0,0,0,0,0,0
41,0,0,1,1,65.8537,0,0,0.1951,32,0.95,0.1,1.0,3,0,0,0,0,0,0,0,0
61,0,0,1,1,77.0492,1,1,0.1475,33,0.35,0.05,1.0,3,0,0,0,0,0,0,0,0
40,0,0,1,1,77.5,0,0,0.175,31,0.95,0.1026,1.0,3,0,0,0,0,0,0,0,0
92,0,0,0,1,91.3043,0,0,0.0761,19,0.95,0.022,1.0,3,0,0,0,0,0,0,0,0
31,0,0,1,1,83.871,0,0,0.1613,23,0.95,0.1667,1.0,3,2,2,1,25,0,1,1,1
22,0,0,1,1,40.9091,0,0,0.2273,14,0.95,0.1905,1.0,3,0,0,0,0,0,0,0,0
39,0,0,1,1,79.4872,0,0,0.1538,30,0.95,0.1842,1.0,3,0,0,0,0,0,0,0,0
27,0,0,1,1,70.3704,0,0,0.2222,19,0.95,0.1538,1.0,3,0,0,0,0,0,0,0,0
29,0,0,1,1,72.4138,0,0,0.1724,21,0.9,0.1429,1.0,3,0,0,0,0,0,0,0,0
25,0,0,1,0,60.0,0,0,0.24,18,0.5,0.1667,1.0,2,0,0,0,0,0,0,0,0
83,0,0,2,1,87.9518,0,0,0.0843,74,0.5,0.061,1.0,4,0,0,0,0,0,0,0,0
84,0,0,1,1,94.0476,0,1,0.1429,38,0.88,0.0241,1.0,2,0,0,0,0,0,0,0,0
112,0,0,0,0,94.6429,0,0,0.1696,11,0.95,0.0901,1.0,3,0,0,0,0,0,0,0,0
102,0,0,2,1,92.1569,0,0,0.1176,45,0.5,0.0693,1.0,2,0,0,0,0,0,0,0,0
31,0,0,0,1,67.7419,0,0,0.1935,12,0.5,0.0667,1.0,4,0,0,0,0,0,0,0,0
34,0,0,2,1,67.6471,0,0,0.2059,25,0.5,0.1212,1.0,3,0,0,0,0,0,0,0,0
40,0,0,1,1,77.5,0,0,0.15,16,0.95,0.1026,1.0,3,0,0,0,0,0,0,0,0
29,0,0,2,0,75.8621,0,0,0.2069,22,0.85,0.1786,1.0,3,0,0,0,0,0,0,0,0
44,0,0,0,0,84.0909,0,0,0.1818,15,0.95,0.0465,1.0,3,0,0,0,0,0,0,0,0
33,0,0,1,1,72.7273,0,0,0.1818,24,0.95,0.0938,1.0,3,0,0,0,0,0,0,0,0
36,0,0,2,0,75.0,0,0,0.1667,29,0.5,0.1429,1.0,2,0,0,0,0,0,0,0,0
55,0,1,2,1,85.4545,0,0,0.1818,21,0.5,0.0556,0.9818,2,0,0,0,0,0,0,0,0
37,0,0,1,0,86.4865,0,0,0.1351,30,0.95,0.1111,1.0,3,0,0,0,0,0,0,0,0
27,0,0,1,1,66.6667,0,0,0.1852,19,0.95,0.1538,1.0,3,0,0,0,3,0,1,0,1
36,0,0,1,1,75.0,0,0,0.1667,27,0.95,0.1429,1.0,3,0,0,0,0,0,0,0,0
28,0,0,1,1,75.0,0,0,0.1786,20,0.95,0.1852,1.0,3,0,0,0,0,0,0,0,0
44,0,0,1,0,75.0,0,0,0.2045,37,0.5,0.2093,1.0,8,0,0,0,0,0,0,0,0
25,0,0,1,0,60.0,0,0,0.2,18,0.95,0.1667,1.0,3,0,0,0,0,0,0,0,0
30,0,0,1,1,70.0,0,0,0.1667,22,0.95,0.1379,1.0,3,0,0,0,0,0,0,0,0
22,0,0,1,1,63.6364,0,0,0.2273,14,0.98,0.2857,1.0,3,2,1,0,0,0,1,0,0
56,0,0,2,1,78.5714,0,0,0.1964,47,0.8,0.0545,1.0,2,0,0,0,0,0,0,0,0
23,0,0,2,1,60.8696,0,0,0.2609,15,0.9,0.1818,1.0,2,0,0,0,0,0,0,0,0
