URL,URLLength,IsDomainIP,HasObfuscation,NoOfSubDomain,IsHTTPS,URLSimilarityIndex,NoOfEqualsInURL,NoOfQMarkInURL,SpacialCharRatioInURL,DomainLength,TLDLegitimateProb,CharContinuationRate,URLCharProb,TLDLength,NoOfiFrame,NoOfPopup,HasHiddenFields,NoOfSelfRedirect,HasExternalFormSubmit,HasSubmitButton,HasPasswordField,HasSocialNet,label
http://www.cryptoguiminer.com,29,0,0,1,0,75.8621,0,0,0.1724,22,0.95,0.1429,1.0,3,0,0,0,0,0,0,0,0,0
https://www.eastrussia.ru,25,0,0,1,1,80.0,0,0,0.2,17,0.5,0.2083,1.0,2,0,0,0,0,0,0,0,0,1
https://www.fortisalberta.com,29,0,0,1,1,65.5172,0,0,0.1724,21,0.95,0.1429,1.0,3,1,0,1,8,0,1,0,1,1
https://mail-104188.square.site/,32,0,0,1,1,65.625,0,0,0.2188,23,0.35,0.0968,1.0,4,0,0,0,0,0,0,0,0,0
http://www.ultrabookreviews.com,31,0,0,1,0,58.0645,0,0,0.1613,24,0.95,0.1667,1.0,3,0,0,0,0,0,0,0,0,0
http://www.argojeans.com,24,0,0,1,0,54.1667,0,0,0.2083,17,0.95,0.1739,1.0,3,1,0,0,0,0,1,0,1,0
http://www.delicioushq.com,26,0,0,1,0,65.3846,0,0,0.1923,19,0.95,0.16,1.0,3,0,0,0,0,0,0,0,0,0
http://irs-gov.pro,18,0,0,0,0,55.5556,0,0,0.2778,11,0.5,0.1176,1.0,3,0,0,0,0,0,0,0,0,0
https://li4uu-uyaaa-aaaad-qex5q-cai.raw.ic0.app/,48,0,0,2,1,72.9167,0,0,0.2292,39,0.5,0.1915,1.0,3,0,0,0,0,0,0,0,0,0
https://alio-47dfa.web.app/,27,0,0,1,1,48.1481,0,0,0.2593,18,0.5,0.1154,1.0,3,0,0,0,0,0,0,0,0,0
http://www.srv1.org,19,0,0,1,0,57.8947,0,0,0.2632,12,0.9,0.2222,1.0,3,0,0,0,0,0,0,0,0,0
https://connexion-bnp.web.app/,30,0,0,1,1,70.0,0,0,0.2333,21,0.5,0.1379,1.0,3,0,0,0,0,0,0,0,0,0
http://lapelota.qa/otp.php,26,0,0,0,0,88.4615,0,0,0.2308,11,0.5,0.08,1.0,2,0,0,0,0,0,0,0,0,0
http://www.offlinemech.com,26,0,0,1,0,80.7692,0,0,0.1923,19,0.95,0.2,1.0,3,0,0,0,0,0,0,0,0,0
https://www.the360mag.com,25,0,0,1,1,56.0,0,0,0.2,17,0.95,0.1667,1.0,3,0,1,1,117,0,1,0,1,1
https://www.cmlt.uga.edu,24,0,0,2,1,54.1667,0,0,0.25,16,0.98,0.1739,1.0,3,1,0,0,2,0,1,0,1,1
http://www.chicagocloudgroup.com,32,0,0,1,0,78.125,0,0,0.1562,25,0.95,0.129,1.0,3,3,0,0,0,0,0,0,1,0
https://www.corvettedepot.com,29,0,0,1,1,75.8621,0,0,0.1724,21,0.95,0.1786,1.0,3,0,0,1,282,0,1,0,1,1
http://www.saisonoard.co.jp.50gb300.xyz/,40,0,0,4,0,62.5,0,0,0.225,32,0.35,0.1282,1.0,3,0,0,0,0,0,0,0,0,0
http://www.mail.kuwaitarmy.gov-kw.com,37,0,0,3,0,70.2703,0,0,0.2162,30,0.95,0.1111,1.0,3,0,0,0,0,0,0,0,0,0
https://bom7-nkhu98.firebaseapp.com/,36,0,0,1,1,66.6667,0,0,0.1944,27,0.95,0.0857,1.0,3,0,0,0,0,0,0,0,0,0
https://www.ffwp.org,20,0,0,1,1,70.0,0,0,0.25,12,0.9,0.2632,1.0,3,1,2,0,4,0,0,0,0,1
https://wild-band-03d3.erhpfxpm.workers.dev/,44,0,0,2,1,70.4545,0,0,0.2045,35,0.5,0.0465,1.0,3,0,0,0,0,0,0,0,0,0
http://www.saraceninvestments.co.uk,35,0,0,2,0,71.4286,0,0,0.1714,28,0.9,0.1176,1.0,2,0,0,0,0,0,0,0,0,0
https://www.torresette.news,27,0,0,1,1,81.4815,0,0,0.1852,19,0.5,0.2308,1.0,4,0,1,0,2,0,1,0,1,1
https://storage.cloud.google.com/anaagc040gdyacgd0dyuser.appspot.com/index.html#user@calstatela.edu,99,0,1,2,1,93.9394,0,0,0.1414,24,0.95,0.051,0.9798,3,0,0,1,0,0,1,1,1,0
https://www.theplayersnyc.org,29,0,0,1,1,75.8621,0,0,0.1724,21,0.9,0.1429,1.0,3,0,4,0,0,0,0,0,0,1
http://www.f0405203.xsph.ru,27,0,0,2,0,62.963,0,0,0.2222,20,0.5,0.1538,1.0,2,0,0,0,0,0,0,0,0,0
https://www.alluemyoga.com,26,0,0,1,1,65.3846,0,0,0.1923,18,0.95,0.2,1.0,3,1,0,0,2,0,0,0,1,1
http://xn--80afebpjirbntcmo.xn--p1ai/qwertyy/ssdddfff/qwertyy/china,67,0,0,0,0,88.0597,0,0,0.1791,29,0.5,0.1667,1.0,8,0,0,0,0,0,0,0,0,0
http://xxdazbvqvqyzgkvuyigleyjdynvkqjgkjjwzxkdqqk-dot-gl9393jan.sepa-00980-force-drop.oa.r.appspot.com/?fbclid=iwar0l0ijnbn7s-wl_1cwed3ywdyg7lc_lq91iy7yty6s4gc5nv2ou8e1wh3o,172,0,0,4,0,95.3488,1,1,0.1105,95,0.95,0.0409,1.0,3,0,0,0,0,0,0,0,0,0
http://www.qwartwf.ml,21,0,0,1,0,57.1429,0,0,0.2381,14,0.5,0.2,1.0,2,0,0,0,0,0,0,0,0,0
https://www.nativeseedpod.org,29,0,0,1,1,72.4138,0,0,0.1724,21,0.9,0.1786,1.0,3,0,0,0,2,0,0,0,1,1
https://www.labeat.ca,21,0,0,1,1,61.9048,0,0,0.2381,13,0.88,0.2,1.0,2,0,0,0,1,0,0,0,0,1
http://att-100361-109870.weeblysite.com/,40,0,0,1,0,55.0,0,0,0.2,32,0.95,0.1282,1.0,3,0,0,0,0,0,0,0,0,0
https://www.mtbs3d.com,22,0,0,1,1,63.6364,0,0,0.2273,14,0.95,0.1905,1.0,3,0,0,0,0,0,0,0,0,1
https://www.techzine.nl,23,0,0,1,1,69.5652,0,0,0.2174,15,0.5,0.1818,1.0,2,0,0,0,0,0,0,0,0,1
https://www.mrcombi.com,23,0,0,1,1,69.5652,0,0,0.2174,15,0.95,0.1818,1.0,3,0,0,0,0,0,0,0,0,1
https://www.grasiemercedes.com,30,0,0,1,1,73.3333,0,0,0.1667,22,0.95,0.1379,1.0,3,0,0,0,1,0,1,0,1,1
http://www.online-offices.com,29,0,0,1,0,75.8621,0,0,0.2069,22,0.95,0.1786,1.0,3,0,0,0,0,0,0,0,0,0
https://www.blavatskyarchives.com,33,0,0,1,1,66.6667,0,0,0.1515,25,0.95,0.125,1.0,3,0,0,0,0,0,0,0,1,1
https://www.vinu.edu,20,0,0,1,1,55.0,0,0,0.25,12,0.98,0.2105,1.0,3,2,0,0,125,0,1,0,1,1
http://www.datemyso.com,23,0,0,1,0,60.8696,0,0,0.2174,16,0.95,0.1818,1.0,3,0,0,0,0,0,1,0,0,0
http://www.slashoff.com,23,0,0,1,0,73.913,0,0,0.2174,16,0.95,0.2273,1.0,3,0,0,0,0,0,0,0,0,0
https://att-103000-servicedomain.weeblysite.com/,48,0,0,1,1,72.9167,0,0,0.1667,39,0.95,0.1277,1.0,3,0,0,0,0,0,0,0,0,0
https://www.ocaziituristice.ro,30,0,0,1,1,76.6667,0,0,0.1667,22,0.5,0.1724,1.0,2,0,0,1,21,0,1,0,1,1
https://www.panamax.io,22,0,0,1,1,63.6364,0,0,0.2273,14,0.5,0.1905,1.0,2,1,0,0,0,1,1,0,1,1
https://www.camillamorrison.com,31,0,0,1,1,87.0968,0,0,0.1613,23,0.95,0.2,1.0,3,1,0,0,0,0,0,0,1,1
https://www.shms.edu,20,0,0,1,1,70.0,0,0,0.25,12,0.98,0.2105,1.0,3,0,0,0,4,1,1,0,1,1
https://www.rcrwireless.com,27,0,0,1,1,74.0741,0,0,0.1852,19,0.95,0.1923,1.0,3,1,0,1,0,1,1,0,1,1
https://www.nmz.de,18,0,0,1,1,50.0,0,0,0.2778,10,0.88,0.2353,1.0,2,3,0,1,5,0,1,0,1,1
https://www.mashvirtual.com,27,0,0,1,1,66.6667,0,0,0.1852,19,0.95,0.1538,1.0,3,0,0,0,0,0,0,0,0,1
http://atrtidwesdty.square.site/,32,0,0,1,0,78.125,0,0,0.1875,24,0.35,0.0645,1.0,4,0,0,0,0,0,0,0,0,0
https://www.vipps.no,20,0,0,1,1,70.0,0,0,0.25,12,0.5,0.2632,1.0,2,0,0,0,0,0,0,0,1,1
http://www.roundcube000mondy01.web.app,38,0,0,2,0,78.9474,0,0,0.1579,31,0.5,0.1892,1.0,3,0,0,0,0,0,0,0,0,0
https://www.topjoyflooring.com,30,0,0,1,1,56.6667,0,0,0.1667,22,0.95,0.1724,1.0,3,0,0,0,0,0,0,0,0,1
https://dev-ban7890.pantheonsite.io/,36,0,0,1,1,75.0,0,0,0.1944,27,0.5,0.0571,1.0,2,0,0,0,0,0,0,0,0,0
http://aruba.saerfact-auth.de/,30,0,0,1,0,73.3333,0,0,0.2333,22,0.88,0.069,1.0,2,0,0,0,0,0,0,0,0,0
https://gateway.pinata.cloud/ipfs/bafybeihs6khr3weelc5vq6s7piyj3eg7uiplfvyiv34a7qu65tgtdzck3i,93,0,0,1,1,92.4731,0,0,0.0753,20,0.5,0.0326,1.0,5,0,0,0,0,0,0,0,0,0
https://www.corriecooks.com,27,0,0,1,1,74.0741,0,0,0.1852,19,0.95,0.2308,1.0,3,1,0,0,100,0,1,0,1,1
http://www.stripmywalls.com,27,0,0,1,0,70.3704,0,0,0.1852,20,0.95,0.1923,1.0,3,0,0,0,0,0,0,0,0,0
https://www.difp.ie,19,0,0,1,1,68.4211,0,0,0.2632,11,0.5,0.2222,1.0,2,0,2,0,11,0,1,0,0,1
https://www.pros-consulte.com,29,0,0,1,1,68.9655,0,0,0.2069,21,0.95,0.1429,1.0,3,1,0,0,1,0,1,0,1,1
https://www.quaritch.com,24,0,0,1,1,58.3333,0,0,0.2083,16,0.95,0.1739,1.0,3,0,0,1,37,0,1,0,1,1
https://29d6950e-0d73-4433-b20d-114c0cc18ead.id.repl.co/,56,0,0,2,1,76.7857,0,0,0.1964,47,0.8,0.1091,1.0,2,0,0,0,0,0,0,0,0,0
https://www.businesstravelnewseurope.com,40,0,0,1,1,77.5,0,0,0.125,32,0.95,0.1282,1.0,3,0,0,0,0,0,0,0,0,1
https://www.cuopm.com,21,0,0,1,1,80.9524,0,0,0.2381,13,0.95,0.2,1.0,3,0,0,0,0,0,0,0,0,1
https://is.gd/revocafindomestic,31,0,0,0,1,64.5161,0,0,0.1613,5,0.5,0.0667,1.0,2,0,0,0,0,0,0,0,0,0
https://www.miur.gov.it,23,0,0,2,1,56.5217,0,0,0.2609,15,0.5,0.1818,1.0,2,0,3,1,3,0,1,0,1,1
https://www.mesabitribune.com,29,0,0,1,1,68.9655,0,0,0.1724,21,0.95,0.1429,1.0,3,5,0,1,22,1,1,0,1,1
http://www.odinix.eu,20,0,0,1,0,55.0,0,0,0.25,13,0.5,0.2105,1.0,2,0,0,0,0,0,0,0,0,0
https://hhq1km0doe.web.app/,27,0,0,1,1,55.5556,0,0,0.2222,18,0.5,0.1538,1.0,3,0,0,0,0,0,0,0,0,0
http://www.bortor.com,21,0,0,1,0,71.4286,0,0,0.2381,14,0.95,0.2,1.0,3,0,0,0,1,0,0,0,0,0
https://sg-5-us-5gs.web.app/,28,0,0,1,1,75.0,0,0,0.3214,19,0.5,0.1111,1.0,3,0,0,0,0,0,0,0,0,0
https://maildinshaakckjnw96.web.app/,36,0,0,1,1,72.2222,0,0,0.1667,27,0.5,0.1143,1.0,3,0,0,0,0,0,0,0,0,0
http://www.essensetech.com,26,0,0,1,0,80.7692,0,0,0.1923,19,0.95,0.2,1.0,3,1,0,0,0,1,1,0,1,0
http://www.mofa.dynamic-dns.net,31,0,0,2,0,64.5161,0,0,0.2258,24,0.85,0.1333,1.0,3,0,0,0,0,0,0,0,0,0
https://www.juwi.com,20,0,0,1,1,50.0,0,0,0.25,12,0.95,0.2105,1.0,3,0,0,0,3,0,0,0,1,1
https://www.cinejosh.com,24,0,0,1,1,70.8333,0,0,0.2083,16,0.95,0.1739,1.0,3,0,0,0,1,0,1,0,1,1
https://www.americanmusical.com,31,0,0,1,1,70.9677,0,0,0.1613,23,0.95,0.1333,1.0,3,0,0,0,0,0,0,0,0,1
https://www.mariorr.com,23,0,0,1,1,69.5652,0,0,0.2174,15,0.95,0.2273,1.0,3,0,0,0,0,0,0,0,0,1
https://www.atlantamagazine.com,31,0,0,1,1,64.5161,0,0,0.1613,23,0.95,0.1333,1.0,3,0,0,0,368,0,1,1,1,1
https://www.livetinted.com,26,0,0,1,1,57.6923,0,0,0.1923,18,0.95,0.16,1.0,3,1,3,1,33,0,1,0,1,1
http://www.monopack.com.ua,26,0,0,2,0,80.7692,0,0,0.2308,19,0.5,0.16,1.0,2,0,0,0,0,0,0,0,1,0
https://www.robinspost.com,26,0,0,1,1,69.2308,0,0,0.1923,18,0.95,0.16,1.0,3,6,0,0,32,0,1,0,1,1
http://www.sakrobazar.com,25,0,0,1,0,64.0,0,0,0.2,18,0.95,0.1667,1.0,3,0,0,0,0,0,0,0,0,0
https://wvvw-opensea.io/,24,0,0,0,1,70.8333,0,0,0.25,15,0.5,0.1304,1.0,2,0,0,0,0,0,0,0,0,0
https://office80f8a649b49eef411c04a82b3e39b85b80f8a649b49eef411c04aa8fd.onedriveoffice.workers.dev/,99,0,0,2,1,91.9192,0,0,0.0707,90,0.5,0.0918,1.0,3,0,0,0,0,0,0,0,0,0
https://www.queryverse.org,26,0,0,1,1,65.3846,0,0,0.1923,18,0.9,0.16,1.0,3,0,0,0,2,0,0,0,0,1
https://www.naics.com,21,0,0,1,1,61.9048,0,0,0.2381,13,0.95,0.2,1.0,3,0,0,1,130,0,1,1,0,1
https://www.ref-sh.ch,21,0,0,1,1,66.6667,0,0,0.2857,13,0.5,0.2,1.0,2,2,0,0,11,0,0,0,1,1
https://bafybeig3sc5376xwth4dgt3xakodxciogeutax57u44e3ll7uaorecie7e.ipfs.dweb.link/?filename=index2off3003.html,111,0,0,2,1,93.6937,1,1,0.0901,74,0.5,0.0545,1.0,4,0,0,0,0,0,0,0,0,0
https://plaid-celsius-8d4.notion.site/click-here-to-sign-in-83e6e3a3752d48e79ad077a46ce21eb9,92,0,0,1,1,90.2174,0,0,0.1413,29,0.35,0.033,1.0,4,0,0,0,0,0,0,0,0,0
https://www.slidee.nz/,22,0,0,1,1,63.6364,0,0,0.2727,13,0.5,0.2381,1.0,2,0,0,0,0,0,0,0,0,0
http://mail-106731.square.site/,31,0,0,1,0,58.0645,0,0,0.2258,23,0.35,0.0667,1.0,4,0,0,0,0,0,0,0,0,0
https://www.hydros.ch,21,0,0,1,1,66.6667,0,0,0.2381,13,0.5,0.2,1.0,2,0,0,1,0,1,1,0,0,1
https://www.learnbig.net,24,0,0,1,1,58.3333,0,0,0.2083,16,0.85,0.1739,1.0,3,0,0,0,0,0,0,0,0,1
https://www.ploymint.com,24,0,0,1,1,66.6667,0,0,0.2083,16,0.95,0.1739,1.0,3,0,0,0,0,0,0,0,0,1
http://www.taminaccount-ir.ml,29,0,0,1,0,72.4138,0,0,0.2069,22,0.5,0.1786,1.0,2,0,0,0,0,0,0,0,0,0
https://prod-rd-10040.firebaseapp.com/,38,0,0,1,1,76.3158,0,0,0.2105,29,0.95,0.1081,1.0,3,0,0,0,0,0,0,0,0,0
https://dev-itausecurelogin-py-56.pantheonsite.io/,50,0,0,1,1,80.0,0,0,0.18,41,0.5,0.0408,1.0,2,0,0,0,0,0,0,0,0,0
https://aol-mail-108022.weeblysite.com/,39,0,0,1,1,76.9231,0,0,0.2051,30,0.95,0.1053,1.0,3,0,0,0,0,0,0,0,0,0
https://jii.li/vxogn,20,0,0,0,1,40.0,0,0,0.25,6,0.5,0.1579,1.0,2,0,0,0,0,0,0,0,0,0
https://www.ledgertranscript.com,32,0,0,1,1,68.75,0,0,0.1562,24,0.95,0.129,1.0,3,0,0,1,1,1,1,1,1,1
http://www.hj839.com,20,0,0,1,0,55.0,0,0,0.25,13,0.95,0.2105,1.0,3,0,0,0,0,0,0,0,0,0
https://summer-term-a8d0.t7hgr7jsnh1942.workers.dev/,52,0,0,2,1,67.3077,0,0,0.1731,43,0.5,0.0588,1.0,3,0,0,0,0,0,0,0,0,0
http://www.adrd.taxuan.net,26,0,0,2,0,73.0769,0,0,0.2308,19,0.85,0.16,1.0,3,0,0,0,0,0,0,0,0,0
https://help-facebook-id-102162.198547.com/?content_id=prtg1oq-rwck3hj,70,0,0,1,1,68.5714,1,1,0.1857,34,0.95,0.0435,1.0,3,0,0,0,0,0,0,0,0,0
https://www.customarchitecture.com,34,0,0,1,1,88.2353,0,0,0.1471,26,0.95,0.1212,1.0,3,1,0,0,1,0,1,0,0,1
https://tinyurl.com/23xhuk89,28,0,0,0,1,35.7143,0,0,0.1786,11,0.95,0.0741,1.0,3,0,0,0,34,0,1,0,0,0
http://www.vor.cc,17,0,0,1,0,64.7059,0,0,0.2941,10,0.5,0.3125,1.0,2,0,0,0,0,0,0,0,0,0
http://43.128.92.128/interactivelogin?continue=https://accounts.google.com/?&amp;xrealip=35.203.252.150&amp;ifkv=awnogheuobkba6c5lfvrocifv2lbpyjrrcmw4ukzlek14meqbpve-oyqca1rvdvg6c_573zaovjflg,191,1,0,2,0,96.8586,3,2,0.1414,13,0.5,0.0368,0.9895,3,0,0,0,0,0,0,0,0,0
https://www.v2.fi,17,0,0,1,1,52.9412,0,0,0.2941,9,0.5,0.25,1.0,2,0,0,1,0,1,0,0,1,1
http://meli-challenge-one.vercel.app/,37,0,0,1,0,81.0811,0,0,0.2162,29,0.5,0.1111,1.0,3,0,0,0,0,0,1,0,0,0
http://www.davidmcquinn.net,27,0,0,1,0,62.963,0,0,0.1852,20,0.85,0.1923,1.0,3,0,0,0,0,0,0,0,0,0
https://www.spisok-putina.org,29,0,0,1,1,68.9655,0,0,0.2069,21,0.9,0.1429,1.0,3,0,0,0,0,0,0,0,0,1
http://www.cpanel.imperiumminer.com,35,0,0,2,0,82.8571,0,0,0.1714,28,0.95,0.1471,1.0,3,0,0,0,0,0,0,0,0,0
http://www.i02.cn,17,0,0,1,0,52.9412,0,0,0.2941,10,0.5,0.25,1.0,2,0,0,0,0,0,0,0,0,0
https://stylishfickletasks.scotianbk.repl.co/,45,0,0,2,1,86.6667,0,0,0.1556,36,0.8,0.0455,1.0,2,0,0,0,0,0,0,0,0,0
http://www.f0371887.xsph.ru,27,0,0,2,0,66.6667,0,0,0.2222,20,0.5,0.1923,1.0,2,0,0,0,0,0,0,0,0,0
https://pineapple16187189.brizy.site/,37,0,0,1,1,67.5676,0,0,0.1622,28,0.35,0.0833,1.0,4,0,0,0,0,0,0,0,0,0
https://attnetcontroller.weebly.com/,36,0,0,1,1,75.0,0,0,0.1667,27,0.95,0.1429,1.0,3,0,0,0,0,0,0,0,0,0
https://www.saffronbs.co.uk,27,0,0,2,1,62.963,0,0,0.2222,19,0.9,0.1923,1.0,2,2,0,0,35,0,1,0,1,1
http://www.latrovadorabarbersupply.com,38,0,0,1,0,73.6842,0,0,0.1316,31,0.95,0.1351,1.0,3,0,0,1,0,0,1,0,1,0
https://f063546d-5b66-43dc-872d-e459472e120f.id.repl.co,55,0,0,2,1,80.0,0,0,0.1818,47,0.8,0.0556,1.0,2,0,0,0,0,0,0,0,0,0
https://www.elrodtimber.com,27,0,0,1,1,66.6667,0,0,0.1852,19,0.95,0.1538,1.0,3,0,0,0,3,0,1,0,1,1
http://154ds4-jgj5-fg45-hj56.com/,33,0,0,0,0,66.6667,0,0,0.2424,25,0.95,0.0625,1.0,3,0,0,0,0,0,0,0,0,0
https://www.bplusprintworks.com,31,0,0,1,1,67.7419,0,0,0.1613,23,0.95,0.1333,1.0,3,0,0,0,5,0,1,0,1,1
https://www.911law.com,22,0,0,1,1,54.5455,0,0,0.2273,14,0.95,0.2381,1.0,3,0,0,0,62,0,1,0,1,1
https://www.sgames.am,21,0,0,1,1,76.1905,0,0,0.2381,13,0.5,0.2,1.0,2,0,0,0,0,0,0,0,0,1
https://www.aremedia.com.au,27,0,0,2,1,62.963,0,0,0.2222,19,0.88,0.1538,1.0,2,2,0,0,40,0,1,0,1,1
https://www.transceltic.com,27,0,0,1,1,59.2593,0,0,0.1852,19,0.95,0.1538,1.0,3,3,0,1,31,0,1,1,1,1
https://allegroollokalnsnie60.sinsporichabs.cf/?tranzakt38496,61,0,0,1,1,81.9672,0,1,0.1148,38,0.5,0.0833,1.0,2,0,0,0,0,0,0,0,0,0
http://www.kueronekayacotn-co-jp.kueronekayacotn.wiwzzs.top/ai/,63,0,0,3,0,93.6508,0,0,0.1746,52,0.3,0.0806,1.0,3,0,0,0,0,0,0,0,0,0
https://www.musl.com,20,0,0,1,1,65.0,0,0,0.25,12,0.95,0.2105,1.0,3,0,0,0,0,0,1,0,0,1
https://www.stockholm50.global,30,0,0,1,1,66.6667,0,0,0.1667,22,0.5,0.1379,1.0,6,0,0,0,0,0,0,0,0,1
https://www.tps.ucsb.edu,24,0,0,2,1,75.0,0,0,0.25,16,0.98,0.1739,1.0,3,0,0,0,2,0,1,0,0,1
https://www.ipcc-nggip.iges.or.jp,33,0,0,3,1,75.7576,0,0,0.2424,25,0.5,0.1875,1.0,2,1,1,0,0,0,0,0,0,1
http://connectwallet.42web.io/,30,0,0,1,0,73.3333,0,0,0.2,22,0.5,0.1379,1.0,2,0,0,0,1,0,0,0,0,0
https://bafybeia3nwd5fna6u6uxqp2lmtgmanrta7q2dytca2up3kbximetajt7c4.ipfs.w3s.link/juju.html,91,0,0,2,1,94.5055,0,0,0.0879,73,0.5,0.0222,1.0,4,0,0,0,0,0,0,0,0,0
https://www.973fm.com.au,24,0,0,2,1,50.0,0,0,0.25,16,0.88,0.1739,1.0,2,1,0,0,0,1,1,0,1,1
https://www.orataiao.org.nz,27,0,0,2,1,70.3704,0,0,0.2222,19,0.5,0.1538,1.0,2,0,0,0,0,0,0,0,0,1
https://www.iheartcomix.com,27,0,0,1,1,74.0741,0,0,0.1852,19,0.95,0.1538,1.0,3,0,1,0,0,0,1,0,1,1
https://www.perc.org.uk,23,0,0,2,1,60.8696,0,0,0.2609,15,0.9,0.1818,1.0,2,0,0,0,0,0,0,0,0,1
https://www.quintadimension.com,31,0,0,1,1,70.9677,0,0,0.1613,23,0.95,0.1333,1.0,3,1,0,1,16,0,1,0,1,1
https://www.adamenfroy.com,26,0,0,1,1,57.6923,0,0,0.1923,18,0.95,0.16,1.0,3,1,0,0,207,0,1,0,1,1
https://www.assembly.state.ny.us,32,0,0,3,1,75.0,0,0,0.2188,24,0.85,0.1613,1.0,2,0,0,0,0,0,1,0,1,1
https://www.imagedermatology.com,32,0,0,1,1,68.75,0,0,0.1562,24,0.95,0.129,1.0,3,1,0,0,237,0,1,0,1,1
https://www.buckley.spaceforce.mil,34,0,0,2,1,64.7059,0,0,0.1765,26,0.5,0.1212,1.0,3,0,0,0,0,0,0,0,0,1
https://www.missionnetaji.org,29,0,0,1,1,68.9655,0,0,0.1724,21,0.9,0.2143,1.0,3,0,0,0,0,0,0,0,0,1
https://prome3893a.webcindario.com/index3.php,45,0,0,1,1,84.4444,0,0,0.1556,26,0.95,0.0455,1.0,3,0,0,0,0,0,0,0,0,0
https://www.materialy-do-skoly.cz,33,0,0,1,1,66.6667,0,0,0.2121,25,0.5,0.125,1.0,2,0,0,0,86,0,0,0,0,1
https://www.jesuswalk.com,25,0,0,1,1,52.0,0,0,0.2,17,0.95,0.1667,1.0,3,0,0,1,99,1,1,0,0,1
https://www.awaawards.com,25,0,0,1,1,68.0,0,0,0.2,17,0.95,0.2083,1.0,3,1,0,0,80,0,1,0,1,1
http://app-vanda.s23hmqvqgz-xoy4w9e7r3pw.p.temp-site.link/,58,0,0,3,0,75.8621,0,0,0.1897,50,0.5,0.0526,1.0,4,0,0,0,0,0,0,0,0,0
https://fonctiont-post.web.app/,31,0,0,1,1,67.7419,0,0,0.2258,22,0.5,0.1,1.0,3,0,0,0,0,0,0,0,0,0
https://www.fiesc.com.br,24,0,0,2,1,58.3333,0,0,0.25,16,0.5,0.1739,1.0,2,0,0,0,0,0,0,0,0,1
https://www.calabasasgolf.com,29,0,0,1,1,75.8621,0,0,0.1724,21,0.95,0.1429,1.0,3,0,0,0,0,0,0,0,1,1
https://www.elshanesworld.com,29,0,0,1,1,72.4138,0,0,0.1724,21,0.95,0.1429,1.0,3,1,0,1,182,0,1,0,1,1
https://docs.google.com/presentation/d/e/2pacx-1vt8wztp09r1_h8jm9ap9zzuctf8q-z-doa3kfnebjlhybps9ykaz8sjxdhcxnhrke3eb5lzvijapedc/pub?start=false&loop=false&delayms=3000,167,0,0,1,1,95.8084,3,1,0.1198,15,0.95,0.0422,1.0,3,0,0,0,0,0,0,0,0,0
http://www.condi-shop.ru,24,0,0,1,0,62.5,0,0,0.25,17,0.5,0.1739,1.0,2,0,0,0,0,0,0,0,0,0
https://www.etrainingpedia.com,30,0,0,1,1,70.0,0,0,0.1667,22,0.95,0.1379,1.0,3,0,0,0,95,0,1,0,0,1
https://www.tuya-online.de/,27,0,0,1,1,55.5556,0,0,0.2593,18,0.88,0.1538,1.0,2,0,0,0,0,0,0,0,0,0
https://mail0.googgle.workers.dev/,34,0,0,2,1,67.6471,0,0,0.2059,25,0.5,0.1212,1.0,3,0,0,0,0,0,0,0,0,0
https://royal-flower-0de9.ylr2144t.workers.dev/ca260fb0-1d74-41d4-b06f-3a0632d996f1,83,0,0,2,1,91.5663,0,0,0.1566,38,0.5,0.0488,1.0,3,0,0,0,0,0,0,0,0,0
https://www.jll-mena.com,24,0,0,1,1,54.1667,0,0,0.25,16,0.95,0.2174,1.0,3,0,0,0,0,0,1,0,1,1
https://surpermipouvoirplanete.web.app/,39,0,0,1,1,79.4872,0,0,0.1538,30,0.5,0.0789,1.0,3,0,0,0,0,0,0,0,0,0
https://beacons.ai/homebtlogin,30,0,0,0,1,76.6667,0,0,0.1667,10,0.5,0.069,1.0,2,0,0,0,0,0,0,0,0,0
https://www.cccneb.edu,22,0,0,1,1,63.6364,0,0,0.2273,14,0.98,0.2857,1.0,3,2,1,0,0,0,1,0,0,1
http://www.gab.com.tr,21,0,0,2,0,52.381,0,0,0.2857,14,0.5,0.2,1.0,2,0,0,0,93,0,0,0,1,0
https://www.sunbeltshutters.com,31,0,0,1,1,70.9677,0,0,0.1613,23,0.95,0.1667,1.0,3,0,0,0,1,0,0,0,1,1
http://amghrqcgpu.duckdns.org,29,0,0,1,0,72.4138,0,0,0.1724,22,0.9,0.0714,1.0,3,0,0,0,0,0,0,0,0,0
https://www.bitdefender.com,27,0,0,1,1,55.5556,0,0,0.1852,19,0.95,0.1538,1.0,3,2,0,1,114,0,1,0,1,1
https://www.dariawan.com,24,0,0,1,1,54.1667,0,0,0.2083,16,0.95,0.1739,1.0,3,0,0,0,1,0,1,0,1,1
http://www.1tt.net,18,0,0,1,0,66.6667,0,0,0.2778,11,0.85,0.2941,1.0,3,0,0,0,0,0,0,0,0,0
https://www.bibelntalar.se,26,0,0,1,1,76.9231,0,0,0.1923,18,0.5,0.16,1.0,2,0,0,0,0,0,0,0,0,1
https://www.iconaircraft.com,28,0,0,1,1,75.0,0,0,0.1786,20,0.95,0.1481,1.0,3,0,0,0,0,0,0,0,0,1
https://www.phylsflowers.com,28,0,0,1,1,75.0,0,0,0.1786,20,0.95,0.1481,1.0,3,0,0,0,0,0,0,0,0,1
http://www.rakoten-caod.sckdvpu.cn/,35,0,0,2,0,77.1429,0,0,0.2286,27,0.5,0.1176,1.0,2,0,0,0,0,0,0,0,0,0
http://mnavales.cl/.well-known/sign%20in/index.html,51,0,0,0,0,74.5098,0,0,0.2157,11,0.5,0.06,0.9804,2,0,0,0,0,0,1,1,0,0
https://www.firenzeviola.it,27,0,0,1,1,55.5556,0,0,0.1852,19,0.5,0.1538,1.0,2,0,0,0,0,0,0,0,0,1
https://www.cottonsisters.com,29,0,0,1,1,72.4138,0,0,0.1724,21,0.95,0.1786,1.0,3,0,0,1,12,0,1,0,1,1
http://site.tokeape.com/s/gcik,30,0,0,1,0,83.3333,0,0,0.2333,16,0.95,0.069,1.0,3,0,0,0,0,0,0,0,0,0
https://ipfs.litnet.work/ipfs/bafybeicivf4lssd2v6zxbcgjv37mwulh2u4t4fquswv53omeunyzq6yaku,89,0,0,1,1,91.0112,0,0,0.0787,16,0.5,0.0341,1.0,4,0,0,0,0,0,0,0,0,0
https://www.capitainpetzel.de,29,0,0,1,1,72.4138,0,0,0.1724,21,0.88,0.1429,1.0,2,0,0,0,0,0,0,0,0,1
https://www.snipeusa.com,24,0,0,1,1,58.3333,0,0,0.2083,16,0.95,0.1739,1.0,3,0,0,0,0,0,0,0,0,1
https://www.zasmedia.com.br,27,0,0,2,1,59.2593,0,0,0.2222,19,0.5,0.1538,1.0,2,0,0,0,0,0,0,0,0,1
https://www.peepaltreepress.com,31,0,0,1,1,77.4194,0,0,0.1613,23,0.95,0.2333,1.0,3,0,0,0,0,0,0,0,0,1
http://www.wasserettederoos.nl,30,0,0,1,0,76.6667,0,0,0.1667,23,0.5,0.2414,1.0,2,0,0,0,0,0,0,0,0,0
https://myremodoldkentuckyhome.com/carta.php,44,0,0,0,1,88.6364,0,0,0.1364,26,0.95,0.0465,1.0,3,0,0,0,0,0,0,0,0,0
https://goonlinebiznes.live,27,0,0,0,1,70.3704,0,0,0.1481,19,0.5,0.1154,1.0,4,0,0,0,0,0,0,0,0,0
https://www.givenlife.com,25,0,0,1,1,52.0,0,0,0.2,17,0.95,0.1667,1.0,3,0,0,0,0,0,0,0,0,1
https://www.veal.org,20,0,0,1,1,45.0,0,0,0.25,12,0.9,0.2105,1.0,3,0,0,0,0,0,0,0,0,1
https://www.riverside.org.uk,28,0,0,2,1,67.8571,0,0,0.2143,20,0.9,0.1481,1.0,2,0,0,0,0,0,0,0,0,1
https://ipfs.io/ipfs/qmzjl9qvvmnf9ef6eckclq36opptjryzym5gnut1j3frgd,67,0,0,0,1,88.0597,0,0,0.0896,7,0.5,0.0606,1.0,2,0,0,0,0,0,0,0,0,0
https://qjuaioakjyaop.web.app/,30,0,0,1,1,63.3333,0,0,0.2,21,0.5,0.1034,1.0,3,0,0,0,0,0,0,0,0,0
http://tiny-star-b816.v8x34x07.workers.dev/,43,0,0,2,0,58.1395,0,0,0.2093,35,0.5,0.0476,1.0,3,0,0,0,0,0,0,0,0,0
https://www.uzone.id,20,0,0,1,1,45.0,0,0,0.25,12,0.5,0.2105,1.0,2,0,0,0,0,0,0,0,0,1
https://www.sasaki.com,22,0,0,1,1,63.6364,0,0,0.2273,14,0.95,0.1905,1.0,3,0,0,0,0,0,0,0,0,1
https://www.thepathway2success.com,34,0,0,1,1,82.3529,0,0,0.1471,26,0.95,0.1818,1.0,3,0,0,0,0,0,0,0,0,1
https://www.anolytics.ai,24,0,0,1,1,66.6667,0,0,0.2083,16,0.5,0.1739,1.0,2,0,0,0,0,0,0,0,0,1
http://www.kueronekayacotn-co-jp.kuerocekayacoto.zucrco.top/ai/,63,0,0,3,0,92.0635,0,0,0.1746,52,0.3,0.0645,1.0,3,0,0,0,0,0,0,0,0,0
https://www.neutralgroundz.com,30,0,0,1,1,60.0,0,0,0.1667,22,0.95,0.1379,1.0,3,0,0,0,0,0,0,0,0,1
https://www.garethdavidstudio.com,33,0,0,1,1,72.7273,0,0,0.1515,25,0.95,0.125,1.0,3,0,0,0,0,0,0,0,0,1
https://www.cs.ucla.edu,23,0,0,2,1,69.5652,0,0,0.2609,15,0.98,0.1818,1.0,3,0,0,0,0,0,0,0,0,1
http://info.compramostucoche.es/c/r?action=ri&emid=090069t04kpcr01u2mn8r&uid=vzic5w77tgfh72amde3a&key=h2vabltsmh-cy4arohcdmjeuwcxq4thvvcarzpknkblqikeuy-flo1fcqsaflbsxz6x4ezflmoso7lgu&cars_classified_url=http://ow.ly/b3tu50ngbwf,227,0,0,1,0,98.6784,5,1,0.1145,24,0.5,0.0354,1.0,2,0,0,0,0,0,0,0,0,0
https://leblancbrothers.leblancbrothers.workers.dev/,52,0,0,2,1,88.4615,0,0,0.1346,43,0.5,0.0392,1.0,3,0,0,0,0,0,0,0,0,0
https://www.redraggallery.co.uk,31,0,0,2,1,67.7419,0,0,0.1935,23,0.9,0.2,1.0,2,0,0,0,0,0,0,0,0,1
https://www.staynerd.com,24,0,0,1,1,50.0,0,0,0.2083,16,0.95,0.1739,1.0,3,0,0,0,0,0,0,0,0,1
http://www.southerntexastitle.com,33,0,0,1,0,66.6667,0,0,0.1515,26,0.95,0.125,1.0,3,0,0,0,0,0,0,0,0,0
https://www.yelmonline.com,26,0,0,1,1,73.0769,0,0,0.1923,18,0.95,0.16,1.0,3,0,0,0,0,0,0,0,0,1
http://www.divextreme-ar.com,28,0,0,1,0,60.7143,0,0,0.2143,21,0.95,0.1481,1.0,3,0,0,0,0,0,0,0,0,0
https://www.cigargeeks.com,26,0,0,1,1,65.3846,0,0,0.1923,18,0.95,0.2,1.0,3,0,0,0,0,0,0,0,0,1
http://narrow-chrome-woodpecker.glitch.me/,42,0,0,1,0,80.9524,0,0,0.1905,34,0.5,0.0976,1.0,2,0,0,0,0,0,0,0,0,0
https://www.western-uranium.com,31,0,0,1,1,74.1935,0,0,0.1935,23,0.95,0.1333,1.0,3,0,0,0,0,0,0,0,0,1
https://docs.google.com/presentation/d/e/2pacx-1vt5wqmofk7cmd4lxo4j6mqcubrsnhlumhugfskuir_9tklyjmuvlegia1cfo5ltnbmmflkg4_m8zoqf/pub?start=false&loop=false&delayms=3000&slide=id.p,178,0,0,1,1,93.8202,4,1,0.1236,15,0.95,0.0395,1.0,3,0,0,0,0,0,0,0,0,0
https://www.corp.at,19,0,0,1,1,63.1579,0,0,0.2632,11,0.5,0.2222,1.0,2,0,0,0,0,0,0,0,0,1
http://www.1zn5m7x5hr16.top,27,0,0,1,0,66.6667,0,0,0.1852,20,0.3,0.1538,1.0,3,0,0,0,0,0,0,0,0,0
https://www.javanan.com,23,0,0,1,1,60.8696,0,0,0.2174,15,0.95,0.1818,1.0,3,0,0,0,0,0,0,0,0,1
http://www.sttania.com,22,0,0,1,0,59.0909,0,0,0.2273,15,0.95,0.2381,1.0,3,0,0,0,0,0,0,0,0,0
http://www.aouynopo.ga,22,0,0,1,0,72.7273,0,0,0.2273,15,0.5,0.1905,1.0,2,0,0,0,0,0,0,0,0,0
https://storageapi.fleek.co/b620e7da-f4f5-4e6e-8d8e-8c4c3783180b-bucket/vat3/index.html#a@b.com,95,0,1,1,1,87.3684,0,0,0.1789,19,0.8,0.0319,0.9789,2,0,0,0,0,0,0,0,0,0
https://www.ieso.ca,19,0,0,1,1,57.8947,0,0,0.2632,11,0.88,0.2222,1.0,2,0,0,0,0,0,0,0,0,1
https://www.edpa.com,20,0,0,1,1,55.0,0,0,0.25,12,0.95,0.2105,1.0,3,0,0,0,0,0,0,0,0,1
https://leader-security-v2.web.app/,35,0,0,1,1,65.7143,0,0,0.2286,26,0.5,0.0882,1.0,3,0,0,0,0,0,0,0,0,0
https://www.profundo.nl,23,0,0,1,1,65.2174,0,0,0.2174,15,0.5,0.1818,1.0,2,0,0,0,0,0,0,0,0,1
https://www.polikarbonat.com,28,0,0,1,1,60.7143,0,0,0.1786,20,0.95,0.1481,1.0,3,0,0,0,0,0,0,0,0,1
https://www.raffaellarimassa.it,31,0,0,1,1,83.871,0,0,0.1613,23,0.5,0.2333,1.0,2,0,0,0,0,0,0,0,0,1
https://acessoinfovirtual.shop/,31,0,0,0,1,67.7419,0,0,0.1613,22,0.5,0.1,1.0,4,0,0,0,0,0,0,0,0,0
https://is.gd/bperlogln,23,0,0,0,1,56.5217,0,0,0.2174,5,0.5,0.0909,1.0,2,0,0,0,0,0,0,0,0,0
http://www.halkinsesitv.com,27,0,0,1,0,59.2593,0,0,0.1852,20,0.95,0.1538,1.0,3,0,0,0,0,0,0,0,0,0
https://www.superfaktura.cz,27,0,0,1,1,74.0741,0,0,0.1852,19,0.5,0.1538,1.0,2,0,0,0,0,0,0,0,0,1
https://home-en-linea.ebrouen.repl.co/index1.html,49,0,0,2,1,81.6327,0,0,0.2041,29,0.8,0.0417,1.0,2,0,0,0,0,0,0,0,0,0
https://www.vacounseling.com,28,0,0,1,1,60.7143,0,0,0.1786,20,0.95,0.1481,1.0,3,0,0,0,0,0,0,0,0,1
https://att-102665.weeblysite.com/,34,0,0,1,1,50.0,0,0,0.2059,25,0.95,0.1515,1.0,3,0,0,0,0,0,0,0,0,0
https://www.vactualpapers.com,29,0,0,1,1,68.9655,0,0,0.1724,21,0.95,0.1429,1.0,3,0,0,0,0,0,0,0,0,1
https://www.maymorning.co.uk,28,0,0,2,1,57.1429,0,0,0.2143,20,0.9,0.1481,1.0,2,0,0,0,0,0,0,0,0,1
http://www.amazceom-co-jp.amaczeon.ofynwty.cn/,46,0,0,3,0,91.3043,0,0,0.2174,38,0.5,0.0889,1.0,2,0,0,0,0,0,0,0,0,0
https://www.medhos.in,21,0,0,1,1,61.9048,0,0,0.2381,13,0.9,0.2,1.0,2,0,0,0,0,0,0,0,0,1
https://www.stignacenews.com,28,0,0,1,1,71.4286,0,0,0.1786,20,0.95,0.1481,1.0,3,0,0,0,0,0,0,0,0,1
http://www.jf.firefoxupdata.com,31,0,0,2,0,64.5161,0,0,0.1935,24,0.95,0.1333,1.0,3,0,0,0,0,0,0,0,0,0
https://business1298671982.firebaseapp.com/,43,0,0,1,1,74.4186,0,0,0.1395,34,0.95,0.0952,1.0,3,0,0,0,0,0,0,0,0,0
https://www.cision.ca,21,0,0,1,1,71.4286,0,0,0.2381,13,0.88,0.2,1.0,2,0,0,0,0,0,0,0,0,1
https://www.finchmagician.com,29,0,0,1,1,79.3103,0,0,0.1724,21,0.95,0.1429,1.0,3,0,0,0,0,0,0,0,0,1
https://connection-orangebank-certicode.derlma.com/8942375/,59,0,0,1,1,74.5763,0,0,0.1525,42,0.95,0.0517,1.0,3,0,0,0,0,0,0,0,0,0
https://destrezasinfantilescr.com/all/login.php?idsmt=10123005600&nextfunck=10130550000,87,0,0,0,1,88.5057,2,1,0.1264,25,0.95,0.1047,1.0,3,0,0,0,0,0,0,0,0,0
http://www.itinfo.com,21,0,0,1,0,66.6667,0,0,0.2381,14,0.95,0.2,1.0,3,0,0,0,0,0,0,0,0,0
http://www.metzgerconsulting.com,32,0,0,1,0,71.875,0,0,0.1562,25,0.95,0.129,1.0,3,0,0,0,0,0,0,0,0,0
https://4d9639562db3808803f8c551add3cc68.tsl-pl.co.pl/xtrr/pol/0c7be5bcd3c408e5f6cd7f0e63a91c9f/login/,102,0,0,2,1,92.1569,0,0,0.1176,45,0.5,0.0693,1.0,2,0,0,0,0,0,0,0,0,0
https://www.bouygues.com,24,0,0,1,1,62.5,0,0,0.2083,16,0.95,0.1739,1.0,3,0,0,0,0,0,0,0,0,1
https://www.excal.on.ca,23,0,0,2,1,60.8696,0,0,0.2609,15,0.88,0.1818,1.0,2,0,0,0,0,0,0,0,0,1
https://www.elfaonline.org,26,0,0,1,1,65.3846,0,0,0.1923,18,0.9,0.16,1.0,3,0,0,0,0,0,0,0,0,1
http://www.gentlemanpig.com,27,0,0,1,0,74.0741,0,0,0.1852,20,0.95,0.1538,1.0,3,0,0,0,0,0,0,0,0,0
https://auth1-shared-0utlook.firebaseapp.com/,45,0,0,1,1,75.5556,0,0,0.1778,36,0.95,0.0909,1.0,3,0,0,0,0,0,0,0,0,0
https://08-04-0-g3895g-8fweif-iw8gbef-qhf-9q4gf.obs.ap-southeast-3.myhuaweicloud.com/v46h-0v-39rcmw3r9hnbg0vwe8f0-85gf0-whr8-fghwrf.html?awsaccesskeyid=pyz9dmiyf4ruqsbbsfsm&expires=1680941973&signature=s9uunsn3ue6l84z/dppcc5ev/ho%3d,232,0,0,3,1,97.4138,3,1,0.1379,76,0.95,0.0346,0.9957,3,0,0,0,0,0,0,0,0,0
https://sbb-ch.web.app/,23,0,0,1,1,73.913,0,0,0.3043,14,0.5,0.1818,1.0,3,0,0,0,0,0,0,0,0,0
https://www.mindwerks.net,25,0,0,1,1,68.0,0,0,0.2,17,0.85,0.1667,1.0,3,0,0,0,0,0,0,0,0,1
http://sella.hosting.aruba.20-251-56-192.cprapid.com/it/ala/,60,0,0,4,0,81.6667,0,0,0.2333,45,0.95,0.0508,1.0,3,0,0,0,0,0,0,0,0,0
https://f749cf76-3011-452f-adc7-a540d05c74d1.id.repl.co/,56,0,0,2,1,78.5714,0,0,0.1964,47,0.8,0.0545,1.0,2,0,0,0,0,0,0,0,0,0
http://www.saisonoard.co.jp.slrfli.top/ai/sign.php,50,0,0,4,0,88.0,0,0,0.22,31,0.3,0.0816,1.0,3,0,0,0,0,0,0,0,0,0
https://isltin23778237onl.susciss.repl.co/,42,0,0,2,1,85.7143,0,0,0.1667,33,0.8,0.0976,1.0,2,0,0,0,0,0,0,0,0,0
http://www.group-rambler.site,29,0,0,1,0,58.6207,0,0,0.2069,22,0.35,0.1429,1.0,4,0,0,0,0,0,0,0,0,0
http://www.now.im,17,0,0,1,0,58.8235,0,0,0.2941,10,0.5,0.25,1.0,2,0,0,0,0,0,0,0,0,0
https://www.agile2008.org,25,0,0,1,1,52.0,0,0,0.2,17,0.9,0.2083,1.0,3,0,0,0,0,0,0,0,0,1
https://www2-aamonnmr.xyz/,26,0,0,0,1,53.8462,0,0,0.2308,17,0.35,0.24,1.0,3,0,0,0,0,0,0,0,0,0
http://dd365m.com/,18,0,0,0,0,50.0,0,0,0.2778,10,0.95,0.1765,1.0,3,0,0,0,0,0,0,0,0,0
https://attaccountupdatednew23.weeblysite.com/,46,0,0,1,1,80.4348,0,0,0.1304,37,0.95,0.1111,1.0,3,0,0,0,0,0,0,0,0,0
https://www.worldswithoutend.com,32,0,0,1,1,68.75,0,0,0.1562,24,0.95,0.129,1.0,3,0,0,0,0,0,0,0,0,1
https://www.medstar911.org,26,0,0,1,1,61.5385,0,0,0.1923,18,0.9,0.2,1.0,3,0,0,0,0,0,0,0,0,1
https://www.babao48.com/jp,26,0,0,1,1,69.2308,0,0,0.2308,15,0.95,0.16,1.0,3,0,0,0,0,0,0,0,0,0
http://www.office365-account.com,32,0,0,1,0,59.375,0,0,0.1875,25,0.95,0.1935,1.0,3,0,0,0,0,0,0,0,0,0
http://www.eventmonitoring.org,30,0,0,1,0,83.3333,0,0,0.1667,23,0.9,0.1379,1.0,3,0,0,0,0,0,0,0,0,0
https://www.crownandquarter.com,31,0,0,1,1,70.9677,0,0,0.1613,23,0.95,0.1333,1.0,3,0,0,0,0,0,0,0,0,1
https://wwxhajudjgwjklckvzgs17.firebaseapp.com/,47,0,0,1,1,68.0851,0,0,0.1277,38,0.95,0.087,1.0,3,0,0,0,0,0,0,0,0,0
https://2b829309-1b02-4ef3-b3d0-c875e2820a2e.id.repl.co/,56,0,0,2,1,76.7857,0,0,0.1964,47,0.8,0.0364,1.0,2,0,0,0,0,0,0,0,0,0
https://www.ccoo.cat,20,0,0,1,1,75.0,0,0,0.25,12,0.5,0.3158,1.0,3,0,0,0,0,0,0,0,0,1
http://www.webmail.yahoodaily.com,33,0,0,2,0,81.8182,0,0,0.1818,26,0.95,0.1562,1.0,3,0,0,0,0,0,0,0,0,0
https://www.theclearmask.com,28,0,0,1,1,78.5714,0,0,0.1786,20,0.95,0.1481,1.0,3,0,0,0,0,0,0,0,0,1
https://www.tobatabo.com,24,0,0,1,1,75.0,0,0,0.2083,16,0.95,0.1739,1.0,3,0,0,0,0,0,0,0,0,1
https://floweryexaltedcosmos.fiveactivitygod.repl.co/,53,0,0,2,1,88.6792,0,0,0.1321,44,0.8,0.0385,1.0,2,0,0,0,0,0,0,0,0,0
https://www.kiener-press.com,28,0,0,1,1,67.8571,0,0,0.2143,20,0.95,0.1852,1.0,3,0,0,0,0,0,0,0,0,1
https://www.frontiertouring.com,31,0,0,1,1,67.7419,0,0,0.1613,23,0.95,0.1333,1.0,3,0,0,0,0,0,0,0,0,1
http://www.appartamentibaiadelsole.it,37,0,0,1,0,75.6757,0,0,0.1351,30,0.5,0.1389,1.0,2,0,0,0,0,0,0,0,0,0
http://www.hera.lt,18,0,0,1,0,66.6667,0,0,0.2778,11,0.5,0.2353,1.0,2,0,0,0,0,0,0,0,0,0
http://www.ralphhirmann.com,27,0,0,1,0,81.4815,0,0,0.1852,20,0.95,0.2308,1.0,3,0,0,0,0,0,0,0,0,0
https://www.christravelstheworld.com,36,0,0,1,1,80.5556,0,0,0.1389,28,0.95,0.1143,1.0,3,0,0,0,0,0,0,0,0,1
https://helicopter-l1hm-1xet.o7kydid94048.workers.dev/,54,0,0,2,1,79.6296,0,0,0.1667,45,0.5,0.0377,1.0,3,0,0,0,0,0,0,0,0,0
https://www.hopskipdrive.com,28,0,0,1,1,71.4286,0,0,0.1786,20,0.95,0.1481,1.0,3,0,0,0,0,0,0,0,0,1
https://wses6.accesomanage.repl.co/,35,0,0,2,1,74.2857,0,0,0.2,26,0.8,0.0882,1.0,2,0,0,0,0,0,0,0,0,0
http://www.p.unuxb.com,22,0,0,2,0,63.6364,0,0,0.2727,15,0.95,0.1905,1.0,3,0,0,0,0,0,0,0,0,0
http://www.bpc-mellat-ir.ga,27,0,0,1,0,66.6667,0,0,0.2593,20,0.5,0.1923,1.0,2,0,0,0,0,0,0,0,0,0
https://www.radioprimetime.org,30,0,0,1,1,80.0,0,0,0.1667,22,0.9,0.1379,1.0,3,0,0,0,0,0,0,0,0,1
http://www.v.wtzyx.com,22,0,0,2,0,54.5455,0,0,0.2727,15,0.95,0.1905,1.0,3,0,0,0,0,0,0,0,0,0
https://docs.google.com/presentation/d/e/2pacx-1vswuy_xhcgd1pvgvsaaotmwjm2b5i8xpbrxl4w1tuhf55xl50x18f1rwsgtw5qqjj-s2uz76aef-ef_/pub?start=false&loop=false&delayms=3000&slide=id.p,178,0,0,1,1,96.0674,4,1,0.1348,15,0.95,0.0565,1.0,3,0,0,0,0,0,0,0,0,0
https://www.serpro.gov.br,25,0,0,2,1,76.0,0,0,0.24,17,0.5,0.1667,1.0,2,0,0,0,0,0,0,0,0,1
https://mmocorporation2017.com/home,35,0,0,0,1,68.5714,0,0,0.1429,22,0.95,0.0882,1.0,3,0,0,0,0,0,0,0,0,0
https://dasd-504b3.web.app/,27,0,0,1,1,66.6667,0,0,0.2593,18,0.5,0.1154,1.0,3,0,0,0,0,0,0,0,0,0
http://site9611614.92.webydo.com/,33,0,0,2,0,60.6061,0,0,0.2121,25,0.95,0.0938,1.0,3,0,0,0,0,0,0,0,0,0
https://www.chinainsight.info,29,0,0,1,1,75.8621,0,0,0.1724,21,0.55,0.1429,1.0,4,0,0,0,0,0,0,0,0,1
http://www.mz.wprqs.com,23,0,0,2,0,65.2174,0,0,0.2609,16,0.95,0.1818,1.0,3,0,0,0,0,0,0,0,0,0
https://ipfs.litnet.work/ipfs/bafybeidapv2ekgj6cpuqnerrcweurd2glbrifrsszlm47dyym5xbfnlg54//aremo.html,101,0,0,1,1,92.0792,0,0,0.099,16,0.5,0.06,1.0,4,0,0,0,0,0,0,0,0,0
http://www.electrumblocks.com,29,0,0,1,0,72.4138,0,0,0.1724,22,0.95,0.1429,1.0,3,0,0,0,0,0,0,0,0,0
https://www.equilar.com,23,0,0,1,1,39.1304,0,0,0.2174,15,0.95,0.1818,1.0,3,0,0,0,0,0,0,0,0,1
http://www.1r2d76nob3mu.yachts,30,0,0,1,0,40.0,0,0,0.1667,23,0.5,0.1379,1.0,6,0,0,0,0,0,0,0,0,0
https://www.thekentkrew.com,27,0,0,1,1,70.3704,0,0,0.1852,19,0.95,0.1538,1.0,3,0,0,0,0,0,0,0,0,1
https://www.garbagebase.com,27,0,0,1,1,74.0741,0,0,0.1852,19,0.95,0.1538,1.0,3,0,0,0,0,0,0,0,0,1
https://www.antipode-sales.biz,30,0,0,1,1,70.0,0,0,0.2,22,0.5,0.1379,1.0,3,0,0,0,0,0,0,0,0,1
https://www.plasticsnews.com,28,0,0,1,1,67.8571,0,0,0.1786,20,0.95,0.1481,1.0,3,0,0,0,0,0,0,0,0,1
http://online-soporte.ga/,25,0,0,0,0,60.0,0,0,0.24,17,0.5,0.0833,1.0,2,0,0,0,0,0,0,0,0,0
https://descriptivedangerousinvocation.surte22.repl.co/,55,0,0,2,1,92.7273,0,0,0.1273,46,0.8,0.0556,1.0,2,0,0,0,0,0,0,0,0,0
https://www.stmga.org,21,0,0,1,1,66.6667,0,0,0.2381,13,0.9,0.2,1.0,3,0,0,0,0,0,0,0,0,1
https://www.cfindustries.com,28,0,0,1,1,60.7143,0,0,0.1786,20,0.95,0.1481,1.0,3,0,0,0,0,0,0,0,0,1
http://www.bet773232.com,24,0,0,1,0,66.6667,0,0,0.2083,17,0.95,0.2174,1.0,3,0,0,0,0,0,0,0,0,0
https://www.timbercraft.com,27,0,0,1,1,62.963,0,0,0.1852,19,0.95,0.1538,1.0,3,0,0,0,0,0,0,0,0,1
http://val-halla.xyz/claim/,27,0,0,0,0,59.2593,0,0,0.2593,13,0.35,0.1154,1.0,3,0,0,0,0,0,0,0,0,0
http://www.rakoten-cacd.y16xs4k04q1hifhk.shop/,46,0,0,2,0,71.7391,0,0,0.1739,38,0.5,0.0889,1.0,4,0,0,0,0,0,0,0,0,0
https://btinternet-104271.weeblysite.com/,41,0,0,1,1,63.4146,0,0,0.1707,32,0.95,0.075,1.0,3,0,0,0,0,0,0,0,0,0
https://www.camthachcompany.com,31,0,0,1,1,87.0968,0,0,0.1613,23,0.95,0.1333,1.0,3,0,0,0,0,0,0,0,0,1
https://www.edmagnin.com,24,0,0,1,1,54.1667,0,0,0.2083,16,0.95,0.1739,1.0,3,0,0,0,0,0,0,0,0,1
https://www.roofroofnc.com,26,0,0,1,1,76.9231,0,0,0.1923,18,0.95,0.24,1.0,3,0,0,0,0,0,0,0,0,1
https://www.wineradar.ru,24,0,0,1,1,62.5,0,0,0.2083,16,0.5,0.1739,1.0,2,0,0,0,0,0,0,0,0,1
https://www.businessfrance.fr,29,0,0,1,1,72.4138,0,0,0.1724,21,0.5,0.1786,1.0,2,0,0,0,0,0,0,0,0,1
http://www.em75tc.webwave.dev,29,0,0,2,0,65.5172,0,0,0.2069,22,0.5,0.1429,1.0,3,0,0,0,0,0,0,0,0,0
https://www.comiket.co.jp,25,0,0,2,1,68.0,0,0,0.24,17,0.5,0.1667,1.0,2,0,0,0,0,0,0,0,0,1
https://zkx6bn.webwave.dev/,27,0,0,1,1,59.2593,0,0,0.2222,18,0.5,0.0769,1.0,3,0,0,0,0,0,0,0,0,0
http://vinted-pl-gj32d.lanru.top/authorize/1662975258698217,59,0,0,1,0,89.8305,0,0,0.1525,25,0.3,0.0517,1.0,3,0,0,0,0,0,0,0,0,0
http://sync-server.live/,24,0,0,0,0,58.3333,0,0,0.25,16,0.5,0.087,1.0,4,0,0,0,0,0,0,0,0,0
https://jsacms.in/epay/info-seiia/,34,0,0,0,1,70.5882,0,0,0.2353,9,0.9,0.0909,1.0,2,0,0,0,0,0,0,0,0,0
https://www.eartothegroundmusic.co,34,0,0,1,1,76.4706,0,0,0.1471,26,0.8,0.1212,1.0,2,0,0,0,0,0,0,0,0,1
https://www.pergioco.net,24,0,0,1,1,66.6667,0,0,0.2083,16,0.85,0.1739,1.0,3,0,0,0,0,0,0,0,0,1
https://www.360istanbul.com,27,0,0,1,1,44.4444,0,0,0.1852,19,0.95,0.1538,1.0,3,0,0,0,0,0,0,0,0,1
https://horriblesourarraylist.occidentenlinea.repl.co/,54,0,0,2,1,90.7407,0,0,0.1296,45,0.8,0.0943,1.0,2,0,0,0,0,0,0,0,0,0
https://www.bakedbrewedbeautiful.com,36,0,0,1,1,66.6667,0,0,0.1389,28,0.95,0.1143,1.0,3,0,0,0,0,0,0,0,0,1
https://koala-zsk9-yjk5.te59edi38680.workers.dev/,49,0,0,2,1,73.4694,0,0,0.1837,40,0.5,0.0417,1.0,3,0,0,0,0,0,0,0,0,0
https://etc-dgg5r.itemdb.com/,29,0,0,1,1,65.5172,0,0,0.2414,20,0.95,0.1071,1.0,3,0,0,0,0,0,0,0,0,0
http://www.www-049.businessformars.com,38,0,0,2,0,60.5263,0,0,0.1842,31,0.95,0.1892,1.0,3,0,0,0,0,0,0,0,0,0
https://canberraphysicalculture.com/css/-/zahlung/clients/cc.php?id,67,0,0,0,1,85.0746,0,1,0.1791,27,0.95,0.0758,1.0,3,0,0,0,0,0,0,0,0,0
http://www.ymailaccounts.us,27,0,0,1,0,66.6667,0,0,0.1852,20,0.85,0.1923,1.0,2,0,0,0,0,0,0,0,0,0
https://www.rnsubs.co.uk,24,0,0,2,1,62.5,0,0,0.25,16,0.9,0.1739,1.0,2,0,0,0,0,0,0,0,0,1
http://www.listen-books.com,27,0,0,1,0,55.5556,0,0,0.2222,20,0.95,0.1923,1.0,3,0,0,0,0,0,0,0,0,0
https://www.oyo.eu,18,0,0,1,1,61.1111,0,0,0.2778,10,0.5,0.2353,1.0,2,0,0,0,0,0,0,0,0,1
https://www.tendancefood.com,28,0,0,1,1,75.0,0,0,0.1786,20,0.95,0.1852,1.0,3,0,0,0,0,0,0,0,0,1
http://www.wuu4saetwuzf5.top,28,0,0,1,0,64.2857,0,0,0.1786,21,0.3,0.1852,1.0,3,0,0,0,0,0,0,0,0,0
http://www.allsoftware.store,28,0,0,1,0,85.7143,0,0,0.1786,21,0.5,0.1852,1.0,5,0,0,0,0,0,0,0,0,0
https://www.brewersguild.org.nz,31,0,0,2,1,64.5161,0,0,0.1935,23,0.5,0.1333,1.0,2,0,0,0,0,0,0,0,0,1
https://www.makaluadventure.com,31,0,0,1,1,61.2903,0,0,0.1613,23,0.95,0.1333,1.0,3,0,0,0,0,0,0,0,0,1
https://www.naturfreunde.de,27,0,0,1,1,77.7778,0,0,0.1852,19,0.88,0.1538,1.0,2,0,0,0,0,0,0,0,0,1
https://www.kristenwestlake.net,31,0,0,1,1,77.4194,0,0,0.1613,23,0.85,0.1333,1.0,3,0,0,0,0,0,0,0,0,1
https://hbcd-f016c.firebaseapp.com/,35,0,0,1,1,71.4286,0,0,0.2,26,0.95,0.0882,1.0,3,0,0,0,0,0,0,0,0,0
http://www.drdigitalmd.com,26,0,0,1,0,65.3846,0,0,0.1923,19,0.95,0.16,1.0,3,0,0,0,0,0,0,0,0,0
https://www.worldlearning.org,29,0,0,1,1,72.4138,0,0,0.1724,21,0.9,0.1429,1.0,3,0,0,0,0,0,0,0,0,1
https://www.skyphone.jp,23,0,0,1,1,69.5652,0,0,0.2174,15,0.5,0.1818,1.0,2,0,0,0,0,0,0,0,0,1
http://www.trprivates.com,25,0,0,1,0,60.0,0,0,0.2,18,0.95,0.1667,1.0,3,0,0,0,0,0,0,0,0,0
https://case-100067559219846121.start.page/,43,0,0,1,1,79.0698,0,0,0.1628,34,0.5,0.119,1.0,4,0,0,0,0,0,0,0,0,0
https://www.tag.spb.ru,22,0,0,2,1,68.1818,0,0,0.2727,14,0.5,0.1905,1.0,2,0,0,0,0,0,0,0,0,1
https://protect-oauth-uv-1.web.app/,35,0,0,1,1,77.1429,0,0,0.2571,26,0.5,0.0882,1.0,3,0,0,0,0,0,0,0,0,0
https://www.ultracast.ca,24,0,0,1,1,75.0,0,0,0.2083,16,0.88,0.1739,1.0,2,0,0,0,0,0,0,0,0,1
https://wispy-poetry-2d2b.kpedhgrt.workers.dev/,47,0,0,2,1,89.3617,0,0,0.1915,38,0.5,0.0435,1.0,3,0,0,0,0,0,0,0,0,0
http://bilnet.line.pm/,22,0,0,1,0,81.8182,0,0,0.2727,14,0.5,0.0952,1.0,2,0,0,0,0,0,0,0,0,0
http://www.saiason-co-jp.aeocese.dkhbub.top/jp.php,50,0,0,3,0,88.0,0,0,0.22,36,0.3,0.0816,1.0,3,0,0,0,0,0,0,0,0,0
https://cwyzhdzgqkpv-xjaysneartkb.web.app/,42,0,0,1,1,73.8095,0,0,0.1667,33,0.5,0.0732,1.0,3,0,0,0,0,0,0,0,0,0
http://www.lightscafe.com,25,0,0,1,0,56.0,0,0,0.2,18,0.95,0.1667,1.0,3,0,0,0,0,0,0,0,0,0
https://www.gaceta.mx,21,0,0,1,1,57.1429,0,0,0.2381,13,0.5,0.2,1.0,2,0,0,0,0,0,0,0,0,1
https://02.09807.repl.co/,25,0,0,2,1,52.0,0,0,0.28,16,0.8,0.0833,1.0,2,0,0,0,0,0,0,0,0,0
https://zoogid.by/modules/statslive/statslive/e/portal/clients/login.php?verification#_login&amp;appidkey=bcb7be9b3186752&amp;country=ro,136,0,0,0,1,89.7059,2,1,0.1544,9,0.5,0.0296,0.9779,2,0,0,0,0,0,0,0,0,0
https://www.ifuturz.com,23,0,0,1,1,52.1739,0,0,0.2174,15,0.95,0.1818,1.0,3,0,0,0,0,0,0,0,0,1
http://www.microsoftmirror.mrbasic.com,38,0,0,2,0,84.2105,0,0,0.1579,31,0.95,0.1351,1.0,3,0,0,0,0,0,0,0,0,0
https://daudjewellers.com/de/info.php,37,0,0,0,1,70.2703,0,0,0.1892,17,0.95,0.0833,1.0,3,0,0,0,0,0,0,0,0,0
https://pub-e20b83e0f3844894997d58c2271b6702.r2.dev/authorised.html?email=larchal@afal.com,90,0,1,1,1,90.0,1,1,0.1333,43,0.5,0.0562,0.9889,3,0,0,0,0,0,0,0,0,0
https://www.byoglobe.com,24,0,0,1,1,58.3333,0,0,0.2083,16,0.95,0.1739,1.0,3,0,0,0,0,0,0,0,0,1
https://www.gsef-net.org,24,0,0,1,1,66.6667,0,0,0.25,16,0.9,0.1739,1.0,3,0,0,0,0,0,0,0,0,1
https://www.midilibre.fr,24,0,0,1,1,58.3333,0,0,0.2083,16,0.5,0.1739,1.0,2,0,0,0,0,0,0,0,0,1
http://zxvk-ru.1gb.ru/,22,0,0,1,0,50.0,0,0,0.3182,14,0.5,0.0952,1.0,2,0,0,0,0,0,0,0,0,0
http://www.lugs.it,18,0,0,1,0,55.5556,0,0,0.2778,11,0.5,0.2353,1.0,2,0,0,0,0,0,0,0,0,0
http://www.ayrenhoney.fitness,29,0,0,1,0,75.8621,0,0,0.1724,22,0.5,0.1786,1.0,7,0,0,0,0,0,0,0,0,0
https://www.ardentisys.com,26,0,0,1,1,50.0,0,0,0.1923,18,0.95,0.16,1.0,3,0,0,0,0,0,0,0,0,1
https://www.nofiltersportspodcast.com,37,0,0,1,1,72.973,0,0,0.1351,29,0.95,0.1111,1.0,3,0,0,0,0,0,0,0,0,1
http://www.exploit.lol,22,0,0,1,0,77.2727,0,0,0.2273,15,0.5,0.1905,1.0,3,0,0,0,0,0,0,0,0,0
http://www.brittlefilet.com,27,0,0,1,0,66.6667,0,0,0.1852,20,0.95,0.1923,1.0,3,0,0,0,0,0,0,0,0,0
https://www.auditionrepmatchmaker.com,37,0,0,1,1,83.7838,0,0,0.1351,29,0.95,0.1111,1.0,3,0,0,0,0,0,0,0,0,1
https://www.tokeninteractive.com,32,0,0,1,1,71.875,0,0,0.1562,24,0.95,0.129,1.0,3,0,0,0,0,0,0,0,0,1
https://www.boerse-online.de,28,0,0,1,1,67.8571,0,0,0.2143,20,0.88,0.1481,1.0,2,0,0,0,0,0,0,0,0,1
https://www.toshin.com,22,0,0,1,1,72.7273,0,0,0.2273,14,0.95,0.1905,1.0,3,0,0,0,0,0,0,0,0,1
https://rhojoyas.com/.well-known/,33,0,0,0,1,66.6667,0,0,0.2424,12,0.95,0.0938,1.0,3,0,0,0,0,0,0,0,0,0
http://www.wendyk.cf,20,0,0,1,0,50.0,0,0,0.25,13,0.5,0.2105,1.0,2,0,0,0,0,0,0,0,0,0
http://www.saisonoard.co.jp.kyucyb.top/ai/sign.php,50,0,0,4,0,84.0,0,0,0.22,31,0.3,0.0816,1.0,3,0,0,0,0,0,0,0,0,0
https://www.pathwayswv.org,26,0,0,1,1,76.9231,0,0,0.1923,18,0.9,0.16,1.0,3,0,0,0,0,0,0,0,0,1
https://link.dfgzsg.top/,24,0,0,1,1,58.3333,0,0,0.25,15,0.3,0.087,1.0,3,0,0,0,0,0,0,0,0,0
https://web3synchronize.netlify.app/wallets.html,48,0,0,1,1,81.25,0,0,0.1458,27,0.5,0.0851,1.0,3,0,0,0,0,0,0,0,0,0
http://www.1001augen.com,24,0,0,1,0,54.1667,0,0,0.2083,17,0.95,0.2174,1.0,3,0,0,0,0,0,0,0,0,0
https://ipfs.eth.aragon.network/ipfs/bafybeidwjdwmnmxnq44vv73yvmq233xwr4yt3vhuqgyygnk4mrdffxeswm,96,0,0,2,1,94.7917,0,0,0.0833,23,0.5,0.0737,1.0,7,0,0,0,0,0,0,0,0,0
https://www.christopherlovell.co.uk,35,0,0,2,1,85.7143,0,0,0.1714,27,0.9,0.1471,1.0,2,0,0,0,0,0,0,0,0,1
https://www.web-engine.it,25,0,0,1,1,72.0,0,0,0.24,17,0.5,0.1667,1.0,2,0,0,0,0,0,0,0,0,1
https://j3kost.wixsite.com/attt,31,0,0,1,1,61.2903,0,0,0.1935,18,0.95,0.1333,1.0,3,0,0,0,0,0,0,0,0,0
https://20025364665654.my.id/idverif.php?section_id=13-howtocontactmeta,71,0,0,1,1,84.507,1,1,0.1549,20,0.5,0.0571,1.0,2,0,0,0,0,0,0,0,0,0
https://www.grandstream.com,27,0,0,1,1,66.6667,0,0,0.1852,19,0.95,0.1538,1.0,3,0,0,0,0,0,0,0,0,1
http://www.karnalbreakingnews.com,33,0,0,1,0,66.6667,0,0,0.1515,26,0.95,0.125,1.0,3,0,0,0,0,0,0,0,0,0
https://runservise.autogestionable.repl.co/,43,0,0,2,1,86.0465,0,0,0.1628,34,0.8,0.0476,1.0,2,0,0,0,0,0,0,0,0,0
https://www.firesafesanmateo.org,32,0,0,1,1,78.125,0,0,0.1562,24,0.9,0.129,1.0,3,0,0,0,0,0,0,0,0,1
https://www.lanacion.com.co,27,0,0,2,1,74.0741,0,0,0.2222,19,0.8,0.1538,1.0,2,0,0,0,0,0,0,0,0,1
https://programm2inf.web.app/,29,0,0,1,1,58.6207,0,0,0.2069,20,0.5,0.1429,1.0,3,0,0,0,0,0,0,0,0,0
https://www.recyclebingo.pt,27,0,0,1,1,59.2593,0,0,0.1852,19,0.5,0.1538,1.0,2,0,0,0,0,0,0,0,0,1
https://orangepros3.yolasite.com/,33,0,0,1,1,69.697,0,0,0.1818,24,0.95,0.0625,1.0,3,0,0,0,0,0,0,0,0,0
https://www.platypusattack.com,30,0,0,1,1,73.3333,0,0,0.1667,22,0.95,0.1724,1.0,3,0,0,0,0,0,0,0,0,1
https://www.petzel.com,22,0,0,1,1,63.6364,0,0,0.2273,14,0.95,0.1905,1.0,3,0,0,0,0,0,0,0,0,1
https://new.restaurantesc1.repl.co,34,0,0,2,1,79.4118,0,0,0.1765,26,0.8,0.0606,1.0,2,0,0,0,0,0,0,0,0,0
http://www.kolejmontlari.com,28,0,0,1,0,60.7143,0,0,0.1786,21,0.95,0.1481,1.0,3,0,0,0,0,0,0,0,0,0
http://www.un-asia.co,21,0,0,1,0,52.381,0,0,0.2857,14,0.8,0.2,1.0,2,0,0,0,0,0,0,0,0,0
http://seedify-pad.fund/walletconnect/index.htm,47,0,0,0,0,80.8511,0,0,0.1702,16,0.5,0.1087,1.0,4,0,0,0,0,0,0,0,0,0
https://www.fiftyyearsofawoman.com,34,0,0,1,1,76.4706,0,0,0.1471,26,0.95,0.1515,1.0,3,0,0,0,0,0,0,0,0,1
http://www.fpga-china.com,25,0,0,1,0,68.0,0,0,0.24,18,0.95,0.1667,1.0,3,0,0,0,0,0,0,0,0,0
https://www.space.unibe.ch,26,0,0,2,1,76.9231,0,0,0.2308,18,0.5,0.16,1.0,2,0,0,0,0,0,0,0,0,1
https://www.dendanskesalmebogonline.dk,38,0,0,1,1,81.5789,0,0,0.1316,30,0.5,0.1081,1.0,2,0,0,0,0,0,0,0,0,1
http://www.global.web1337.net,29,0,0,2,0,68.9655,0,0,0.2069,22,0.85,0.1786,1.0,3,0,0,0,0,0,0,0,0,0
https://which0x0061.firebaseapp.com/,36,0,0,1,1,72.2222,0,0,0.1667,27,0.95,0.1143,1.0,3,0,0,0,0,0,0,0,0,0
https://www.makatimed.net.ph,28,0,0,2,1,78.5714,0,0,0.2143,20,0.5,0.1481,1.0,2,0,0,0,0,0,0,0,0,1
https://preemptivecornyexperiment.asydf.repl.co/,48,0,0,2,1,83.3333,0,0,0.1458,39,0.8,0.0638,1.0,2,0,0,0,0,0,0,0,0,0
https://www.rfglobalnet.com,27,0,0,1,1,51.8519,0,0,0.1852,19,0.95,0.1538,1.0,3,0,0,0,0,0,0,0,0,1
https://www.jordanwoodworking.com,33,0,0,1,1,66.6667,0,0,0.1515,25,0.95,0.1562,1.0,3,0,0,0,0,0,0,0,0,1
https://www.eraction.org,24,0,0,1,1,58.3333,0,0,0.2083,16,0.9,0.1739,1.0,3,0,0,0,0,0,0,0,0,1
https://www.aquahabitat.com,27,0,0,1,1,62.963,0,0,0.1852,19,0.95,0.1538,1.0,3,0,0,0,0,0,0,0,0,1
https://www.fairhealthconsumer.org,34,0,0,1,1,70.5882,0,0,0.1471,26,0.9,0.1212,1.0,3,0,0,0,0,0,0,0,0,1
https://goofy-ardinghelli.144-217-129-44.plesk.page/,52,0,0,2,1,82.6923,0,0,0.2115,43,0.5,0.1176,1.0,4,0,0,0,0,0,0,0,0,0
https://page-verify79.firebaseapp.com/,38,0,0,1,1,68.4211,0,0,0.1842,29,0.95,0.0811,1.0,3,0,0,0,0,0,0,0,0,0
https://mail2.goggle.workers.dev/,33,0,0,2,1,66.6667,0,0,0.2121,24,0.5,0.0938,1.0,3,0,0,0,0,0,0,0,0,0
https://www.osha.gov,20,0,0,1,1,75.0,0,0,0.25,12,0.99,0.2105,1.0,3,0,0,0,0,0,0,0,0,1
http://www.live-stream.eu,25,0,0,1,0,52.0,0,0,0.24,18,0.5,0.1667,1.0,2,0,0,0,0,0,0,0,0,0
http://aaaaaaaaaaaaa.hyperphp.com/,34,0,0,1,0,79.4118,0,0,0.1765,26,0.95,0.4242,1.0,3,0,0,0,0,0,0,0,0,0
https://www.majdanek.eu,23,0,0,1,1,56.5217,0,0,0.2174,15,0.5,0.1818,1.0,2,0,0,0,0,0,0,0,0,1
https://monespacewebsrvipleksone.tempurl.host/webagrisecure/,60,0,0,1,1,93.3333,0,0,0.1167,37,0.5,0.0339,1.0,4,0,0,0,0,0,0,0,0,0
http://www.adfs-senate.email,28,0,0,1,0,64.2857,0,0,0.2143,21,0.5,0.1481,1.0,5,0,0,0,0,0,0,0,0,0
https://www.ipse.co.uk,22,0,0,2,1,63.6364,0,0,0.2727,14,0.9,0.1905,1.0,2,0,0,0,0,0,0,0,0,1
https://account-appeal-form-10032654.web.app/,45,0,0,1,1,62.2222,0,0,0.2,36,0.5,0.1364,1.0,3,0,0,0,0,0,0,0,0,0
https://www.ibdmdb.org,22,0,0,1,1,59.0909,0,0,0.2273,14,0.9,0.1905,1.0,3,0,0,0,0,0,0,0,0,1
http://www.only4u.eu,20,0,0,1,0,55.0,0,0,0.25,13,0.5,0.2105,1.0,2,0,0,0,0,0,0,0,0,0
https://www.alnwickgarden.com,29,0,0,1,1,55.1724,0,0,0.1724,21,0.95,0.1429,1.0,3,0,0,0,0,0,0,0,0,1
http://www.saiconcard.co.jp.vxaabt.top/ai/sign.php,50,0,0,4,0,84.0,0,0,0.22,31,0.3,0.102,1.0,3,0,0,0,0,0,0,0,0,0
https://www.chitramala.in,25,0,0,1,1,68.0,0,0,0.2,17,0.9,0.1667,1.0,2,0,0,0,0,0,0,0,0,1
https://srqh-ha3n-q.web.app/,28,0,0,1,1,75.0,0,0,0.2857,19,0.5,0.1111,1.0,3,0,0,0,0,0,0,0,0,0
https://www.emoryhealthcare.org,31,0,0,1,1,74.1935,0,0,0.1613,23,0.9,0.1333,1.0,3,0,0,0,0,0,0,0,0,1
https://www.valdeonalmeida.com.br,33,0,0,2,1,69.697,0,0,0.1818,25,0.5,0.125,1.0,2,0,0,0,0,0,0,0,0,1
http://www.rcomputer.net,24,0,0,1,0,70.8333,0,0,0.2083,17,0.85,0.1739,1.0,3,0,0,0,0,0,0,0,0,0
https://www.inovablood.org,26,0,0,1,1,50.0,0,0,0.1923,18,0.9,0.2,1.0,3,0,0,0,0,0,0,0,0,1
http://www.lflinkup.org,23,0,0,1,0,56.5217,0,0,0.2174,16,0.9,0.1818,1.0,3,0,0,0,0,0,0,0,0,0
https://6536login.weebly.com/,29,0,0,1,1,51.7241,0,0,0.2069,20,0.95,0.1071,1.0,3,0,0,0,0,0,0,0,0,0
https://postillon-postiche.web.app/,35,0,0,1,1,80.0,0,0,0.2,26,0.5,0.1176,1.0,3,0,0,0,0,0,0,0,0,0
http://www.charlyanalytics.com,30,0,0,1,0,73.3333,0,0,0.1667,23,0.95,0.1379,1.0,3,0,0,0,0,0,0,0,0,0
https://www.hudsonvalleydirectory.com,37,0,0,1,1,78.3784,0,0,0.1351,29,0.95,0.1389,1.0,3,0,0,0,0,0,0,0,0,1
http://www.sanberinottalicom.uni.me,35,0,0,2,0,74.2857,0,0,0.1714,28,0.5,0.1471,1.0,2,0,0,0,0,0,0,0,0,0
http://netflix-showcase.vercel.app/,35,0,0,1,0,71.4286,0,0,0.2,27,0.5,0.0882,1.0,3,0,0,0,0,0,0,0,0,0
https://www.hipjehuwelijkin.nl,30,0,0,1,1,86.6667,0,0,0.1667,22,0.5,0.1379,1.0,2,0,0,0,0,0,0,0,0,1
https://www.prolifeprofiles.com,31,0,0,1,1,87.0968,0,0,0.1613,23,0.95,0.1333,1.0,3,0,0,0,0,0,0,0,0,1
https://www.ubersocial.com,26,0,0,1,1,57.6923,0,0,0.1923,18,0.95,0.16,1.0,3,0,0,0,0,0,0,0,0,1
https://siwholesaleproducts.com/,32,0,0,0,1,71.875,0,0,0.1562,23,0.95,0.0645,1.0,3,0,0,0,0,0,0,0,0,0
https://www.globaltradingtools.com,34,0,0,1,1,70.5882,0,0,0.1471,26,0.95,0.1515,1.0,3,0,0,0,0,0,0,0,0,1
https://www.horsesmarts.net/secure.online-tax.irs.clients/start.html,68,0,0,1,1,92.6471,0,0,0.1765,19,0.85,0.0597,1.0,3,0,0,0,0,0,0,0,0,0
https://shrill-snow-97ba.wowoy369095748.workers.dev/,52,0,0,2,1,69.2308,0,0,0.1731,43,0.5,0.0588,1.0,3,0,0,0,0,0,0,0,0,0
https://www.cumberlandlodge.ac.uk,33,0,0,2,1,66.6667,0,0,0.1818,25,0.9,0.125,1.0,2,0,0,0,0,0,0,0,0,1
https://www.eviltester.com,26,0,0,1,1,61.5385,0,0,0.1923,18,0.95,0.16,1.0,3,0,0,0,0,0,0,0,0,1
https://vx5be6.webwave.dev/,27,0,0,1,1,66.6667,0,0,0.2222,18,0.5,0.0769,1.0,3,0,0,0,0,0,0,0,0,0
http://www.ccn08.com,20,0,0,1,0,60.0,0,0,0.25,13,0.95,0.2632,1.0,3,0,0,0,0,0,0,0,0,0
http://www.appimmobilier.com,28,0,0,1,0,71.4286,0,0,0.1786,21,0.95,0.2222,1.0,3,0,0,0,0,0,0,0,0,0
https://www.michelonturismo.com.br,34,0,0,2,1,79.4118,0,0,0.1765,26,0.5,0.1212,1.0,2,0,0,0,0,0,0,0,0,0
https://www.derek-rose.com,26,0,0,1,1,69.2308,0,0,0.2308,18,0.95,0.16,1.0,3,0,0,0,0,0,0,0,0,1
https://www.ourredeemerlcms.org,31,0,0,1,1,74.1935,0,0,0.1613,23,0.9,0.2,1.0,3,0,0,0,0,0,0,0,0,1
https://www.cityofmarkham.net,29,0,0,1,1,58.6207,0,0,0.1724,21,0.85,0.1429,1.0,3,0,0,0,0,0,0,0,0,1
https://www.eblackstudies.org,29,0,0,1,1,51.7241,0,0,0.1724,21,0.9,0.1429,1.0,3,0,0,0,0,0,0,0,0,1
https://www.nnc.kz,18,0,0,1,1,61.1111,0,0,0.2778,10,0.5,0.2941,1.0,2,0,0,0,0,0,0,0,0,1
https://www.saratogatodaynewspaper.com,38,0,0,1,1,78.9474,0,0,0.1316,30,0.95,0.1081,1.0,3,0,0,0,0,0,0,0,0,1
https://www.brookwoodgrill.com,30,0,0,1,1,63.3333,0,0,0.1667,22,0.95,0.2414,1.0,3,0,0,0,0,0,0,0,0,1
https://www.alizila.com,23,0,0,1,1,65.2174,0,0,0.2174,15,0.95,0.1818,1.0,3,0,0,0,0,0,0,0,0,1
https://www.bolay.com,21,0,0,1,1,52.381,0,0,0.2381,13,0.95,0.2,1.0,3,0,0,0,0,0,0,0,0,1
http://www.iijdnj.fburl.fun,27,0,0,2,0,74.0741,0,0,0.2222,20,0.5,0.1923,1.0,3,0,0,0,0,0,0,0,0,0
https://www.allegrodvt.com,26,0,0,1,1,53.8462,0,0,0.1923,18,0.95,0.2,1.0,3,0,0,0,0,0,0,0,0,1
https://www.melissajill.com,27,0,0,1,1,70.3704,0,0,0.1852,19,0.95,0.2308,1.0,3,0,0,0,0,0,0,0,0,1
https://www.linuxcenter.ru,26,0,0,1,1,69.2308,0,0,0.1923,18,0.5,0.16,1.0,2,0,0,0,0,0,0,0,0,1
https://www.cqrs.nu,19,0,0,1,1,57.8947,0,0,0.2632,11,0.5,0.2222,1.0,2,0,0,0,0,0,0,0,0,1
https://att-fartatt0upadte.square.site/,39,0,0,1,1,79.4872,0,0,0.1795,30,0.35,0.1053,1.0,4,0,0,0,0,0,0,0,0,0
https://micro50495045045.web.app/,33,0,0,1,1,60.6061,0,0,0.1818,24,0.5,0.0938,1.0,3,0,0,0,0,0,0,0,0,0
https://newupgradeforatt.square.site/,37,0,0,1,1,72.973,0,0,0.1622,28,0.35,0.0833,1.0,4,0,0,0,0,0,0,0,0,0
https://www.jengrantham.com,27,0,0,1,1,66.6667,0,0,0.1852,19,0.95,0.1538,1.0,3,0,0,0,0,0,0,0,0,1
https://www.craspire.com,24,0,0,1,1,70.8333,0,0,0.2083,16,0.95,0.1739,1.0,3,0,0,0,0,0,0,0,0,1
http://app-fertamisa24345sajda.fft2fw9ojo-ez94ddorn4mr.p.temp-site.link/termsofservice.html,91,0,0,3,0,91.2088,0,0,0.1319,64,0.5,0.0556,1.0,4,0,0,0,0,0,0,0,0,0
https://www.midwife.org,23,0,0,1,1,52.1739,0,0,0.2174,15,0.9,0.1818,1.0,3,0,0,0,0,0,0,0,0,1
https://www.eventoplanner.com,29,0,0,1,1,68.9655,0,0,0.1724,21,0.95,0.1786,1.0,3,0,0,0,0,0,0,0,0,1
https://www.sewingwithbobbinandfred.co.uk,41,0,0,2,1,78.0488,0,0,0.1463,33,0.9,0.125,1.0,2,0,0,0,0,0,0,0,0,1
https://dhlexpresse-qa.com/public/lasnmog3bil7uamfswnpqwe92xwvbxm2,66,0,0,0,1,83.3333,0,0,0.1061,18,0.95,0.0462,1.0,3,0,0,0,0,0,0,0,0,0
https://www.balesandwich.com,28,0,0,1,1,64.2857,0,0,0.1786,20,0.95,0.1481,1.0,3,0,0,0,0,0,0,0,0,1
https://pekgxr.webwave.dev/,27,0,0,1,1,62.963,0,0,0.2222,18,0.5,0.0769,1.0,3,0,0,0,0,0,0,0,0,0
https://hdf-8uj.firebaseapp.com/,32,0,0,1,1,62.5,0,0,0.2188,23,0.95,0.0968,1.0,3,0,0,0,0,0,0,0,0,0
http://www.metamsaek.io,23,0,0,1,0,69.5652,0,0,0.2174,16,0.5,0.1818,1.0,2,0,0,0,0,0,0,0,0,0
http://gbwfpyineo.duckdns.org,29,0,0,1,0,55.1724,0,0,0.1724,22,0.9,0.0714,1.0,3,0,0,0,0,0,0,0,0,0
https://www.opallegal.com.au,28,0,0,2,1,71.4286,0,0,0.2143,20,0.88,0.1852,1.0,2,0,0,0,0,0,0,0,0,0
https://www.dailyleader.com,27,0,0,1,1,62.963,0,0,0.1852,19,0.95,0.1538,1.0,3,0,0,0,0,0,0,0,0,1
https://inspirationalatmospheres.com/qxzrrr%20rrqw%20xzaq%20eew/4r3e7%20g6y5%2065yf%2065f%2045ft%207ugy%20456%205y7ug5%204ft%20457ug5%2045ft45t%2056g564%207hu6y6%205ft4t/6y5%207ug6y%207u5g%2056u7%20g5y4f%2056gu67%20u78hu7%2065yf65%20768hu%206gy5%2045ft56yg76%2023e%20yguh%2076ug6y%203d4rs3%2056g897i%205dr34%2023s34dt54/gy56t%2065ug%206g65%2045f%206uh8%206yg5%204f%2056gu6%2045ft%204t3s%2034t4%20y76uh78u%205f4tf6u6%20fd5t%204y56f34dr%203y57%20uhu86%204f5td%20t56u67/hu67yg%2065gy67%2045ft%2065gg67gu%2056%20u67%2045ftd%2056gu6%20i78hu6%2045ft4%205y67gu%20453%204rd3%2045y57u%20h8u%20y4ytd3r%2034t45t/ug65y_45y=u-gy5f64td545.y5-u6=7-gu5y6_46u=6-6uy5.23es34-t6=6h-ug6_7=8-g6u75fy6d45.yd5f-gu=8-ih6u5_w4=5fy-u5yts35.y57-u8=6-u7y56_46=u8-gu67fy56.23es-34dtf=56u-87giu_8i=89-i786u7565.r3-r=34t-46gu_68ih8u67/yg65ft.34dtf46-u=67u-g67y5_45yg=57-gu65f6dt.5sy-5u=68-gu7y5_45=y-7gu67fy563.s5t-5u=68-u7_45yg=57-g6u756.23es-35dt=57-u87g_6i=h79-ih8u674.5dts34r=45-yf6567/gy56.45dt-46ug=68-gu75y_46yg=8-6guy563s.6=5u=87hu67-46fy5td_4y=7-guy6s.5y-d5=u68-igu_46u=8i79-8u67y.23es3-5t=57-h7g8_78i=89-7u63.4r6-u8=i8-j9i-ij=i87-u6y534.rs-3t=46-5764_46u=8-i976.23es-34t=g7-u87g_8i=89-i78u67.45d3r35y/hu676y.45dt4-6y=6-uh6g7y_5u=87-u67y645dt3.45y-57u=87-u67y5_45=y8-i7u67.23sr35-=75-87higu_67i=79-iu6y34.rs3-r=34-56g7_67i=89-ih87gu7.23es-35t=57-u6g_68i=9-ih78u6.53d-5t=y5-45s_4ddy=67-u6g75.34f5g-4678=h9-ig78u_d4y5=dtd-56y6u75/gy56.45dt5-6u=7-78gu6y5_65g=76gu-fyd4s_5dy=5f-7ufy563.dy-67ugy5=f-8gu_4=gi-h8gu67y6.24sr-5d=56-u68gu_7g6uy5fd5ts3.y-5gu=68-ihg6u75_3g=78-7g67uy6.23es-34t=5u-7hgi8fu67y5/6yf5t.34std56-ydt=d5-u76fy5_46=gu6-gfy56d45ts.y5-duf=g-67u56y45_e5=7-8gu67f5y6ds.4-du6=fi7-6u75_5dy=-u67fy5.23r-s3d5=yf7u-g6f7_g67u5fy4ts.3y-d57=u86765_34f=46-i8u67fy5.3es23r=35fy-68u_8i=9-i7hgu67fy65t.at4-6sd6fgu876y5/fy56t.34dtf6y5-ft5d3=-7u5yd64_4y=57-yfd4ts3.y5-d7u=68u-g75fy6_46gu=6-g6u7fy56.23es34-t46=u-8g6fu75_57u=-higu6y57ts35.y-ud=67-i867u_45yg=7i-87g67uf.34st-d6u=87i-h97g8u6y65/6g7uy5f.45dt-46=u7-g6uy65_46g=u6-guf7y5s53.ud57-i=8i-h78g6u7_45=h7-i8g6u756.23es-4dt3=46-7u6g_57i=7-h7ig86u7f5y6ds3.5yd-57gu68-7u_34t=67u68-gu7fy56.4d7-u68gu7y564/g67uy65.34dt-46u=-gu675y6_46=68-ugy5f6d5t3s.5y-d6uf=68-g57y4_5gy=7-g6u75y6.23e-s34d=y5-7867u-57=i79i9-68u75.34sr-46u=8-i7867_45y=7ig-u6f7y56dt5s.34-tf6=u-7656_3=yg6-7uug5y65/gu76y5.3d4t-46fgu=76g-u5y645_46=u5-ug5fy53s.yd5-7=-6ug756_45gy=7-8igu75fy6.23es-34dt=f6-u6g756_46h=78-ig6u7f5y6s.35-d57=fu68-u75y64_34f=ty6-78g6uf75y.232es-24r=d54-g7564_4=u7hi8g7u67y654/6ug7y65.34dt46f-u=g-u675y645_46u=g-u75y64t3s.y-d7uf=8-g6u75_5y=7u-g5y645t.3s4t-46d=u68-gu75_45g=u7i-86u75y65.q3se3-23=r3f-5y675g_8i=9-i78u6y54/gy56f5%2046%20y56f4t%205gy7%20ug6%20y5t%2045uh67g5y%20d45u%206g75y%204565%209i86u%2045td%203y%20f57%20gu8g%2067u56fy3%206u7g%207fu67%205y64d5t/ug56yf.3dtf-4y7u=6gu-5y6f45_46u=68-gufy5ds.7ur6=897-h86g7_54yg=7-ig6uf7y.23sr35-y=57hi-79g8iu7-57u=79ih-6us35.at-35sy=d7-5fu6g8_45=h68i-ig6u7y6.34sr-46u=8i-h786u7-7ih8=ig67u5f6yd45/h8u6g7y.35dt5fy5-6y45=d4f-u75fy6_45y=g5-guf545s.d5-7=87-6u75_45y=57-i8g6u756.13es-43t=f57-i8hgi6u_6hu=8ho9-7i86u7y6s.53-dyf=56gu-8g75_567g7f5u6yd-57d4y65st.4sr-4y=d57-u6g-7=8hi-7g86u75y645t/gy65f45.3dfy57-6y4=t4-6ug7fy6_54=ygu-gf5y6ts.3du78=gii-g86u75_5y=g7-8uf75y6s.46u-58=i7g-86u5_46ug=7i-8g67u5y.3se2-3rd=5y64-fu5dy_57u=6hii-guf756y4.d678-i79=i-89h78u67_35fy=57-gu6f7y54t534r/u6g7y5.34dtf-64gu=8hi-h78g67_46u=68-8g6uf5y6.s45y-57=i-87gu67_45y=7-g86u7.12e-23r=35fy-57y_57=i79-h9i78g6734.sr3-a=4s6-dyf576h5_45=7-867uf5ys.t-45=yf-576y45-35fy6g77fu6y56/gy65ft%2045yfg%2057y6f%20f7u%20gy55%204gu%2057y64%20t38iu7%206u7gy65%20t4d53%20y576y%20s24%20r%203565%20g7uf%2068ug7f5645%2035dt%20466f5y64t/gy56f5t%2045yfg7%205y6%20f57ug867y%2034d%20tf46u%2068gu%205y4d%20y67u%205y64d%20443%2035g467%20fy5t4r3/gu67fy%2056fgu%20u7g5y6%205%204ug7u%20f5y65d%204f6u5%205f%2054tf%205g6yf5t4r4/g6uy5f%2065%20u67gu656fy%204%206g67u%20y5%20f46ug%20g5y%20f4%2056u%20g67y6%205td%20y57fy64t5/7ug6yf645%20ug7%20gu5y%20f4%20gu65%20y%20d4%20fu%2057%20y6d%204%20u6g75f6y%2045td%2046ug5fy%20t/gu67yf5.34dyf6-4d53-7fuy5645_35yf=7-ufydst.5yd5-7u=68-gu75_54yg=7-gu67fy56t.4d-4tu=68-i8g6u7_56=68-iug75y6f.23es23-rd4=5y-8gfu7_7i=79hi-6u75y63.5st-46=u-i68756_35=gy7uig86u7-45fu756.12es24-t46f=u-hig78u6_4u=8h8i-7gu67fy564t5.html,4247,0,1,0,1,99.9529,163,0,0.1789,28,0.95,0.0035,0.9649,3,0,0,0,0,0,0,0,0,0
https://www.vaed.uscourts.gov,29,0,0,2,1,68.9655,0,0,0.2069,21,0.99,0.1429,1.0,3,0,0,0,0,0,0,0,0,1
http://www.cobradragoon.net63.net,33,0,0,2,0,72.7273,0,0,0.1818,26,0.85,0.1562,1.0,3,0,0,0,0,0,0,0,0,0
https://accedimanualmente.com/,30,0,0,0,1,66.6667,0,0,0.1667,21,0.95,0.1034,1.0,3,0,0,0,0,0,0,0,0,0
http://www.adikoss.com,22,0,0,1,0,59.0909,0,0,0.2273,15,0.95,0.2381,1.0,3,0,0,0,0,0,0,0,0,0
https://www.newyorksportsclubs.com,34,0,0,1,1,70.5882,0,0,0.1471,26,0.95,0.1212,1.0,3,0,0,0,0,0,0,0,0,1
https://www.innu.ca,19,0,0,1,1,57.8947,0,0,0.2632,11,0.88,0.2778,1.0,2,0,0,0,0,0,0,0,0,1
https://www.portrait-star.fr,28,0,0,1,1,78.5714,0,0,0.2143,20,0.5,0.1481,1.0,2,0,0,0,0,0,0,0,0,1
https://banprome.webcindario.com/,33,0,0,1,1,84.8485,0,0,0.1818,24,0.95,0.0625,1.0,3,0,0,0,0,0,0,0,0,0
https://www.ipcinfo.org,23,0,0,1,1,65.2174,0,0,0.2174,15,0.9,0.1818,1.0,3,0,0,0,0,0,0,0,0,1
https://connessioneutentenuovodispositivo.com/,46,0,0,0,1,89.1304,0,0,0.1087,37,0.95,0.0889,1.0,3,0,0,0,0,0,0,0,0,0
https://zimbra-officelogin.firebaseapp.com/,43,0,0,1,1,83.7209,0,0,0.1628,34,0.95,0.0952,1.0,3,0,0,0,0,0,0,0,0,0
https://klientelv1.myclickfunnels.com/swistraatest,50,0,0,1,1,78.0,0,0,0.12,29,0.95,0.0816,1.0,3,0,0,0,0,0,0,0,0,0
http://www.spottherare.com/vendor/spotify/dashboard/58af6cb1dfcbfe4d0d6782ab0efcd621/,85,0,0,1,0,89.4118,0,0,0.1176,19,0.95,0.0595,1.0,3,0,0,0,0,0,0,0,0,0
http://att-100135-101809.weeblysite.com/,40,0,0,1,0,57.5,0,0,0.2,32,0.95,0.1282,1.0,3,0,0,0,0,0,0,0,0,0
http://www.server-mr.tk,23,0,0,1,0,65.2174,0,0,0.2609,16,0.5,0.1818,1.0,2,0,0,0,0,0,0,0,0,0
https://www.np360.com.hk,24,0,0,2,1,58.3333,0,0,0.25,16,0.5,0.1739,1.0,2,0,0,0,0,0,0,0,0,1
https://www.worldenergy.net,27,0,0,1,1,66.6667,0,0,0.1852,19,0.85,0.1538,1.0,3,0,0,0,0,0,0,0,0,1
https://hw9q8pinxf.web.app/,27,0,0,1,1,55.5556,0,0,0.2222,18,0.5,0.1154,1.0,3,0,0,0,0,0,0,0,0,0
http://steamcommurity.ru/profiles/765611983644799224,52,0,0,0,0,78.8462,0,0,0.1154,17,0.5,0.1373,1.0,2,0,0,0,0,0,0,0,0,0
https://bnk-pan-update09.web.app/,33,0,0,1,1,72.7273,0,0,0.2424,24,0.5,0.0938,1.0,3,0,0,0,0,0,0,0,0,0
http://ch88561.tw1.ru/double-security-c/espac3/dep.html,55,0,0,1,0,80.0,0,0,0.2,14,0.5,0.0556,1.0,2,0,0,0,0,0,0,0,0,0
https://visualizzadispositivo23.com/,36,0,0,0,1,72.2222,0,0,0.1389,27,0.95,0.0857,1.0,3,0,0,0,0,0,0,0,0,0
http://www.vuryua.ru,20,0,0,1,0,70.0,0,0,0.25,13,0.5,0.2105,1.0,2,0,0,0,0,0,0,0,0,0
http://www.1sweethost.com,25,0,0,1,0,80.0,0,0,0.2,18,0.95,0.2083,1.0,3,0,0,0,0,0,0,0,0,0
https://www.target.com.au,25,0,0,2,1,56.0,0,0,0.24,17,0.88,0.1667,1.0,2,0,0,0,0,0,0,0,0,1
https://www.zbestlimo.com,25,0,0,1,1,64.0,0,0,0.2,17,0.95,0.1667,1.0,3,0,0,0,0,0,0,0,0,1
https://www.clarkart.edu,24,0,0,1,1,58.3333,0,0,0.2083,16,0.98,0.1739,1.0,3,0,0,0,0,0,0,0,0,1
https://pitifulunwittingengines.almghy666.repl.co/,50,0,0,2,1,82.0,0,0,0.14,41,0.8,0.102,1.0,2,0,0,0,0,0,0,0,0,0
https://www.ibo.org,19,0,0,1,1,57.8947,0,0,0.2632,11,0.9,0.2222,1.0,3,0,0,0,0,0,0,0,0,1
http://www.americaoecprecs.co.jp.pkgxofu.cn/,44,0,0,4,0,72.7273,0,0,0.2045,36,0.5,0.093,1.0,2,0,0,0,0,0,0,0,0,0
http://app-info-23secure2022.rf.gd/,35,0,0,1,0,62.8571,0,0,0.2286,27,0.5,0.1176,1.0,2,0,0,0,0,0,0,0,0,0
https://www.wemakebeauty.com,28,0,0,1,1,64.2857,0,0,0.1786,20,0.95,0.1481,1.0,3,0,0,0,0,0,0,0,0,1
https://www.rocketbaby.net,26,0,0,1,1,57.6923,0,0,0.1923,18,0.85,0.16,1.0,3,0,0,0,0,0,0,0,0,1
https://www.theburningmonk.com,30,0,0,1,1,63.3333,0,0,0.1667,22,0.95,0.1379,1.0,3,0,0,0,0,0,0,0,0,1
https://www.rabbitrally.com,27,0,0,1,1,66.6667,0,0,0.1852,19,0.95,0.2308,1.0,3,0,0,0,0,0,0,0,0,1
https://www.sparkandspark.com,29,0,0,1,1,75.8621,0,0,0.1724,21,0.95,0.1429,1.0,3,0,0,0,0,0,0,0,0,1
https://tribalguruji.com/wp-includes/vt-tr/orange/customer_center/customer-idpp00c134/login.php,95,0,0,0,1,90.5263,0,0,0.1579,16,0.95,0.0426,1.0,3,0,0,0,0,0,0,0,0,0
https://www.lucilight.nl,24,0,0,1,1,70.8333,0,0,0.2083,16,0.5,0.1739,1.0,2,0,0,0,0,0,0,0,0,1
https://cloudflare-ipfs.com/ipfs/bafybeiaeliaijj3lkhtydqbebkevabpnvzg2avfqgdegnou6mnsk2v4zhu,92,0,0,0,1,92.3913,0,0,0.0761,19,0.95,0.033,1.0,3,0,0,0,0,0,0,0,0,0
https://www.nykirstineberg.com,30,0,0,1,1,66.6667,0,0,0.1667,22,0.95,0.1379,1.0,3,0,0,0,0,0,0,0,0,1
https://www.sugarspiceandsparkle.com,36,0,0,1,1,69.4444,0,0,0.1389,28,0.95,0.1143,1.0,3,0,0,0,0,0,0,0,0,1
http://www.shmyip.com,21,0,0,1,0,71.4286,0,0,0.2381,14,0.95,0.2,1.0,3,0,0,0,0,0,0,0,0,0
https://www.opsdash.com,23,0,0,1,1,78.2609,0,0,0.2174,15,0.95,0.1818,1.0,3,0,0,0,0,0,0,0,0,1
https://www.nais.org,20,0,0,1,1,55.0,0,0,0.25,12,0.9,0.2105,1.0,3,0,0,0,0,0,0,0,0,1
https://www.jamberson.com,25,0,0,1,1,60.0,0,0,0.2,17,0.95,0.1667,1.0,3,0,0,0,0,0,0,0,0,1
https://bancolombb.repl.co/,27,0,0,1,1,70.3704,0,0,0.2222,18,0.8,0.1154,1.0,2,0,0,0,0,0,0,0,0,0
https://www.rakennuslehti.fi,28,0,0,1,1,71.4286,0,0,0.1786,20,0.5,0.1852,1.0,2,0,0,0,0,0,0,0,0,1
http://www.sutherlendu.gq,25,0,0,1,0,64.0,0,0,0.2,18,0.5,0.1667,1.0,2,0,0,0,0,0,0,0,0,0
https://www.eventiverona.it,27,0,0,1,1,74.0741,0,0,0.1852,19,0.5,0.1538,1.0,2,0,0,0,0,0,0,0,0,1
https://www.restfest.org,24,0,0,1,1,75.0,0,0,0.2083,16,0.9,0.1739,1.0,3,0,0,0,0,0,0,0,0,1
https://www.universitaspertamina.ac.id,38,0,0,2,1,81.5789,0,0,0.1579,30,0.5,0.1081,1.0,2,0,0,0,0,0,0,0,0,1
https://www.nerdologues.com,27,0,0,1,1,59.2593,0,0,0.1852,19,0.95,0.1538,1.0,3,0,0,0,0,0,0,0,0,1
https://www.islhd.health.nsw.gov.au,35,0,0,4,1,71.4286,0,0,0.2286,27,0.88,0.1176,1.0,2,0,0,0,0,0,0,0,0,1
https://www.belmontstakes.org,29,0,0,1,1,62.069,0,0,0.1724,21,0.9,0.1429,1.0,3,0,0,0,0,0,0,0,0,1
https://xaoumii-philipinss.blogspot.tw/,39,0,0,1,1,74.359,0,0,0.1795,30,0.5,0.1053,1.0,2,0,0,0,0,0,0,0,0,0
https://www.myscope.training,28,0,0,1,1,64.2857,0,0,0.1786,20,0.5,0.1481,1.0,8,0,0,0,0,0,0,0,0,1
https://dnbauth2.firebaseapp.com/,33,0,0,1,1,66.6667,0,0,0.1818,24,0.95,0.0938,1.0,3,0,0,0,0,0,0,0,0,0
https://www.rockman-corner.com,30,0,0,1,1,73.3333,0,0,0.2,22,0.95,0.1379,1.0,3,0,0,0,0,0,0,0,0,1
https://redirectpost.web.app/,29,0,0,1,1,68.9655,0,0,0.2069,20,0.5,0.1071,1.0,3,0,0,0,0,0,0,0,0,0
https://statur-conseil01.firebaseapp.com/,41,0,0,1,1,73.1707,0,0,0.1707,32,0.95,0.075,1.0,3,0,0,0,0,0,0,0,0,0
http://www.baby-food.com.au,27,0,0,2,0,62.963,0,0,0.2593,20,0.88,0.1923,1.0,2,0,0,0,0,0,0,0,0,0
https://www.tomtoy.com,22,0,0,1,1,72.7273,0,0,0.2273,14,0.95,0.1905,1.0,3,0,0,0,0,0,0,0,0,1
https://www.bellagiolakecomo.com,32,0,0,1,1,75.0,0,0,0.1562,24,0.95,0.1613,1.0,3,0,0,0,0,0,0,0,0,1
https://www.digitalproducer.com,31,0,0,1,1,70.9677,0,0,0.1613,23,0.95,0.1333,1.0,3,0,0,0,0,0,0,0,0,1
https://www.sheetmusicdigital.com,33,0,0,1,1,75.7576,0,0,0.1515,25,0.95,0.1562,1.0,3,0,0,0,0,0,0,0,0,1
https://www.michaelnugent.com,29,0,0,1,1,68.9655,0,0,0.1724,21,0.95,0.1429,1.0,3,0,0,0,0,0,0,0,0,1
https://www.chessvariants.org,29,0,0,1,1,68.9655,0,0,0.1724,21,0.9,0.1786,1.0,3,0,0,0,0,0,0,0,0,1
https://www.codastory.com,25,0,0,1,1,68.0,0,0,0.2,17,0.95,0.1667,1.0,3,0,0,0,0,0,0,0,0,1
https://hd13-kg4.firebaseapp.com/,33,0,0,1,1,54.5455,0,0,0.2121,24,0.95,0.0938,1.0,3,0,0,0,0,0,0,0,0,0
http://panelorange.2waky.com/orange,35,0,0,1,0,74.2857,0,0,0.1714,21,0.95,0.0588,1.0,3,0,0,0,0,0,0,0,0,0
https://www.tristatelocknuts.com,32,0,0,1,1,62.5,0,0,0.1562,24,0.95,0.129,1.0,3,0,0,0,0,0,0,0,0,1
https://www.sanghan.co,22,0,0,1,1,77.2727,0,0,0.2273,14,0.8,0.1905,1.0,2,0,0,0,0,0,0,0,0,1
https://fb.help-metabusinessappealrequestcase.com/?caseid1001681642652998,73,0,0,1,1,84.9315,0,1,0.1096,41,0.95,0.0833,1.0,3,0,0,0,0,0,0,0,0,0
https://www.mebmarket.com,25,0,0,1,1,60.0,0,0,0.2,17,0.95,0.1667,1.0,3,0,0,0,0,0,0,0,0,1
https://www.jolienindeklas.com,30,0,0,1,1,70.0,0,0,0.1667,22,0.95,0.1379,1.0,3,0,0,0,0,0,0,0,0,1
https://www.nkdomzale.si,24,0,0,1,1,45.8333,0,0,0.2083,16,0.5,0.1739,1.0,2,0,0,0,0,0,0,0,0,1
https://www.foodlz.io,21,0,0,1,1,57.1429,0,0,0.2381,13,0.5,0.25,1.0,2,0,0,0,0,0,0,0,0,1
https://www.dutchwindwheel.com,30,0,0,1,1,70.0,0,0,0.1667,22,0.95,0.1724,1.0,3,0,0,0,0,0,0,0,0,1
https://aol-108701.weeblysite.com/,34,0,0,1,1,61.7647,0,0,0.2059,25,0.95,0.0909,1.0,3,0,0,0,0,0,0,0,0,0
http://www.com2.space,21,0,0,1,0,61.9048,0,0,0.2381,14,0.5,0.2,1.0,5,0,0,0,0,0,0,0,0,0
https://www.francescamartinengo.com,35,0,0,1,1,82.8571,0,0,0.1429,27,0.95,0.1176,1.0,3,0,0,0,0,0,0,0,0,1
https://vnreintka8.web.app/,27,0,0,1,1,62.963,0,0,0.2222,18,0.5,0.1154,1.0,3,0,0,0,0,0,0,0,0,0
https://www.thk.org.tr,22,0,0,2,1,72.7273,0,0,0.2727,14,0.5,0.1905,1.0,2,0,0,0,0,0,0,0,0,1
https://www.doughtystreet.co.uk,31,0,0,2,1,74.1935,0,0,0.1935,23,0.9,0.1667,1.0,2,0,0,0,0,0,0,0,0,1
https://www.sponsormyevent.com,30,0,0,1,1,80.0,0,0,0.1667,22,0.95,0.1379,1.0,3,0,0,0,0,0,0,0,0,1
http://www.katesemernya.ru,26,0,0,1,0,65.3846,0,0,0.1923,19,0.5,0.16,1.0,2,0,0,0,0,0,0,0,0,0
https://www.nivasposad.ru,25,0,0,1,1,64.0,0,0,0.2,17,0.5,0.1667,1.0,2,0,0,0,0,0,0,0,0,1
http://www.parasailer.com,25,0,0,1,0,64.0,0,0,0.2,18,0.95,0.1667,1.0,3,0,0,0,0,0,0,0,0,0
https://www.endpointprotector.com,33,0,0,1,1,81.8182,0,0,0.1515,25,0.95,0.125,1.0,3,0,0,0,0,0,0,0,0,1
https://pending-10.firebaseapp.com/,35,0,0,1,1,62.8571,0,0,0.2,26,0.95,0.0882,1.0,3,0,0,0,0,0,0,0,0,0
https://www.arnoldpublishers.com,32,0,0,1,1,68.75,0,0,0.1562,24,0.95,0.129,1.0,3,0,0,0,0,0,0,0,0,1
https://www.stekmagazine.nl,27,0,0,1,1,66.6667,0,0,0.1852,19,0.5,0.1538,1.0,2,0,0,0,0,0,0,0,0,1
https://bancobolivariano24online--luisperalta4.repl.co/,55,0,0,1,1,90.9091,0,0,0.1455,46,0.8,0.0556,1.0,2,0,0,0,0,0,0,0,0,0
http://www.lionrockbatteries.com,32,0,0,1,0,68.75,0,0,0.1562,25,0.95,0.1613,1.0,3,0,0,0,0,0,0,0,0,0
https://www.themoonexports.com,30,0,0,1,1,83.3333,0,0,0.1667,22,0.95,0.1724,1.0,3,0,0,0,0,0,0,0,0,1
https://www.alexclassroom.com,29,0,0,1,1,79.3103,0,0,0.1724,21,0.95,0.2143,1.0,3,0,0,0,0,0,0,0,0,1
https://docs.google.com/forms/d/e/1faipqlscaoiohhbm7suyz9ol9o9ueunbxn6donxrfjge2cevdw_8jmw/viewform?usp=send_form,113,0,0,1,1,90.2655,1,1,0.1239,15,0.95,0.0357,1.0,3,0,0,0,0,0,0,0,0,0
https://echomediazone.com/wp-admin/ha/neteasehardest/900/index.php,66,0,0,0,1,89.3939,0,0,0.1667,17,0.95,0.0462,1.0,3,0,0,0,0,0,0,0,0,0
https://www.dbtbharat.gov.in,28,0,0,2,1,64.2857,0,0,0.2143,20,0.9,0.1481,1.0,2,0,0,0,0,0,0,0,0,1
https://www.hopepublishing.com,30,0,0,1,1,70.0,0,0,0.1667,22,0.95,0.1379,1.0,3,0,0,0,0,0,0,0,0,1
https://joyfulkayy.wixsite.com/securemailesss,45,0,0,1,1,80.0,0,0,0.1333,22,0.95,0.1136,1.0,3,0,0,0,0,0,0,0,0,0
https://www.vanguardhealthcare.co.uk,36,0,0,2,1,72.2222,0,0,0.1667,28,0.9,0.1143,1.0,2,0,0,0,0,0,0,0,0,1
https://redirect.vigorous-newton.54-39-226-46.plesk.page/1,58,0,0,3,1,75.8621,0,0,0.2069,48,0.5,0.0526,1.0,4,0,0,0,0,0,0,0,0,0
http://www.zelmao.cf,20,0,0,1,0,45.0,0,0,0.25,13,0.5,0.2105,1.0,2,0,0,0,0,0,0,0,0,0
http://axsronin-infinity.shop,29,0,0,0,0,72.4138,0,0,0.1724,22,0.5,0.0714,1.0,4,0,0,0,0,0,0,0,0,0
http://www.empresaweb.com.br,28,0,0,2,0,78.5714,0,0,0.2143,21,0.5,0.1481,1.0,2,0,0,0,0,0,0,0,0,0
https://www.cadcam-e.com,24,0,0,1,1,66.6667,0,0,0.25,16,0.95,0.1739,1.0,3,0,0,0,0,0,0,0,0,1
https://better.com.np/login,27,0,0,1,1,62.963,0,0,0.2222,13,0.5,0.1154,1.0,2,0,0,0,0,0,0,0,0,0
https://www.tomato-cages.com,28,0,0,1,1,78.5714,0,0,0.2143,20,0.95,0.1481,1.0,3,0,0,0,0,0,0,0,0,1
https://www.projectliberty.org,30,0,0,1,1,66.6667,0,0,0.1667,22,0.9,0.1379,1.0,3,0,0,0,0,0,0,0,0,1
https://www.ons.gov.uk,22,0,0,2,1,63.6364,0,0,0.2727,14,0.9,0.1905,1.0,2,0,0,0,0,0,0,0,0,1
http://www.eblagh-iran.com,26,0,0,1,0,50.0,0,0,0.2308,19,0.95,0.16,1.0,3,0,0,0,0,0,0,0,0,0
https://www.nyprowrestling.com,30,0,0,1,1,70.0,0,0,0.1667,22,0.95,0.1379,1.0,3,0,0,0,0,0,0,0,0,1
https://www.districtfloordepot.com,34,0,0,1,1,82.3529,0,0,0.1471,26,0.95,0.1515,1.0,3,0,0,0,0,0,0,0,0,1
https://www.startq.com,22,0,0,1,1,59.0909,0,0,0.2273,14,0.95,0.1905,1.0,3,0,0,0,0,0,0,0,0,1
https://payuseo.cc/r/opxy8vr,28,0,0,0,1,67.8571,0,0,0.2143,10,0.5,0.1111,1.0,2,0,0,0,0,0,0,0,0,0
https://www.xzibitcentral.com,29,0,0,1,1,51.7241,0,0,0.1724,21,0.95,0.1429,1.0,3,0,0,0,0,0,0,0,0,1
http://www.f0402687.xsph.ru,27,0,0,2,0,59.2593,0,0,0.2222,20,0.5,0.1538,1.0,2,0,0,0,0,0,0,0,0,0
https://paypal-support.com.desenvolvedortheosbank.com.br/login.php?cmd=_account-details&amp;dispatch=dd037d7b6b7c26a38b12104783838faee8088a72&amp;session=d3bee7e1bfbc44d2cf74f5f7206d87d6,186,0,0,3,1,96.2366,3,1,0.1075,48,0.5,0.0541,0.9892,2,0,0,0,0,0,0,0,0,0
https://www.nfotografos.com,27,0,0,1,1,66.6667,0,0,0.1852,19,0.95,0.1538,1.0,3,0,0,0,0,0,0,0,0,1
http://www.lineckf.com,22,0,0,1,0,50.0,0,0,0.2273,15,0.95,0.1905,1.0,3,0,0,0,0,0,0,0,0,0
http://www.hamza-pro.preview-domain.com,39,0,0,2,0,84.6154,0,0,0.2051,32,0.95,0.1053,1.0,3,0,0,0,0,0,0,0,0,0
http://www.dyn-access.biz,25,0,0,1,0,52.0,0,0,0.24,18,0.5,0.25,1.0,3,0,0,0,0,0,0,0,0,0
http://www.lydiantemps.co.uk,28,0,0,2,0,46.4286,0,0,0.2143,21,0.9,0.1481,1.0,2,0,0,0,0,0,0,0,0,0
http://uzsehrhzpy.duckdns.org/,30,0,0,1,0,73.3333,0,0,0.2,22,0.9,0.069,1.0,3,0,0,0,0,0,0,0,0,0
https://mc-rccorpmail-mc21.firebaseapp.com/,43,0,0,1,1,83.7209,0,0,0.186,34,0.95,0.0952,1.0,3,0,0,0,0,0,0,0,0,0
https://www.avianwelfare.org,28,0,0,1,1,60.7143,0,0,0.1786,20,0.9,0.1481,1.0,3,0,0,0,0,0,0,0,0,1
https://www.ekli-nat.ekinrt.yrnisl.top,38,0,0,3,1,84.2105,0,0,0.2105,30,0.3,0.1081,1.0,3,0,0,0,0,0,0,0,0,0
https://www.mangust-food.ru,27,0,0,1,1,59.2593,0,0,0.2222,19,0.5,0.1923,1.0,2,0,0,0,0,0,0,0,0,1
https://www.novalesna.sk,24,0,0,1,1,66.6667,0,0,0.2083,16,0.5,0.1739,1.0,2,0,0,0,0,0,0,0,0,1
https://www.saraniemietz.com,28,0,0,1,1,71.4286,0,0,0.1786,20,0.95,0.1481,1.0,3,0,0,0,0,0,0,0,0,1
https://soft-dawn-867b.tpbkwpcgq.workers.dev/,45,0,0,2,1,73.3333,0,0,0.2,36,0.5,0.0455,1.0,3,0,0,0,0,0,0,0,0,0
http://www.005mgm.com,21,0,0,1,0,66.6667,0,0,0.2381,14,0.95,0.25,1.0,3,0,0,0,0,0,0,0,0,0
http://www.mainnetsync.net/,27,0,0,1,0,66.6667,0,0,0.2222,19,0.85,0.1923,1.0,3,0,0,0,0,0,0,0,0,0
http://amoen.ob7mp.com/jp,25,0,0,1,0,64.0,0,0,0.24,15,0.95,0.0833,1.0,3,0,0,0,0,0,0,0,0,0
http://s.id/vstearr,19,0,0,0,0,52.6316,0,0,0.2632,4,0.5,0.1667,1.0,2,0,0,0,0,0,0,0,0,0
http://www.r1.panjo.club,24,0,0,2,0,50.0,0,0,0.25,17,0.5,0.1739,1.0,4,0,0,0,0,0,0,0,0,0
https://263487690394106.ml/,27,0,0,0,1,59.2593,0,0,0.1852,18,0.5,0.0769,1.0,2,0,0,0,0,0,0,0,0,0
https://www.tru.ca,18,0,0,1,1,55.5556,0,0,0.2778,10,0.88,0.2353,1.0,2,0,0,0,0,0,0,0,0,1
https://webmail-109622.weeblysite.com/,38,0,0,1,1,68.4211,0,0,0.1842,29,0.95,0.1081,1.0,3,0,0,0,0,0,0,0,0,0
http://3636678.com/,19,0,0,0,0,52.6316,0,0,0.2632,11,0.95,0.1667,1.0,3,0,0,0,0,0,0,0,0,0
https://share.ebforms.com/6158639759360000,42,0,0,1,1,78.5714,0,0,0.1429,17,0.95,0.122,1.0,3,0,0,0,0,0,0,0,0,0
https://www.samco.in,20,0,0,1,1,55.0,0,0,0.25,12,0.9,0.2105,1.0,2,0,0,0,0,0,0,0,0,1
https://www.scotforge.com,25,0,0,1,1,68.0,0,0,0.2,17,0.95,0.1667,1.0,3,0,0,0,0,0,0,0,0,1
https://www.keisei.co.jp,24,0,0,2,1,75.0,0,0,0.25,16,0.5,0.1739,1.0,2,0,0,0,0,0,0,0,0,1
https://www.arcadiawd.com,25,0,0,1,1,68.0,0,0,0.2,17,0.95,0.1667,1.0,3,0,0,0,0,0,0,0,0,1
https://www.financeasia.com,27,0,0,1,1,74.0741,0,0,0.1852,19,0.95,0.1538,1.0,3,0,0,0,0,0,0,0,0,1
https://www.energyfm.co.uk,26,0,0,2,1,46.1538,0,0,0.2308,18,0.9,0.16,1.0,2,0,0,0,0,0,0,0,0,1
http://www.jdcaip88.com,23,0,0,1,0,65.2174,0,0,0.2174,16,0.95,0.2273,1.0,3,0,0,0,0,0,0,0,0,0
https://www.lesleyriddoch.com,29,0,0,1,1,79.3103,0,0,0.1724,21,0.95,0.1786,1.0,3,0,0,0,0,0,0,0,0,1
https://www.mozemo.hr,21,0,0,1,1,71.4286,0,0,0.2381,13,0.5,0.2,1.0,2,0,0,0,0,0,0,0,0,1
https://www.nirb.ca,19,0,0,1,1,47.3684,0,0,0.2632,11,0.88,0.2222,1.0,2,0,0,0,0,0,0,0,0,1
https://www.juxt.pro,20,0,0,1,1,60.0,0,0,0.25,12,0.5,0.2105,1.0,3,0,0,0,0,0,0,0,0,1
http://www.baileysepictravel.com,32,0,0,1,0,71.875,0,0,0.1562,25,0.95,0.129,1.0,3,0,0,0,0,0,0,0,0,0
https://www.taipeitimes.com,27,0,0,1,1,81.4815,0,0,0.1852,19,0.95,0.1538,1.0,3,0,0,0,0,0,0,0,0,1
https://www.sotapolku.fi,24,0,0,1,1,66.6667,0,0,0.2083,16,0.5,0.1739,1.0,2,0,0,0,0,0,0,0,0,1
http://www.ourparentsaspartners.net,35,0,0,1,0,88.5714,0,0,0.1429,28,0.85,0.1176,1.0,3,0,0,0,0,0,0,0,0,0
https://www.kanada-eta.de,25,0,0,1,1,72.0,0,0,0.24,17,0.88,0.1667,1.0,2,0,0,0,0,0,0,0,0,1
https://www.hamburger-reformation.de,36,0,0,1,1,69.4444,0,0,0.1667,28,0.88,0.1143,1.0,2,0,0,0,0,0,0,0,0,1
http://www.gettingurl.com,25,0,0,1,0,52.0,0,0,0.2,18,0.95,0.2083,1.0,3,0,0,0,0,0,0,0,0,0
http://www.faramovie.ir,23,0,0,1,0,65.2174,0,0,0.2174,16,0.5,0.1818,1.0,2,0,0,0,0,0,0,0,0,0
https://www.buonapappa.net,26,0,0,1,1,73.0769,0,0,0.1923,18,0.85,0.2,1.0,3,0,0,0,0,0,0,0,0,1
https://gallagamesworldapq.com/gala/?userid=&a=5xzdfwit67uciiqgbzvfdp85yohe3imnx84c0fqspcy=,91,0,0,0,1,86.8132,3,1,0.1209,22,0.95,0.0444,1.0,3,0,0,0,0,0,0,0,0,0
https://ebisaconfi.jimdosite.com/,33,0,0,1,1,72.7273,0,0,0.1818,24,0.95,0.0625,1.0,3,0,0,0,0,0,0,0,0,0
http://www.maxcijhgfdfhj.buzz,29,0,0,1,0,62.069,0,0,0.1724,22,0.5,0.1786,1.0,4,0,0,0,0,0,0,0,0,0
http://www.pfim.cannca.shop,27,0,0,2,0,77.7778,0,0,0.2222,20,0.5,0.1923,1.0,4,0,0,0,0,0,0,0,0,0
https://dev-enlineaitausegura.pantheonsite.io/,46,0,0,1,1,84.7826,0,0,0.1522,37,0.5,0.0444,1.0,2,0,0,0,0,0,0,0,0,0
https://www.revistamedioambientejccm.es,39,0,0,1,1,74.359,0,0,0.1282,31,0.5,0.1316,1.0,2,0,0,0,0,0,0,0,0,1
https://yennyfa87.wixsite.com/my-site-1,39,0,0,1,1,69.2308,0,0,0.2051,21,0.95,0.0789,1.0,3,0,0,0,0,0,0,0,0,0
http://www.saisosncard.co.jp.boatradio.shop/jp.php?u=2,54,0,0,4,0,87.037,1,1,0.2222,36,0.5,0.0755,1.0,4,0,0,0,0,0,0,0,0,0
https://www.wolfram-media.com,29,0,0,1,1,58.6207,0,0,0.2069,21,0.95,0.1429,1.0,3,0,0,0,0,0,0,0,0,1
http://www.web51te-te5t.savingtheecon.co,40,0,0,2,0,75.0,0,0,0.175,33,0.8,0.1282,1.0,2,0,0,0,0,0,0,0,0,0
https://www.senate.gov,22,0,0,1,1,63.6364,0,0,0.2273,14,0.99,0.1905,1.0,3,0,0,0,0,0,0,0,0,1
https://www.thejetnewspaper.com,31,0,0,1,1,74.1935,0,0,0.1613,23,0.95,0.1333,1.0,3,0,0,0,0,0,0,0,0,1
https://online-dream-lifestyle.com/hns.inpn/sbnc.php,52,0,0,0,1,86.5385,0,0,0.1923,26,0.95,0.0392,1.0,3,0,0,0,0,0,0,0,0,0
https://www.rommerskirchen.de,29,0,0,1,1,72.4138,0,0,0.1724,21,0.88,0.1786,1.0,2,0,0,0,0,0,0,0,0,1
http://www.info.thehealthmood.net,33,0,0,2,0,75.7576,0,0,0.1818,26,0.85,0.1562,1.0,3,0,0,0,0,0,0,0,0,0
https://maildinshaakckjnw443.web.app/,37,0,0,1,1,75.6757,0,0,0.1622,28,0.5,0.1389,1.0,3,0,0,0,0,0,0,0,0,0
http://www.sluas.com,20,0,0,1,0,55.0,0,0,0.25,13,0.95,0.2105,1.0,3,0,0,0,0,0,0,0,0,0
http://www.akamai-technologies.website,38,0,0,1,0,73.6842,0,0,0.1579,31,0.5,0.1081,1.0,7,0,0,0,0,0,0,0,0,0
https://www.bzflag.org,22,0,0,1,1,50.0,0,0,0.2273,14,0.9,0.1905,1.0,3,0,0,0,0,0,0,0,0,1
https://www.ispdhome.org,24,0,0,1,1,70.8333,0,0,0.2083,16,0.9,0.1739,1.0,3,0,0,0,0,0,0,0,0,1
https://cfspart.gouv-revenus.fr/app/,36,0,0,1,1,80.5556,0,0,0.2222,23,0.5,0.0857,1.0,2,0,0,0,0,0,0,0,0,0
https://www.clearlysusan.com,28,0,0,1,1,64.2857,0,0,0.1786,20,0.95,0.1481,1.0,3,0,0,0,0,0,0,0,0,1
https://www.teachmint.com,25,0,0,1,1,68.0,0,0,0.2,17,0.95,0.1667,1.0,3,0,0,0,0,0,0,0,0,1
https://www.mailsend-online.com,31,0,0,1,1,77.4194,0,0,0.1935,23,0.95,0.1333,1.0,3,0,0,0,0,0,0,0,0,1
https://uoply.shop/,19,0,0,0,1,73.6842,0,0,0.2632,10,0.5,0.1111,1.0,4,0,0,0,0,0,0,0,0,0
http://www.p2.hyz86.com,23,0,0,2,0,60.8696,0,0,0.2609,16,0.95,0.1818,1.0,3,0,0,0,0,0,0,0,0,0
https://www.brookeandshoals.ie,30,0,0,1,1,70.0,0,0,0.1667,22,0.5,0.1724,1.0,2,0,0,0,0,0,0,0,0,1
https://www.kwanko.com,22,0,0,1,1,63.6364,0,0,0.2273,14,0.95,0.1905,1.0,3,0,0,0,0,0,0,0,0,1
https://www.graperain.com,25,0,0,1,1,60.0,0,0,0.2,17,0.95,0.1667,1.0,3,0,0,0,0,0,0,0,0,1
https://linktr.ee/status/blocked?username=btsmith,49,0,0,0,1,83.6735,1,1,0.1633,9,0.5,0.0625,1.0,2,0,0,0,0,0,0,0,0,0
https://mttbz-b8491.web.app/,28,0,0,1,1,53.5714,0,0,0.25,19,0.5,0.1481,1.0,3,0,0,0,0,0,0,0,0,0
https://www.antutu.com,22,0,0,1,1,59.0909,0,0,0.2273,14,0.95,0.1905,1.0,3,0,0,0,0,0,0,0,0,1
https://www.xenith.com,22,0,0,1,1,54.5455,0,0,0.2273,14,0.95,0.1905,1.0,3,0,0,0,0,0,0,0,0,1
https://www.haircutandshaveco.com,33,0,0,1,1,69.697,0,0,0.1515,25,0.95,0.125,1.0,3,0,0,0,0,0,0,0,0,1
https://www.wcb.ab.ca,21,0,0,2,1,80.9524,0,0,0.2857,13,0.88,0.2,1.0,2,0,0,0,0,0,0,0,0,1
https://discord.org.ua/,23,0,0,1,1,65.2174,0,0,0.2609,14,0.5,0.0909,1.0,2,0,0,0,0,0,0,0,0,0
https://23345-5557.s2.webspace.re/registratie-2022/,51,0,0,2,1,82.3529,0,0,0.1961,25,0.5,0.12,1.0,2,0,0,0,0,0,0,0,0,0
http://www.sheex.com.hydrogrokit.com,36,0,0,3,0,75.0,0,0,0.1944,29,0.95,0.1429,1.0,3,0,0,0,0,0,0,0,0,0
https://bisabs.jimdosite.com/,29,0,0,1,1,72.4138,0,0,0.2069,20,0.95,0.0714,1.0,3,0,0,0,0,0,0,0,0,0
https://ad-dlvr17.weebly.com/,29,0,0,1,1,44.8276,0,0,0.2414,20,0.95,0.1071,1.0,3,0,0,0,0,0,0,0,0,0
https://www.kuerennkayccato-co-jp.kuerennkayccato.jgnmmw.top/ai/?authenticated=true&amp;openid/gp/signin/x&amp;i=a&amp;oauth=m&amp;i?ie=utf8&amp;ref_=rhf_custrec_signin4e49c3d54d21a5971934daac70addec874ce6d49,208,0,0,3,1,97.5962,5,2,0.1635,52,0.3,0.0531,0.976,3,0,0,0,0,0,0,0,0,0
http://www.wildcard.repeta.com.au,33,0,0,3,0,78.7879,0,0,0.2121,26,0.88,0.125,1.0,2,0,0,0,0,0,0,0,0,0
http://www.t-mobile-sso.net,27,0,0,1,0,70.3704,0,0,0.2593,20,0.85,0.1923,1.0,3,0,0,0,0,0,0,0,0,0
https://www.heartlandcu.org,27,0,0,1,1,59.2593,0,0,0.1852,19,0.9,0.1538,1.0,3,0,0,0,0,0,0,0,0,1
https://www.europa-nu.nl,24,0,0,1,1,62.5,0,0,0.25,16,0.5,0.1739,1.0,2,0,0,0,0,0,0,0,0,1
https://www.foryourparty.com,28,0,0,1,1,71.4286,0,0,0.1786,20,0.95,0.1481,1.0,3,0,0,0,0,0,0,0,0,1
https://www.thecreativeseason.com,33,0,0,1,1,78.7879,0,0,0.1515,25,0.95,0.125,1.0,3,0,0,0,0,0,0,0,0,1
https://www.scholarshipnet.info,31,0,0,1,1,77.4194,0,0,0.1613,23,0.55,0.1333,1.0,4,0,0,0,0,0,0,0,0,1
https://www.bijourama.com,25,0,0,1,1,60.0,0,0,0.2,17,0.95,0.1667,1.0,3,0,0,0,0,0,0,0,0,1
https://is.gd/webmps,20,0,0,0,1,50.0,0,0,0.25,5,0.5,0.1053,1.0,2,0,0,0,0,0,0,0,0,0
http://www.heatgemini.com,25,0,0,1,0,72.0,0,0,0.2,18,0.95,0.1667,1.0,3,0,0,0,0,0,0,0,0,0
https://www.ariellamoon.com,27,0,0,1,1,66.6667,0,0,0.1852,19,0.95,0.2308,1.0,3,0,0,0,0,0,0,0,0,1
https://www.pcgbresso.it,24,0,0,1,1,62.5,0,0,0.2083,16,0.5,0.2174,1.0,2,0,0,0,0,0,0,0,0,1
https://www.liquidlight.co.uk,29,0,0,2,1,68.9655,0,0,0.2069,21,0.9,0.1429,1.0,2,0,0,0,0,0,0,0,0,1
http://www.otiifafm.net,23,0,0,1,0,65.2174,0,0,0.2174,16,0.85,0.2273,1.0,3,0,0,0,0,0,0,0,0,0
https://ard.mtsn1siak.com/verif-datainf-username-acc-rbuncx/?9745p120hqo103=,76,0,0,1,1,81.5789,1,1,0.1711,17,0.95,0.04,1.0,3,0,0,0,0,0,0,0,0,0
https://www.nanog.org,21,0,0,1,1,71.4286,0,0,0.2381,13,0.9,0.2,1.0,3,0,0,0,0,0,0,0,0,1
https://www.disturbed1.com,26,0,0,1,1,53.8462,0,0,0.1923,18,0.95,0.16,1.0,3,0,0,0,0,0,0,0,0,1
https://gisela-plettau.de/wp-admin/52573129368123/swiss/com/clients/username.php,80,0,0,0,1,90.0,0,0,0.1625,17,0.88,0.0506,1.0,2,0,0,0,0,0,0,0,0,0
https://www.dinoriese.com,25,0,0,1,1,68.0,0,0,0.2,17,0.95,0.1667,1.0,3,0,0,0,0,0,0,0,0,1
http://www.blurs.oss-ap-southeast-5.aliyuncs.com,48,0,0,3,0,81.25,0,0,0.2083,41,0.95,0.1064,1.0,3,0,0,0,0,0,0,0,0,0
http://www.softfare.zzz.com.ua,30,0,0,3,0,70.0,0,0,0.2333,23,0.5,0.2069,1.0,2,0,0,0,0,0,0,0,0,0
https://www.nirs.org,20,0,0,1,1,65.0,0,0,0.25,12,0.9,0.2105,1.0,3,0,0,0,0,0,0,0,0,1
https://www.omranstudies.org,28,0,0,1,1,60.7143,0,0,0.1786,20,0.9,0.1481,1.0,3,0,0,0,0,0,0,0,0,1
http://www.funny.cannca.shop,28,0,0,2,0,78.5714,0,0,0.2143,21,0.5,0.2222,1.0,4,0,0,0,0,0,0,0,0,0
http://www.ameraiaoexprecs.co.jp.poryptt.cn/,44,0,0,4,0,79.5455,0,0,0.2045,36,0.5,0.1163,1.0,2,0,0,0,0,0,0,0,0,0
https://www.asthmaxcel.net,26,0,0,1,1,73.0769,0,0,0.1923,18,0.85,0.16,1.0,3,0,0,0,0,0,0,0,0,1
https://www.kimchiandbasil.com,30,0,0,1,1,73.3333,0,0,0.1667,22,0.95,0.1379,1.0,3,0,0,0,0,0,0,0,0,1
https://www.geek-pride.co.uk,28,0,0,2,1,60.7143,0,0,0.25,20,0.9,0.1852,1.0,2,0,0,0,0,0,0,0,0,1
http://www.ddns.mobi,20,0,0,1,0,55.0,0,0,0.25,13,0.5,0.2632,1.0,4,0,0,0,0,0,0,0,0,0
http://www.kitcross.ca,22,0,0,1,0,63.6364,0,0,0.2273,15,0.88,0.2381,1.0,2,0,0,0,0,0,0,0,0,0
https://www.observatorioreligion.es,35,0,0,1,1,74.2857,0,0,0.1429,27,0.5,0.1176,1.0,2,0,0,0,0,0,0,0,0,1
https://www.hgtv.ca,19,0,0,1,1,63.1579,0,0,0.2632,11,0.88,0.2222,1.0,2,0,0,0,0,0,0,0,0,1
https://www.openphotographyforums.com,37,0,0,1,1,75.6757,0,0,0.1351,29,0.95,0.1111,1.0,3,0,0,0,0,0,0,0,0,1
https://serviciotecnicodoctorlaptops.com.ec/wp-content/themes/ae/nbd/clients/,77,0,0,1,1,93.5065,0,0,0.1558,35,0.5,0.0263,1.0,2,0,0,0,0,0,0,0,0,0
https://www.corbettoregon.com,29,0,0,1,1,72.4138,0,0,0.1724,21,0.95,0.1786,1.0,3,0,0,0,0,0,0,0,0,1
http://www.p41wwew.blogspot.com,31,0,0,2,0,64.5161,0,0,0.1935,24,0.95,0.1667,1.0,3,0,0,0,0,0,0,0,0,0
https://www.vttortillaco.com,28,0,0,1,1,67.8571,0,0,0.1786,20,0.95,0.2222,1.0,3,0,0,0,0,0,0,0,0,1
https://www.ghnet.it,20,0,0,1,1,65.0,0,0,0.25,12,0.5,0.2105,1.0,2,0,0,0,0,0,0,0,0,1
https://krra-khenlgin.godaddysites.com/,39,0,0,1,1,82.0513,0,0,0.1795,30,0.95,0.1053,1.0,3,0,0,0,0,0,0,0,0,0
https://digital3riiversaccess.icu/clicknow/#wa=wsignin1.0&amp;rpsnv=13&amp;ct=1539585327&amp;rver=7.0.6737.0&amp;wp=mbi_ssl&amp;wreply=https%3a%2f%2foutlook.live.com%2fowa%2f%3fnlp%3d1%26rpscsrfstate%3d715d44a2-2f11-4282-f625-a066679e96e2&amp;id=292841&amp;cbcxt=out&amp;lw=1&amp;fl=dob%2cflname%2cwld&amp;cobrandid=90015&amp;domain=,333,0,1,0,1,98.4985,12,0,0.1892,25,0.5,0.0392,0.9309,3,0,0,0,0,0,0,0,0,0
https://www.promptsmart.com,27,0,0,1,1,85.1852,0,0,0.1852,19,0.95,0.1538,1.0,3,0,0,0,0,0,0,0,0,1
https://billowing-hat-6e8a.yczsjlnuoe9z3bh3946.workers.dev/?bbre=xzodsizx,73,0,0,2,1,82.1918,1,1,0.1507,50,0.5,0.0556,1.0,3,0,0,0,0,0,0,0,0,0
https://www.lussagin.com,24,0,0,1,1,50.0,0,0,0.2083,16,0.95,0.2174,1.0,3,0,0,0,0,0,0,0,0,1
http://web3loginlh.gq/,22,0,0,0,0,50.0,0,0,0.2273,14,0.5,0.0952,1.0,2,0,0,0,0,0,0,0,0,0
https://www.mfyi.com,20,0,0,1,1,55.0,0,0,0.25,12,0.95,0.2105,1.0,3,0,0,0,0,0,0,0,0,1
https://www.business-opportunities.biz,38,0,0,1,1,86.8421,0,0,0.1579,30,0.5,0.1622,1.0,3,0,0,0,0,0,0,0,0,1
https://www.pmjdy.gov.in,24,0,0,2,1,50.0,0,0,0.25,16,0.9,0.1739,1.0,2,0,0,0,0,0,0,0,0,1
https://www.acm-bcb.org,23,0,0,1,1,56.5217,0,0,0.2609,15,0.9,0.1818,1.0,3,0,0,0,0,0,0,0,0,1
https://outlook118.yolasite.com/,32,0,0,1,1,62.5,0,0,0.1875,23,0.95,0.129,1.0,3,0,0,0,0,0,0,0,0,0
https://keen-wild-caraway.glitch.me/accessnfcu.html?entity=4892463,66,0,0,1,1,77.2727,1,1,0.1667,27,0.5,0.0769,1.0,2,0,0,0,0,0,0,0,0,0
http://di.sesat.in/73fny9?1636193b0ab09c,40,0,0,1,0,75.0,0,1,0.175,11,0.9,0.0513,1.0,2,0,0,0,0,0,0,0,0,0
https://www.ekotrimulyono.com,29,0,0,1,1,55.1724,0,0,0.1724,21,0.95,0.1429,1.0,3,0,0,0,0,0,0,0,0,1
http://www.kueronekayacotn-co-jp.kueronekayacotn.iqntug.top/ai/,63,0,0,3,0,92.0635,0,0,0.1746,52,0.3,0.0645,1.0,3,0,0,0,0,0,0,0,0,0
https://www.goteborgdaily.se,28,0,0,1,1,64.2857,0,0,0.1786,20,0.5,0.1481,1.0,2,0,0,0,0,0,0,0,0,1
https://www.asiapacificlacrosse.org,35,0,0,1,1,82.8571,0,0,0.1429,27,0.9,0.1471,1.0,3,0,0,0,0,0,0,0,0,1
https://www.newflyer.com,24,0,0,1,1,50.0,0,0,0.2083,16,0.95,0.1739,1.0,3,0,0,0,0,0,0,0,0,1
https://www.digitalbossladies.com,33,0,0,1,1,75.7576,0,0,0.1515,25,0.95,0.1562,1.0,3,0,0,0,0,0,0,0,0,1
http://esaccesma2.temp.swtest.ru/es/home/particulares,53,0,0,2,0,88.6792,0,0,0.1698,25,0.5,0.0577,1.0,2,0,0,0,0,0,0,0,0,0
http://www.entohops.com,23,0,0,1,0,73.913,0,0,0.2174,16,0.95,0.1818,1.0,3,0,0,0,0,0,0,0,0,0
https://www.ovsd.org,20,0,0,1,1,65.0,0,0,0.25,12,0.9,0.2105,1.0,3,0,0,0,0,0,0,0,0,1
https://www.smithoptics.com,27,0,0,1,1,96.2963,0,0,0.1852,19,0.95,0.1538,1.0,3,0,0,0,0,0,0,0,0,1
https://www.visitcapewrath.com,30,0,0,1,1,80.0,0,0,0.1667,22,0.95,0.1379,1.0,3,0,0,0,0,0,0,0,0,1
https://www.derivery.fr,23,0,0,1,1,60.8696,0,0,0.2174,15,0.5,0.1818,1.0,2,0,0,0,0,0,0,0,0,1
http://inicioseguridad1.webcindario.com/,40,0,0,1,0,75.0,0,0,0.15,32,0.95,0.0513,1.0,3,0,0,0,0,0,0,0,0,0
http://www.sbarenecessities.info,32,0,0,1,0,71.875,0,0,0.1562,25,0.55,0.1613,1.0,4,0,0,0,0,0,0,0,0,0
https://www.shoppegeo.com,25,0,0,1,1,84.0,0,0,0.2,17,0.95,0.2083,1.0,3,0,0,0,0,0,0,0,0,1
https://www.stampingwithloll.com,32,0,0,1,1,84.375,0,0,0.1562,24,0.95,0.1613,1.0,3,0,0,0,0,0,0,0,0,1
https://schwiw-rhioust-khuidy.yolasite.com/,43,0,0,1,1,79.0698,0,0,0.186,34,0.95,0.0476,1.0,3,0,0,0,0,0,0,0,0,0
http://www.saisoaoard.co.jp.phptjx.top/ai/sign.php,50,0,0,4,0,86.0,0,0,0.22,31,0.3,0.0816,1.0,3,0,0,0,0,0,0,0,0,0
https://www.besttrendingnews.com,32,0,0,1,1,65.625,0,0,0.1562,24,0.95,0.1613,1.0,3,0,0,0,0,0,0,0,0,1
https://www.wpleadplus.com,26,0,0,1,1,65.3846,0,0,0.1923,18,0.95,0.16,1.0,3,0,0,0,0,0,0,0,0,1
https://acesso-simpleficado-cliente.com/luiza/?userid=13&amp;uri=fmkkkfm/m,74,0,0,0,1,86.4865,2,1,0.1892,31,0.95,0.0685,0.9865,3,0,0,0,0,0,0,0,0,0
http://bafybeicyk3cahn44vaxcajh7lpj7fku22y46smm5jjygwbw2gw2armkhh4.ipfs.dweb.link/,82,0,0,2,0,89.0244,0,0,0.0854,74,0.5,0.0864,1.0,4,0,0,0,0,0,0,0,0,0
http://www.kuvo.cl,18,0,0,1,0,50.0,0,0,0.2778,11,0.5,0.2353,1.0,2,0,0,0,0,0,0,0,0,0
http://www.waterhousecleaning.co.uk,35,0,0,2,0,77.1429,0,0,0.1714,28,0.9,0.1176,1.0,2,0,0,0,0,0,0,0,0,0
http://www.905tech.com,22,0,0,1,0,63.6364,0,0,0.2273,15,0.95,0.1905,1.0,3,0,0,0,0,0,0,0,0,0
https://www.kontranews.gr,25,0,0,1,1,68.0,0,0,0.2,17,0.5,0.1667,1.0,2,0,0,0,0,0,0,0,0,1
https://www.quickwayimports.com,31,0,0,1,1,74.1935,0,0,0.1613,23,0.95,0.1333,1.0,3,0,0,0,0,0,0,0,0,1
https://ipfs.litnet.work/ipfs/bafybeibl42ktsvapadbw4gsskvweb3bjbcusyi5aa6irr57sbhyki3woha/sharep.html,101,0,0,1,1,89.1089,0,0,0.0891,16,0.5,0.05,1.0,4,0,0,0,0,0,0,0,0,0
https://nord10.firebaseapp.com/,31,0,0,1,1,64.5161,0,0,0.1935,22,0.95,0.1,1.0,3,0,0,0,0,0,0,0,0,0
http://www.httpws024.hemnes.win,31,0,0,2,0,80.6452,0,0,0.1935,24,0.5,0.1667,1.0,3,0,0,0,0,0,0,0,0,0
https://www.tablein.com,23,0,0,1,1,43.4783,0,0,0.2174,15,0.95,0.1818,1.0,3,0,0,0,0,0,0,0,0,1
https://www.acubekraft.com,26,0,0,1,1,53.8462,0,0,0.1923,18,0.95,0.16,1.0,3,0,0,0,0,0,0,0,0,1
https://assiousoutalier.web.app/,32,0,0,1,1,81.25,0,0,0.1875,23,0.5,0.129,1.0,3,0,0,0,0,0,0,0,0,0
https://www.threadandmaple.com,30,0,0,1,1,76.6667,0,0,0.1667,22,0.95,0.1379,1.0,3,0,0,0,0,0,0,0,0,1
https://www.diggerslist.com,27,0,0,1,1,62.963,0,0,0.1852,19,0.95,0.1923,1.0,3,0,0,0,0,0,0,0,0,1
https://www.randima.com,23,0,0,1,1,56.5217,0,0,0.2174,15,0.95,0.1818,1.0,3,0,0,0,0,0,0,0,0,1
https://www.nikkansports.com,28,0,0,1,1,75.0,0,0,0.1786,20,0.95,0.1852,1.0,3,0,0,0,0,0,0,0,0,1
https://www.aptx.com,20,0,0,1,1,60.0,0,0,0.25,12,0.95,0.2105,1.0,3,0,0,0,0,0,0,0,0,1
http://www.j9jnkf7asv.joexpediagroup.com,40,0,0,2,0,57.5,0,0,0.15,33,0.95,0.1026,1.0,3,0,0,0,0,0,0,0,0,0
https://www.stjornartidindi.is,30,0,0,1,1,80.0,0,0,0.1667,22,0.5,0.1379,1.0,2,0,0,0,0,0,0,0,0,1
http://www.seite.com,20,0,0,1,0,60.0,0,0,0.25,13,0.95,0.2105,1.0,3,0,0,0,0,0,0,0,0,0
https://www.mmstadium.com,25,0,0,1,1,64.0,0,0,0.2,17,0.95,0.2083,1.0,3,0,0,0,0,0,0,0,0,1
http://mail.deliverylifesupport.com/public/kypfcx8r60ct7gy73as0qg4vq7fslfrx,75,0,0,1,0,88.0,0,0,0.0933,28,0.95,0.0405,1.0,3,0,0,0,0,0,0,0,0,0
https://www.perfectlift.com.au,30,0,0,2,1,66.6667,0,0,0.2,22,0.88,0.1379,1.0,2,0,0,0,0,0,0,0,0,1
https://creditfrancecasite8.firebaseapp.com/,44,0,0,1,1,81.8182,0,0,0.1364,35,0.95,0.0698,1.0,3,0,0,0,0,0,0,0,0,0
https://www.noecho.net,22,0,0,1,1,81.8182,0,0,0.2273,14,0.85,0.1905,1.0,3,0,0,0,0,0,0,0,0,1
http://www.55qxqx.com,21,0,0,1,0,71.4286,0,0,0.2381,14,0.95,0.25,1.0,3,0,0,0,0,0,0,0,0,0
https://maildinshaakckjnw608.web.app/,37,0,0,1,1,70.2703,0,0,0.1622,28,0.5,0.1111,1.0,3,0,0,0,0,0,0,0,0,0
https://www.fashiontubes.com,28,0,0,1,1,60.7143,0,0,0.1786,20,0.95,0.1481,1.0,3,0,0,0,0,0,0,0,0,1
https://www.jato.com,20,0,0,1,1,60.0,0,0,0.25,12,0.95,0.2105,1.0,3,0,0,0,0,0,0,0,0,1
https://320up.com/dcg/login.php?cmd=login_submit&id=7a128d1ae538fa729c3b2b7171720efd7a128d1ae538fa729c3b2b7171720efd&session=7a128d1ae538fa729c3b2b7171720efd7a128d1ae538fa729c3b2b7171720efd,189,0,0,0,1,98.4127,3,1,0.0741,9,0.95,0.016,1.0,3,0,0,0,0,0,0,0,0,0
https://www.swiftoilchange.in,29,0,0,1,1,68.9655,0,0,0.1724,21,0.9,0.1429,1.0,2,0,0,0,0,0,0,0,0,1
http://www.lahistoriade.com,27,0,0,1,0,66.6667,0,0,0.1852,20,0.95,0.1538,1.0,3,0,0,0,0,0,0,0,0,0
https://cpaneladmin-secondary.z13.web.core.windows.net/,55,0,0,4,1,81.8182,0,0,0.1818,46,0.85,0.037,1.0,3,0,0,0,0,0,0,0,0,0
https://att1-family-uppdate.square.site/,40,0,0,1,1,75.0,0,0,0.2,31,0.35,0.1026,1.0,4,0,0,0,0,0,0,0,0,0
https://vwvwvzonasenguravirtual.com/,36,0,0,0,1,69.4444,0,0,0.1389,27,0.95,0.0571,1.0,3,0,0,0,0,0,0,0,0,0
https://www.drudgereport.com,28,0,0,1,1,75.0,0,0,0.1786,20,0.95,0.1481,1.0,3,0,0,0,0,0,0,0,0,1
https://www.cleverence.ru,25,0,0,1,1,68.0,0,0,0.2,17,0.5,0.1667,1.0,2,0,0,0,0,0,0,0,0,1
https://www.steamworksstudio.com,32,0,0,1,1,65.625,0,0,0.1562,24,0.95,0.1613,1.0,3,0,0,0,0,0,0,0,0,1
http://www.animalcare.today,27,0,0,1,0,51.8519,0,0,0.1852,20,0.5,0.1538,1.0,5,0,0,0,0,0,0,0,0,0
https://www.gbike.io,20,0,0,1,1,55.0,0,0,0.25,12,0.5,0.2105,1.0,2,0,0,0,0,0,0,0,0,1
http://www.booters.ml,21,0,0,1,0,57.1429,0,0,0.2381,14,0.5,0.25,1.0,2,0,0,0,0,0,0,0,0,0
https://caservice.se/de/de/info.html,36,0,0,0,1,72.2222,0,0,0.2222,12,0.5,0.0571,1.0,2,0,0,0,0,0,0,0,0,0
https://tincanmonsters.com,26,0,0,0,1,69.2308,0,0,0.1538,18,0.95,0.08,1.0,3,0,0,0,0,0,0,0,0,0
https://aol-103430.weeblysite.com/,34,0,0,1,1,61.7647,0,0,0.2059,25,0.95,0.0909,1.0,3,0,0,0,0,0,0,0,0,0
https://www.histor.nl,21,0,0,1,1,66.6667,0,0,0.2381,13,0.5,0.2,1.0,2,0,0,0,0,0,0,0,0,1
https://www.odadee.net,22,0,0,1,1,68.1818,0,0,0.2273,14,0.85,0.2381,1.0,3,0,0,0,0,0,0,0,0,1
https://baymedical.com.bd/roundcube2023/,40,0,0,1,1,72.5,0,0,0.175,17,0.5,0.0513,1.0,2,0,0,0,0,0,0,0,0,0
https://www.rajar.co.uk,23,0,0,2,1,60.8696,0,0,0.2609,15,0.9,0.1818,1.0,2,0,0,0,0,0,0,0,0,1
https://www.logcabinrentalsnc.com,33,0,0,1,1,72.7273,0,0,0.1515,25,0.95,0.125,1.0,3,0,0,0,0,0,0,0,0,1
http://www.paknavy.live,23,0,0,1,0,65.2174,0,0,0.2174,16,0.5,0.1818,1.0,4,0,0,0,0,0,0,0,0,0
https://ipfs.litnet.work/ipfs/bafybeiatinc6mhotzs3azd3zt5irdzhv6pshnygkrneqirczfrpcyf3dcq,89,0,0,1,1,92.1348,0,0,0.0787,16,0.5,0.0227,1.0,4,0,0,0,0,0,0,0,0,0
https://www.bloomsandbranches.com,33,0,0,1,1,81.8182,0,0,0.1515,25,0.95,0.1562,1.0,3,0,0,0,0,0,0,0,0,1
https://www.xabber.com,22,0,0,1,1,50.0,0,0,0.2273,14,0.95,0.2381,1.0,3,0,0,0,0,0,0,0,0,1
https://www.artyfactory.com,27,0,0,1,1,77.7778,0,0,0.1852,19,0.95,0.1538,1.0,3,0,0,0,0,0,0,0,0,1
https://www.madagate.org,24,0,0,1,1,62.5,0,0,0.2083,16,0.9,0.1739,1.0,3,0,0,0,0,0,0,0,0,1
https://yahoo-104374.weeblysite.com/,36,0,0,1,1,61.1111,0,0,0.1944,27,0.95,0.1143,1.0,3,0,0,0,0,0,0,0,0,0
https://facebook-business-help-1278637.web.app/,47,0,0,1,1,70.2128,0,0,0.1915,38,0.5,0.1087,1.0,3,0,0,0,0,0,0,0,0,0
http://edhf0c.webwave.dev/,26,0,0,1,0,73.0769,0,0,0.2308,18,0.5,0.08,1.0,3,0,0,0,0,0,0,0,0,0
https://www.limusichalloffame.org,33,0,0,1,1,78.7879,0,0,0.1515,25,0.9,0.1875,1.0,3,0,0,0,0,0,0,0,0,1
https://www.seebastransport.com,31,0,0,1,1,80.6452,0,0,0.1613,23,0.95,0.1667,1.0,3,0,0,0,0,0,0,0,0,1
https://www.knobbe.com,22,0,0,1,1,59.0909,0,0,0.2273,14,0.95,0.2381,1.0,3,0,0,0,0,0,0,0,0,1
https://fb-business-appeal-1070d.firebaseapp.com/,49,0,0,1,1,75.5102,0,0,0.1837,40,0.95,0.1042,1.0,3,0,0,0,0,0,0,0,0,0
https://ipfs.io/ipfs/qmx5jgcf5y2a8fqrqrv2pyxw5444a6xjuk6dlum3vkxapt?filename=index.html,87,0,0,0,1,89.6552,1,1,0.1034,7,0.5,0.0465,1.0,2,0,0,0,0,0,0,0,0,0
https://www.eman8.net,21,0,0,1,1,66.6667,0,0,0.2381,13,0.85,0.2,1.0,3,0,0,0,0,0,0,0,0,1
https://www.creativeyouthnetwork.org.uk,39,0,0,2,1,74.359,0,0,0.1538,31,0.9,0.1053,1.0,2,0,0,0,0,0,0,0,0,1
https://www.westernsydneyairport.gov.au,39,0,0,2,1,82.0513,0,0,0.1538,31,0.88,0.1053,1.0,2,0,0,0,0,0,0,0,0,1
https://www.ricardocuisine.com,30,0,0,1,1,70.0,0,0,0.1667,22,0.95,0.1379,1.0,3,0,0,0,0,0,0,0,0,1
http://fgiz0n3u.square.site/,28,0,0,1,0,57.1429,0,0,0.2143,20,0.35,0.0741,1.0,4,0,0,0,0,0,0,0,0,0
https://www.greatwarforum.org,29,0,0,1,1,72.4138,0,0,0.1724,21,0.9,0.1429,1.0,3,0,0,0,0,0,0,0,0,1
https://www.math.columbia.edu,29,0,0,2,1,65.5172,0,0,0.2069,21,0.98,0.1429,1.0,3,0,0,0,0,0,0,0,0,1
https://www.plantmagicflorist.com,33,0,0,1,1,81.8182,0,0,0.1515,25,0.95,0.125,1.0,3,0,0,0,0,0,0,0,0,1
http://www.weissnatu.cf,23,0,0,1,0,56.5217,0,0,0.2174,16,0.5,0.2273,1.0,2,0,0,0,0,0,0,0,0,0
https://fbmid-j2er4t9.web.app/,30,0,0,1,1,50.0,0,0,0.2333,21,0.5,0.1034,1.0,3,0,0,0,0,0,0,0,0,0
http://www.35084ea6.nat123.cc,29,0,0,2,0,58.6207,0,0,0.2069,22,0.5,0.1786,1.0,2,0,0,0,0,0,0,0,0,0
https://onlinechasebank-f1237.firebaseapp.com/,46,0,0,1,1,78.2609,0,0,0.1522,37,0.95,0.0667,1.0,3,0,0,0,0,0,0,0,0,0
https://www.philopress.com,26,0,0,1,1,73.0769,0,0,0.1923,18,0.95,0.2,1.0,3,0,0,0,0,0,0,0,0,1
https://bafybeihxptow7hycar3aghbxd4xvws4sucyqh2tzgz3wvo7eoj4qkrgahy.ipfs.cf-ipfs.com/,85,0,0,2,1,90.5882,0,0,0.0941,76,0.95,0.0238,1.0,3,0,0,0,0,0,0,0,0,0
https://www.earthcreations.net,30,0,0,1,1,83.3333,0,0,0.1667,22,0.85,0.1379,1.0,3,0,0,0,0,0,0,0,0,1
https://www.endslaverynow.org,29,0,0,1,1,68.9655,0,0,0.1724,21,0.9,0.1429,1.0,3,0,0,0,0,0,0,0,0,1
https://www.tramsa.gr,21,0,0,1,1,76.1905,0,0,0.2381,13,0.5,0.2,1.0,2,0,0,0,0,0,0,0,0,1
https://fleek.ipfs.io/ipfs/qmxdd7rtz4vcsuammh3z7fa1ybkup9ogrwolqvrp4nmks7/?abuse@optusnet.com,93,0,1,1,1,89.2473,0,1,0.1183,13,0.5,0.0543,0.9892,2,0,0,0,0,0,0,0,0,0
https://fb-restriction-appeal-6bafa.firebaseapp.com/,52,0,0,1,1,88.4615,0,0,0.1731,43,0.95,0.0784,1.0,3,0,0,0,0,0,0,0,0,0
http://www.qulckbooksinvolce.com/sima/index2.php,48,0,0,1,0,81.25,0,0,0.1667,25,0.95,0.1064,1.0,3,0,0,0,0,0,0,0,0,0
https://www.gasserchair.com,27,0,0,1,1,74.0741,0,0,0.1852,19,0.95,0.1923,1.0,3,0,0,0,0,0,0,0,0,1
https://www.jusline.at,22,0,0,1,1,54.5455,0,0,0.2273,14,0.5,0.1905,1.0,2,0,0,0,0,0,0,0,0,1
https://online.forms.app/dsfdgf/untitled-form,45,0,0,1,1,86.6667,0,0,0.1778,16,0.5,0.0682,1.0,3,0,0,0,0,0,0,0,0,0
http://www.business360news.com,30,0,0,1,0,60.0,0,0,0.1667,23,0.95,0.1724,1.0,3,0,0,0,0,0,0,0,0,0
https://karenxxxxxxxxxx72.web.app/,34,0,0,1,1,70.5882,0,0,0.1765,25,0.5,0.3636,1.0,3,0,0,0,0,0,0,0,0,0
https://www.roma-alliance.org,29,0,0,1,1,62.069,0,0,0.2069,21,0.9,0.1786,1.0,3,0,0,0,0,0,0,0,0,1
https://www.issoy.fi,20,0,0,1,1,70.0,0,0,0.25,12,0.5,0.2632,1.0,2,0,0,0,0,0,0,0,0,1
https://www.tanksthatgetaround.com,34,0,0,1,1,70.5882,0,0,0.1471,26,0.95,0.1212,1.0,3,0,0,0,0,0,0,0,0,1
https://www.abettergreece.com,29,0,0,1,1,68.9655,0,0,0.1724,21,0.95,0.2143,1.0,3,0,0,0,0,0,0,0,0,1
https://www.massterpenes.com,28,0,0,1,1,75.0,0,0,0.1786,20,0.95,0.1852,1.0,3,0,0,0,0,0,0,0,0,1
https://www.yellowcabonline.com,31,0,0,1,1,70.9677,0,0,0.1613,23,0.95,0.1667,1.0,3,0,0,0,0,0,0,0,0,1
https://www.livingwelllaughoften.com,36,0,0,1,1,75.0,0,0,0.1389,28,0.95,0.1714,1.0,3,0,0,0,0,0,0,0,0,1
https://www.abbeytheatre.ie,27,0,0,1,1,77.7778,0,0,0.1852,19,0.5,0.1923,1.0,2,0,0,0,0,0,0,0,0,1
https://docs.google.com/presentation/d/e/2pacx-1vskegidhyhmpg9ismhevk7djflckcasqh_sm0r_axsdvhbby_-cqgfxze52r5zk9sedjsfpvgspsbwz/pub?start=false&loop=false&delayms=3000,167,0,0,1,1,95.8084,3,1,0.1257,15,0.95,0.0422,1.0,3,0,0,0,0,0,0,0,0,0
https://www.unique-cottages.co.uk,33,0,0,2,1,69.697,0,0,0.2121,25,0.9,0.1562,1.0,2,0,0,0,0,0,0,0,0,1
http://www.desertskyvacationrentals.com,39,0,0,1,0,74.359,0,0,0.1282,32,0.95,0.1053,1.0,3,0,0,0,0,0,0,0,0,0
https://www.tsb-smarthome.com,29,0,0,1,1,72.4138,0,0,0.2069,21,0.95,0.1429,1.0,3,0,0,0,0,0,0,0,0,1
https://circularredmass.tecnoloarmns.repl.co/,45,0,0,2,1,88.8889,0,0,0.1556,36,0.8,0.0909,1.0,2,0,0,0,0,0,0,0,0,0
http://www.magicwandcompany.net,31,0,0,1,0,74.1935,0,0,0.1613,24,0.85,0.1333,1.0,3,0,0,0,0,0,0,0,0,0
http://www.slimscoop.com,24,0,0,1,0,83.3333,0,0,0.2083,17,0.95,0.2174,1.0,3,0,0,0,0,0,0,0,0,0
https://www.ifabric.com,23,0,0,1,1,56.5217,0,0,0.2174,15,0.95,0.1818,1.0,3,0,0,0,0,0,0,0,0,1
https://www.legalfeminist.org.uk,32,0,0,2,1,65.625,0,0,0.1875,24,0.9,0.129,1.0,2,0,0,0,0,0,0,0,0,1
https://www.afmuseum.com,24,0,0,1,1,66.6667,0,0,0.2083,16,0.95,0.1739,1.0,3,0,0,0,0,0,0,0,0,1
https://www.yuccamountain.org,29,0,0,1,1,68.9655,0,0,0.1724,21,0.9,0.1786,1.0,3,0,0,0,0,0,0,0,0,1
https://jaajaaplumbing.com.au/er.html,37,0,0,1,1,72.973,0,0,0.1892,21,0.88,0.1111,1.0,2,0,0,0,0,0,0,0,0,0
http://www.bcfc.xyz,19,0,0,1,0,57.8947,0,0,0.2632,12,0.35,0.2222,1.0,3,0,0,0,0,0,0,0,0,0
https://vinted.55321254.xyz/fmkbph1b/lqdrmr/8,45,0,0,1,1,64.4444,0,0,0.1778,19,0.35,0.0682,1.0,3,0,0,0,0,0,0,0,0,0
https://gateway.ipfs.io/ipfs/bafybeichq6fljtk3qzra7dcolasunjwr6lu5rxt4wik5zbsopgawk5ayui,88,0,0,1,1,92.0455,0,0,0.0795,15,0.5,0.023,1.0,2,0,0,0,0,0,0,0,0,0
http://www.smtp.newsonlinesite.com,34,0,0,2,0,88.2353,0,0,0.1765,27,0.95,0.1212,1.0,3,0,0,0,0,0,0,0,0,0
http://akserakaryakit.com/templates/atomic/icscards.nl,54,0,0,0,0,90.7407,0,0,0.1481,18,0.95,0.0377,1.0,3,0,0,0,0,0,0,0,0,0
https://www.fashionlyra.com,27,0,0,1,1,62.963,0,0,0.1852,19,0.95,0.1538,1.0,3,0,0,0,0,0,0,0,0,1
http://www.reminder.cannca.shop,31,0,0,2,0,80.6452,0,0,0.1935,24,0.5,0.1667,1.0,4,0,0,0,0,0,0,0,0,0
http://www.hostujmy.pl,22,0,0,1,0,63.6364,0,0,0.2273,15,0.5,0.1905,1.0,2,0,0,0,0,0,0,0,0,0
https://www.montrealmirror.com,30,0,0,1,1,66.6667,0,0,0.1667,22,0.95,0.1724,1.0,3,0,0,0,0,0,0,0,0,1
https://www.wcb.ny.gov,22,0,0,2,1,50.0,0,0,0.2727,14,0.99,0.1905,1.0,3,0,0,0,0,0,0,0,0,1
http://www.tinturas-plantas.com,31,0,0,1,0,67.7419,0,0,0.1935,24,0.95,0.1333,1.0,3,0,0,0,0,0,0,0,0,0
https://www.smokingpipes.com,28,0,0,1,1,75.0,0,0,0.1786,20,0.95,0.1481,1.0,3,0,0,0,0,0,0,0,0,1
https://www.1888pressrelease.com,32,0,0,1,1,75.0,0,0,0.1562,24,0.95,0.2258,1.0,3,0,0,0,0,0,0,0,0,1
https://www.alter-magazine.jp,29,0,0,1,1,58.6207,0,0,0.2069,21,0.5,0.1429,1.0,2,0,0,0,0,0,0,0,0,1
https://www.oda-kt.ch,21,0,0,1,1,57.1429,0,0,0.2857,13,0.5,0.2,1.0,2,0,0,0,0,0,0,0,0,1
https://www.newbelgium.com,26,0,0,1,1,53.8462,0,0,0.1923,18,0.95,0.16,1.0,3,0,0,0,0,0,0,0,0,1
https://www.thefloralatelier.co,31,0,0,1,1,80.6452,0,0,0.1613,23,0.8,0.1333,1.0,2,0,0,0,0,0,0,0,0,1
https://www.payninja.co,23,0,0,1,1,65.2174,0,0,0.2174,15,0.8,0.1818,1.0,2,0,0,0,0,0,0,0,0,1
https://bcr-informa.jimdosite.com/,34,0,0,1,1,67.6471,0,0,0.2059,25,0.95,0.0606,1.0,3,0,0,0,0,0,0,0,0,0
https://www.plasticfreejuly.org,31,0,0,1,1,64.5161,0,0,0.1613,23,0.9,0.1667,1.0,3,0,0,0,0,0,0,0,0,1
https://www.cc-chapman.com,26,0,0,1,1,80.7692,0,0,0.2308,18,0.95,0.2,1.0,3,0,0,0,0,0,0,0,0,1
https://www.stepchange.org,26,0,0,1,1,76.9231,0,0,0.1923,18,0.9,0.16,1.0,3,0,0,0,0,0,0,0,0,1
https://outh-bitpanda.web.app/,30,0,0,1,1,66.6667,0,0,0.2333,21,0.5,0.1034,1.0,3,0,0,0,0,0,0,0,0,0
https://www.motherthyme.com,27,0,0,1,1,77.7778,0,0,0.1852,19,0.95,0.1538,1.0,3,0,0,0,0,0,0,0,0,1
https://www.lonepack.org,24,0,0,1,1,54.1667,0,0,0.2083,16,0.9,0.1739,1.0,3,0,0,0,0,0,0,0,0,1
https://www.plantamed.com.br,28,0,0,2,1,60.7143,0,0,0.2143,20,0.5,0.1481,1.0,2,0,0,0,0,0,0,0,0,1
https://www.transparency.ie,27,0,0,1,1,81.4815,0,0,0.1852,19,0.5,0.1538,1.0,2,0,0,0,0,0,0,0,0,1
http://www.v2sk.com,19,0,0,1,0,47.3684,0,0,0.2632,12,0.95,0.2222,1.0,3,0,0,0,0,0,0,0,0,0
https://www.re-cycle-on.fr,26,0,0,1,1,65.3846,0,0,0.2692,18,0.5,0.16,1.0,2,0,0,0,0,0,0,0,0,1
https://birdshome-eg.com/js/en-ch/sbb/,38,0,0,0,1,76.3158,0,0,0.2632,16,0.95,0.0811,1.0,3,0,0,0,0,0,0,0,0,0
https://www.enjoy-app.de,24,0,0,1,1,58.3333,0,0,0.25,16,0.88,0.2174,1.0,2,0,0,0,0,0,0,0,0,1
https://www.hotellabastida.com,30,0,0,1,1,73.3333,0,0,0.1667,22,0.95,0.1724,1.0,3,0,0,0,0,0,0,0,0,1
https://att-108417.weeblysite.com/,34,0,0,1,1,50.0,0,0,0.2059,25,0.95,0.1212,1.0,3,0,0,0,0,0,0,0,0,0
http://www.company.canadatvsite.com,35,0,0,2,0,77.1429,0,0,0.1714,28,0.95,0.1176,1.0,3,0,0,0,0,0,0,0,0,0
http://www.zhanl116.xyz,23,0,0,1,0,65.2174,0,0,0.2174,16,0.35,0.2273,1.0,3,0,0,0,0,0,0,0,0,0
http://www.macenamed.com.br/wp-admin/js/bid/information.php,59,0,0,2,0,91.5254,0,0,0.2034,20,0.5,0.069,1.0,2,0,0,0,0,0,0,0,0,0
https://www.documenters.org,27,0,0,1,1,66.6667,0,0,0.1852,19,0.9,0.1538,1.0,3,0,0,0,0,0,0,0,0,1
https://babisabo--bisaboveonly.repl.co/,39,0,0,1,1,82.0513,0,0,0.2051,30,0.8,0.0789,1.0,2,0,0,0,0,0,0,0,0,0
https://www.vickyandlucas.com,29,0,0,1,1,55.1724,0,0,0.1724,21,0.95,0.1429,1.0,3,0,0,0,0,0,0,0,0,1
https://www.tagomagobolivia.com,31,0,0,1,1,74.1935,0,0,0.1613,23,0.95,0.1333,1.0,3,0,0,0,0,0,0,0,0,1
https://www.babymantra.com,26,0,0,1,1,65.3846,0,0,0.1923,18,0.95,0.16,1.0,3,0,0,0,0,0,0,0,0,1
https://pinnatiped-targets.000webhostapp.com/seguro/?0bipgamg5b3ye1shhzzlacypb0n47mrgnmd9icxnfg1tdxq6zoiafdkgunh-uf-64jgsddql-/-mxayvopemeld,140,0,0,1,1,92.8571,0,1,0.1,36,0.95,0.0647,1.0,3,0,0,0,0,0,0,0,0,0
https://www.newsroom.au.dk,26,0,0,2,1,57.6923,0,0,0.2308,18,0.5,0.2,1.0,2,0,0,0,0,0,0,0,0,1
http://u1956613.plsk.regruhosting.ru/795/,41,0,0,2,0,78.0488,0,0,0.1951,29,0.5,0.075,1.0,2,0,0,0,0,0,0,0,0,0
http://www.lsp-pey.cf,21,0,0,1,0,57.1429,0,0,0.2857,14,0.5,0.2,1.0,2,0,0,0,0,0,0,0,0,0
http://www.sana-1adliran.cf,27,0,0,1,0,55.5556,0,0,0.2222,20,0.5,0.1538,1.0,2,0,0,0,0,0,0,0,0,0
https://www.biospace.com,24,0,0,1,1,70.8333,0,0,0.2083,16,0.95,0.1739,1.0,3,0,0,0,0,0,0,0,0,1
https://www.witf.org,20,0,0,1,1,55.0,0,0,0.25,12,0.9,0.2105,1.0,3,0,0,0,0,0,0,0,0,1
https://www.viceroycars.com,27,0,0,1,1,66.6667,0,0,0.1852,19,0.95,0.1538,1.0,3,0,0,0,0,0,0,0,0,1
https://www.legassembly.sk.ca,29,0,0,2,1,68.9655,0,0,0.2069,21,0.88,0.1786,1.0,2,0,0,0,0,0,0,0,0,1
https://shared-cloud-project.reading-voicee.workers.dev/,56,0,0,2,1,85.7143,0,0,0.1786,47,0.5,0.0545,1.0,3,0,0,0,0,0,0,0,0,0
http://www.portfwd.com,22,0,0,1,0,68.1818,0,0,0.2273,15,0.95,0.1905,1.0,3,0,0,0,0,0,0,0,0,0
https://basil0303.github.io/newnetflix/,39,0,0,1,1,76.9231,0,0,0.1795,19,0.5,0.0526,1.0,2,0,0,0,0,0,0,0,0,0
https://www.canadiancounty.org,30,0,0,1,1,66.6667,0,0,0.1667,22,0.9,0.1379,1.0,3,0,0,0,0,0,0,0,0,1
http://www.bollywoods.co.in,27,0,0,2,0,62.963,0,0,0.2222,20,0.9,0.2308,1.0,2,0,0,0,0,0,0,0,0,0
https://sp940205.sitebeat.crazydomains.com/,43,0,0,2,1,72.093,0,0,0.1628,34,0.95,0.0476,1.0,3,0,0,0,0,0,0,0,0,0
https://jeandocs-dot-microsoft-sharepoint-381609.uk.r.appspot.com/,66,0,0,3,1,83.3333,0,0,0.1818,57,0.95,0.0462,1.0,3,0,0,0,0,0,0,0,0,0
http://www.metastar.co.uk,25,0,0,2,0,56.0,0,0,0.24,18,0.9,0.1667,1.0,2,0,0,0,0,0,0,0,0,0
https://www.lungenfibroseforum.at,33,0,0,1,1,72.7273,0,0,0.1515,25,0.5,0.125,1.0,2,0,0,0,0,0,0,0,0,1
https://www.trafforddatalab.io,30,0,0,1,1,76.6667,0,0,0.1667,22,0.5,0.2069,1.0,2,0,0,0,0,0,0,0,0,1
https://fleek.ipfs.io/ipfs/qmdj6uhg5hq9h9rz93shsuktrwgf4veyl48ztzja5dj2et/,74,0,0,1,1,85.1351,0,0,0.1081,13,0.5,0.0411,1.0,2,0,0,0,0,0,0,0,0,0
https://www.turneffeatoll.org,29,0,0,1,1,72.4138,0,0,0.1724,21,0.9,0.2143,1.0,3,0,0,0,0,0,0,0,0,1
https://www.gulfshoreselectrician.com,37,0,0,1,1,78.3784,0,0,0.1351,29,0.95,0.1111,1.0,3,0,0,0,0,0,0,0,0,1
https://www.heikohoffmann.de,28,0,0,1,1,71.4286,0,0,0.1786,20,0.88,0.2222,1.0,2,0,0,0,0,0,0,0,0,1
https://www.mediabeam.com,25,0,0,1,1,64.0,0,0,0.2,17,0.95,0.1667,1.0,3,0,0,0,0,0,0,0,0,1
https://jetis-sambirejo.com/webmasters/zdocs/macro.html,55,0,0,0,1,87.2727,0,0,0.1636,19,0.95,0.037,1.0,3,0,0,0,0,0,0,0,0,0
http://tutoriavalorntclsesonlin-vetdri.space/,45,0,0,0,0,86.6667,0,0,0.1333,37,0.5,0.0455,1.0,5,0,0,0,0,0,0,0,0,0
https://cool-leavitt.45-67-228-144.plesk.page/news1/mms1/auth/login,67,0,0,2,1,85.0746,0,0,0.209,37,0.5,0.1061,1.0,4,0,0,0,0,0,0,0,0,0
https://mt887-priv8.firebaseapp.com/,36,0,0,1,1,75.0,0,0,0.1944,27,0.95,0.1143,1.0,3,0,0,0,0,0,0,0,0,0
https://optusbill.deci.jp/bill/,31,0,0,1,1,74.1935,0,0,0.2258,17,0.5,0.1333,1.0,2,0,0,0,0,0,0,0,0,0
https://dfss-40827.firebaseapp.com/,35,0,0,1,1,57.1429,0,0,0.2,26,0.95,0.1176,1.0,3,0,0,0,0,0,0,0,0,0
http://www.wginfotechnology.com,31,0,0,1,0,74.1935,0,0,0.1613,24,0.95,0.1333,1.0,3,0,0,0,0,0,0,0,0,0
https://www.koolkitchenpro.com,30,0,0,1,1,73.3333,0,0,0.1667,22,0.95,0.1724,1.0,3,0,0,0,0,0,0,0,0,1
https://www.teriskitchen.com,28,0,0,1,1,75.0,0,0,0.1786,20,0.95,0.1481,1.0,3,0,0,0,0,0,0,0,0,1
http://www.newgrandegroup.com.au/firstcitizens/,47,0,0,2,0,87.234,0,0,0.1702,25,0.88,0.087,1.0,2,0,0,0,0,0,0,0,0,0
https://www.unwomenforpeace.org,31,0,0,1,1,70.9677,0,0,0.1613,23,0.9,0.1333,1.0,3,0,0,0,0,0,0,0,0,1
http://www.linkmefree.net,25,0,0,1,0,64.0,0,0,0.2,18,0.85,0.2083,1.0,3,0,0,0,0,0,0,0,0,0
https://myparcel-7da57.firebaseapp.com/,39,0,0,1,1,71.7949,0,0,0.1795,30,0.95,0.0789,1.0,3,0,0,0,0,0,0,0,0,0
https://bafybeidtm4lu2f2fxldqyte44oiqf2c7mfvdojwdszlitviutpcidokuri.ipfs.cf-ipfs.com/,85,0,0,2,1,87.0588,0,0,0.0941,76,0.95,0.0357,1.0,3,0,0,0,0,0,0,0,0,0
http://www.svi.bo,17,0,0,1,0,52.9412,0,0,0.2941,10,0.5,0.25,1.0,2,0,0,0,0,0,0,0,0,0
https://www.hotshotdigital.com,30,0,0,1,1,73.3333,0,0,0.1667,22,0.95,0.1379,1.0,3,0,0,0,0,0,0,0,0,1
https://www.meshlab.net,23,0,0,1,1,69.5652,0,0,0.2174,15,0.85,0.1818,1.0,3,0,0,0,0,0,0,0,0,1
http://www.briankish.com,24,0,0,1,0,54.1667,0,0,0.2083,17,0.95,0.1739,1.0,3,0,0,0,0,0,0,0,0,0
https://bafybeibtzwk4n6aishsypwnt3w5b7wmqeft7gsptjztz6isbqogvt7l7zm.ipfs.cf-ipfs.com/,85,0,0,2,1,89.4118,0,0,0.0941,76,0.95,0.0238,1.0,3,0,0,0,0,0,0,0,0,0
https://www.religion.utoronto.ca,32,0,0,2,1,68.75,0,0,0.1875,24,0.88,0.129,1.0,2,0,0,0,0,0,0,0,0,1
https://is.gd/2iecww,20,0,0,0,1,55.0,0,0,0.25,5,0.5,0.1579,1.0,2,0,0,0,0,0,0,0,0,0
https://www.tourenfahrer.de,27,0,0,1,1,66.6667,0,0,0.1852,19,0.88,0.1538,1.0,2,0,0,0,0,0,0,0,0,1
https://www.tout-monde.com,26,0,0,1,1,61.5385,0,0,0.2308,18,0.95,0.16,1.0,3,0,0,0,0,0,0,0,0,1
https://gloriousawaresg--rdemintment.repl.co,44,0,0,1,1,86.3636,0,0,0.1591,36,0.8,0.0698,1.0,2,0,0,0,0,0,0,0,0,0
http://jpostdi.com,18,0,0,0,0,50.0,0,0,0.2222,11,0.95,0.1176,1.0,3,0,0,0,0,0,0,0,0,0
https://goonlline-bnppraibas.top/login/,39,0,0,0,1,84.6154,0,0,0.1795,24,0.3,0.1316,1.0,3,0,0,0,0,0,0,0,0,0
https://www.carolinearmijo.com,30,0,0,1,1,73.3333,0,0,0.1667,22,0.95,0.1379,1.0,3,0,0,0,0,0,0,0,0,1
https://bbvah.com/,18,0,0,0,1,50.0,0,0,0.2778,9,0.95,0.1765,1.0,3,0,0,0,0,0,0,0,0,0
https://1.a0029182.repl.co/validar-identidad.html,49,0,0,2,1,79.5918,0,0,0.1837,18,0.8,0.0625,1.0,2,0,0,0,0,0,0,0,0,0
https://cloudflare-ipfs.com/ipfs/qmy3smp4nculh69oficrppcsyyrw58cyzy6rbjiaxc3psl/,80,0,0,0,1,80.0,0,0,0.1,19,0.95,0.0506,1.0,3,0,0,0,0,0,0,0,0,0
https://dbswepay.life/,22,0,0,0,1,50.0,0,0,0.2273,13,0.5,0.0952,1.0,4,0,0,0,0,0,0,0,0,0
https://www.pumpkin.care,24,0,0,1,1,50.0,0,0,0.2083,16,0.5,0.1739,1.0,4,0,0,0,0,0,0,0,0,1
https://www.littlemissdessa.com,31,0,0,1,1,77.4194,0,0,0.1613,23,0.95,0.2333,1.0,3,0,0,0,0,0,0,0,0,1
https://www.avidpup.com,23,0,0,1,1,52.1739,0,0,0.2174,15,0.95,0.1818,1.0,3,0,0,0,0,0,0,0,0,1
http://www.somersetlawnandsnow.com,34,0,0,1,0,79.4118,0,0,0.1471,27,0.95,0.1212,1.0,3,0,0,0,0,0,0,0,0,0
https://www.u-s-history.com,27,0,0,1,1,70.3704,0,0,0.2593,19,0.95,0.1538,1.0,3,0,0,0,0,0,0,0,0,1
https://www.gridgain.com,24,0,0,1,1,54.1667,0,0,0.2083,16,0.95,0.1739,1.0,3,0,0,0,0,0,0,0,0,1
https://yahoo-105523.weeblysite.com/,36,0,0,1,1,61.1111,0,0,0.1944,27,0.95,0.1429,1.0,3,0,0,0,0,0,0,0,0,0
http://www.noone.contentmakersbyakamai.ru,41,0,0,2,0,78.0488,0,0,0.1463,34,0.5,0.125,1.0,2,0,0,0,0,0,0,0,0,0
https://www.christianfilipina.com,33,0,0,1,1,81.8182,0,0,0.1515,25,0.95,0.125,1.0,3,0,0,0,0,0,0,0,0,1
https://www.igpm.rwth-aachen.de,31,0,0,2,1,67.7419,0,0,0.2258,23,0.88,0.1667,1.0,2,0,0,0,0,0,0,0,0,1
https://www.merdeka.com,23,0,0,1,1,56.5217,0,0,0.2174,15,0.95,0.1818,1.0,3,0,0,0,0,0,0,0,0,1
http://www.straightdirect.com,29,0,0,1,0,68.9655,0,0,0.1724,22,0.95,0.1429,1.0,3,0,0,0,0,0,0,0,0,0
https://www.thirdlooks.com,26,0,0,1,1,65.3846,0,0,0.1923,18,0.95,0.2,1.0,3,0,0,0,0,0,0,0,0,1
https://pros.sospr.repl.co,26,0,0,2,1,80.7692,0,0,0.2308,18,0.8,0.08,1.0,2,0,0,0,0,0,0,0,0,0
https://www.enhamtrust.org.uk,29,0,0,2,1,68.9655,0,0,0.2069,21,0.9,0.1429,1.0,2,0,0,0,0,0,0,0,0,1
https://www.ziprider.com,24,0,0,1,1,62.5,0,0,0.2083,16,0.95,0.1739,1.0,3,0,0,0,0,0,0,0,0,1
http://aa836595.com/,20,0,0,0,0,45.0,0,0,0.25,12,0.95,0.1579,1.0,3,0,0,0,0,0,0,0,0,0
http://www.conkorea.com,23,0,0,1,0,60.8696,0,0,0.2174,16,0.95,0.1818,1.0,3,0,0,0,0,0,0,0,0,0
https://www.themotherhood.com,29,0,0,1,1,79.3103,0,0,0.1724,21,0.95,0.1786,1.0,3,0,0,0,0,0,0,0,0,1
https://account-appeal-form-172658.firebaseapp.com/,51,0,0,1,1,74.5098,0,0,0.1765,42,0.95,0.1,1.0,3,0,0,0,0,0,0,0,0,0
https://www.safehomesma.org,27,0,0,1,1,81.4815,0,0,0.1852,19,0.9,0.1538,1.0,3,0,0,0,0,0,0,0,0,1
https://www.xin.sg,18,0,0,1,1,61.1111,0,0,0.2778,10,0.5,0.2353,1.0,2,0,0,0,0,0,0,0,0,1
https://sites.google.com/view/viewyournewbill/bt-business-btconnect,67,0,0,1,1,91.0448,0,0,0.1493,16,0.95,0.0909,1.0,3,0,0,0,0,0,0,0,0,0
https://www.taivoan.org,23,0,0,1,1,60.8696,0,0,0.2174,15,0.9,0.1818,1.0,3,0,0,0,0,0,0,0,0,1
https://www.fletc.gov,21,0,0,1,1,47.619,0,0,0.2381,13,0.99,0.2,1.0,3,0,0,0,0,0,0,0,0,1
http://www.elemental-future-cheetah.glitch.me,45,0,0,2,0,84.4444,0,0,0.1778,38,0.5,0.1136,1.0,2,0,0,0,0,0,0,0,0,0
https://www.exxonmobilperspectives.com,38,0,0,1,1,81.5789,0,0,0.1316,30,0.95,0.1351,1.0,3,0,0,0,0,0,0,0,0,1
https://www.viotalk.com,23,0,0,1,1,52.1739,0,0,0.2174,15,0.95,0.1818,1.0,3,0,0,0,0,0,0,0,0,1
http://ruralviaes.com.swtest.ru/client/login.php,48,0,0,2,0,89.5833,0,0,0.1875,24,0.5,0.0426,1.0,2,0,0,0,0,0,0,0,0,0
https://www.mississaugavotes.ca,31,0,0,1,1,67.7419,0,0,0.1613,23,0.88,0.2,1.0,2,0,0,0,0,0,0,0,0,1
https://www.concretecms.com,27,0,0,1,1,81.4815,0,0,0.1852,19,0.95,0.1538,1.0,3,0,0,0,0,0,0,0,0,1
https://www.maartenluther.com,29,0,0,1,1,72.4138,0,0,0.1724,21,0.95,0.1786,1.0,3,0,0,0,0,0,0,0,0,1
https://www.dims.ne.jp,22,0,0,2,1,63.6364,0,0,0.2727,14,0.5,0.1905,1.0,2,0,0,0,0,0,0,0,0,1
https://www.nyteknik.se,23,0,0,1,1,78.2609,0,0,0.2174,15,0.5,0.1818,1.0,2,0,0,0,0,0,0,0,0,1
https://www.chalktalksports.com,31,0,0,1,1,90.3226,0,0,0.1613,23,0.95,0.1333,1.0,3,0,0,0,0,0,0,0,0,1
https://www.canadianhorseracinghalloffame.com,45,0,0,1,1,91.1111,0,0,0.1111,37,0.95,0.1364,1.0,3,0,0,0,0,0,0,0,0,1
https://www.julielorenzen.net,29,0,0,1,1,65.5172,0,0,0.1724,21,0.85,0.1429,1.0,3,0,0,0,0,0,0,0,0,1
http://www.ser32.com,20,0,0,1,0,45.0,0,0,0.25,13,0.95,0.2105,1.0,3,0,0,0,0,0,0,0,0,0
https://www.angelisland.com,27,0,0,1,1,62.963,0,0,0.1852,19,0.95,0.1538,1.0,3,0,0,0,0,0,0,0,0,1
https://www.splitsimple.com,27,0,0,1,1,81.4815,0,0,0.1852,19,0.95,0.1538,1.0,3,0,0,0,0,0,0,0,0,1
https://meta-business-appeal-129869182.web.app/,47,0,0,1,1,80.8511,0,0,0.1915,38,0.5,0.1087,1.0,3,0,0,0,0,0,0,0,0,0
http://www.eblaghirsana.gq,26,0,0,1,0,61.5385,0,0,0.1923,19,0.5,0.16,1.0,2,0,0,0,0,0,0,0,0,0
https://fecebookuyn7e8d.sultanxraka.my.id/vhsfhqpdhdsih6/,57,0,0,2,1,78.9474,0,0,0.1404,33,0.5,0.0536,1.0,2,0,0,0,0,0,0,0,0,0
https://www.marrymag.de,23,0,0,1,1,65.2174,0,0,0.2174,15,0.88,0.2273,1.0,2,0,0,0,0,0,0,0,0,1
https://www.altova.com,22,0,0,1,1,63.6364,0,0,0.2273,14,0.95,0.1905,1.0,3,0,0,0,0,0,0,0,0,1
https://www.armenia.com.au,26,0,0,2,1,57.6923,0,0,0.2308,18,0.88,0.16,1.0,2,0,0,0,0,0,0,0,0,1
https://www.sbgrid.org,22,0,0,1,1,68.1818,0,0,0.2273,14,0.9,0.1905,1.0,3,0,0,0,0,0,0,0,0,1
https://www.expertexplorers.com,31,0,0,1,1,83.871,0,0,0.1613,23,0.95,0.1333,1.0,3,0,0,0,0,0,0,0,0,1
http://www.unupload.xyz,23,0,0,1,0,56.5217,0,0,0.2174,16,0.35,0.1818,1.0,3,0,0,0,0,0,0,0,0,0
https://www.niva.no,19,0,0,1,1,57.8947,0,0,0.2632,11,0.5,0.2222,1.0,2,0,0,0,0,0,0,0,0,1
http://www.pedagogicobilingue.edu.pe,36,0,0,2,0,80.5556,0,0,0.1667,29,0.5,0.1143,1.0,2,0,0,0,0,0,0,0,0,0
http://www.chivas.firefoxupdata.com,35,0,0,2,0,74.2857,0,0,0.1714,28,0.95,0.1176,1.0,3,0,0,0,0,0,0,0,0,0
https://www.vumingo.com,23,0,0,1,1,56.5217,0,0,0.2174,15,0.95,0.1818,1.0,3,0,0,0,0,0,0,0,0,1
https://www.opcw.org,20,0,0,1,1,70.0,0,0,0.25,12,0.9,0.2105,1.0,3,0,0,0,0,0,0,0,0,1
https://www.caa.co.za,21,0,0,2,1,71.4286,0,0,0.2857,13,0.5,0.25,1.0,2,0,0,0,0,0,0,0,0,1
http://www.educacaosemdistancia.net,35,0,0,1,0,82.8571,0,0,0.1429,28,0.85,0.1176,1.0,3,0,0,0,0,0,0,0,0,0
https://cajatrujlllo.com/trujillo/clientehbpn/wflogin,53,0,0,0,1,84.9057,0,0,0.1321,16,0.95,0.0962,1.0,3,0,0,0,0,0,0,0,0,0
https://www.marlinbirna.com,27,0,0,1,1,70.3704,0,0,0.1852,19,0.95,0.1538,1.0,3,0,0,0,0,0,0,0,0,1
https://www.annoyingfreakgames.com,34,0,0,1,1,73.5294,0,0,0.1471,26,0.95,0.1515,1.0,3,0,0,0,0,0,0,0,0,1
https://www.stephanspencer.com,30,0,0,1,1,83.3333,0,0,0.1667,22,0.95,0.1379,1.0,3,0,0,0,0,0,0,0,0,1
https://www.melafoundation.org,30,0,0,1,1,56.6667,0,0,0.1667,22,0.9,0.1379,1.0,3,0,0,0,0,0,0,0,0,1
https://www.lightmillennium.org,31,0,0,1,1,77.4194,0,0,0.1613,23,0.9,0.2,1.0,3,0,0,0,0,0,0,0,0,1
https://kmcnfhdje-108096-104864.square.site/,44,0,0,1,1,65.9091,0,0,0.1818,35,0.35,0.0465,1.0,4,0,0,0,0,0,0,0,0,0
https://www.ndnmag.fr/en/e76b4e123175b80817b43c81de1263ca/execution.html?validation=e1s1,88,0,0,1,1,86.3636,1,1,0.125,13,0.5,0.046,1.0,2,0,0,0,0,0,0,0,0,0
http://auafhuu.top/web?uuid=a391c6c1-273c-8280-5e4c-2e17b538fbe3,64,0,0,0,0,81.25,1,1,0.1719,11,0.3,0.0635,1.0,3,0,0,0,0,0,0,0,0,0
https://authorizemygovprofile.servebbs.com/index2.html,54,0,0,1,1,77.7778,0,0,0.1296,34,0.95,0.0566,1.0,3,0,0,0,0,0,0,0,0,0
https://filthyonlycommand.aleja2024.repl.co/,44,0,0,2,1,79.5455,0,0,0.1591,35,0.8,0.0698,1.0,2,0,0,0,0,0,0,0,0,0
http://www.iyiqian.com,22,0,0,1,0,54.5455,0,0,0.2273,15,0.95,0.1905,1.0,3,0,0,0,0,0,0,0,0,0
https://www.srchrank.com/anajp/ana.co.jp.customer-satisfaction.survey_reference_id-155288003=rewards/,101,0,0,1,1,92.0792,1,0,0.1683,16,0.95,0.07,1.0,3,0,0,0,0,0,0,0,0,0
http://www.cloudanydesk.com,27,0,0,1,0,55.5556,0,0,0.1852,20,0.95,0.1538,1.0,3,0,0,0,0,0,0,0,0,0
http://www.2xmetamask.com,25,0,0,1,0,60.0,0,0,0.2,18,0.95,0.1667,1.0,3,0,0,0,0,0,0,0,0,0
http://www.customers-services.info,34,0,0,1,0,73.5294,0,0,0.1765,27,0.55,0.1212,1.0,4,0,0,0,0,0,0,0,0,0
https://www.openaccessgovernment.org,36,0,0,1,1,86.1111,0,0,0.1389,28,0.9,0.1714,1.0,3,0,0,0,0,0,0,0,0,1
https://0908mlkjh.webcindario.com/,34,0,0,1,1,55.8824,0,0,0.1765,25,0.95,0.0606,1.0,3,0,0,0,0,0,0,0,0,0
https://www.local1259iaff.org,29,0,0,1,1,58.6207,0,0,0.1724,21,0.9,0.1786,1.0,3,0,0,0,0,0,0,0,0,1
https://www.eurohandball.com,28,0,0,1,1,60.7143,0,0,0.1786,20,0.95,0.1852,1.0,3,0,0,0,0,0,0,0,0,1
http://www.disezaguzible-unexemal.biz,37,0,0,1,0,72.973,0,0,0.1622,30,0.5,0.1111,1.0,3,0,0,0,0,0,0,0,0,0
https://php-web-server-2.globalsecure.repl.co/,46,0,0,2,1,84.7826,0,0,0.2174,37,0.8,0.0444,1.0,2,0,0,0,0,0,0,0,0,0
https://www.follypdx.com,24,0,0,1,1,62.5,0,0,0.2083,16,0.95,0.2174,1.0,3,0,0,0,0,0,0,0,0,1
https://www.uuum.jp,19,0,0,1,1,73.6842,0,0,0.2632,11,0.5,0.3333,1.0,2,0,0,0,0,0,0,0,0,1
https://www.alynn.com,21,0,0,1,1,52.381,0,0,0.2381,13,0.95,0.25,1.0,3,0,0,0,0,0,0,0,0,1
https://www.michelinman.com,27,0,0,1,1,74.0741,0,0,0.1852,19,0.95,0.1538,1.0,3,0,0,0,0,0,0,0,0,1
https://www.llandudno.gov.uk,28,0,0,2,1,71.4286,0,0,0.2143,20,0.9,0.1852,1.0,2,0,0,0,0,0,0,0,0,1
https://www.sdhsf.org,21,0,0,1,1,66.6667,0,0,0.2381,13,0.9,0.2,1.0,3,0,0,0,0,0,0,0,0,1
https://shibaswap.mypixieset.com/,33,0,0,1,1,78.7879,0,0,0.1818,24,0.95,0.0625,1.0,3,0,0,0,0,0,0,0,0,0
http://www.iran-adli-ir.ga,26,0,0,1,0,73.0769,0,0,0.2692,19,0.5,0.16,1.0,2,0,0,0,0,0,0,0,0,0
https://attpaymeo00.square.site/,32,0,0,1,1,71.875,0,0,0.1875,23,0.35,0.129,1.0,4,0,0,0,0,0,0,0,0,0
http://www.kalbarnews.com,25,0,0,1,0,48.0,0,0,0.2,18,0.95,0.1667,1.0,3,0,0,0,0,0,0,0,0,0
http://www.medisonsteeltech.com,31,0,0,1,0,80.6452,0,0,0.1613,24,0.95,0.1667,1.0,3,0,0,0,0,0,0,0,0,0
https://dire-40a45.firebaseapp.com/,35,0,0,1,1,68.5714,0,0,0.2,26,0.95,0.0882,1.0,3,0,0,0,0,0,0,0,0,0
http://www.software.trickip.net,31,0,0,2,0,70.9677,0,0,0.1935,24,0.85,0.1333,1.0,3,0,0,0,0,0,0,0,0,0
https://www.santuariosanmichele.it,34,0,0,1,1,76.4706,0,0,0.1471,26,0.5,0.1212,1.0,2,0,0,0,0,0,0,0,0,1
https://bafybeibotv7ljewoakmbsncrh247cain7inngblcktilc4h6hdyymrqxwy.ipfs.dweb.link/,83,0,0,2,1,90.3614,0,0,0.0843,74,0.5,0.0488,1.0,4,0,0,0,0,0,0,0,0,0
https://www.vaxbeforetravel.com,31,0,0,1,1,67.7419,0,0,0.1613,23,0.95,0.1333,1.0,3,0,0,0,0,0,0,0,0,1
http://www.orbdyn.com,21,0,0,1,0,52.381,0,0,0.2381,14,0.95,0.2,1.0,3,0,0,0,0,0,0,0,0,0
http://onlinebasvurusayfasibireyselbasvuru.line.pm/devlet/guvenlik.php,70,0,0,1,0,90.0,0,0,0.1143,43,0.5,0.029,1.0,2,0,0,0,0,0,0,0,0,0
https://www.parcelpending.com,29,0,0,1,1,62.069,0,0,0.1724,21,0.95,0.1429,1.0,3,0,0,0,0,0,0,0,0,1
https://www.agendapoetry.co.uk,30,0,0,2,1,63.3333,0,0,0.2,22,0.9,0.1379,1.0,2,0,0,0,0,0,0,0,0,1
https://www.snim.com,20,0,0,1,1,65.0,0,0,0.25,12,0.95,0.2105,1.0,3,0,0,0,0,0,0,0,0,1
https://dropget.top/bitrise/?ref=1,34,0,0,0,1,70.5882,1,1,0.2353,11,0.3,0.0606,1.0,3,0,0,0,0,0,0,0,0,0
https://www.zoyride.com,23,0,0,1,1,47.8261,0,0,0.2174,15,0.95,0.1818,1.0,3,0,0,0,0,0,0,0,0,1
https://mlsrsx.csb.app/hj.html,30,0,0,1,1,76.6667,0,0,0.2333,14,0.5,0.1034,1.0,3,0,0,0,0,0,0,0,0,0
https://dentist-108141.weeblysite.com/,38,0,0,1,1,57.8947,0,0,0.1842,29,0.95,0.0811,1.0,3,0,0,0,0,0,0,0,0,0
https://ipfs.fleek.co/ipfs/qmslt9n7hxmjx2dn2k8mh2eepe31iewvmoomrlz4jfhuzt/,74,0,0,1,1,81.0811,0,0,0.1081,13,0.8,0.0685,1.0,2,0,0,0,0,0,0,0,0,0
https://www.hajker.hu,21,0,0,1,1,57.1429,0,0,0.2381,13,0.5,0.2,1.0,2,0,0,0,0,0,0,0,0,1
http://www.miner.sh,19,0,0,1,0,57.8947,0,0,0.2632,12,0.5,0.2222,1.0,2,0,0,1,0,0,1,0,0,0
http://organisasi.bulungan.go.id/public/70jlmbx3yjm9xmqpthylupiryj3nwfgt,72,0,0,2,0,87.5,0,0,0.1111,25,0.5,0.0282,1.0,2,0,0,0,0,0,0,0,0,0
https://www.polgeonow.com,25,0,0,1,1,64.0,0,0,0.2,17,0.95,0.1667,1.0,3,0,10,0,300,1,1,0,1,1
https://fbmid-soumbyj.web.app/,30,0,0,1,1,56.6667,0,0,0.2333,21,0.5,0.1034,1.0,3,0,0,0,0,0,0,0,0,0
http://www.techhome-js.github.io,32,0,0,2,0,68.75,0,0,0.2188,25,0.5,0.1613,1.0,2,0,0,0,0,0,0,0,0,0
https://www.eventdex.com,24,0,0,1,1,54.1667,0,0,0.2083,16,0.95,0.1739,1.0,3,0,0,0,191,0,0,0,1,1
https://www.prosci-inc.com,26,0,0,1,1,76.9231,0,0,0.2308,18,0.95,0.16,1.0,3,0,0,0,0,0,0,0,0,1
http://www.pbhack.ru,20,0,0,1,0,65.0,0,0,0.25,13,0.5,0.2105,1.0,2,0,0,0,0,0,0,0,0,0
http://3659006.com/,19,0,0,0,0,47.3684,0,0,0.2632,11,0.95,0.1667,1.0,3,0,0,0,0,0,0,0,0,0
https://www.minidoka.id.us,26,0,0,2,1,65.3846,0,0,0.2308,18,0.85,0.16,1.0,2,0,0,0,0,0,0,0,0,1
https://pfochi.blogspot.com/,28,0,0,1,1,75.0,0,0,0.2143,19,0.95,0.0741,1.0,3,0,0,0,0,0,0,0,0,0
https://s.amesnesn-jp.icu/,26,0,0,1,1,65.3846,0,0,0.2692,17,0.5,0.08,1.0,3,0,0,0,0,0,0,0,0,0
https://www.chateaudemarsac.com,31,0,0,1,1,80.6452,0,0,0.1613,23,0.95,0.1333,1.0,3,0,0,0,0,0,0,0,0,1
https://wellsdee7.wixsite.com/my-site-1,39,0,0,1,1,74.359,0,0,0.2051,21,0.95,0.1053,1.0,3,0,0,0,0,0,0,0,0,0
https://www.china-flag-makers.com,33,0,0,1,1,66.6667,0,0,0.2121,25,0.95,0.125,1.0,3,0,0,1,0,0,0,0,0,1
https://www.thinkadvisor.com,28,0,0,1,1,64.2857,0,0,0.1786,20,0.95,0.1481,1.0,3,0,0,0,0,0,0,0,0,1
https://ipfs.io/ipfs/qmchipzkht5fsc9drvmz3ansbsmlanbm1fnmcbk5kpszsx,67,0,0,0,1,82.0896,0,0,0.0896,7,0.5,0.0303,1.0,2,0,0,0,0,0,0,0,0,0
https://att-102922nilwestserveropt.square.site/,47,0,0,1,1,72.3404,0,0,0.1489,38,0.35,0.087,1.0,4,0,0,0,0,0,0,0,0,0
https://help-facebook-id-257124.web.app/,40,0,0,1,1,67.5,0,0,0.225,31,0.5,0.1026,1.0,3,0,0,0,0,0,0,0,0,0
http://www.ninjabrowse.com,26,0,0,1,0,53.8462,0,0,0.1923,19,0.95,0.16,1.0,3,0,0,0,0,0,0,0,0,0
https://www.derrygladfolkmuseum.com,35,0,0,1,1,74.2857,0,0,0.1429,27,0.95,0.1471,1.0,3,0,0,0,0,0,0,0,0,1
https://creditfrancecasite8.web.app/,36,0,0,1,1,77.7778,0,0,0.1667,27,0.5,0.0857,1.0,3,0,0,0,0,0,0,0,0,0
https://docs.google.com/forms/d/e/1faipqlsfk9hpkld9-qwaxs8b0cpslaw2-oomu6bcwpxkmp-fo8kr3ew/viewform,99,0,0,1,1,91.9192,0,0,0.1313,15,0.95,0.0408,1.0,3,0,0,0,0,0,0,0,0,0
https://www.connect.ecuad.ca,28,0,0,2,1,75.0,0,0,0.2143,20,0.88,0.1852,1.0,2,0,0,0,0,0,0,0,0,1
https://yahoo-108126-104626.square.site/,40,0,0,1,1,77.5,0,0,0.2,31,0.35,0.0769,1.0,4,0,0,0,0,0,0,0,0,0
http://www.nexkraft.com/vendor/myclabs/deep-copy/src/paypackage/hkanhd595anhjd/20232723-50tw41861547uid_25012021-tw-id_url.html=dbcbeafb3c70561ab8dcac7f0e154c0b21/sslauthui.html,177,0,0,1,0,96.0452,1,0,0.1243,16,0.95,0.0341,1.0,3,1,0,0,0,0,1,0,1,0
https://vnreintka4.firebaseapp.com/,35,0,0,1,1,71.4286,0,0,0.1714,26,0.95,0.0882,1.0,3,0,0,0,0,0,0,0,0,0
https://www.thuisfuif.net,25,0,0,1,1,84.0,0,0,0.2,17,0.85,0.1667,1.0,3,0,0,0,0,0,0,0,0,1
http://interface-6ppgku8xb-uniswap.vercel.app/,46,0,0,1,0,71.7391,0,0,0.1739,38,0.5,0.0889,1.0,3,0,0,0,0,0,0,0,0,0
https://www.bienmesabe.org,26,0,0,1,1,61.5385,0,0,0.1923,18,0.9,0.16,1.0,3,0,0,0,0,0,0,0,0,1
http://www.tasagodigital.com,28,0,0,1,0,71.4286,0,0,0.1786,21,0.95,0.1481,1.0,3,0,0,0,0,0,0,0,0,0
http://www.omegalublin.pl,25,0,0,1,0,56.0,0,0,0.2,18,0.5,0.1667,1.0,2,0,0,0,0,1,1,0,0,0
https://ahbhoghrl.web.app/,26,0,0,1,1,69.2308,0,0,0.2308,17,0.5,0.12,1.0,3,0,0,0,0,0,0,0,0,0
https://tunahrtjanzak1.firebaseapp.com/,39,0,0,1,1,69.2308,0,0,0.1538,30,0.95,0.0789,1.0,3,1,0,0,0,0,0,0,0,0
http://www.indeksonline.org,27,0,0,1,0,66.6667,0,0,0.1852,20,0.9,0.1538,1.0,3,0,0,0,0,0,0,0,0,0
https://www.perio.org,21,0,0,1,1,71.4286,0,0,0.2381,13,0.9,0.2,1.0,3,0,0,0,0,0,0,0,0,1
http://s-push.com/,18,0,0,0,0,61.1111,0,0,0.3333,10,0.95,0.1176,1.0,3,0,0,0,0,0,0,0,0,0
https://wvwcajasullana-pe.cmac-enlinea.com/,43,0,0,1,1,83.7209,0,0,0.186,34,0.95,0.0714,1.0,3,0,0,0,0,0,0,0,0,0
https://www.quinnviolins.com,28,0,0,1,1,67.8571,0,0,0.1786,20,0.95,0.1852,1.0,3,0,0,0,0,0,0,0,0,1
http://www.tomas.datanom.fi,27,0,0,2,0,70.3704,0,0,0.2222,20,0.5,0.1538,1.0,2,0,0,0,0,0,0,0,0,0
https://www.writeaprisoner.com,30,0,0,1,1,80.0,0,0,0.1667,22,0.95,0.1379,1.0,3,0,0,0,0,0,0,0,0,1
https://ycms.technorama.pk/boa/login.php,40,0,0,1,1,77.5,0,0,0.2,18,0.5,0.0513,1.0,2,0,0,0,0,0,0,0,0,0
https://www.alpine-pearls.com,29,0,0,1,1,68.9655,0,0,0.2069,21,0.95,0.1429,1.0,3,0,0,0,6,0,0,0,1,1
https://ipfs.io/ipfs/qmqporseaefsnzvkayaxdbjoepecyyyhzc7snfnodowa8p,67,0,0,0,1,82.0896,0,0,0.0896,7,0.5,0.0606,1.0,2,0,0,0,0,0,0,0,0,0
https://www.tincanmonsters.com/,31,0,0,1,1,77.4194,0,0,0.1935,22,0.95,0.1333,1.0,3,0,0,0,0,0,0,0,0,0
https://www.extremepickyeating.com,34,0,0,1,1,67.6471,0,0,0.1471,26,0.95,0.1212,1.0,3,0,0,0,0,0,0,0,0,1
http://www.greenrosetarot.com,29,0,0,1,0,68.9655,0,0,0.1724,22,0.95,0.1786,1.0,3,0,0,0,0,0,0,0,0,0
https://www.celebratelocalohio.com,34,0,0,1,1,79.4118,0,0,0.1471,26,0.95,0.1212,1.0,3,0,0,0,3,0,1,0,1,1
https://www.lifeprint.com,25,0,0,1,1,56.0,0,0,0.2,17,0.95,0.1667,1.0,3,2,0,1,79,1,1,0,1,1
https://www.rsagroup.com,24,0,0,1,1,70.8333,0,0,0.2083,16,0.95,0.1739,1.0,3,1,0,0,0,0,1,0,1,1
https://sistm14.repl.co/,24,0,0,1,1,54.1667,0,0,0.25,15,0.8,0.087,1.0,2,0,0,0,0,0,0,0,0,0
https://www.csb.gov,19,0,0,1,1,57.8947,0,0,0.2632,11,0.99,0.2222,1.0,3,4,2,1,9,0,1,0,1,1
https://www.gulftoday.ae,24,0,0,1,1,50.0,0,0,0.2083,16,0.5,0.1739,1.0,2,2,0,1,63,0,1,0,1,1
http://www.aciitaly.com,23,0,0,1,0,69.5652,0,0,0.2174,16,0.95,0.2273,1.0,3,0,0,0,124,0,1,0,1,0
http://www.home.blocktrail.com,30,0,0,2,0,73.3333,0,0,0.2,23,0.95,0.1379,1.0,3,0,0,0,0,0,0,0,0,0
http://www.haghtillez.com,25,0,0,1,0,60.0,0,0,0.2,18,0.95,0.2083,1.0,3,0,0,0,0,0,0,0,0,0
https://www.bestonlinecasinowelcomebonus.com,44,0,0,1,1,88.6364,0,0,0.1136,36,0.95,0.093,1.0,3,1,0,0,5,0,1,0,1,1
https://www.agrofoodpark.dk,27,0,0,1,1,81.4815,0,0,0.1852,19,0.5,0.1923,1.0,2,1,0,0,1,0,1,0,1,1
https://loglnyah00l2023.weeblysite.com/,39,0,0,1,1,71.7949,0,0,0.1538,30,0.95,0.1053,1.0,3,0,0,0,0,0,0,0,0,0
http://www.idal-eblagh.ml,25,0,0,1,0,64.0,0,0,0.24,18,0.5,0.1667,1.0,2,0,0,0,0,0,0,0,0,0
http://taher-mohamed-ahmed-saad.github.io/facebook-login-page,61,0,0,1,0,85.2459,0,0,0.1803,34,0.5,0.0667,1.0,2,0,0,0,0,0,0,0,0,0
https://www.disneyanimation.com,31,0,0,1,1,77.4194,0,0,0.1613,23,0.95,0.1333,1.0,3,1,0,0,0,0,1,0,1,1
https://www.stromstad.se,24,0,0,1,1,62.5,0,0,0.2083,16,0.5,0.1739,1.0,2,0,2,0,3,0,1,0,1,1
https://xxela0.webwave.dev/,27,0,0,1,1,70.3704,0,0,0.2222,18,0.5,0.1154,1.0,3,0,0,0,0,0,0,0,0,0
http://geamini-llogg.mystrikingly.com/,38,0,0,1,0,73.6842,0,0,0.1842,30,0.95,0.1081,1.0,3,0,0,0,0,0,0,0,0,0
https://www.ppsspp.org,22,0,0,1,1,77.2727,0,0,0.2273,14,0.9,0.3333,1.0,3,0,0,0,0,0,1,0,1,1
https://www.beadyourfashion.com,31,0,0,1,1,58.0645,0,0,0.1613,23,0.95,0.1333,1.0,3,0,0,0,0,0,0,0,0,1
https://demo2.cloudwp.dev/trial-2w5t8wtu/serivios/es/pagomente/,63,0,0,1,1,87.3016,0,0,0.1746,17,0.5,0.0323,1.0,3,0,0,0,0,0,0,0,0,0
https://www.columbuszoo.org,27,0,0,1,1,62.963,0,0,0.1852,19,0.9,0.1923,1.0,3,4,0,0,17,0,0,0,1,1
https://www.archcareersguide.com,32,0,0,1,1,75.0,0,0,0.1562,24,0.95,0.1613,1.0,3,0,0,0,0,0,0,0,0,1
https://sinisha.net/orange.fr,29,0,0,0,1,82.7586,0,0,0.2069,11,0.85,0.0714,1.0,3,0,0,0,0,0,0,0,0,0
https://www.globalpagoda.org,28,0,0,1,1,78.5714,0,0,0.1786,20,0.9,0.1481,1.0,3,0,0,1,4,0,1,0,1,1
https://www.axn-bulgaria.com,28,0,0,1,1,42.8571,0,0,0.2143,20,0.95,0.1481,1.0,3,0,0,1,0,0,1,0,1,1
https://www.hitradio.ma,23,0,0,1,1,69.5652,0,0,0.2174,15,0.5,0.1818,1.0,2,0,0,0,0,0,1,0,1,1
https://www.nolacashhousebuyer.com,34,0,0,1,1,76.4706,0,0,0.1471,26,0.95,0.1515,1.0,3,0,0,0,0,0,0,0,0,1
http://videosvirar.easy.co/,27,0,0,1,0,77.7778,0,0,0.2222,19,0.8,0.0769,1.0,2,0,0,0,0,0,0,0,1,0
https://metafbhelpp1.web.app/,29,0,0,1,1,75.8621,0,0,0.2069,20,0.5,0.1429,1.0,3,0,0,0,0,0,0,0,0,0
http://guacamayo.net/.../linkedln/linklde/index.html,52,0,0,0,0,84.6154,0,0,0.2308,13,0.85,0.0784,1.0,3,0,0,0,0,0,0,0,0,0
https://www.bhi.nsw.gov.au,26,0,0,3,1,61.5385,0,0,0.2692,18,0.88,0.16,1.0,2,0,0,0,0,0,0,0,0,1
https://www.bedtimefan.com,26,0,0,1,1,53.8462,0,0,0.1923,18,0.95,0.16,1.0,3,0,0,0,0,0,1,0,1,1
https://www.theworkerslab.com,29,0,0,1,1,72.4138,0,0,0.1724,21,0.95,0.1429,1.0,3,0,0,0,0,0,1,0,1,1
https://www.mpg123.org,22,0,0,1,1,59.0909,0,0,0.2273,14,0.9,0.1905,1.0,3,0,0,0,0,0,0,0,0,1
https://www.sanmarinortv.sm,27,0,0,1,1,77.7778,0,0,0.1852,19,0.5,0.1538,1.0,2,0,0,0,176,0,0,0,1,1
https://fleek.ipfs.io/ipfs/qmp7xma1zurhz7kggngtgv64kve5y5pqgzrshen81qkpge/,74,0,0,1,1,86.4865,0,0,0.1081,13,0.5,0.0548,1.0,2,0,0,0,0,0,0,0,0,0
https://ingresoverifica.repl.co/,32,0,0,1,1,75.0,0,0,0.1875,23,0.8,0.0645,1.0,2,0,0,0,0,0,0,0,0,0
https://www.virginiacitymt.com,30,0,0,1,1,63.3333,0,0,0.1667,22,0.95,0.1379,1.0,3,0,0,0,0,0,1,0,1,1
https://www.adcouncil.org,25,0,0,1,1,52.0,0,0,0.2,17,0.9,0.1667,1.0,3,0,0,0,0,0,0,0,0,1
https://reativepontoss11.z21.web.core.windows.net/,50,0,0,4,1,82.0,0,0,0.18,41,0.85,0.0816,1.0,3,0,0,0,0,0,0,0,0,0
http://avvjhuzz6.cf/mmvmmv/cache/authenticate/,46,0,0,0,0,82.6087,0,0,0.1739,12,0.5,0.1333,1.0,2,0,0,0,0,0,0,0,0,0
https://bafybeie5phy2phskg4vmishine6yjw6pga7mj3fdmnlqmrrgkicabmlyy4.ipfs.cf-ipfs.com/,85,0,0,2,1,87.0588,0,0,0.0941,76,0.95,0.0476,1.0,3,0,0,0,0,0,0,0,0,0
https://www.pennsauken.net,26,0,0,1,1,80.7692,0,0,0.1923,18,0.85,0.2,1.0,3,0,0,0,0,0,0,0,0,1
http://www.yumate.co,20,0,0,1,0,50.0,0,0,0.25,13,0.8,0.2105,1.0,2,0,0,0,0,0,0,0,0,0
https://www.michaelriddle.com,29,0,0,1,1,79.3103,0,0,0.1724,21,0.95,0.1786,1.0,3,0,0,0,0,0,0,0,0,1
https://walldesign.com.tr/admin/model/user/,43,0,0,1,1,83.7209,0,0,0.2093,17,0.5,0.0714,1.0,2,0,0,0,0,0,0,0,0,0
https://www.pcrm.org,20,0,0,1,1,65.0,0,0,0.25,12,0.9,0.2105,1.0,3,0,0,0,0,0,0,0,0,1
https://www.medel.com,21,0,0,1,1,61.9048,0,0,0.2381,13,0.95,0.2,1.0,3,0,0,0,0,0,0,0,0,1
http://xn--imdisendehaber-uzc.net/,34,0,0,0,0,64.7059,0,0,0.2353,26,0.85,0.0909,1.0,3,0,0,0,0,0,0,0,0,0
https://kiwirequest.com/,24,0,0,0,1,50.0,0,0,0.2083,15,0.95,0.087,1.0,3,0,0,0,0,0,0,0,0,0
http://www.love.welco.live,26,0,0,2,0,80.7692,0,0,0.2308,19,0.5,0.16,1.0,4,0,0,0,0,0,0,0,0,0
https://www.jitpack.io,22,0,0,1,1,63.6364,0,0,0.2273,14,0.5,0.1905,1.0,2,0,0,0,0,0,0,0,0,1
https://www.coffeegallery.com,29,0,0,1,1,68.9655,0,0,0.1724,21,0.95,0.25,1.0,3,0,0,0,0,0,0,0,0,1
https://www.suparobo.jp,23,0,0,1,1,69.5652,0,0,0.2174,15,0.5,0.1818,1.0,2,0,0,0,0,0,0,0,0,1
https://www.thewoodwardschool.org,33,0,0,1,1,78.7879,0,0,0.1515,25,0.9,0.1875,1.0,3,0,0,0,0,0,0,0,0,1
https://www.enduromag.fr,24,0,0,1,1,45.8333,0,0,0.2083,16,0.5,0.1739,1.0,2,0,0,0,0,0,0,0,0,1
http://www.ggtrends.com,23,0,0,1,0,52.1739,0,0,0.2174,16,0.95,0.2273,1.0,3,0,0,0,0,0,0,0,0,0
https://www.georgealex.net,26,0,0,1,1,61.5385,0,0,0.1923,18,0.85,0.16,1.0,3,0,0,0,0,0,0,0,0,1
https://ayt-103563-100603.square.site/,38,0,0,1,1,76.3158,0,0,0.2105,29,0.35,0.0811,1.0,4,0,0,0,0,0,0,0,0,0
https://aol-103953.weeblysite.com/,34,0,0,1,1,55.8824,0,0,0.2059,25,0.95,0.0909,1.0,3,0,0,0,0,0,0,0,0,0
https://www.safetychew.com,26,0,0,1,1,73.0769,0,0,0.1923,18,0.95,0.16,1.0,3,0,0,0,0,0,0,0,0,1
https://www.dopewars.com,24,0,0,1,1,66.6667,0,0,0.2083,16,0.95,0.1739,1.0,3,0,0,0,0,0,0,0,0,1
https://www.faithvetclinic.com,30,0,0,1,1,63.3333,0,0,0.1667,22,0.95,0.1379,1.0,3,0,0,0,0,0,0,0,0,1
https://3947253894654.934630.repl.co/,37,0,0,2,1,67.5676,0,0,0.1892,28,0.8,0.0556,1.0,2,0,0,0,0,0,0,0,0,0
https://www.nws.cgaux.org,25,0,0,2,1,60.0,0,0,0.24,17,0.9,0.1667,1.0,3,0,0,0,0,0,0,0,0,1
http://www.office-shop.me,25,0,0,1,0,76.0,0,0,0.24,18,0.5,0.2083,1.0,2,0,0,0,0,0,0,0,0,0
https://www.pbusa.org,21,0,0,1,1,61.9048,0,0,0.2381,13,0.9,0.2,1.0,3,0,0,0,0,0,0,0,0,1
http://gmxmulik1.yolasite.com/,30,0,0,1,0,56.6667,0,0,0.2,22,0.95,0.069,1.0,3,0,0,0,0,0,0,0,0,0
https://www.tigraionline.com,28,0,0,1,1,60.7143,0,0,0.1786,20,0.95,0.1481,1.0,3,0,0,0,0,0,0,0,0,1
http://postaskonlinei2382389hh.com.swtest.ru/yterdfry/bibaztgkmv4643/,69,0,0,2,0,82.6087,0,0,0.1304,37,0.5,0.0441,1.0,2,0,0,0,0,0,0,0,0,0
https://sites.google.com/view/webespaceclient-ref8/accueil,58,0,0,1,1,81.0345,0,0,0.1552,16,0.95,0.0702,1.0,3,0,0,0,0,0,0,0,0,0
https://www.pikeplacefish.com,29,0,0,1,1,75.8621,0,0,0.1724,21,0.95,0.1429,1.0,3,0,0,0,0,0,0,0,0,1
http://www.api082104.seemonitor.xyz,35,0,0,2,0,60.0,0,0,0.1714,28,0.35,0.1471,1.0,3,0,0,0,0,0,0,0,0,0
http://www.tellpizzqhut.com,27,0,0,1,0,70.3704,0,0,0.1852,20,0.95,0.2308,1.0,3,0,0,0,0,0,0,0,0,0
https://batalkanpemblokiran-akunfb.weebly.com/,46,0,0,1,1,76.087,0,0,0.1522,37,0.95,0.0667,1.0,3,0,0,0,0,0,0,0,0,0
https://www.camelandgrey.com,28,0,0,1,1,60.7143,0,0,0.1786,20,0.95,0.1481,1.0,3,0,0,0,0,0,0,0,0,1
http://www.virginiabeachnewsdaily.com,37,0,0,1,0,67.5676,0,0,0.1351,30,0.95,0.1111,1.0,3,0,0,0,0,0,0,0,0,0
https://www.pave.org.sg,23,0,0,2,1,69.5652,0,0,0.2609,15,0.5,0.1818,1.0,2,0,0,0,0,0,0,0,0,1
http://43.134.167.94/servicelogin?passive=1209600&amp;continue=https://accounts.google.com/?&amp;xrealip=107.178.232.242&amp;followup=https://accounts.google.com/?&amp;xrealip=107.178.232.242,191,1,0,2,0,98.9529,5,3,0.2147,13,0.5,0.0684,0.9791,2,0,0,0,0,0,0,0,0,0
https://fdgdf11.godaddysites.com/,33,0,0,1,1,72.7273,0,0,0.1818,24,0.95,0.125,1.0,3,0,0,0,0,0,0,0,0,0
https://drivesafeamerica.us/wp-admin/dev/a32q0s%202/a32q0s/post/internet/group/a7013/sslauthui.html,99,0,0,0,1,90.9091,0,0,0.1616,19,0.85,0.0306,0.9899,2,0,0,0,0,0,0,0,0,0
http://www.nazi.uy,18,0,0,1,0,50.0,0,0,0.2778,11,0.5,0.2353,1.0,2,0,0,0,0,0,0,0,0,0
https://www.azd.uscourts.gov,28,0,0,2,1,64.2857,0,0,0.2143,20,0.99,0.1481,1.0,3,0,0,0,0,0,0,0,0,1
https://www.saudija.org,23,0,0,1,1,56.5217,0,0,0.2174,15,0.9,0.1818,1.0,3,0,0,0,0,0,0,0,0,1
https://gateway.ipfs.io/ipfs/bafybeiccj5cf55ruwyu5zyn7jmzu45xj3d4haewvv6p3pta2wpzbqq45nm/,89,0,0,1,1,89.8876,0,0,0.0899,15,0.5,0.0682,1.0,2,0,0,0,0,0,0,0,0,0
https://www.explorehockinghills.com,35,0,0,1,1,80.0,0,0,0.1429,27,0.95,0.1471,1.0,3,0,0,0,0,0,0,0,0,1
https://www.metrorio.com.br,27,0,0,2,1,70.3704,0,0,0.2222,19,0.5,0.1538,1.0,2,0,0,0,0,0,0,0,0,1
https://www.iheartmedia.com,27,0,0,1,1,74.0741,0,0,0.1852,19,0.95,0.1538,1.0,3,0,0,0,0,0,0,0,0,1
https://www.westminster.net,27,0,0,1,1,77.7778,0,0,0.1852,19,0.85,0.1538,1.0,3,0,0,0,0,0,0,0,0,1
http://www.minexmr.stream,25,0,0,1,0,68.0,0,0,0.2,18,0.5,0.1667,1.0,6,0,0,0,0,0,0,0,0,0
https://www.thesealedknot.org.uk,32,0,0,2,1,71.875,0,0,0.1875,24,0.9,0.129,1.0,2,0,0,0,0,0,0,0,0,1
http://www.solidrockwesleyan.ca,31,0,0,1,0,70.9677,0,0,0.1613,24,0.88,0.1333,1.0,2,0,0,0,0,0,0,0,0,0
https://www.mmmrecordings.com,29,0,0,1,1,72.4138,0,0,0.1724,21,0.95,0.2143,1.0,3,0,0,0,0,0,0,0,0,1
https://www.thefootballhistoryboys.com,38,0,0,1,1,76.3158,0,0,0.1316,30,0.95,0.1622,1.0,3,0,0,0,0,0,0,0,0,1
https://www.uruknet.info,24,0,0,1,1,58.3333,0,0,0.2083,16,0.55,0.1739,1.0,4,0,0,0,0,0,0,0,0,1
https://www.grennn.nl,21,0,0,1,1,61.9048,0,0,0.2381,13,0.5,0.3,1.0,2,0,0,0,0,0,0,0,0,1
http://www.hostasa.org,22,0,0,1,0,81.8182,0,0,0.2273,15,0.9,0.1905,1.0,3,0,0,0,0,0,0,0,0,0
https://hpb6ocmck.firebaseapp.com/,34,0,0,1,1,82.3529,0,0,0.1765,25,0.95,0.0909,1.0,3,0,0,0,0,0,0,0,0,0
http://www.techerainnovation.com,32,0,0,1,0,84.375,0,0,0.1562,25,0.95,0.1613,1.0,3,0,0,0,0,0,0,0,0,0
https://www.zoores.ac.cn,24,0,0,2,1,66.6667,0,0,0.25,16,0.5,0.2174,1.0,2,0,0,0,0,0,0,0,0,1
https://www.anewbornnest.com,28,0,0,1,1,71.4286,0,0,0.1786,20,0.95,0.1852,1.0,3,0,0,0,0,0,0,0,0,1
https://www.did-you-mean.com,28,0,0,1,1,60.7143,0,0,0.25,20,0.95,0.1481,1.0,3,0,0,0,0,0,0,0,0,1
http://www.chadwondermagic.com,30,0,0,1,0,76.6667,0,0,0.1667,23,0.95,0.1379,1.0,3,0,0,0,0,0,0,0,0,0
https://dhlexpresse-qa.com/public/f0daogsivj53qytq0be7hdje5hcyppdv,66,0,0,0,1,83.3333,0,0,0.1061,18,0.95,0.0615,1.0,3,0,0,0,0,0,0,0,0,0
http://mail.deliverylifesupport.com/public/oq2zz6oq2cyethxbnda5iesnpiasl14u,75,0,0,1,0,89.3333,0,0,0.0933,28,0.95,0.0541,1.0,3,0,0,0,0,0,0,0,0,0
http://www.bjzksj.com.cn,24,0,0,2,0,58.3333,0,0,0.25,17,0.5,0.1739,1.0,2,0,0,0,0,0,0,0,0,0
http://wallet.callisto.orgdotorg.org/,37,0,0,2,0,75.6757,0,0,0.1892,29,0.9,0.1111,1.0,3,0,0,0,0,0,0,0,0,0
https://www.army.mil,20,0,0,1,1,55.0,0,0,0.25,12,0.5,0.2105,1.0,3,0,0,0,0,0,0,0,0,1
https://www.sarahdelamer.com,28,0,0,1,1,78.5714,0,0,0.1786,20,0.95,0.1481,1.0,3,0,0,0,0,0,0,0,0,1
http://www.plsskq.com,21,0,0,1,0,61.9048,0,0,0.2381,14,0.95,0.25,1.0,3,0,0,0,0,0,0,0,0,0
https://www.id.ee,17,0,0,1,1,64.7059,0,0,0.2941,9,0.5,0.3125,1.0,2,0,0,0,0,0,0,0,0,1
https://hzmjfinxbxuuoo02.z13.web.core.windows.net/,50,0,0,4,1,76.0,0,0,0.18,41,0.85,0.0816,1.0,3,0,0,0,0,0,0,0,0,0
http://www.panzey.com,21,0,0,1,0,52.381,0,0,0.2381,14,0.95,0.2,1.0,3,0,0,0,0,0,0,0,0,0
https://www.ssc.gov.jo,22,0,0,2,1,68.1818,0,0,0.2727,14,0.5,0.2381,1.0,2,0,0,0,0,0,0,0,0,1
http://www.gosvish.com,22,0,0,1,0,68.1818,0,0,0.2273,15,0.95,0.1905,1.0,3,0,0,0,0,0,0,0,0,0
https://www.portadisotto.it,27,0,0,1,1,81.4815,0,0,0.1852,19,0.5,0.1923,1.0,2,0,0,0,0,0,0,0,0,1
http://www.windowfile.itemdb.com,32,0,0,2,0,75.0,0,0,0.1875,25,0.95,0.129,1.0,3,0,0,0,0,0,0,0,0,0
http://www.yk.wookhost.me,25,0,0,2,0,76.0,0,0,0.24,18,0.5,0.2083,1.0,2,0,0,0,0,0,0,0,0,0
https://www.quangtri.gov.vn,27,0,0,2,1,62.963,0,0,0.2222,19,0.5,0.1538,1.0,2,0,0,0,0,0,0,0,0,1
https://www.elevenplusexams.co.uk,33,0,0,2,1,69.697,0,0,0.1818,25,0.9,0.125,1.0,2,0,0,0,0,0,0,0,0,1
http://www.dodoeshop.com,24,0,0,1,0,79.1667,0,0,0.2083,17,0.95,0.1739,1.0,3,0,0,0,0,0,0,0,0,0
https://www.idfa.org,20,0,0,1,1,45.0,0,0,0.25,12,0.9,0.2105,1.0,3,0,0,0,0,0,0,0,0,1
https://www.az511.com,21,0,0,1,1,52.381,0,0,0.2381,13,0.95,0.25,1.0,3,0,0,0,0,0,0,0,0,1
https://www.efotbal.cz,22,0,0,1,1,45.4545,0,0,0.2273,14,0.5,0.1905,1.0,2,0,0,0,0,0,0,0,0,1
https://www.adha.org,20,0,0,1,1,65.0,0,0,0.25,12,0.9,0.2105,1.0,3,0,0,0,0,0,0,0,0,1
http://www.ad-lie.ga,20,0,0,1,0,55.0,0,0,0.3,13,0.5,0.2105,1.0,2,0,0,0,0,0,0,0,0,0
https://webcentriscemsen.wapka.xyz/,35,0,0,1,1,71.4286,0,0,0.1714,26,0.35,0.0588,1.0,3,0,0,0,0,0,0,0,0,0
https://341b22a4-0766-4eca-90dd-3d060f2d9c76.id.repl.co,55,0,0,2,1,81.8182,0,0,0.1818,47,0.8,0.0926,1.0,2,0,0,0,0,0,0,0,0,0
https://www.ga.gov.au,21,0,0,2,1,66.6667,0,0,0.2857,13,0.88,0.2,1.0,2,0,0,0,0,0,0,0,0,1
https://www.biodiversitywales.org.uk,36,0,0,2,1,66.6667,0,0,0.1667,28,0.9,0.1143,1.0,2,0,0,0,0,0,0,0,0,1
http://vallettaferryservices.com/wp-includes/widgets/moto/credit-agricole/particulier-crca-national/acceder-a-mes-comptes.html/index.html,137,0,0,0,0,97.0803,0,0,0.146,25,0.95,0.0441,1.0,3,0,0,0,0,0,0,0,0,0
https://www.chatham-ma.gov,26,0,0,1,1,69.2308,0,0,0.2308,18,0.99,0.16,1.0,3,0,0,0,0,0,0,0,0,1
http://www.liguendembo.com,26,0,0,1,0,57.6923,0,0,0.1923,19,0.95,0.16,1.0,3,0,0,0,0,0,0,0,0,0
https://www.maf-uk.org,22,0,0,1,1,40.9091,0,0,0.2727,14,0.9,0.1905,1.0,3,0,0,0,0,0,0,0,0,1
https://www.everyworks.de,25,0,0,1,1,68.0,0,0,0.2,17,0.88,0.1667,1.0,2,0,0,0,0,0,0,0,0,1
http://www.fourjmedia.com,25,0,0,1,0,52.0,0,0,0.2,18,0.95,0.1667,1.0,3,0,0,0,0,0,0,0,0,0
http://paypal.com-cgi-bin.webscr.cmd-secure-login.webscr.cmd-home.country-lang.true-cmd.areuhj.dstech.us.com/mtm/direct/.ejy9kt1owkaqhd-ll0i3ibelxguonpgtrajl54zst9n2oduw3vmggt_dra_0abg7c05mvurkpi0tudw3nayx6jsvrsuae1ykm6xcjnhbjhapjgktsa2aaql2xqz__awuyhz0gbk2c1qkbkug20sestdzlsqkgwveq_npr6bwyi6boupgqe5td-r1-df4hmkgr8pznnm_my3mlxgg_jj1qz8ef6bttnua1z144yu0da1j4a8nkwgfw1ipgvdwy3wcu-fdojuo9p4lyrk_ft2dg8xbjalwxbbcuq964xk03kztoxdiwpm_mdzpx8tux2pavkbkfgguhaqksdp8lnkzvgw4kxvuciraoc_fpixbhqaicelzbsjv0qrkoapiy8i5nz2r039x5hf7-xbpnrto40e51tc3i4zqfw:1osnna:r88qnqv49wuvrtvy6zmm7kjvaxa/2,576,0,0,10,0,100.0,0,0,0.0747,101,0.95,0.0278,1.0,3,0,0,0,0,0,0,0,0,0
http://www.elatadesan.ml,24,0,0,1,0,70.8333,0,0,0.2083,17,0.5,0.1739,1.0,2,0,0,0,0,0,0,0,0,0
https://facebook-help-3003825179452303.web.app/,47,0,0,1,1,74.4681,0,0,0.1702,38,0.5,0.1087,1.0,3,0,0,0,0,0,0,0,0,0
https://www.glutenfreeyummy.com,31,0,0,1,1,64.5161,0,0,0.1613,23,0.95,0.2,1.0,3,0,0,0,0,0,0,0,0,1
https://tridentsecured.com,26,0,0,0,1,65.3846,0,0,0.1538,18,0.95,0.08,1.0,3,0,0,0,0,0,0,0,0,0
https://www.vaporplants.com,27,0,0,1,1,70.3704,0,0,0.1852,19,0.95,0.1538,1.0,3,0,0,0,0,0,0,0,0,1
https://onlinequranteaching.com/public/jonj6f3saejbcjusn2smgl8tydwsmbn1,71,0,0,0,1,81.6901,0,0,0.0845,23,0.95,0.0286,1.0,3,0,0,0,0,0,0,0,0,0
http://kra-krnlg-gin.godaddysites.com/,38,0,0,1,0,78.9474,0,0,0.2105,30,0.95,0.0811,1.0,3,0,0,0,0,0,0,0,0,0
https://www.town.aichi-higashiura.lg.jp,39,0,0,3,1,76.9231,0,0,0.2051,31,0.5,0.1053,1.0,2,0,0,0,0,0,0,0,0,1
https://www.stevenderosa.com,28,0,0,1,1,64.2857,0,0,0.1786,20,0.95,0.1481,1.0,3,0,0,0,0,0,0,0,0,1
https://tribelio.page/confirm-your-page,39,0,0,0,1,69.2308,0,0,0.1795,13,0.5,0.0526,1.0,4,0,0,0,0,0,0,0,0,0
https://www.nbs-system.com,26,0,0,1,1,61.5385,0,0,0.2308,18,0.95,0.16,1.0,3,0,0,0,0,0,0,0,0,1
https://www.bigboysclub.com.au,30,0,0,2,1,70.0,0,0,0.2,22,0.88,0.1379,1.0,2,0,0,0,0,0,0,0,0,1
https://www.phloem.app,22,0,0,1,1,68.1818,0,0,0.2273,14,0.5,0.2381,1.0,3,0,0,0,0,0,0,0,0,1
https://www.nicholsonspubs.co.uk,32,0,0,2,1,84.375,0,0,0.1875,24,0.9,0.129,1.0,2,0,0,0,0,0,0,0,0,1
https://www.udvhadsereg.hu,26,0,0,1,1,76.9231,0,0,0.1923,18,0.5,0.16,1.0,2,0,0,0,0,0,0,0,0,1
https://bafybeihfhvogfhsiskq7phx56a66f6rw3wqik5bs27vgnucho7j5ojehwi.ipfs.infura-ipfs.io//sholy.html,99,0,0,2,1,92.9293,0,0,0.101,79,0.5,0.0408,1.0,2,0,0,0,0,0,0,0,0,0
http://www.dreamschools.online,30,0,0,1,0,73.3333,0,0,0.1667,23,0.35,0.1724,1.0,6,0,0,0,0,0,0,0,0,0
http://www.majimoeleanallin30minutes.com,40,0,0,1,0,77.5,0,0,0.125,33,0.95,0.1282,1.0,3,0,0,0,0,0,0,0,0,0
https://www.progressive-area.com,32,0,0,1,1,75.0,0,0,0.1875,24,0.95,0.1613,1.0,3,0,0,0,0,0,0,0,0,1
https://www.n-tv.de,19,0,0,1,1,52.6316,0,0,0.3158,11,0.88,0.2222,1.0,2,0,0,0,0,0,0,0,0,1
https://www.frjcohsa.com,24,0,0,1,1,70.8333,0,0,0.2083,16,0.95,0.1739,1.0,3,0,0,0,0,0,0,0,0,0
https://www.ottawacountyauditor.org,35,0,0,1,1,71.4286,0,0,0.1429,27,0.9,0.1471,1.0,3,0,0,0,0,0,0,0,0,1
https://docsreceived.myportfolio.com/,37,0,0,1,1,83.7838,0,0,0.1622,28,0.95,0.0556,1.0,3,0,0,0,0,0,0,0,0,0
http://www.buthagnere.com,25,0,0,1,0,56.0,0,0,0.2,18,0.95,0.1667,1.0,3,0,0,0,0,0,0,0,0,0
http://mail.deliverylifesupport.com/public/8fadehdblfua6lgs1ksqwxiufsvhg3nt,75,0,0,1,0,85.3333,0,0,0.0933,28,0.95,0.0405,1.0,3,0,0,0,0,0,0,0,0,0
http://www.wodemo.com,21,0,0,1,0,71.4286,0,0,0.2381,14,0.95,0.2,1.0,3,0,0,0,0,0,0,0,0,0
https://www.planikafires.com,28,0,0,1,1,60.7143,0,0,0.1786,20,0.95,0.1481,1.0,3,0,0,0,0,0,0,0,0,1
https://postfinance-b7c5.firebaseapp.com/,41,0,0,1,1,82.9268,0,0,0.1707,32,0.95,0.075,1.0,3,0,0,0,0,0,0,0,0,0
https://www.sportweek.fr,24,0,0,1,1,79.1667,0,0,0.2083,16,0.5,0.2174,1.0,2,0,0,0,0,0,0,0,0,1
https://www.kmkchemicals.com,28,0,0,1,1,75.0,0,0,0.1786,20,0.95,0.1481,1.0,3,0,0,0,0,0,0,0,0,1
https://www.truehollywoodtalk.com,33,0,0,1,1,63.6364,0,0,0.1515,25,0.95,0.1875,1.0,3,0,0,0,0,0,0,0,0,1
https://www.thecarringtonshoppe.com,35,0,0,1,1,85.7143,0,0,0.1429,27,0.95,0.1765,1.0,3,0,0,0,0,0,0,0,0,1
https://dhl.707252.facets.wiki/tracking/tracking.php?id=6867194&page=307,72,0,0,2,1,83.3333,2,1,0.1806,22,0.5,0.0282,1.0,4,0,0,0,0,0,0,0,0,0
https://moccasinfairide--ebisa1plus.repl.co/,44,0,0,1,1,79.5455,0,0,0.1818,35,0.8,0.093,1.0,2,0,0,0,0,0,0,0,0,0
https://www.goodytwos.com,25,0,0,1,1,68.0,0,0,0.2,17,0.95,0.2083,1.0,3,0,0,0,0,0,0,0,0,1
http://idlevirtualtelecommunications.pastermil.repl.co/,55,0,0,2,0,92.7273,0,0,0.1273,47,0.8,0.0556,1.0,2,0,0,0,0,0,0,0,0,0
http://www.foilloo.xyz/amip/,28,0,0,1,0,71.4286,0,0,0.25,15,0.35,0.2222,1.0,3,0,0,0,0,0,0,0,0,0
http://www.internalseg.com,26,0,0,1,0,53.8462,0,0,0.1923,19,0.95,0.16,1.0,3,0,0,0,0,0,0,0,0,0
https://www.spisa.nu,20,0,0,1,1,70.0,0,0,0.25,12,0.5,0.2105,1.0,2,0,0,0,0,0,0,0,0,1
https://www.basscoast.vic.gov.au,32,0,0,3,1,78.125,0,0,0.2188,24,0.88,0.1613,1.0,2,0,0,0,0,0,0,0,0,1
https://www.lalashops.nl,24,0,0,1,1,87.5,0,0,0.2083,16,0.5,0.1739,1.0,2,0,0,0,0,0,0,0,0,1
https://bcrbancodecostarica.crbcronline.repl.co/,48,0,0,2,1,93.75,0,0,0.1458,39,0.8,0.0426,1.0,2,0,0,0,0,0,0,0,0,0
https://www.buildupnepal.com,28,0,0,1,1,57.1429,0,0,0.1786,20,0.95,0.1481,1.0,3,0,0,0,0,0,0,0,0,1
https://www.don-patadon.com,27,0,0,1,1,77.7778,0,0,0.2222,19,0.95,0.1538,1.0,3,0,0,0,0,0,0,0,0,1
https://raspy-lake-1fdf.glglhdlhb5.workers.dev/,47,0,0,2,1,82.9787,0,0,0.1915,38,0.5,0.0435,1.0,3,0,0,0,0,0,0,0,0,0
https://punjabexpress.net/wetransfer/,37,0,0,0,1,75.6757,0,0,0.1622,17,0.85,0.0833,1.0,3,0,0,0,0,0,0,0,0,0
https://www.guardians.net,25,0,0,1,1,64.0,0,0,0.2,17,0.85,0.1667,1.0,3,0,0,0,0,0,0,0,0,1
http://www.hurstvillecollectablesfair.com/serverlist/a/,55,0,0,1,0,89.0909,0,0,0.1455,34,0.95,0.1111,1.0,3,0,0,0,0,0,0,0,0,0
https://www.majorpoolsupplies.com,33,0,0,1,1,72.7273,0,0,0.1515,25,0.95,0.1875,1.0,3,0,0,0,0,0,0,0,0,1
http://aisppdmnyn.duckdns.org/,30,0,0,1,0,60.0,0,0,0.2,22,0.9,0.1034,1.0,3,0,0,0,0,0,0,0,0,0
https://www.officehrmyworkdayemployee.ftp1.biz/,47,0,0,2,1,78.7234,0,0,0.1489,38,0.5,0.1304,1.0,3,0,0,0,0,0,0,0,0,0
http://www.glorymolly.com,25,0,0,1,0,76.0,0,0,0.2,18,0.95,0.2083,1.0,3,0,0,0,0,0,0,0,0,0
https://www.eglin.af.mil,24,0,0,2,1,58.3333,0,0,0.25,16,0.5,0.1739,1.0,3,0,0,0,0,0,0,0,0,1
https://www.handannews.com.cn,29,0,0,2,1,79.3103,0,0,0.2069,21,0.5,0.1786,1.0,2,0,0,0,0,0,0,0,0,1
https://www.yogapedia.com,25,0,0,1,1,60.0,0,0,0.2,17,0.95,0.1667,1.0,3,0,0,0,0,0,0,0,0,1
http://www.partnermdg.com,25,0,0,1,0,64.0,0,0,0.2,18,0.95,0.1667,1.0,3,0,0,0,0,0,0,0,0,0
https://www.asiapropertyhq.com,30,0,0,1,1,76.6667,0,0,0.1667,22,0.95,0.1379,1.0,3,0,0,0,0,0,0,0,0,1
https://www.inforse.org,23,0,0,1,1,65.2174,0,0,0.2174,15,0.9,0.1818,1.0,3,0,0,0,0,0,0,0,0,1
http://www.mail.yotaglobal.com,30,0,0,2,0,73.3333,0,0,0.2,23,0.95,0.1379,1.0,3,0,0,0,0,0,0,0,0,0
http://wcnekxjfxq.duckdns.org,29,0,0,1,0,55.1724,0,0,0.1724,22,0.9,0.0714,1.0,3,0,0,0,0,0,0,0,0,0
https://aminplusdiet.it/inse.nhpn/ncce.isn.php,46,0,0,0,1,86.9565,0,0,0.1957,15,0.5,0.0667,1.0,2,0,0,0,0,0,0,0,0,0
https://www.mniboats.com,24,0,0,1,1,66.6667,0,0,0.2083,16,0.95,0.1739,1.0,3,0,0,0,0,0,0,0,0,1
http://www.torneocittadiverona.it,33,0,0,1,0,81.8182,0,0,0.1515,26,0.5,0.1562,1.0,2,0,0,0,0,0,0,0,0,0
https://us-east1-jovial-monument-372917.cloudfunctions.net/nwscbfrio,68,0,0,1,1,82.3529,0,0,0.1471,50,0.85,0.0299,1.0,3,0,0,0,0,0,0,0,0,0
http://pemblockiranfacebokkpagelogin.wibux.work.gd/,51,0,0,2,0,86.2745,0,0,0.1373,43,0.5,0.06,1.0,2,0,0,0,0,0,0,0,0,0
https://confirm.address-match.workers.dev/,42,0,0,2,1,78.5714,0,0,0.1905,33,0.5,0.0976,1.0,3,0,0,0,0,0,0,0,0,0
http://gxz84326mroi.biz.id/,27,0,0,1,0,44.4444,0,0,0.2222,19,0.5,0.0769,1.0,2,0,0,0,0,0,0,0,0,0
https://www.compstonkitchen.com,31,0,0,1,1,87.0968,0,0,0.1613,23,0.95,0.1333,1.0,3,0,0,0,0,0,0,0,0,1
https://supportsystemprivacyproblem.start.page/?account-service,63,0,0,1,1,87.3016,0,1,0.127,38,0.5,0.0645,1.0,4,0,0,0,0,0,0,0,0,0
https://www.katesfamilypets.com/,32,0,0,1,1,71.875,0,0,0.1875,23,0.95,0.129,1.0,3,0,0,0,0,0,0,0,0,0
http://www.cnjskconstruction.com,32,0,0,1,0,71.875,0,0,0.1562,25,0.95,0.129,1.0,3,0,0,0,0,0,0,0,0,0
https://www.nelsotech.com,25,0,0,1,1,80.0,0,0,0.2,17,0.95,0.1667,1.0,3,0,0,0,0,0,0,0,0,1
https://melodicuselessslo.ajsndaj.repl.co/,42,0,0,2,1,83.3333,0,0,0.1667,33,0.8,0.0976,1.0,2,0,0,0,0,0,0,0,0,0
https://www.austinuts.com,25,0,0,1,1,64.0,0,0,0.2,17,0.95,0.1667,1.0,3,0,0,0,0,0,0,0,0,1
https://www.sshopencloud.eu,27,0,0,1,1,81.4815,0,0,0.1852,19,0.5,0.1923,1.0,2,0,0,0,0,0,0,0,0,1
https://www.opsisarch.com,25,0,0,1,1,80.0,0,0,0.2,17,0.95,0.1667,1.0,3,0,0,0,0,0,0,0,0,1
http://www.maltempata.com,25,0,0,1,0,76.0,0,0,0.2,18,0.95,0.1667,1.0,3,0,0,0,0,0,0,0,0,0
http://www.statisticpixels.com,30,0,0,1,0,73.3333,0,0,0.1667,23,0.95,0.1379,1.0,3,0,0,0,0,0,0,0,0,0
https://www.cooperorthodontics.com,34,0,0,1,1,82.3529,0,0,0.1471,26,0.95,0.1515,1.0,3,0,0,0,0,0,0,0,0,1
http://www.recovery-services.info,33,0,0,1,0,78.7879,0,0,0.1818,26,0.55,0.125,1.0,4,0,0,0,0,0,0,0,0,0
https://www.zavvi.com,21,0,0,1,1,52.381,0,0,0.2381,13,0.95,0.25,1.0,3,0,0,0,0,0,0,0,0,1
https://www.cliniquevetodax.com,31,0,0,1,1,58.0645,0,0,0.1613,23,0.95,0.1333,1.0,3,0,0,0,0,0,0,0,0,1
http://www.meldorgroup.cn,25,0,0,1,0,60.0,0,0,0.2,18,0.5,0.1667,1.0,2,0,0,0,0,0,0,0,0,0
http://www.aagzz.com,20,0,0,1,0,65.0,0,0,0.25,13,0.95,0.3158,1.0,3,0,0,0,0,0,0,0,0,0
https://www.canal10.com.uy,26,0,0,2,1,53.8462,0,0,0.2308,18,0.5,0.16,1.0,2,0,0,0,0,0,0,0,0,1
http://www.admin.cpufan.club,28,0,0,2,0,71.4286,0,0,0.2143,21,0.5,0.1481,1.0,4,0,0,0,0,0,0,0,0,0
https://www.childbrides.org,27,0,0,1,1,70.3704,0,0,0.1852,19,0.9,0.1538,1.0,3,0,0,0,0,0,0,0,0,1
https://www.backstage360.com,28,0,0,1,1,57.1429,0,0,0.1786,20,0.95,0.1481,1.0,3,0,0,0,0,0,0,0,0,1
http://www.autokaskoosiguranje.rs.ba,36,0,0,2,0,75.0,0,0,0.1667,29,0.5,0.1429,1.0,2,0,0,0,0,0,0,0,0,0
https://www.artxzay.com,23,0,0,1,1,52.1739,0,0,0.2174,15,0.95,0.1818,1.0,3,0,0,0,0,0,0,0,0,1
http://www.alabamaballdrop.com,30,0,0,1,0,83.3333,0,0,0.1667,23,0.95,0.1724,1.0,3,0,0,0,0,0,0,0,0,0
https://www.pennsicwar.org,26,0,0,1,1,69.2308,0,0,0.1923,18,0.9,0.2,1.0,3,0,0,0,0,0,0,0,0,1
http://www.belowto.com,22,0,0,1,0,63.6364,0,0,0.2273,15,0.95,0.1905,1.0,3,0,0,0,0,0,0,0,0,0
https://sfd09-yruf23.web.app/,29,0,0,1,1,48.2759,0,0,0.2414,20,0.5,0.1071,1.0,3,0,0,0,0,0,0,0,0,0
https://obabanter28.web.app/,28,0,0,1,1,67.8571,0,0,0.2143,19,0.5,0.1111,1.0,3,0,0,0,0,0,0,0,0,0
http://www.dvm4vh9l.cfd,23,0,0,1,0,65.2174,0,0,0.2174,16,0.5,0.1818,1.0,3,0,0,0,0,0,0,0,0,0
https://www.stylebistro.com,27,0,0,1,1,59.2593,0,0,0.1852,19,0.95,0.1538,1.0,3,0,0,0,0,0,0,0,0,1
https://www.jarzone.com,23,0,0,1,1,47.8261,0,0,0.2174,15,0.95,0.1818,1.0,3,0,0,0,0,0,0,0,0,1
https://www.stratcom.mil,24,0,0,1,1,62.5,0,0,0.2083,16,0.5,0.1739,1.0,3,0,0,0,0,0,0,0,0,1
https://www.phys.hawaii.edu,27,0,0,2,1,81.4815,0,0,0.2222,19,0.98,0.1923,1.0,3,0,0,0,0,0,0,0,0,1
https://eadfast.cyou/gineas.php,31,0,0,0,1,67.7419,0,0,0.1935,12,0.5,0.0667,1.0,4,0,0,0,0,0,0,0,0,0
https://ev6gwa.webwave.dev/,27,0,0,1,1,70.3704,0,0,0.2222,18,0.5,0.0769,1.0,3,0,0,0,0,0,0,0,0,0
http://wordpress-105671-0.cloudclusters.net/rmk/,48,0,0,1,0,81.25,0,0,0.1875,36,0.85,0.0638,1.0,3,0,0,0,0,0,0,0,0,0
http://www.avmirror.com,23,0,0,1,0,69.5652,0,0,0.2174,16,0.95,0.2273,1.0,3,0,0,0,0,0,0,0,0,0
https://www.aaronwjohnston.com,30,0,0,1,1,80.0,0,0,0.1667,22,0.95,0.1724,1.0,3,0,0,0,0,0,0,0,0,1
http://mail.pemulihan11297.3gp.work.gd/,39,0,0,3,0,66.6667,0,0,0.2051,31,0.5,0.0789,1.0,2,0,0,0,0,0,0,0,0,0
https://business-meta-appeal-1269-0126.web.app/,47,0,0,1,1,78.7234,0,0,0.2128,38,0.5,0.1087,1.0,3,0,0,0,0,0,0,0,0,0
https://sefcu-a.web.app/,24,0,0,1,1,66.6667,0,0,0.2917,15,0.5,0.1304,1.0,3,0,0,0,0,0,0,0,0,0
https://e4cd33f7-70cc-4103-b15a-1a065a2b312a.id.repl.co,55,0,0,2,1,83.6364,0,0,0.1818,47,0.8,0.0741,1.0,2,0,0,0,0,0,0,0,0,0
https://www.armoryarts.org,26,0,0,1,1,76.9231,0,0,0.1923,18,0.9,0.16,1.0,3,0,0,0,0,0,0,0,0,1
http://www.a0616251.xsph.ru,27,0,0,2,0,66.6667,0,0,0.2222,20,0.5,0.1538,1.0,2,0,0,0,0,0,0,0,0,0
http://xn--looksrar-ceb.org,27,0,0,0,0,48.1481,0,0,0.2593,20,0.9,0.1538,1.0,3,0,0,0,0,0,0,0,0,0
https://www.slcg.com,20,0,0,1,1,65.0,0,0,0.25,12,0.95,0.2105,1.0,3,0,0,0,0,0,0,0,0,1
https://www.teacherstylebox.com,31,0,0,1,1,70.9677,0,0,0.1613,23,0.95,0.1333,1.0,3,0,0,0,0,0,0,0,0,1
https://www.tisserontorthodontics.com,37,0,0,1,1,86.4865,0,0,0.1351,29,0.95,0.1389,1.0,3,0,0,0,0,0,0,0,0,1
https://www.uisp.it,19,0,0,1,1,84.2105,0,0,0.2632,11,0.5,0.2222,1.0,2,0,0,0,0,0,0,0,0,1
http://www.778189.com,21,0,0,1,0,61.9048,0,0,0.2381,14,0.95,0.25,1.0,3,0,0,0,0,0,0,0,0,0
https://www.industrialartifacts.net,35,0,0,1,1,74.2857,0,0,0.1429,27,0.85,0.1176,1.0,3,0,0,0,0,0,0,0,0,1
https://www.shiatv.net,22,0,0,1,1,68.1818,0,0,0.2273,14,0.85,0.1905,1.0,3,0,0,0,0,0,0,0,0,1
https://project2a-cc9ba.firebaseapp.com/,40,0,0,1,1,77.5,0,0,0.175,31,0.95,0.1026,1.0,3,0,0,0,0,0,0,0,0,0
https://www.legalmatch.com,26,0,0,1,1,76.9231,0,0,0.1923,18,0.95,0.16,1.0,3,0,0,0,0,0,0,0,0,1
https://qm-army4.com/proof/dhl/94df422754bd7245d8420e8db9494df422754bd7245d8420e894df422754bd7245d8420e8db9494df422754bd7245d8420e8db94df422754bd7245d8420e8dbdf422754bd7245d8420e8dbdb94df422754bd7245d8420e8dbdf42/info.php,221,0,0,0,1,95.4751,0,0,0.0452,12,0.95,0.0455,1.0,3,0,0,0,0,0,0,0,0,0
http://www.moregeek.xyz,23,0,0,1,0,52.1739,0,0,0.2174,16,0.35,0.2273,1.0,3,0,0,0,0,0,0,0,0,0
https://www.id-nee.nl,21,0,0,1,1,61.9048,0,0,0.2857,13,0.5,0.25,1.0,2,0,0,0,0,0,0,0,0,1
http://www.kmcodecs.com,23,0,0,1,0,69.5652,0,0,0.2174,16,0.95,0.1818,1.0,3,0,0,0,0,0,0,0,0,0
https://dev-ingresar-validacion-bcb-0800.pantheonsite.io,56,0,0,1,1,92.8571,0,0,0.1607,48,0.5,0.0545,1.0,2,0,0,0,0,0,0,0,0,0
http://www.xy962.com,20,0,0,1,0,45.0,0,0,0.25,13,0.95,0.2105,1.0,3,0,0,0,0,0,0,0,0,0
https://unga3bunga.firebaseapp.com/,35,0,0,1,1,74.2857,0,0,0.1714,26,0.95,0.0882,1.0,3,0,0,0,0,0,0,0,0,0
https://www.lovemaineadventures.com,35,0,0,1,1,74.2857,0,0,0.1429,27,0.95,0.1176,1.0,3,0,0,0,0,0,0,0,0,1
https://wwwgarantibonusiademerkezigiris.com/,44,0,0,0,1,77.2727,0,0,0.1136,35,0.95,0.093,1.0,3,0,0,0,0,0,0,0,0,0
https://www.diycontrols.com,27,0,0,1,1,62.963,0,0,0.1852,19,0.95,0.1538,1.0,3,0,0,0,0,0,0,0,0,1
https://www.alicejamesbooks.org,31,0,0,1,1,61.2903,0,0,0.1613,23,0.9,0.1667,1.0,3,0,0,0,0,0,0,0,0,1
http://www.ultralacelike.org,28,0,0,1,0,67.8571,0,0,0.1786,21,0.9,0.1481,1.0,3,0,0,0,0,0,0,0,0,0
https://www.socialsuccessmarketing.com,38,0,0,1,1,76.3158,0,0,0.1316,30,0.95,0.1622,1.0,3,0,0,0,0,0,0,0,0,1
http://www.bg.fbcode.co,23,0,0,2,0,69.5652,0,0,0.2609,16,0.8,0.1818,1.0,2,0,0,0,0,0,0,0,0,0
http://www.marcowine.com,24,0,0,1,0,66.6667,0,0,0.2083,17,0.95,0.1739,1.0,3,0,0,0,0,0,0,0,0,0
https://adamascrate.firebaseapp.com/,36,0,0,1,1,80.5556,0,0,0.1667,27,0.95,0.0857,1.0,3,0,0,0,0,0,0,0,0,0
https://www.blueclawco.com,26,0,0,1,1,65.3846,0,0,0.1923,18,0.95,0.16,1.0,3,0,0,0,0,0,0,0,0,1
http://www.originalsbrands.com,30,0,0,1,0,70.0,0,0,0.1667,23,0.95,0.1379,1.0,3,0,0,0,0,0,0,0,0,0
https://fb-business-appeal-21855.firebaseapp.com/,49,0,0,1,1,75.5102,0,0,0.1837,40,0.95,0.125,1.0,3,0,0,0,0,0,0,0,0,0
https://dev-new-veriifybo.pantheonsite.io/des/index.php,55,0,0,1,1,85.4545,0,0,0.1818,33,0.5,0.0556,1.0,2,0,0,0,0,0,0,0,0,0
https://www.buse.ac.zw,22,0,0,2,1,59.0909,0,0,0.2727,14,0.5,0.1905,1.0,2,0,0,0,0,0,0,0,0,1
http://pees-panelllw-3.ml/meritrust/,36,0,0,0,0,75.0,0,0,0.2222,18,0.5,0.1429,1.0,2,0,0,0,0,0,0,0,0,0
https://www.ussvi.org,21,0,0,1,1,57.1429,0,0,0.2381,13,0.9,0.25,1.0,3,0,0,0,0,0,0,0,0,1
http://www.reports.tomorrowforgood.com,38,0,0,2,0,78.9474,0,0,0.1579,31,0.95,0.1622,1.0,3,0,0,0,0,0,0,0,0,0
https://www.racp.edu.au,23,0,0,2,1,69.5652,0,0,0.2609,15,0.88,0.1818,1.0,2,0,0,0,0,0,0,0,0,1
https://www.uniktour.com,24,0,0,1,1,58.3333,0,0,0.2083,16,0.95,0.1739,1.0,3,0,0,0,0,0,0,0,0,1
https://isec-iduser-online.66-29-142-139.cprapid.com/lts-ide/,61,0,0,2,1,88.5246,0,0,0.2295,44,0.95,0.05,1.0,3,0,0,0,0,0,0,0,0,0
https://www.hakes.com,21,0,0,1,1,61.9048,0,0,0.2381,13,0.95,0.2,1.0,3,0,0,0,0,0,0,0,0,1
http://www.login.mynewellowstore.com,36,0,0,2,0,75.0,0,0,0.1667,29,0.95,0.1429,1.0,3,0,0,0,0,0,0,0,0,0
http://juegosdepcymuchomas.blogspot.de/,39,0,0,1,0,84.6154,0,0,0.1538,31,0.88,0.0526,1.0,2,0,0,0,0,0,0,0,0,0
https://ww3apptruist.firebaseapp.com/,37,0,0,1,1,75.6757,0,0,0.1622,28,0.95,0.1389,1.0,3,0,0,0,0,0,0,0,0,0
https://ipfs.io/ipfs/bafybeidwjdwmnmxnq44vv73yvmq233xwr4yt3vhuqgyygnk4mrdffxeswm,80,0,0,0,1,88.75,0,0,0.075,7,0.5,0.0886,1.0,2,0,0,0,0,0,0,0,0,0
https://www.findurings.com,26,0,0,1,1,57.6923,0,0,0.1923,18,0.95,0.16,1.0,3,0,0,0,0,0,0,0,0,1
http://www.menustarten.com,26,0,0,1,0,65.3846,0,0,0.1923,19,0.95,0.16,1.0,3,0,0,0,0,0,0,0,0,0
http://www.delicatepunch.com,28,0,0,1,0,67.8571,0,0,0.1786,21,0.95,0.1481,1.0,3,0,0,0,0,0,0,0,0,0
https://www.npstc.org,21,0,0,1,1,66.6667,0,0,0.2381,13,0.9,0.2,1.0,3,0,0,0,0,0,0,0,0,1
https://www.itnwwe.com,22,0,0,1,1,54.5455,0,0,0.2273,14,0.95,0.2381,1.0,3,0,0,0,0,0,0,0,0,1
https://storageapi.fleek.co/6bb6bbcc-46fa-4fee-a7cb-a30e8e0c1cd6-bucket/uplqscan.html,85,0,0,1,1,85.8824,0,0,0.1529,19,0.8,0.0833,1.0,2,0,0,0,0,0,0,0,0,0
http://www.turbo-services.com,29,0,0,1,0,68.9655,0,0,0.2069,22,0.95,0.1429,1.0,3,0,0,0,0,0,0,0,0,0
https://www.modernmasters.com,29,0,0,1,1,75.8621,0,0,0.1724,21,0.95,0.1429,1.0,3,0,0,0,0,0,0,0,0,1
https://deliverylifesupport.com/public/vjzmoq5xd0tkvlx9crit1nxjsd432l9v,71,0,0,0,1,77.4648,0,0,0.0845,23,0.95,0.0429,1.0,3,0,0,0,0,0,0,0,0,0
https://spamdetector.click/login,32,0,0,0,1,68.75,0,0,0.1562,18,0.25,0.0645,1.0,5,0,0,0,0,0,0,0,0,0
https://www.mcdonoughga.org,27,0,0,1,1,62.963,0,0,0.1852,19,0.9,0.1538,1.0,3,0,0,0,0,0,0,0,0,1
http://www.congtycamvinh.com,28,0,0,1,0,75.0,0,0,0.1786,21,0.95,0.1481,1.0,3,0,0,0,0,0,0,0,0,0
https://www.eraseracismny.org,29,0,0,1,1,65.5172,0,0,0.1724,21,0.9,0.1429,1.0,3,0,0,0,0,0,0,0,0,1
http://www.abante-tonite.com,28,0,0,1,0,71.4286,0,0,0.2143,21,0.95,0.1481,1.0,3,0,0,0,0,0,0,0,0,0
https://www.testingtreatments.org,33,0,0,1,1,78.7879,0,0,0.1515,25,0.9,0.125,1.0,3,0,0,0,0,0,0,0,0,1
http://www.pwuxmeudf.ml,23,0,0,1,0,69.5652,0,0,0.2174,16,0.5,0.1818,1.0,2,0,0,0,0,0,0,0,0,0
http://www.cus.cannca.shop,26,0,0,2,0,88.4615,0,0,0.2308,19,0.5,0.2,1.0,4,0,0,0,0,0,0,0,0,0
https://dev-seguritypyitau.pantheonsite.io/,43,0,0,1,1,86.0465,0,0,0.1628,34,0.5,0.0476,1.0,2,0,0,0,0,0,0,0,0,0
https://att-mail-105119.square.site/,36,0,0,1,1,69.4444,0,0,0.2222,27,0.35,0.1143,1.0,4,0,0,0,0,0,0,0,0,0
http://www.tweb.co.uk,21,0,0,2,0,57.1429,0,0,0.2857,14,0.9,0.2,1.0,2,0,0,0,0,0,0,0,0,0
http://www.jscheide.com,23,0,0,1,0,65.2174,0,0,0.2174,16,0.95,0.1818,1.0,3,0,0,0,0,0,0,0,0,0
http://www.foulgerteam.com,26,0,0,1,0,61.5385,0,0,0.1923,19,0.95,0.16,1.0,3,0,0,0,0,0,0,0,0,0
https://webmail-102469.weeblysite.com/,38,0,0,1,1,63.1579,0,0,0.1842,29,0.95,0.0811,1.0,3,0,0,0,0,0,0,0,0,0
https://www.shardanandshastri.com,33,0,0,1,1,81.8182,0,0,0.1515,25,0.95,0.125,1.0,3,0,0,0,0,0,0,0,0,1
http://www.ahsappanjur.com,26,0,0,1,0,65.3846,0,0,0.1923,19,0.95,0.2,1.0,3,0,0,0,0,0,0,0,0,0
https://102785246324653-profile-fb.netlify.app/,47,0,0,1,1,72.3404,0,0,0.1702,38,0.5,0.0652,1.0,3,0,0,0,0,0,0,0,0,0
https://www.thelandonline.com,29,0,0,1,1,72.4138,0,0,0.1724,21,0.95,0.1429,1.0,3,0,0,0,0,0,0,0,0,1
https://0i-0jc-3bfc-qiev8f-028h30d9qbfg-28gef2b0-vg9b.obs.ap-southeast-3.myhuaweicloud.com/m03-4i0g3h4-f9bwqd-9vgf2-e9cnwqpdivbw-0.html?awsaccesskeyid=ofslcidmeeqa8pmvd2u6&expires=1685121743&signature=k3gtp0gff7dmsigbrg7factd/zu=,229,0,0,3,1,97.3799,4,1,0.131,82,0.95,0.0263,1.0,3,0,0,0,0,0,0,0,0,0
https://www.nymarts.com,23,0,0,1,1,60.8696,0,0,0.2174,15,0.95,0.1818,1.0,3,0,0,0,0,0,0,0,0,1
https://www.epita.fr,20,0,0,1,1,60.0,0,0,0.25,12,0.5,0.2105,1.0,2,0,0,0,0,0,0,0,0,1
https://www.couponsaregreat.net,31,0,0,1,1,83.871,0,0,0.1613,23,0.85,0.1333,1.0,3,0,0,0,0,0,0,0,0,1
https://amendes-gouvs.com/,26,0,0,0,1,53.8462,0,0,0.2308,17,0.95,0.08,1.0,3,0,0,0,0,0,0,0,0,0
https://rb.gy/gcdakd,20,0,0,0,1,45.0,0,0,0.25,5,0.5,0.1053,1.0,2,0,0,0,0,0,0,0,0,0
http://www.berkahinternasional.co.id,36,0,0,2,0,77.7778,0,0,0.1667,29,0.5,0.1143,1.0,2,0,0,0,0,0,0,0,0,0
https://ab.gl/parcel3,21,0,0,0,1,52.381,0,0,0.2381,5,0.5,0.1,1.0,2,0,0,0,0,0,0,0,0,0
https://www.irda.com.my,23,0,0,2,1,52.1739,0,0,0.2609,15,0.5,0.1818,1.0,2,0,0,0,0,0,0,0,0,1
http://www.oleum.gmbh,21,0,0,1,0,61.9048,0,0,0.2381,14,0.5,0.2,1.0,4,0,0,0,0,0,0,0,0,0
https://www.hardwaretimes.com,29,0,0,1,1,79.3103,0,0,0.1724,21,0.95,0.1429,1.0,3,0,0,0,0,0,0,0,0,1
http://steam.guesskings.com/profiles/76561198335211930/,55,0,0,1,0,74.5455,0,0,0.1455,20,0.95,0.1111,1.0,3,0,0,0,0,0,0,0,0,0
https://www.writerstory.com,27,0,0,1,1,70.3704,0,0,0.1852,19,0.95,0.1538,1.0,3,0,0,0,0,0,0,0,0,1
https://www.achahockey.org,26,0,0,1,1,69.2308,0,0,0.1923,18,0.9,0.16,1.0,3,0,0,0,0,0,0,0,0,1
https://www.varldenidag.se,26,0,0,1,1,65.3846,0,0,0.1923,18,0.5,0.16,1.0,2,0,0,0,0,0,0,0,0,1
http://www.web.clod.pw,22,0,0,2,0,63.6364,0,0,0.2727,15,0.5,0.1905,1.0,2,0,0,0,0,0,0,0,0,0
https://www.mehdijournal.com,28,0,0,1,1,53.5714,0,0,0.1786,20,0.95,0.1481,1.0,3,0,0,0,0,0,0,0,0,1
http://www.acmarketsapp.com,27,0,0,1,0,74.0741,0,0,0.1852,20,0.95,0.1923,1.0,3,0,0,0,0,0,0,0,0,0
https://ipfs.io/ipfs/qmapiykdky3vutk6yxifftp95uwqibzimzqunbfrf2cm5x?filename=indocudex.html,91,0,0,0,1,89.011,1,1,0.0989,7,0.5,0.0333,1.0,2,0,0,0,0,0,0,0,0,0
https://seguridaddel--departamentosbi.repl.co/,46,0,0,1,1,82.6087,0,0,0.1739,37,0.8,0.0889,1.0,2,0,0,0,0,0,0,0,0,0
https://uniswap.geoblock.eth.limo/,34,0,0,2,1,70.5882,0,0,0.2059,25,0.5,0.0606,1.0,4,0,0,0,0,0,0,0,0,0
http://efad-sa.com/,19,0,0,0,0,36.8421,0,0,0.3158,11,0.95,0.1111,1.0,3,0,0,0,0,0,0,0,0,0
https://service-restricted.start.page/,38,0,0,1,1,84.2105,0,0,0.1842,29,0.5,0.0541,1.0,4,0,0,0,0,0,0,0,0,0
https://www.woolet.co,21,0,0,1,1,66.6667,0,0,0.2381,13,0.8,0.25,1.0,2,0,0,0,0,0,0,0,0,1
http://www.goun-etc-jp.popind.azzkmcx.cn/jp,43,0,0,3,0,74.4186,0,0,0.2326,33,0.5,0.119,1.0,2,0,0,0,0,0,0,0,0,0
https://amzon.co.jp.quadrocoptertest.com/,41,0,0,3,1,80.4878,0,0,0.1951,32,0.95,0.05,1.0,3,0,0,0,0,0,0,0,0,0
https://www.giornalettismo.com,30,0,0,1,1,66.6667,0,0,0.1667,22,0.95,0.1724,1.0,3,0,0,0,0,0,0,0,0,1
https://www.woodenboxuk.com,27,0,0,1,1,51.8519,0,0,0.1852,19,0.95,0.1923,1.0,3,0,0,0,0,0,0,0,0,1
https://www.ise.ncsu.edu,24,0,0,2,1,70.8333,0,0,0.25,16,0.98,0.1739,1.0,3,0,0,0,0,0,0,0,0,1
https://floral-hat-4b11.bfp71ia8d9.workers.dev/,47,0,0,2,1,80.8511,0,0,0.1915,38,0.5,0.0652,1.0,3,0,0,0,0,0,0,0,0,0
http://u1965047.plsk.regruhosting.ru/226/,41,0,0,2,0,68.2927,0,0,0.1951,29,0.5,0.075,1.0,2,0,0,0,0,0,0,0,0,0
https://att-106056.weeblysite.com/,34,0,0,1,1,55.8824,0,0,0.2059,25,0.95,0.1212,1.0,3,0,0,0,0,0,0,0,0,0
http://www.xumtdtv.info,23,0,0,1,0,47.8261,0,0,0.2174,16,0.55,0.1818,1.0,4,0,0,0,0,0,0,0,0,0
https://sja5wpqek.firebaseapp.com/,34,0,0,1,1,58.8235,0,0,0.1765,25,0.95,0.0909,1.0,3,0,0,0,0,0,0,0,0,0
https://www.holdthefrontpage.co.uk,34,0,0,2,1,64.7059,0,0,0.1765,26,0.9,0.1212,1.0,2,0,0,0,0,0,0,0,0,1
https://www.pythonanywhere.com,30,0,0,1,1,80.0,0,0,0.1667,22,0.95,0.1379,1.0,3,0,0,0,0,0,0,0,0,1
https://www.oslo.kommune.no,27,0,0,2,1,74.0741,0,0,0.2222,19,0.5,0.1923,1.0,2,0,0,0,0,0,0,0,0,1
https://www.lllfrance.org,25,0,0,1,1,56.0,0,0,0.2,17,0.9,0.25,1.0,3,0,0,0,0,0,0,0,0,1
https://us11.list-manage.com/contact-form?u=a08b8fa7dc281a5b052ab3d7e&amp;form_id=cf82998934d3892f4062e1fa338e95e4,114,0,0,1,1,92.1053,2,1,0.1228,20,0.95,0.0442,0.9912,3,0,0,0,0,0,0,0,0,0
https://www.caraleecasephotography.com,38,0,0,1,1,86.8421,0,0,0.1316,30,0.95,0.1351,1.0,3,0,0,0,0,0,0,0,0,1
http://www.muller.exprenum.com,30,0,0,2,0,80.0,0,0,0.2,23,0.95,0.1724,1.0,3,0,0,0,0,0,0,0,0,0
http://www.golaminators.com,27,0,0,1,0,62.963,0,0,0.1852,20,0.95,0.1538,1.0,3,0,0,0,0,0,0,0,0,0
https://www.burgenland.info,27,0,0,1,1,44.4444,0,0,0.1852,19,0.55,0.1538,1.0,4,0,0,0,0,0,0,0,0,1
https://www.awesomeweb.com,26,0,0,1,1,76.9231,0,0,0.1923,18,0.95,0.16,1.0,3,0,0,0,0,0,0,0,0,1
https://www.volunteernow.org,28,0,0,1,1,71.4286,0,0,0.1786,20,0.9,0.1852,1.0,3,0,0,0,0,0,0,0,0,1
https://t-loste1.web.app/,25,0,0,1,1,64.0,0,0,0.28,16,0.5,0.125,1.0,3,0,0,0,0,0,0,0,0,0
https://www.tobincenter.org,27,0,0,1,1,70.3704,0,0,0.1852,19,0.9,0.1538,1.0,3,0,0,0,0,0,0,0,0,1
http://www.amazcaozm-co-jp.amazzeocn.chadingwei.top/,52,0,0,3,0,92.3077,0,0,0.1923,44,0.3,0.098,1.0,3,0,0,0,0,0,0,0,0,0
https://de-29300.firebaseapp.com/,33,0,0,1,1,57.5758,0,0,0.2121,24,0.95,0.125,1.0,3,0,0,0,0,0,0,0,0,0
https://www.cg-projects.com,27,0,0,1,1,70.3704,0,0,0.2222,19,0.95,0.1538,1.0,3,0,0,0,0,0,0,0,0,1
https://nimbeshop.com/wp-admin/images/toris/red.html,52,0,0,0,1,86.5385,0,0,0.1923,13,0.95,0.0392,1.0,3,0,0,0,0,0,0,0,0,0
https://www.nkmaribor.com,25,0,0,1,1,60.0,0,0,0.2,17,0.95,0.1667,1.0,3,0,0,0,0,0,0,0,0,1
http://www.cloud.cryptoguiminer.com,35,0,0,2,0,77.1429,0,0,0.1714,28,0.95,0.1176,1.0,3,0,0,0,0,0,0,0,0,0
https://bancobhd.herokuapp.com/pc.php,37,0,0,1,1,75.6757,0,0,0.1892,22,0.95,0.0833,1.0,3,0,0,0,0,0,0,0,0,0
http://www.americangaslighter.com,33,0,0,1,0,81.8182,0,0,0.1515,26,0.95,0.125,1.0,3,0,0,0,0,0,0,0,0,0
https://dev-poliflek.pantheonsite.io,36,0,0,1,1,80.5556,0,0,0.1667,28,0.5,0.0571,1.0,2,0,0,0,0,0,0,0,0,0
http://131ecom.com/public/plki6t33jeobnrzjn5jzdxhhdqqusgw0,58,0,0,0,0,81.0345,0,0,0.1034,11,0.95,0.0877,1.0,3,0,0,0,0,0,0,0,0,0
http://www.uniqu.fburl.fun,26,0,0,2,0,69.2308,0,0,0.2308,19,0.5,0.16,1.0,3,0,0,0,0,0,0,0,0,0
https://www.detroitbadboys.com,30,0,0,1,1,66.6667,0,0,0.1667,22,0.95,0.1379,1.0,3,0,0,0,0,0,0,0,0,1
https://entry-biglobes-auth1-mail-cgibin-6433c28a31cbf.ehuaya.net/auth-api-sso-webmail-index-rui1/login.html?resource_url=https://auth.sso.biglobe.ne.jp/webmail=58205&session=9115,179,0,0,1,1,93.8547,3,1,0.1788,57,0.85,0.0506,1.0,3,0,0,0,0,0,0,0,0,0
http://www.404projects.xyz,26,0,0,1,0,53.8462,0,0,0.1923,19,0.35,0.16,1.0,3,0,0,0,0,0,0,0,0,0
https://aol-105503.weeblysite.com/,34,0,0,1,1,61.7647,0,0,0.2059,25,0.95,0.1212,1.0,3,0,0,0,0,0,0,0,0,0
http://www.n1sav.bemobtrcks.com,31,0,0,2,0,67.7419,0,0,0.1935,24,0.95,0.1333,1.0,3,0,0,0,0,0,0,0,0,0
http://wbtjnrsxzf.incsb2504.club/vnafvra97w/?q=3717065149&id=100,64,0,0,1,0,76.5625,2,1,0.1719,25,0.5,0.0476,1.0,4,0,0,0,0,0,0,0,0,0
https://www.iiconservation.org,30,0,0,1,1,73.3333,0,0,0.1667,22,0.9,0.1724,1.0,3,0,0,0,0,0,0,0,0,1
http://app-radiaymkhee.netlify.app/account/remove-unrecognize-apps,66,0,0,1,0,86.3636,0,0,0.1515,27,0.5,0.1077,1.0,3,0,0,0,0,0,0,0,0,0
http://www.c2hhcmtlzdq2cg9qqkk.ru,33,0,0,1,0,69.697,0,0,0.1515,26,0.5,0.2188,1.0,2,0,0,0,0,0,0,0,0,0
https://www.bcn-news.com,24,0,0,1,1,66.6667,0,0,0.25,16,0.95,0.1739,1.0,3,0,0,0,0,0,0,0,0,1
http://axieinfiinity.download,29,0,0,0,0,65.5172,0,0,0.1379,22,0.5,0.1071,1.0,8,0,0,0,0,0,0,0,0,0
https://www.akpress.org,23,0,0,1,1,69.5652,0,0,0.2174,15,0.9,0.2273,1.0,3,0,0,0,0,0,0,0,0,1
http://www.gphpnet.phpnet.us,28,0,0,2,0,85.7143,0,0,0.2143,21,0.85,0.1481,1.0,2,0,0,0,0,0,0,0,0,0
http://www.mivip.xyz,20,0,0,1,0,65.0,0,0,0.25,13,0.35,0.2105,1.0,3,0,0,0,0,0,0,0,0,0
https://cda7b1b1-5b2b-4997-9d70-6edff2c33ef3.id.repl.co,55,0,0,2,1,78.1818,0,0,0.1818,47,0.8,0.0926,1.0,2,0,0,0,0,0,0,0,0,0
http://www.xgdsgj.com,21,0,0,1,0,52.381,0,0,0.2381,14,0.95,0.2,1.0,3,0,0,0,0,0,0,0,0,0
https://dev-banco-fassil105.pantheonsite.io/,44,0,0,1,1,77.2727,0,0,0.1818,35,0.5,0.0698,1.0,2,0,0,0,0,0,0,0,0,0
https://www.lakecowichangazette.com,35,0,0,1,1,71.4286,0,0,0.1429,27,0.95,0.1471,1.0,3,0,0,0,0,0,0,0,0,1
https://www.foxsuper6.com,25,0,0,1,1,60.0,0,0,0.2,17,0.95,0.1667,1.0,3,0,0,0,0,0,0,0,0,1
https://swedbanklv-update.web.app/,34,0,0,1,1,76.4706,0,0,0.2059,25,0.5,0.0909,1.0,3,0,0,0,0,0,0,0,0,0
http://www.images.itunesmusic.jkub.com,38,0,0,3,0,73.6842,0,0,0.1842,31,0.95,0.1081,1.0,3,0,0,0,0,0,0,0,0,0
https://www.ciudadeshermanasbariloche.com,41,0,0,1,1,85.3659,0,0,0.122,33,0.95,0.1,1.0,3,0,0,0,0,0,0,0,0,1
https://ipfs.io/ipfs/qmrbfbhtkmt7qu1jemxqaartsaeeoeyirg8k3hbmerkmmo/ddoonnjp.html,81,0,0,0,1,87.6543,0,0,0.0988,7,0.5,0.1,1.0,2,0,0,0,0,0,0,0,0,0
https://webmail-102953.weeblysite.com/,38,0,0,1,1,63.1579,0,0,0.1842,29,0.95,0.0811,1.0,3,0,0,0,0,0,0,0,0,0
https://www.whistlemuseum.com,29,0,0,1,1,79.3103,0,0,0.1724,21,0.95,0.1429,1.0,3,0,0,0,0,0,0,0,0,1
http://www.edalatiran.ga,24,0,0,1,0,58.3333,0,0,0.2083,17,0.5,0.1739,1.0,2,0,0,0,0,0,0,0,0,0
https://www.cannesguide.com,27,0,0,1,1,62.963,0,0,0.1852,19,0.95,0.1923,1.0,3,0,0,0,0,0,0,0,0,1
https://franver-ng.firebaseapp.com/,35,0,0,1,1,71.4286,0,0,0.2,26,0.95,0.0882,1.0,3,0,0,0,0,0,0,0,0,0
https://ssee-fc698.firebaseapp.com/,35,0,0,1,1,68.5714,0,0,0.2,26,0.95,0.1471,1.0,3,0,0,0,0,0,0,0,0,0
https://www.petersteen.be,25,0,0,1,1,80.0,0,0,0.2,17,0.5,0.2083,1.0,2,0,0,0,0,0,0,0,0,1
https://att-109934.weeblysite.com/,34,0,0,1,1,50.0,0,0,0.2059,25,0.95,0.1515,1.0,3,0,0,0,0,0,0,0,0,0
https://www.mautbtm.com/sanjin/client/index.php,47,0,0,1,1,82.9787,0,0,0.1915,15,0.95,0.087,1.0,3,0,0,0,0,0,0,0,0,0
https://pub-24bad0e6ee514529aec1c32ea70503e2.r2.dev/link.html,61,0,0,1,1,78.6885,0,0,0.1311,43,0.5,0.05,1.0,3,0,0,0,0,0,0,0,0,0
https://sparkling-rain-1498.6bwdbshv.workers.dev/no%20url,57,0,0,2,1,80.7018,0,0,0.1754,40,0.5,0.0357,0.9825,3,0,0,0,0,0,0,0,0,0
https://www.pydev.org,21,0,0,1,1,52.381,0,0,0.2381,13,0.9,0.2,1.0,3,0,0,0,0,0,0,0,0,1
https://toto-my.com/cgi-bin/index.html,38,0,0,0,1,73.6842,0,0,0.2368,11,0.95,0.0541,1.0,3,0,0,0,0,0,0,0,0,0
https://www.joesheehan.com,26,0,0,1,1,73.0769,0,0,0.1923,18,0.95,0.2,1.0,3,0,0,0,0,0,0,0,0,1
https://mail.deliverylifesupport.com/public/puoj7tr21nc64mx3l99wdjimvtbny0sk,76,0,0,1,1,81.5789,0,0,0.0921,28,0.95,0.0533,1.0,3,0,0,0,0,0,0,0,0,0
https://www.cityofparkland.org,30,0,0,1,1,60.0,0,0,0.1667,22,0.9,0.1379,1.0,3,0,0,0,0,0,0,0,0,1
https://lits.pe/sell/fa3b579cbdaeb99d8cec181bfd1a57b99d8cec181/prelogon/sell.php,80,0,0,0,1,92.5,0,0,0.1125,7,0.5,0.0759,1.0,2,0,0,0,0,0,0,0,0,0
https://source2csgo.com,23,0,0,0,1,56.5217,0,0,0.1739,15,0.95,0.0909,1.0,3,0,0,0,0,0,0,0,0,0
http://pancakeswap.gb.net,25,0,0,1,0,68.0,0,0,0.2,18,0.85,0.0833,1.0,3,0,0,0,0,0,0,0,0,0
http://www.helaa.com,20,0,0,1,0,65.0,0,0,0.25,13,0.95,0.2632,1.0,3,0,0,0,0,0,0,0,0,0
https://www.stanley.co.jp,25,0,0,2,1,60.0,0,0,0.24,17,0.5,0.1667,1.0,2,0,0,0,0,0,0,0,0,1
https://newbrll.z13.web.core.windows.net/,41,0,0,4,1,78.0488,0,0,0.2195,32,0.85,0.075,1.0,3,0,0,0,0,0,0,0,0,0
http://bekeyimedia.com/aruba/007xenstry/serviziorinno.php,57,0,0,0,0,84.2105,0,0,0.1404,15,0.95,0.0714,1.0,3,0,0,0,0,0,0,0,0,0
http://www.integrity-roofers.com,32,0,0,1,0,65.625,0,0,0.1875,25,0.95,0.1613,1.0,3,0,0,0,0,0,0,0,0,0
https://www.winterberrycabin.com,32,0,0,1,1,75.0,0,0,0.1562,24,0.95,0.1613,1.0,3,0,0,0,0,0,0,0,0,1
https://dutsh-helppackage.ecranul.ro/public/mg7nxoprqczs0fm7iwdsax7pg7qw007g,76,0,0,1,1,92.1053,0,0,0.1053,28,0.5,0.0533,1.0,2,0,0,0,0,0,0,0,0,0
http://www.postnews.club,24,0,0,1,0,62.5,0,0,0.2083,17,0.5,0.1739,1.0,4,0,0,0,0,0,0,0,0,0
https://www.designersnexus.com,30,0,0,1,1,60.0,0,0,0.1667,22,0.95,0.1379,1.0,3,0,0,0,0,0,0,0,0,1
http://www.campusconindigital.org,33,0,0,1,0,75.7576,0,0,0.1515,26,0.9,0.125,1.0,3,0,0,0,0,0,0,0,0,0
https://www.shakers.org,23,0,0,1,1,69.5652,0,0,0.2174,15,0.9,0.1818,1.0,3,0,0,0,0,0,0,0,0,1
https://enter-ter-mwe-79.web.app/,33,0,0,1,1,72.7273,0,0,0.2727,24,0.5,0.0938,1.0,3,0,0,0,0,0,0,0,0,0
https://www.tidytextmining.com,30,0,0,1,1,63.3333,0,0,0.1667,22,0.95,0.1379,1.0,3,0,0,0,0,0,0,0,0,1
https://www.cheshire-today.co.uk,32,0,0,2,1,68.75,0,0,0.2188,24,0.9,0.129,1.0,2,0,0,0,0,0,0,0,0,1
https://metabulary.com,22,0,0,0,1,40.9091,0,0,0.1818,14,0.95,0.0952,1.0,3,0,0,0,0,0,0,0,0,0
https://www.pods.com,20,0,0,1,1,75.0,0,0,0.25,12,0.95,0.2105,1.0,3,0,0,0,0,0,0,0,0,1
https://www.kncrowder.com,25,0,0,1,1,64.0,0,0,0.2,17,0.95,0.1667,1.0,3,0,0,0,0,0,0,0,0,1
http://www.pnvbhd.nowurl.fun,28,0,0,2,0,71.4286,0,0,0.2143,21,0.5,0.1481,1.0,3,0,0,0,0,0,0,0,0,0
https://lps.onevoda.com/goid_clc_es_gt_onv/?coc=ld_gt_gglabltm_2667_bi&amp;target=&amp;utm_campaign=19664214703&amp;utm_adgroup=151787854972&amp;keyword=&amp;placement=youtube.com&amp;network=ytv&amp;curr_city=1007583&amp;device=c&amp;creative=649946088430&amp;targetid=&amp;feedtimeid=&amp;adposition=&amp;device_model=&amp;serial=?coc=ld_gt_gglabltm_2667_bi&amp;target=&amp;utm_campaign=19664214703&amp;utm_adgroup=151787854972&amp;keyword=&amp;placement=youtube.com&amp;network=ytv&amp;curr_city=1007583&amp;device=c&amp;creative=649946088430&amp;targetid=&amp;feedtimeid=&amp;adposition=&amp;device_model=&amp;serial=&amp;gclid=eaiaiqobchmi4njl29jc_qivwey1bb2-rwfpeaeyasaaegk9jvd_bwe,687,0,0,1,1,99.7089,31,2,0.179,15,0.95,0.0292,0.9578,3,0,0,0,0,0,0,0,0,0
http://www.amazcazm-co-jp.amazzcocn.bhouhje2qwhhjyz8.shop/,58,0,0,3,0,82.7586,0,0,0.1724,50,0.5,0.1053,1.0,4,0,0,0,0,0,0,0,0,0
https://www.myhealthyfit.com,28,0,0,1,1,64.2857,0,0,0.1786,20,0.95,0.1481,1.0,3,0,0,0,0,0,0,0,0,1
http://www.m3in76.cyou,22,0,0,1,0,40.9091,0,0,0.2273,15,0.5,0.1905,1.0,4,0,0,0,0,0,0,0,0,0
http://www.aerveo.com,21,0,0,1,0,61.9048,0,0,0.2381,14,0.95,0.2,1.0,3,0,0,0,0,0,0,0,0,0
https://www.fsai.ie,19,0,0,1,1,68.4211,0,0,0.2632,11,0.5,0.2222,1.0,2,0,0,0,0,0,0,0,0,1
https://www.hastybake.com,25,0,0,1,1,64.0,0,0,0.2,17,0.95,0.1667,1.0,3,0,0,0,0,0,0,0,0,1
http://www.4africa.cloud,24,0,0,1,0,54.1667,0,0,0.2083,17,0.5,0.1739,1.0,5,0,0,0,0,0,0,0,0,0
http://www.kealkun.16mb.com,27,0,0,2,0,51.8519,0,0,0.2222,20,0.95,0.1538,1.0,3,0,0,0,0,0,0,0,0,0
https://www.saebo.com,21,0,0,1,1,61.9048,0,0,0.2381,13,0.95,0.2,1.0,3,0,0,0,0,0,0,0,0,1
http://www.mhytrdcvbh.buzz,26,0,0,1,0,65.3846,0,0,0.1923,19,0.5,0.2,1.0,4,0,0,0,0,0,0,0,0,0
https://www.hibiny.com,22,0,0,1,1,59.0909,0,0,0.2273,14,0.95,0.1905,1.0,3,0,0,0,0,0,0,0,0,1
https://www.face.eu,19,0,0,1,1,57.8947,0,0,0.2632,11,0.5,0.2222,1.0,2,0,0,0,0,0,0,0,0,1
https://www.bitquabit.com,25,0,0,1,1,60.0,0,0,0.2,17,0.95,0.1667,1.0,3,0,0,0,0,0,0,0,0,1
https://www.kona-ice.com,24,0,0,1,1,54.1667,0,0,0.25,16,0.95,0.1739,1.0,3,0,0,0,0,0,0,0,0,1
http://www.quique.website,25,0,0,1,0,80.0,0,0,0.2,18,0.5,0.1667,1.0,7,0,0,0,0,0,0,0,0,0
http://www.hiring-drivers.com,29,0,0,1,0,58.6207,0,0,0.2069,22,0.95,0.1429,1.0,3,0,0,0,0,0,0,0,0,0
http://www.oravabrewing.com,27,0,0,1,0,59.2593,0,0,0.1852,20,0.95,0.1538,1.0,3,0,0,0,0,0,0,0,0,0
https://www.dylanproject.co.uk,30,0,0,2,1,56.6667,0,0,0.2,22,0.9,0.1379,1.0,2,0,0,0,0,0,0,0,0,1
https://www.indiestrader.com,28,0,0,1,1,71.4286,0,0,0.1786,20,0.95,0.1481,1.0,3,0,0,0,0,0,0,0,0,1
https://www.survivingateacherssalary.com,40,0,0,1,1,77.5,0,0,0.125,32,0.95,0.1282,1.0,3,0,0,0,0,0,0,0,0,1
https://www.checkonsite.com,27,0,0,1,1,77.7778,0,0,0.1852,19,0.95,0.1538,1.0,3,0,0,0,0,0,0,0,0,1
https://www.wascana.ca,22,0,0,1,1,81.8182,0,0,0.2273,14,0.88,0.1905,1.0,2,0,0,0,0,0,0,0,0,1
https://trmouv.fr/js/a/porcel.php/porce_files/porce_files/porce_files/porce_files/porce_files/porce_files/porce_files/porce_files/porce_files/porce_files/porce_files/porce_files/porce_files/porce_files/porce_files/porce_files/porce_files/porce_files/porce_files/porce_files/porce_files/porce_files/porce_files/porce_files/porce_files/porce_files/porce_files/porce_files/porce_files/sessionserver212.htm,402,0,0,0,1,98.5075,0,0,0.1692,9,0.5,0.0075,1.0,2,0,0,0,0,0,0,0,0,0
http://kwhadshd.weeblysite.com/,31,0,0,1,0,64.5161,0,0,0.1935,23,0.95,0.1,1.0,3,0,0,0,0,0,0,0,0,0
https://www.sawyerrshousemoneylifestyle.com,43,0,0,1,1,81.3953,0,0,0.1163,35,0.95,0.119,1.0,3,0,0,0,0,0,0,0,0,1
https://www.montpelier-vt.org,29,0,0,1,1,65.5172,0,0,0.2069,21,0.9,0.1429,1.0,3,0,0,0,0,0,0,0,0,1
https://www.kizzykingston.com,29,0,0,1,1,75.8621,0,0,0.1724,21,0.95,0.1786,1.0,3,0,0,0,0,0,0,0,0,1
https://www.combinatorics.org,29,0,0,1,1,72.4138,0,0,0.1724,21,0.9,0.1429,1.0,3,0,0,0,0,0,0,0,0,1
https://www.redlasso.com,24,0,0,1,1,58.3333,0,0,0.2083,16,0.95,0.2174,1.0,3,0,0,0,0,0,0,0,0,1
https://www.roseyleebooks.com,29,0,0,1,1,65.5172,0,0,0.1724,21,0.95,0.2143,1.0,3,0,0,0,0,0,0,0,0,1
https://www.universityreview.org,32,0,0,1,1,75.0,0,0,0.1562,24,0.9,0.129,1.0,3,0,0,0,0,0,0,0,0,1
https://www.advancedindustrialsolutions.com,43,0,0,1,1,83.7209,0,0,0.1163,35,0.95,0.0952,1.0,3,0,0,0,0,0,0,0,0,1
https://www.steamautomobile.com,31,0,0,1,1,74.1935,0,0,0.1613,23,0.95,0.1333,1.0,3,0,0,0,0,0,0,0,0,1
https://update-forms-reports.myportfolio.com/,45,0,0,1,1,80.0,0,0,0.1778,36,0.95,0.0455,1.0,3,0,0,0,0,0,0,0,0,0
https://www.demo.taxi.extreme.org.in,36,0,0,4,1,77.7778,0,0,0.2222,28,0.9,0.1143,1.0,2,0,0,0,0,0,0,0,0,0
http://www.short.id.au,22,0,0,2,0,59.0909,0,0,0.2727,15,0.88,0.1905,1.0,2,0,0,0,0,0,0,0,0,0
https://www.vanburenmaine.com,29,0,0,1,1,62.069,0,0,0.1724,21,0.95,0.1429,1.0,3,0,0,0,0,0,0,0,0,1
https://www.my-collaborate.com,30,0,0,1,1,70.0,0,0,0.2,22,0.95,0.1724,1.0,3,0,0,0,0,0,0,0,0,1
https://www.appliancesrepairlasvegas.com,40,0,0,1,1,82.5,0,0,0.125,32,0.95,0.1282,1.0,3,0,0,0,0,0,0,0,0,1
https://www.amnestyshop.org.uk,30,0,0,2,1,66.6667,0,0,0.2,22,0.9,0.1379,1.0,2,0,0,0,0,0,0,0,0,1
https://15ijgreksnfg.ru/6cb19,29,0,0,0,1,44.8276,0,0,0.1724,15,0.5,0.0714,1.0,2,0,0,0,0,0,0,0,0,0
https://www.emito.net,21,0,0,1,1,61.9048,0,0,0.2381,13,0.85,0.2,1.0,3,0,0,0,0,0,0,0,0,1
https://www.creoly.com,22,0,0,1,1,59.0909,0,0,0.2273,14,0.95,0.1905,1.0,3,0,0,0,0,0,0,0,0,1
https://www.poz.com,19,0,0,1,1,68.4211,0,0,0.2632,11,0.95,0.2222,1.0,3,0,0,0,0,0,0,0,0,1
https://www.natsume.com,23,0,0,1,1,60.8696,0,0,0.2174,15,0.95,0.1818,1.0,3,0,0,0,0,0,0,0,0,1
https://www.thetechieteacher.net,32,0,0,1,1,78.125,0,0,0.1562,24,0.85,0.129,1.0,3,0,0,0,0,0,0,0,0,1
http://www.lopana.com,21,0,0,1,0,71.4286,0,0,0.2381,14,0.95,0.2,1.0,3,0,0,0,0,0,0,0,0,0
http://organisasi.bulungan.go.id/public/upuha7ezgwabb6u5zmqtdicmfxnj3ne8,72,0,0,2,0,83.3333,0,0,0.1111,25,0.5,0.0423,1.0,2,0,0,0,0,0,0,0,0,0
http://lwuuqqhjyl.weed4frpp.club/vnafvra97w/?q=3717065149&id=100,64,0,0,1,0,81.25,2,1,0.1719,25,0.5,0.1111,1.0,4,0,0,0,0,0,0,0,0,0
https://direct-credit-suisse-38a49.firebaseapp.com/,51,0,0,1,1,78.4314,0,0,0.1765,42,0.95,0.08,1.0,3,0,0,0,0,0,0,0,0,0
https://bit.ly/3nbk16b,22,0,0,0,1,40.9091,0,0,0.2273,6,0.5,0.0952,1.0,2,0,0,0,0,0,0,0,0,0
https://www.servemequick.com,28,0,0,1,1,64.2857,0,0,0.1786,20,0.95,0.1481,1.0,3,0,0,0,0,0,0,0,0,1
https://business-page-violation-case33.firebaseapp.com/,55,0,0,1,1,83.6364,0,0,0.1636,46,0.95,0.0926,1.0,3,0,0,0,0,0,0,0,0,0
http://www.servebbs.com,23,0,0,1,0,65.2174,0,0,0.2174,16,0.95,0.2273,1.0,3,0,0,0,0,0,0,0,0,0
https://ipfs.io/ipfs/bafybeidmmks6ka5vki6djnohox7mminfrzcjkw2mowpft7xtu2sjyxzi64/ufx!xch@#user%40fbi.gov,104,0,1,0,1,92.3077,0,0,0.1154,7,0.5,0.0388,0.9615,2,0,0,0,0,0,0,0,0,0
http://d4tosbncr.vastserve.com/,31,0,0,1,0,70.9677,0,0,0.1935,23,0.95,0.0667,1.0,3,0,0,0,0,0,0,0,0,0
http://www.siderea.org,22,0,0,1,0,59.0909,0,0,0.2273,15,0.9,0.1905,1.0,3,0,0,0,0,0,0,0,0,0
https://www.episcopalchurch.org,31,0,0,1,1,77.4194,0,0,0.1613,23,0.9,0.1333,1.0,3,0,0,0,0,0,0,0,0,1
https://stepp9-54a62.web.app/,29,0,0,1,1,65.5172,0,0,0.2414,20,0.5,0.1429,1.0,3,0,0,0,0,0,0,0,0,0
http://www.fafafa1s.s3.eu-central-1.amazonaws.com,49,0,0,4,0,83.6735,0,0,0.2041,42,0.95,0.0833,1.0,3,0,0,0,0,0,0,0,0,0
http://www.k22.su,17,0,0,1,0,64.7059,0,0,0.2941,10,0.5,0.3125,1.0,2,0,0,0,0,0,0,0,0,0
http://mingovpljxmg.natcesskracel.ga/,37,0,0,1,0,75.6757,0,0,0.1622,29,0.5,0.0833,1.0,2,0,0,0,0,0,0,0,0,0
https://www.threerivers.gov.uk,30,0,0,2,1,76.6667,0,0,0.2,22,0.9,0.1724,1.0,2,0,0,0,0,0,0,0,0,1
https://www.sikhroots.com,25,0,0,1,1,72.0,0,0,0.2,17,0.95,0.2083,1.0,3,0,0,0,0,0,0,0,0,1
https://www.cucchiaio.it,24,0,0,1,1,75.0,0,0,0.2083,16,0.5,0.2174,1.0,2,0,0,0,0,0,0,0,0,1
https://www.4wcop.org,21,0,0,1,1,66.6667,0,0,0.2381,13,0.9,0.2,1.0,3,0,0,0,0,0,0,0,0,1
https://www.retegui-marble.fr,29,0,0,1,1,55.1724,0,0,0.2069,21,0.5,0.1429,1.0,2,0,0,0,0,0,0,0,0,1
https://www.adzuna.de,21,0,0,1,1,61.9048,0,0,0.2381,13,0.88,0.2,1.0,2,0,0,0,0,0,0,0,0,1
https://www.happicrafts.com,27,0,0,1,1,77.7778,0,0,0.1852,19,0.95,0.1923,1.0,3,0,0,0,0,0,0,0,0,1
https://docs.google.com/presentation/d/e/2pacx-1vtcbtf-4rdskr82fnq4yp-wjkqpzxzqz0-quiemxam--f6wjllefdenfjjsp_ubhihne-yimo9dnbbc/pub?start=false&loop=false&delayms=3000#f7691y7y58rh3iho7va0n94d342jxg9hk76tqzet75dika6toh1q1x0g00s3mu850d46hc4qe8wso6tw62rjw7ggshlnirg07nye3r0ihplmtafb07931a836pwn52u9ax2c9m2r4c9cqx741t7gh469ht03ic79j1v81us1tbqnln8613dupob0w7ecworv21mxb7fro1v54qxckyfc1oc85kdchq9eute5jtdmvaaxr3l4fm0it29p3682v4mv0jke062tdg24e8gi7zs7510kanel74k7b92mpmki5irf7my1vak90759xq9sg883w9xl1ik826dhgm8p9w82djrnbgjdxkb48eatgzp85dcv6s5m86yimuf4993xu2nf6fveva33a46qdboyfzco7w4kat81liks79w0tg4bjvww2fnh159y97t0d3a3vtm01x16ska3uq3gvyz4z2qq8zwsxnds8afvf5lrfyie463c9jzysoclrfqpx6n43uku1gs60qq7e539ji6ojr9agjv1iv6na4skgc3m1ogj1068zx86aiubr,733,0,0,1,1,99.4543,3,1,0.0341,15,0.95,0.026,0.9986,3,0,0,0,0,0,0,0,0,0
https://www.cpsp.org,20,0,0,1,1,70.0,0,0,0.25,12,0.9,0.2105,1.0,3,0,0,0,0,0,0,0,0,1
https://www.vprecords.com,25,0,0,1,1,76.0,0,0,0.2,17,0.95,0.1667,1.0,3,0,0,0,0,0,0,0,0,1
https://hzy0wm.codesandbox.io/,30,0,0,1,1,53.3333,0,0,0.2,21,0.5,0.069,1.0,2,0,0,0,0,0,0,0,0,0
https://xhfjgg.boxmode.io/,26,0,0,1,1,61.5385,0,0,0.2308,17,0.5,0.12,1.0,2,0,0,0,0,0,0,0,0,0
https://www.essays.quotidiana.org,33,0,0,2,1,66.6667,0,0,0.1818,25,0.9,0.1562,1.0,3,0,0,0,0,0,0,0,0,1
http://www.is-with-theband.com,30,0,0,1,0,63.3333,0,0,0.2333,23,0.95,0.1379,1.0,3,0,0,0,0,0,0,0,0,0
https://remittanceadvisoryhub.pages.dev/scanneddoc#x@x.com,58,0,1,1,1,87.931,0,0,0.1552,31,0.5,0.0877,0.9655,3,0,0,0,0,0,0,0,0,0
https://youla.com.se/t5lwu7d/ex,31,0,0,1,1,61.2903,0,0,0.2258,12,0.5,0.0667,1.0,2,0,0,0,0,0,0,0,0,0
https://www.velorexy.cz,23,0,0,1,1,47.8261,0,0,0.2174,15,0.5,0.1818,1.0,2,0,0,0,0,0,0,0,0,1
http://cp54155.chost.lv/tmcb.nrn/pnci.php,41,0,0,1,0,73.1707,0,0,0.2195,16,0.5,0.075,1.0,2,0,0,0,0,0,0,0,0,0
http://www.exclusive.pgmac.com,30,0,0,2,0,63.3333,0,0,0.2,23,0.95,0.1379,1.0,3,0,0,0,0,0,0,0,0,0
https://www.city-point-kassel.de,32,0,0,1,1,68.75,0,0,0.2188,24,0.88,0.1613,1.0,2,0,0,0,0,0,0,0,0,1
https://supershope.com.br/password,34,0,0,1,1,76.4706,0,0,0.1765,17,0.5,0.0909,1.0,2,0,0,0,0,0,0,0,0,0
https://u6inye56.square.site/,29,0,0,1,1,68.9655,0,0,0.2069,20,0.35,0.0714,1.0,4,0,0,0,0,0,0,0,0,0
https://www.tonca-trading.nl,28,0,0,1,1,57.1429,0,0,0.2143,20,0.5,0.1481,1.0,2,0,0,0,0,0,0,0,0,1
http://www.sukkargrp.com,24,0,0,1,0,62.5,0,0,0.2083,17,0.95,0.2174,1.0,3,0,0,0,0,0,0,0,0,0
https://www.beantreelearning.com,32,0,0,1,1,65.625,0,0,0.1562,24,0.95,0.1613,1.0,3,0,0,0,0,0,0,0,0,1
https://us-central1-still-livelo-372337.cloudfunctions.net/fklat/,65,0,0,1,1,86.1538,0,0,0.1692,50,0.85,0.0625,1.0,3,0,0,0,0,0,0,0,0,0
https://att-106398.weeblysite.com/,34,0,0,1,1,44.1176,0,0,0.2059,25,0.95,0.1212,1.0,3,0,0,0,0,0,0,0,0,0
https://facebook.pagemode.asia/security,39,0,0,1,1,71.7949,0,0,0.1538,22,0.5,0.0789,1.0,4,0,0,0,0,0,0,0,0,0
https://hdq3-mjk.web.app/,25,0,0,1,1,48.0,0,0,0.28,16,0.5,0.125,1.0,3,0,0,0,0,0,0,0,0,0
http://www.wire.mtcc.me,23,0,0,2,0,78.2609,0,0,0.2609,16,0.5,0.2273,1.0,2,0,0,0,0,0,0,0,0,0
https://bafkreidh5rulq6agdysadumnsmiab4ifzfji5ivjon7hc3j44jya3ixluu.ipfs.dweb.link/,83,0,0,2,1,86.747,0,0,0.0843,74,0.5,0.0488,1.0,4,0,0,0,0,0,0,0,0,0
http://bravebrowser.filfar.eu,29,0,0,1,0,65.5172,0,0,0.1724,22,0.5,0.0714,1.0,2,0,0,0,0,0,0,0,0,0
http://www.angel2gether.de,26,0,0,1,0,69.2308,0,0,0.1923,19,0.88,0.16,1.0,2,0,0,0,0,0,0,0,0,0
http://www.infolive786.com,26,0,0,1,0,50.0,0,0,0.1923,19,0.95,0.16,1.0,3,0,0,0,0,0,0,0,0,0
https://www.clintoncollege.edu,30,0,0,1,1,73.3333,0,0,0.1667,22,0.98,0.1724,1.0,3,0,0,0,0,0,0,0,0,1
https://www.lirs.org,20,0,0,1,1,65.0,0,0,0.25,12,0.9,0.2105,1.0,3,0,0,0,0,0,0,0,0,1
https://bafybeigzapvok3ig4wctns2nuvbeolpjvjvxzxsq7xylsdcyq7lfrx5xe4.ipfs.w3s.link/,82,0,0,2,1,91.4634,0,0,0.0854,73,0.5,0.0247,1.0,4,0,0,0,0,0,0,0,0,0
http://infinitefundinggroupllc.com/swiss/dpdch,46,0,0,0,0,86.9565,0,0,0.1304,27,0.95,0.1111,1.0,3,0,0,0,0,0,0,0,0,0
https://4d1ef5cc-41f1-4745-a190-adc54cb95887.id.repl.co/des/index.php,69,0,0,2,1,88.4058,0,0,0.1884,47,0.8,0.0588,1.0,2,0,0,0,0,0,0,0,0,0
https://www.yadifa.eu,21,0,0,1,1,52.381,0,0,0.2381,13,0.5,0.2,1.0,2,0,0,0,0,0,0,0,0,1
https://docs.google.com/presentation/d/e/2pacx-1vt3fnki5obg4x9q0kjinjm2g0sqmrm105qporxblzinjwwf_-f3b3pi3cj_ob7bvgxs1hac7fzyv7fp/pub?start=false&loop=false&delayms=3000,167,0,0,1,1,97.006,3,1,0.1198,15,0.95,0.0422,1.0,3,0,0,0,0,0,0,0,0,0
https://fb-business-appeal-9c3fa.web.app/,41,0,0,1,1,75.6098,0,0,0.2195,32,0.5,0.125,1.0,3,0,0,0,0,0,0,0,0,0
https://bit.do/accessowebbper,29,0,0,0,1,72.4138,0,0,0.1724,6,0.5,0.1786,1.0,2,0,0,0,0,0,0,0,0,0
https://www.abilityone.gov,26,0,0,1,1,53.8462,0,0,0.1923,18,0.99,0.16,1.0,3,0,0,0,0,0,0,0,0,1
https://www.watertownsavings.com,32,0,0,1,1,68.75,0,0,0.1562,24,0.95,0.129,1.0,3,0,0,0,0,0,0,0,0,1
http://www.smtp1.repeta.com.au,30,0,0,3,0,73.3333,0,0,0.2333,23,0.88,0.1379,1.0,2,0,0,0,0,0,0,0,0,0
https://www.vfairs.com,22,0,0,1,1,50.0,0,0,0.2273,14,0.95,0.1905,1.0,3,0,0,0,0,0,0,0,0,1
https://www.columbiapa.net,26,0,0,1,1,53.8462,0,0,0.1923,18,0.85,0.16,1.0,3,0,0,0,0,0,0,0,0,1
https://www.lagosjudiciary.gov.ng,33,0,0,2,1,63.6364,0,0,0.1818,25,0.5,0.125,1.0,2,0,0,0,0,0,0,0,0,1
https://www.rescue.go.kr,24,0,0,2,1,66.6667,0,0,0.25,16,0.5,0.1739,1.0,2,0,0,0,0,0,0,0,0,1
https://inistst-29a9a.web.app/,30,0,0,1,1,73.3333,0,0,0.2333,21,0.5,0.1034,1.0,3,0,0,0,0,0,0,0,0,0
http://6d2fabdf69.nxcli.io/pp/server/main/,42,0,0,1,0,71.4286,0,0,0.2143,19,0.5,0.0732,1.0,2,0,0,0,0,0,0,0,0,0
https://www.mundodamusicamm.com.br,34,0,0,2,1,79.4118,0,0,0.1765,26,0.5,0.1515,1.0,2,0,0,0,0,0,0,0,0,1
http://www.tsoftonline.com,26,0,0,1,0,61.5385,0,0,0.1923,19,0.95,0.16,1.0,3,0,0,0,0,0,0,0,0,0
https://www.cricketarchive.co.uk,32,0,0,2,1,78.125,0,0,0.1875,24,0.9,0.129,1.0,2,0,0,0,0,0,0,0,0,1
https://www.bullitt.org,23,0,0,1,1,56.5217,0,0,0.2174,15,0.9,0.2727,1.0,3,0,0,0,0,0,0,0,0,1
http://www.greatnewidea1.ru,27,0,0,1,0,66.6667,0,0,0.1852,20,0.5,0.1538,1.0,2,0,0,0,0,0,0,0,0,0
https://www.bls.gov,19,0,0,1,1,57.8947,0,0,0.2632,11,0.99,0.2222,1.0,3,0,0,0,0,0,0,0,0,1
https://www.cittyo.com,22,0,0,1,1,68.1818,0,0,0.2273,14,0.95,0.2381,1.0,3,0,0,0,0,0,0,0,0,1
https://www.grafiquelien.com,28,0,0,1,1,46.4286,0,0,0.1786,20,0.95,0.1481,1.0,3,0,0,0,0,0,0,0,0,1
https://storage.cloud.google.com/gu1r0utjruhjkukrxhauser.appspot.com/index.html#user@calstatela.edu,99,0,1,2,1,92.9293,0,0,0.1414,24,0.95,0.0408,0.9798,3,0,0,0,0,0,0,0,0,0
https://pxlme.me/uwxh38rr,25,0,0,0,1,68.0,0,0,0.2,8,0.5,0.125,1.0,2,0,0,0,0,0,0,0,0,0
https://cool-surf-3372.xkmxnbtj.workers.dev/,44,0,0,2,1,63.6364,0,0,0.2045,35,0.5,0.093,1.0,3,0,0,0,0,0,0,0,0,0
http://www.iamneronis.com,25,0,0,1,0,68.0,0,0,0.2,18,0.95,0.1667,1.0,3,0,0,0,0,0,0,0,0,0
https://www.bracebridgedinners.com,34,0,0,1,1,79.4118,0,0,0.1471,26,0.95,0.1515,1.0,3,0,0,0,0,0,0,0,0,1
https://goussaka-space.juukes.com/firsttech/,44,0,0,1,1,81.8182,0,0,0.1818,25,0.95,0.1163,1.0,3,0,0,0,0,0,0,0,0,0
https://att-106940-109254.weeblysite.com/,41,0,0,1,1,63.4146,0,0,0.1951,32,0.95,0.1,1.0,3,0,0,0,0,0,0,0,0,0
http://sfrmailretrouvezvotrewbemailadressemailchapboitenowapp.weebly.com/,73,0,0,1,0,90.411,0,0,0.0822,65,0.95,0.0694,1.0,3,0,0,0,0,0,0,0,0,0
https://www.nightshifterslabel.com,34,0,0,1,1,67.6471,0,0,0.1471,26,0.95,0.1212,1.0,3,0,0,0,0,0,0,0,0,1
https://www.mobilpage.com,25,0,0,1,1,60.0,0,0,0.2,17,0.95,0.1667,1.0,3,0,0,0,0,0,0,0,0,1
https://www.the-travel-bunny.com,32,0,0,1,1,59.375,0,0,0.2188,24,0.95,0.1613,1.0,3,0,0,0,0,0,0,0,0,1
https://www.amaczon-co-jp.amazccn.gatvqd.top/ap/signin,54,0,0,3,1,88.8889,0,0,0.2037,36,0.3,0.0943,1.0,3,0,0,0,0,0,0,0,0,0
http://www.jxhckt.com,21,0,0,1,0,66.6667,0,0,0.2381,14,0.95,0.2,1.0,3,0,0,0,0,0,0,0,0,0
https://jokemoothong.com/homes/secure/8152b6dd886bd21/region.php?particulier,76,0,0,0,1,90.7895,0,1,0.1316,16,0.95,0.0667,1.0,3,0,0,0,0,0,0,0,0,0
https://espace-client.17.141-98-11-72.plesk.page/auth/login,59,0,0,3,1,86.4407,0,0,0.2203,40,0.5,0.0517,1.0,4,0,0,0,0,0,0,0,0,0
http://dapp-shadeprotocol-ecosystem.com,39,0,0,0,0,87.1795,0,0,0.1538,32,0.95,0.0789,1.0,3,0,0,0,0,0,0,0,0,0
https://www.oneroomstreaming.com,32,0,0,1,1,78.125,0,0,0.1562,24,0.95,0.1613,1.0,3,0,0,0,0,0,0,0,0,1
http://www.2ip.ru,17,0,0,1,0,64.7059,0,0,0.2941,10,0.5,0.25,1.0,2,0,0,0,0,0,0,0,0,0
https://desco-com-br-id-60210.desco-resgate-seus-pontos.co.ua/desco-banking/index.php?live=116558581264272f83367705.57898955&amp;rf=pv02,136,0,0,2,1,94.1176,2,1,0.1691,53,0.5,0.0519,0.9926,2,0,0,0,0,0,0,0,0,0
https://www.landmarkpallavaa.com,32,0,0,1,1,68.75,0,0,0.1562,24,0.95,0.1935,1.0,3,0,0,0,0,0,0,0,0,1
https://9ca9d8ff02e4.godaddysites.com/,38,0,0,1,1,71.0526,0,0,0.1579,29,0.95,0.1081,1.0,3,0,0,0,0,0,0,0,0,0
http://prashantu4040.github.io/facebook-login-page-clone/,57,0,0,1,0,91.2281,0,0,0.1754,23,0.5,0.0536,1.0,2,0,0,0,0,0,0,0,0,0
https://www.jaybirdsport.com,28,0,0,1,1,64.2857,0,0,0.1786,20,0.95,0.1481,1.0,3,0,0,0,0,0,0,0,0,1
https://www.indiajuris.com,26,0,0,1,1,53.8462,0,0,0.1923,18,0.95,0.16,1.0,3,0,0,0,0,0,0,0,0,1
https://www.charlescomm.com,27,0,0,1,1,77.7778,0,0,0.1852,19,0.95,0.1923,1.0,3,0,0,0,0,0,0,0,0,1
http://www.giaoxuchuson.com,27,0,0,1,0,66.6667,0,0,0.1852,20,0.95,0.1538,1.0,3,0,0,0,0,0,0,0,0,0
https://www.thesharpproject.co.uk,33,0,0,2,1,84.8485,0,0,0.1818,25,0.9,0.1562,1.0,2,0,0,0,0,0,0,0,0,1
https://www.longislandadvance.net,33,0,0,1,1,75.7576,0,0,0.1515,25,0.85,0.125,1.0,3,0,0,0,0,0,0,0,0,1
https://www.rbkweb.no,21,0,0,1,1,57.1429,0,0,0.2381,13,0.5,0.2,1.0,2,0,0,0,0,0,0,0,0,1
http://www.dacdac.com,21,0,0,1,0,76.1905,0,0,0.2381,14,0.95,0.2,1.0,3,0,0,0,0,0,0,0,0,0
http://wkazisan.github.io/facebook-login-page/,46,0,0,1,0,82.6087,0,0,0.1957,18,0.5,0.0667,1.0,2,0,0,0,0,0,0,0,0,0
https://bafybeihbyosi7cr7kfn72nia2ykzwjl4jfqzpuu2lm7lfy5n57qivu4ama.ipfs.infura-ipfs.io//index1.html,100,0,0,2,1,92.0,0,0,0.1,79,0.5,0.0404,1.0,2,0,0,0,0,0,0,0,0,0
https://www.24x7liveindia.com,29,0,0,1,1,41.3793,0,0,0.1724,21,0.95,0.1429,1.0,3,0,0,0,0,0,0,0,0,1
http://www.defenderlive.com,27,0,0,1,0,55.5556,0,0,0.1852,20,0.95,0.1538,1.0,3,0,0,0,0,0,0,0,0,0
https://www.soulmammablog.com,29,0,0,1,1,75.8621,0,0,0.1724,21,0.95,0.1786,1.0,3,0,0,0,0,0,0,0,0,1
https://shopee.svipxt.com/,26,0,0,1,1,76.9231,0,0,0.2308,17,0.95,0.12,1.0,3,0,0,0,0,0,0,0,0,0
https://www.homebrewtalk.com,28,0,0,1,1,67.8571,0,0,0.1786,20,0.95,0.1481,1.0,3,0,0,0,0,0,0,0,0,1
https://onlinequranteaching.com/public/gpmuaa8bd9ysfvbai1b5iijligmk7uzy,71,0,0,0,1,78.8732,0,0,0.0845,23,0.95,0.0571,1.0,3,0,0,0,0,0,0,0,0,0
https://www.foodrockett.com,27,0,0,1,1,62.963,0,0,0.1852,19,0.95,0.2308,1.0,3,0,0,0,0,0,0,0,0,1
https://att-107292-108022.weeblysite.com/,41,0,0,1,1,63.4146,0,0,0.1951,32,0.95,0.125,1.0,3,0,0,0,0,0,0,0,0,0
https://roman.martynamaria.warszawa.pl/aiigro/email@example.com,63,0,1,2,1,87.3016,0,0,0.1587,30,0.5,0.0484,0.9841,2,0,0,0,0,0,0,0,0,0
https://j3dxu-4aaaa-aaaad-qexta-cai.raw.ic0.app/,48,0,0,2,1,75.0,0,0,0.2292,39,0.5,0.1915,1.0,3,0,0,0,0,0,0,0,0,0
https://www.panchvaticottage.com,32,0,0,1,1,75.0,0,0,0.1562,24,0.95,0.1613,1.0,3,0,0,0,0,0,0,0,0,1
https://www.equalizersoccer.com,31,0,0,1,1,67.7419,0,0,0.1613,23,0.95,0.1667,1.0,3,0,0,0,0,0,0,0,0,1
https://www.end.org,19,0,0,1,1,47.3684,0,0,0.2632,11,0.9,0.2222,1.0,3,0,0,0,0,0,0,0,0,1
https://www.columbiaco.com,26,0,0,1,1,65.3846,0,0,0.1923,18,0.95,0.16,1.0,3,0,0,0,0,0,0,0,0,1
https://www.nemzetisport.hu,27,0,0,1,1,70.3704,0,0,0.1852,19,0.5,0.1538,1.0,2,0,0,0,0,0,0,0,0,1
http://www.dmcvc.com,20,0,0,1,0,70.0,0,0,0.25,13,0.95,0.2105,1.0,3,0,0,0,0,0,0,0,0,0
https://www.kcstarlight.com,27,0,0,1,1,62.963,0,0,0.1852,19,0.95,0.1538,1.0,3,0,0,0,0,0,0,0,0,1
https://www.morenoreino.com,27,0,0,1,1,77.7778,0,0,0.1852,19,0.95,0.1538,1.0,3,0,0,0,0,0,0,0,0,1
http://www.napws.biz,20,0,0,1,0,60.0,0,0,0.25,13,0.5,0.2105,1.0,3,0,0,0,0,0,0,0,0,0
https://www.pinakothek.de,25,0,0,1,1,72.0,0,0,0.2,17,0.88,0.1667,1.0,2,0,0,0,0,0,0,0,0,1
https://www.prolineracing.com,29,0,0,1,1,72.4138,0,0,0.1724,21,0.95,0.1429,1.0,3,0,0,0,0,0,0,0,0,1
http://www.masterstouchautomotive.com,37,0,0,1,0,86.4865,0,0,0.1351,30,0.95,0.1111,1.0,3,0,0,0,0,0,0,0,0,0
http://www.xn--80aaagge2acs2agf3bgi.xn--p1ai,44,0,0,1,0,75.0,0,0,0.2045,37,0.5,0.2093,1.0,8,0,0,0,0,0,0,0,0,0
https://btinternetcommunicationupdate.weebly.com/,49,0,0,1,1,83.6735,0,0,0.1224,40,0.95,0.0833,1.0,3,0,0,0,0,0,0,0,0,0
https://www.18af.amc.af.mil,27,0,0,3,1,66.6667,0,0,0.2593,19,0.5,0.1538,1.0,3,0,0,0,0,0,0,0,0,1
https://www.biglobe.ne.jp,25,0,0,2,1,64.0,0,0,0.24,17,0.5,0.1667,1.0,2,0,0,0,0,0,0,0,0,1
https://www.seeyoudoc.com,25,0,0,1,1,72.0,0,0,0.2,17,0.95,0.2083,1.0,3,0,0,0,0,0,0,0,0,1
http://www.moshahede.guru,25,0,0,1,0,64.0,0,0,0.2,18,0.5,0.1667,1.0,4,0,0,0,0,0,0,0,0,0
https://bafybeife7ttpbiibbgt7txck7qdgng3hrbcqsalgsegawlhervyzmx57am.ipfs.w3s.link/biz-files.html,96,0,0,2,1,94.7917,0,0,0.0938,73,0.5,0.0526,1.0,4,0,0,0,0,0,0,0,0,0
https://www.asecu.gr,20,0,0,1,1,55.0,0,0,0.25,12,0.5,0.2105,1.0,2,0,0,0,0,0,0,0,0,1
http://www.ynfdbdybdd1.freeiz.com,33,0,0,2,0,66.6667,0,0,0.1818,26,0.95,0.1875,1.0,3,0,0,0,0,0,0,0,0,0
https://www.plantgoodseed.com,29,0,0,1,1,72.4138,0,0,0.1724,21,0.95,0.2143,1.0,3,0,0,0,0,0,0,0,0,1
https://attnet-103175.weeblysite.com/,37,0,0,1,1,51.3514,0,0,0.1892,28,0.95,0.1111,1.0,3,0,0,0,0,0,0,0,0,0
https://www.familyallergy.com,29,0,0,1,1,62.069,0,0,0.1724,21,0.95,0.1786,1.0,3,0,0,0,0,0,0,0,0,1
https://www.kartoffel-hotel.de,30,0,0,1,1,73.3333,0,0,0.2,22,0.88,0.1724,1.0,2,0,0,0,0,0,0,0,0,1
http://is.gd/accedibpersmart,28,0,0,0,0,78.5714,0,0,0.1786,5,0.5,0.1111,1.0,2,0,0,0,0,0,0,0,0,0
https://www.visitluzernecounty.com,34,0,0,1,1,73.5294,0,0,0.1471,26,0.95,0.1212,1.0,3,0,0,0,0,0,0,0,0,1
https://dev-ban-itaupyseguridad.pantheonsite.io/,48,0,0,1,1,87.5,0,0,0.1667,39,0.5,0.0426,1.0,2,0,0,0,0,0,0,0,0,0
https://please-wait-for-page-a7267.firebaseapp.com/,51,0,0,1,1,80.3922,0,0,0.1961,42,0.95,0.06,1.0,3,0,0,0,0,0,0,0,0,0
https://att-103717-101012.weeblysite.com/,41,0,0,1,1,65.8537,0,0,0.1951,32,0.95,0.1,1.0,3,0,0,0,0,0,0,0,0,0
http://www.petare.fr,20,0,0,1,0,80.0,0,0,0.25,13,0.5,0.2105,1.0,2,0,0,0,0,0,0,0,0,0
https://yysde-ikamarsel1167281.codeanyapp.com/wp-includes/drr/id829291/,71,0,0,1,1,90.1408,0,0,0.1549,37,0.95,0.0857,1.0,3,0,0,0,0,0,0,0,0,0
http://www.civilwar520.onmypc.org,33,0,0,2,0,63.6364,0,0,0.1818,26,0.9,0.125,1.0,3,0,0,0,0,0,0,0,0,0
http://jasim-al.github.io/facebook,34,0,0,1,0,61.7647,0,0,0.2059,18,0.5,0.0909,1.0,2,0,0,0,0,0,0,0,0,0
https://www.sigmateinformatics.com,34,0,0,1,1,76.4706,0,0,0.1471,26,0.95,0.1212,1.0,3,0,0,0,0,0,0,0,0,1
https://www.fr.im,17,0,0,1,1,52.9412,0,0,0.2941,9,0.5,0.25,1.0,2,0,0,0,0,0,0,0,0,1
https://thoroughoffshorenature.gecaci9653.repl.co/,50,0,0,2,1,84.0,0,0,0.14,41,0.8,0.0612,1.0,2,0,0,0,0,0,0,0,0,0
https://www.musiccouncil.org,28,0,0,1,1,71.4286,0,0,0.1786,20,0.9,0.1852,1.0,3,0,0,0,0,0,0,0,0,1
https://www.sandiegomagazine.com,32,0,0,1,1,81.25,0,0,0.1562,24,0.95,0.129,1.0,3,0,0,0,0,0,0,0,0,1
https://www.kmu.edu.tw,22,0,0,2,1,63.6364,0,0,0.2727,14,0.5,0.1905,1.0,2,0,0,0,0,0,0,0,0,1
https://www.ekel-nat.ekinsrr.wjwdyo.top,39,0,0,3,1,76.9231,0,0,0.2051,31,0.3,0.1316,1.0,3,0,0,0,0,0,0,0,0,0
https://www.erakonnad.info,26,0,0,1,1,61.5385,0,0,0.1923,18,0.55,0.2,1.0,4,0,0,0,0,0,0,0,0,1
https://aliceblueinsubstantialstructures--sdijfnsef.repl.co,59,0,0,1,1,91.5254,0,0,0.1186,51,0.8,0.0517,1.0,2,0,0,0,0,0,0,0,0,0
https://www.ginnypix.com,24,0,0,1,1,62.5,0,0,0.2083,16,0.95,0.2174,1.0,3,0,0,0,0,0,0,0,0,1
https://www.univ-rouen.fr,25,0,0,1,1,60.0,0,0,0.24,17,0.5,0.1667,1.0,2,0,0,0,0,0,0,0,0,1
https://www.lmcuk.com,21,0,0,1,1,61.9048,0,0,0.2381,13,0.95,0.2,1.0,3,0,0,0,0,0,0,0,0,1
https://onlinedialogue.nl/wp-content/plugins/ds/28bb2cad0c120c9/region.php?lca,78,0,0,0,1,89.7436,0,1,0.1538,17,0.5,0.039,1.0,2,0,0,0,0,0,0,0,0,0
http://www.alinaghdi.ir,23,0,0,1,0,69.5652,0,0,0.2174,16,0.5,0.1818,1.0,2,0,0,0,0,0,0,0,0,0
https://www.unicomstarker.com,29,0,0,1,1,68.9655,0,0,0.1724,21,0.95,0.1429,1.0,3,0,0,0,0,0,0,0,0,1
http://www.qma-bot.ir,21,0,0,1,0,47.619,0,0,0.2857,14,0.5,0.2,1.0,2,0,0,0,0,0,0,0,0,0
http://www.jack710.club,23,0,0,1,0,47.8261,0,0,0.2174,16,0.5,0.1818,1.0,4,0,0,0,0,0,0,0,0,0
http://www.bjchjlb.com,22,0,0,1,0,77.2727,0,0,0.2273,15,0.95,0.1905,1.0,3,0,0,0,0,0,0,0,0,0
https://www.cedstone.co.uk,26,0,0,2,1,73.0769,0,0,0.2308,18,0.9,0.16,1.0,2,0,0,0,0,0,0,0,0,1
https://www.wcpfc.int,21,0,0,1,1,71.4286,0,0,0.2381,13,0.5,0.2,1.0,3,0,0,0,0,0,0,0,0,1
https://www.toastenstein.com,28,0,0,1,1,75.0,0,0,0.1786,20,0.95,0.1481,1.0,3,0,0,0,0,0,0,0,0,1
https://www.indygear.com,24,0,0,1,1,37.5,0,0,0.2083,16,0.95,0.1739,1.0,3,0,0,0,0,0,0,0,0,1
https://www.wcpinst.org,23,0,0,1,1,65.2174,0,0,0.2174,15,0.9,0.1818,1.0,3,0,0,0,0,0,0,0,0,1
https://ofertas-de-ano-novo22.com/40392e96d4238d48bdd14041e/checkout/sacola,75,0,0,0,1,84.0,0,0,0.1333,25,0.95,0.0541,1.0,3,0,0,0,0,0,0,0,0,0
http://tmsbqrgbqs.duckdns.org,29,0,0,1,0,68.9655,0,0,0.1724,22,0.9,0.0714,1.0,3,0,0,0,0,0,0,0,0,0
http://www.elicimail.com,24,0,0,1,0,75.0,0,0,0.2083,17,0.95,0.1739,1.0,3,0,0,0,0,0,0,0,0,0
https://aol-104728.weeblysite.com/,34,0,0,1,1,50.0,0,0,0.2059,25,0.95,0.0909,1.0,3,0,0,0,0,0,0,0,0,0
http://www.rc1d404813c7713ba6600e621e7d9fa03e.ws,48,0,0,1,0,79.1667,0,0,0.1042,41,0.5,0.1489,1.0,2,0,0,0,0,0,0,0,0,0
https://bafybeiglijxysbpuqpec5p5l6anncffn5h3iuzftidij6heyfq5qb5fluq.ipfs.w3s.link/owa.html,90,0,0,2,1,91.1111,0,0,0.0889,73,0.5,0.0449,1.0,4,0,0,0,0,0,0,0,0,0
https://www.descopera.ro,24,0,0,1,1,79.1667,0,0,0.2083,16,0.5,0.1739,1.0,2,0,0,0,0,0,0,0,0,1
http://www.forum.sytes.net,26,0,0,2,0,61.5385,0,0,0.2308,19,0.85,0.16,1.0,3,0,0,0,0,0,0,0,0,0
https://www.harmonicinc.com,27,0,0,1,1,81.4815,0,0,0.1852,19,0.95,0.1538,1.0,3,0,0,0,0,0,0,0,0,1
https://nada111ddss.wixsite.com/my-site,39,0,0,1,1,74.359,0,0,0.1795,23,0.95,0.1579,1.0,3,0,0,0,0,0,0,0,0,0
http://www.161qdgyt75rro14ijxphve1k75.com,41,0,0,1,0,63.4146,0,0,0.122,34,0.95,0.125,1.0,3,0,0,0,0,0,0,0,0,0
https://irsstimuluscheckeligibility.site,40,0,0,0,1,77.5,0,0,0.1,32,0.35,0.0769,1.0,4,0,0,0,0,0,0,0,0,0
https://dev-itauloginsecurepy.pantheonsite.io/,46,0,0,1,1,80.4348,0,0,0.1522,37,0.5,0.0444,1.0,2,0,0,0,0,0,0,0,0,0
http://www.solo-xsg.beeppool.org,32,0,0,2,0,81.25,0,0,0.2188,25,0.9,0.2258,1.0,3,0,0,0,0,0,0,0,0,0
https://www.embalses.net,24,0,0,1,1,66.6667,0,0,0.2083,16,0.85,0.1739,1.0,3,0,0,0,0,0,0,0,0,1
http://www.lkjhgfdsatryuio.com,30,0,0,1,0,46.6667,0,0,0.1667,23,0.95,0.1379,1.0,3,0,0,0,0,0,0,0,0,0
http://www.automobile.x4host.eu,31,0,0,2,0,67.7419,0,0,0.1935,24,0.5,0.1333,1.0,2,0,0,0,0,0,0,0,0,0
https://56756453454546.3458767564.repl.co/,42,0,0,2,1,78.5714,0,0,0.1667,33,0.8,0.0488,1.0,2,0,0,0,0,0,0,0,0,0
http://www.jonashartley.com,27,0,0,1,0,59.2593,0,0,0.1852,20,0.95,0.1538,1.0,3,0,0,0,0,0,0,0,0,0
https://www.jupiterbroadcasting.com,35,0,0,1,1,71.4286,0,0,0.1429,27,0.95,0.1176,1.0,3,0,0,0,0,0,0,0,0,1
http://www.registro.creciendoconelarcoiris.com,46,0,0,2,0,82.6087,0,0,0.1304,39,0.95,0.0889,1.0,3,0,0,0,0,0,0,0,0,0
https://www.alticesport.com/,28,0,0,1,1,71.4286,0,0,0.2143,19,0.95,0.1481,1.0,3,0,0,0,0,0,0,0,0,0
http://www.saicson-co-jp.aeocnse.dkhbub.top/jp.php,50,0,0,3,0,90.0,0,0,0.22,36,0.3,0.0816,1.0,3,0,0,0,0,0,0,0,0,0
http://www.superfish.com,24,0,0,1,0,62.5,0,0,0.2083,17,0.95,0.1739,1.0,3,0,0,0,0,0,0,0,0,0
http://cr44129.tw1.ru/3afcf146e926208/region.php?particulier#_3afcf146e9262086d,79,0,0,1,0,87.3418,0,1,0.1392,14,0.5,0.0385,0.9873,2,0,0,0,0,0,0,0,0,0
https://www.cnid.pt,19,0,0,1,1,63.1579,0,0,0.2632,11,0.5,0.2222,1.0,2,0,0,0,0,0,0,0,0,1
https://www.laanimalservices.com,32,0,0,1,1,78.125,0,0,0.1562,24,0.95,0.1613,1.0,3,0,0,0,0,0,0,0,0,1
https://bafybeie65amukh66hjnvhctctgswrcri7qdbwgfgxssghcntdgi6kt5azm.ipfs.w3s.link/s102.html,91,0,0,2,1,85.7143,0,0,0.0879,73,0.5,0.0444,1.0,4,0,0,0,0,0,0,0,0,0
https://www.ncl.ucar.edu,24,0,0,2,1,58.3333,0,0,0.25,16,0.98,0.1739,1.0,3,0,0,0,0,0,0,0,0,1
https://www.icaro2000.com,25,0,0,1,1,64.0,0,0,0.2,17,0.95,0.25,1.0,3,0,0,0,0,0,0,0,0,1
https://www.nwr.com.na,22,0,0,2,1,59.0909,0,0,0.2727,14,0.5,0.1905,1.0,2,0,0,0,0,0,0,0,0,1
http://attyahoomaildososdkso.weeblysite.com/,44,0,0,1,0,86.3636,0,0,0.1364,36,0.95,0.1163,1.0,3,0,0,0,0,0,0,0,0,0
https://www.ccleaner.com,24,0,0,1,1,58.3333,0,0,0.2083,16,0.95,0.2174,1.0,3,0,0,0,0,0,0,0,0,1
http://www.infocenc.com.br,26,0,0,2,0,65.3846,0,0,0.2308,19,0.5,0.16,1.0,2,0,0,0,0,0,0,0,0,0
http://www.busanprint.net,25,0,0,1,0,64.0,0,0,0.2,18,0.85,0.1667,1.0,3,0,0,0,0,0,0,0,0,0
https://super-link-f22d2.firebaseapp.com/,41,0,0,1,1,73.1707,0,0,0.1951,32,0.95,0.1,1.0,3,0,0,0,0,0,0,0,0,0
http://www.pwrc.org,19,0,0,1,0,73.6842,0,0,0.2632,12,0.9,0.2222,1.0,3,0,0,0,0,0,0,0,0,0
https://deouospiero08.click/,28,0,0,0,1,64.2857,0,0,0.1786,19,0.25,0.0741,1.0,5,0,0,0,0,0,0,0,0,0
https://www.apheo.ca,20,0,0,1,1,75.0,0,0,0.25,12,0.88,0.2105,1.0,2,0,0,0,0,0,0,0,0,1
https://staking.legacy-of-escobar.com/,38,0,0,1,1,68.4211,0,0,0.2105,29,0.95,0.0541,1.0,3,0,0,0,0,0,0,0,0,0
https://www.eastidahonews.com,29,0,0,1,1,75.8621,0,0,0.1724,21,0.95,0.1429,1.0,3,0,0,0,0,0,0,0,0,1
https://wwxhajudjgwjklckvzgs12.web.app/,39,0,0,1,1,69.2308,0,0,0.1538,30,0.5,0.1053,1.0,3,0,0,0,0,0,0,0,0,0
https://dutsh-helppackage.ecranul.ro/public/xzffevsb6fv3bdekgphnejuz5pj3z7ab,76,0,0,1,1,89.4737,0,0,0.1053,28,0.5,0.0533,1.0,2,0,0,0,0,0,0,0,0,0
https://www.sri.com,19,0,0,1,1,57.8947,0,0,0.2632,11,0.95,0.2222,1.0,3,0,0,0,0,0,0,0,0,1
https://www.xpresidentx.es,26,0,0,1,1,76.9231,0,0,0.1923,18,0.5,0.16,1.0,2,0,0,0,0,0,0,0,0,1
http://www.ftp.leedong.longmusic.com,36,0,0,3,0,80.5556,0,0,0.1944,29,0.95,0.1429,1.0,3,0,0,0,0,0,0,0,0,0
http://www.mirzadihatti.com,27,0,0,1,0,74.0741,0,0,0.1852,20,0.95,0.1923,1.0,3,0,0,0,0,0,0,0,0,0
http://www.pro.ac,17,0,0,1,0,64.7059,0,0,0.2941,10,0.5,0.25,1.0,2,0,0,0,0,0,0,0,0,0
https://www.mainenewsonline.com,31,0,0,1,1,80.6452,0,0,0.1613,23,0.95,0.1333,1.0,3,0,0,0,0,0,0,0,0,1
http://www.groupy.pro,21,0,0,1,0,76.1905,0,0,0.2381,14,0.5,0.2,1.0,3,0,0,0,0,0,0,0,0,0
http://tinyurl.com/accediareaprivata,36,0,0,0,0,69.4444,0,0,0.1389,11,0.95,0.0857,1.0,3,0,0,0,0,0,0,0,0,0
https://www.shemesh.co.il,25,0,0,2,1,72.0,0,0,0.24,17,0.5,0.1667,1.0,2,0,0,0,0,0,0,0,0,1
http://www.getfitat50.com,25,0,0,1,0,48.0,0,0,0.2,18,0.95,0.1667,1.0,3,0,0,0,0,0,0,0,0,0
https://axonsolution.com/xmrlcp/login.php?cmd=login_submit&id=a12adadfa78e3711806cf0b22baab26aa12adadfa78e3711806cf0b22baab26a&session=a12adadfa78e3711806cf0b22baab26aa12adadfa78e3711806cf0b22baab26a,199,0,0,0,1,97.9899,3,1,0.0704,16,0.95,0.0859,1.0,3,0,0,0,0,0,0,0,0,0
http://www.support.thehealthmood.net,36,0,0,2,0,75.0,0,0,0.1667,29,0.85,0.1714,1.0,3,0,0,0,0,0,0,0,0,0
https://www.getmax.app,22,0,0,1,1,68.1818,0,0,0.2273,14,0.5,0.2381,1.0,3,0,0,0,0,0,0,0,0,1
https://www.lutheranhour.org,28,0,0,1,1,71.4286,0,0,0.1786,20,0.9,0.1481,1.0,3,0,0,0,0,0,0,0,0,1
https://skin-id-paulaudrey1727228.codeanyapp.com/skin/track/dh2tayue9asux7b543/,79,0,0,1,1,86.0759,0,0,0.1392,40,0.95,0.0513,1.0,3,0,0,0,0,0,0,0,0,0
https://aasvertagtlkom.firebaseapp.com/,39,0,0,1,1,74.359,0,0,0.1538,30,0.95,0.1053,1.0,3,0,0,0,0,0,0,0,0,0
https://www.penandhive.com,26,0,0,1,1,65.3846,0,0,0.1923,18,0.95,0.16,1.0,3,0,0,0,0,0,0,0,0,1
http://www.s01.us,17,0,0,1,0,64.7059,0,0,0.2941,10,0.85,0.25,1.0,2,0,0,0,0,0,0,0,0,0
http://www.tsx.org,18,0,0,1,0,55.5556,0,0,0.2778,11,0.9,0.2353,1.0,3,0,0,0,0,0,0,0,0,0
https://www.defined.net,23,0,0,1,1,73.913,0,0,0.2174,15,0.85,0.1818,1.0,3,0,0,0,0,0,0,0,0,1
https://www.kansashauntedhouses.com,35,0,0,1,1,82.8571,0,0,0.1429,27,0.95,0.1176,1.0,3,0,0,0,0,0,0,0,0,1
https://www.orlandpark.org,26,0,0,1,1,69.2308,0,0,0.1923,18,0.9,0.16,1.0,3,0,0,0,0,0,0,0,0,1
https://www.civiceducationproject.org,37,0,0,1,1,72.973,0,0,0.1351,29,0.9,0.1111,1.0,3,0,0,0,0,0,0,0,0,1
https://www.annalsofglobalhealth.org,36,0,0,1,1,83.3333,0,0,0.1389,28,0.9,0.1429,1.0,3,0,0,0,0,0,0,0,0,1
https://www.bluefountainmedia.com,33,0,0,1,1,72.7273,0,0,0.1515,25,0.95,0.125,1.0,3,0,0,0,0,0,0,0,0,1
https://www.spotselfieapp.com,29,0,0,1,1,72.4138,0,0,0.1724,21,0.95,0.1786,1.0,3,0,0,0,0,0,0,0,0,1
https://www.shrewsburyorthodox.com,34,0,0,1,1,70.5882,0,0,0.1471,26,0.95,0.1212,1.0,3,0,0,0,0,0,0,0,0,1
https://www.powersportz.tv,26,0,0,1,1,80.7692,0,0,0.1923,18,0.5,0.16,1.0,2,0,0,0,0,0,0,0,0,1
https://www.anaszilagyi.com,27,0,0,1,1,59.2593,0,0,0.1852,19,0.95,0.1538,1.0,3,0,0,0,0,0,0,0,0,1
http://www.lawsonvineyards.com,30,0,0,1,0,60.0,0,0,0.1667,23,0.95,0.1379,1.0,3,0,0,0,0,0,0,0,0,0
https://www.napa-net.org,24,0,0,1,1,66.6667,0,0,0.25,16,0.9,0.1739,1.0,3,0,0,0,0,0,0,0,0,1
https://btinternet-103982.weeblysite.com/,41,0,0,1,1,58.5366,0,0,0.1707,32,0.95,0.075,1.0,3,0,0,0,0,0,0,0,0,0
http://www.tursaf.org.tr,24,0,0,2,0,62.5,0,0,0.25,17,0.5,0.1739,1.0,2,0,0,0,0,0,0,0,0,0
https://yamailatt.godaddysites.com/at%26t-yahoo-mail,52,0,0,1,1,84.6154,0,0,0.1731,26,0.95,0.098,0.9808,3,0,0,0,0,0,0,0,0,0
https://www.oriel.ox.ac.uk,26,0,0,3,1,50.0,0,0,0.2692,18,0.9,0.16,1.0,2,0,0,0,0,0,0,0,0,1
https://elevated-leisure.com/,29,0,0,0,1,51.7241,0,0,0.2069,20,0.95,0.0714,1.0,3,0,0,0,0,0,0,0,0,0
https://www.drharveys.com,25,0,0,1,1,60.0,0,0,0.2,17,0.95,0.1667,1.0,3,0,0,0,0,0,0,0,0,1
https://jayson-15968.firebaseapp.com/,37,0,0,1,1,54.0541,0,0,0.1892,28,0.95,0.0833,1.0,3,0,0,0,0,0,0,0,0,0
https://www.fountainhill.org,28,0,0,1,1,71.4286,0,0,0.1786,20,0.9,0.1852,1.0,3,0,0,0,0,0,0,0,0,1
http://www.deschocolatschezvous.fr,34,0,0,1,0,70.5882,0,0,0.1471,27,0.5,0.1212,1.0,2,0,0,0,0,0,0,0,0,0
http://renewal-eeservicecs.103-37-124-92.cprapid.com/login.php,62,0,0,2,0,83.871,0,0,0.1935,45,0.95,0.0492,1.0,3,0,0,0,0,0,0,0,0,0
https://www.universalstudios.com,32,0,0,1,1,62.5,0,0,0.1562,24,0.95,0.129,1.0,3,0,0,0,0,0,0,0,0,1
https://www.amueblaydecoraetxearte.com,38,0,0,1,1,73.6842,0,0,0.1316,30,0.95,0.1081,1.0,3,0,0,0,0,0,0,0,0,1
https://infoppdb.smpn1probolinggo.sch.id/.well-known/.ind,57,0,0,2,1,84.2105,0,0,0.193,32,0.5,0.0893,1.0,2,0,0,0,0,0,0,0,0,0
https://www.elayneboosler.com,29,0,0,1,1,65.5172,0,0,0.1724,21,0.95,0.1786,1.0,3,0,0,0,0,0,0,0,0,1
https://www.extavourlab.com,27,0,0,1,1,51.8519,0,0,0.1852,19,0.95,0.1538,1.0,3,0,0,0,0,0,0,0,0,1
https://www.ilslaunch.com,25,0,0,1,1,68.0,0,0,0.2,17,0.95,0.1667,1.0,3,0,0,0,0,0,0,0,0,1
https://www.martacanga.com,26,0,0,1,1,69.2308,0,0,0.1923,18,0.95,0.16,1.0,3,0,0,0,0,0,0,0,0,1
https://www.capstonecurriculum.com.au,37,0,0,2,1,83.7838,0,0,0.1622,29,0.88,0.1389,1.0,2,0,0,0,0,0,0,0,0,1
https://www.nationalredlist.org,31,0,0,1,1,80.6452,0,0,0.1613,23,0.9,0.1333,1.0,3,0,0,0,0,0,0,0,0,1
https://www.anacostia.si.edu,28,0,0,2,1,67.8571,0,0,0.2143,20,0.98,0.1481,1.0,3,0,0,0,0,0,0,0,0,1
https://www.symplelogix.com,27,0,0,1,1,70.3704,0,0,0.1852,19,0.95,0.1538,1.0,3,0,0,0,0,0,0,0,0,1
https://owarstmp000004.firebaseapp.com/,39,0,0,1,1,79.4872,0,0,0.1538,30,0.95,0.1842,1.0,3,0,0,0,0,0,0,0,0,0
https://www.impressions-express.net,35,0,0,1,1,82.8571,0,0,0.1714,27,0.85,0.1765,1.0,3,0,0,0,0,0,0,0,0,1
https://firebasestorage.googleapis.com/v0/b/hsjasjsdskasksdk006.appspot.com/o/59255.html?alt=media&token=b6cf805c-f8b7-4777-97bb-cf3e643f2a98/,142,0,0,1,1,96.4789,2,1,0.1549,30,0.95,0.0638,1.0,3,0,0,0,0,0,0,0,0,0
http://www.f0560307.xsph.ru,27,0,0,2,0,62.963,0,0,0.2222,20,0.5,0.1538,1.0,2,0,0,0,0,0,0,0,0,0
https://www.whidbeynewstimes.com,32,0,0,1,1,75.0,0,0,0.1562,24,0.95,0.129,1.0,3,0,0,0,0,0,0,0,0,1
https://www.the-blackcountry.com,32,0,0,1,1,56.25,0,0,0.1875,24,0.95,0.129,1.0,3,0,0,0,0,0,0,0,0,1
https://maildinshaakckjnw614.web.app/,37,0,0,1,1,70.2703,0,0,0.1622,28,0.5,0.1111,1.0,3,0,0,0,0,0,0,0,0,0
https://www.salvationarmy.org.uk,32,0,0,2,1,62.5,0,0,0.1875,24,0.9,0.129,1.0,2,0,0,0,0,0,0,0,0,1
https://www.ctie.monash.edu.au,30,0,0,3,1,73.3333,0,0,0.2333,22,0.88,0.1379,1.0,2,0,0,0,0,0,0,0,0,1
https://www.owid.de,19,0,0,1,1,63.1579,0,0,0.2632,11,0.88,0.2222,1.0,2,0,0,0,0,0,0,0,0,1
https://dev-0009000.pantheonsite.io/,36,0,0,1,1,83.3333,0,0,0.1944,27,0.5,0.1714,1.0,2,0,0,0,0,0,0,0,0,0
http://eoiteuzzpf.law04wuk.club/vnafvra97w/?q=3717065149&id=100,63,0,0,1,0,76.1905,2,1,0.1746,24,0.5,0.0645,1.0,4,0,0,0,0,0,0,0,0,0
http://www.ynarliahel.xyz,25,0,0,1,0,68.0,0,0,0.2,18,0.35,0.1667,1.0,3,0,0,0,0,0,0,0,0,0
https://www.watt-evans.com,26,0,0,1,1,61.5385,0,0,0.2308,18,0.95,0.2,1.0,3,0,0,0,0,0,0,0,0,1
http://www.homeopharma.pt,25,0,0,1,0,88.0,0,0,0.2,18,0.5,0.1667,1.0,2,0,0,0,0,0,0,0,0,0
https://www.babergh.gov.uk,26,0,0,2,1,61.5385,0,0,0.2308,18,0.9,0.16,1.0,2,0,0,0,0,0,0,0,0,1
https://web3portal.com/vajfniynqx-sklyoxtrnpzso9zbpiourcphfgqtgt4rvoq,69,0,0,0,1,82.6087,0,0,0.087,14,0.95,0.0294,1.0,3,0,0,0,0,0,0,0,0,0
http://www.ecube.com.mx,23,0,0,2,0,69.5652,0,0,0.2609,16,0.5,0.1818,1.0,2,0,0,0,0,0,0,0,0,0
http://katana.roninchain.sbs,28,0,0,1,0,75.0,0,0,0.1786,21,0.5,0.0741,1.0,3,0,0,0,0,0,0,0,0,0
https://www.bahaibookstore.com,30,0,0,1,1,73.3333,0,0,0.1667,22,0.95,0.1724,1.0,3,0,0,0,0,0,0,0,0,1
http://www.ngl.kr,17,0,0,1,0,52.9412,0,0,0.2941,10,0.5,0.25,1.0,2,0,0,0,0,0,0,0,0,0
https://www.gayout.com,22,0,0,1,1,54.5455,0,0,0.2273,14,0.95,0.1905,1.0,3,0,0,0,0,0,0,0,0,1
http://www.kueronekayacotn-co-jp.kueronekayacotn.trmaaw.top/ai/?authenticated=true&amp;openid/gp/signin/x&amp;i=a&amp;oauth=m&amp;i?ie=utf8&amp;ref_=rhf_custrec_signina1bd74836e1fc68d8ac7d1d37000bd7d972a47c2,207,0,0,3,0,98.0676,5,2,0.1643,52,0.3,0.034,0.9758,3,0,0,0,0,0,0,0,0,0
http://www.fast.fbcode.co,25,0,0,2,0,68.0,0,0,0.24,18,0.8,0.1667,1.0,2,0,0,0,0,0,0,0,0,0
https://www.cybersecurityintelligence.com,41,0,0,1,1,80.4878,0,0,0.122,33,0.95,0.125,1.0,3,0,0,0,0,0,0,0,0,1
http://www.fedafedafafea12.s3.eu-central-1.amazonaws.com,56,0,0,4,0,83.9286,0,0,0.1786,49,0.95,0.0727,1.0,3,0,0,0,0,0,0,0,0,0
https://www.jillschafer.com,27,0,0,1,1,62.963,0,0,0.1852,19,0.95,0.1923,1.0,3,0,0,0,0,0,0,0,0,1
http://www.theloveiskindnetwork.com,35,0,0,1,0,74.2857,0,0,0.1429,28,0.95,0.1176,1.0,3,0,0,0,0,0,0,0,0,0
https://www.magictack.de,24,0,0,1,1,58.3333,0,0,0.2083,16,0.88,0.1739,1.0,2,0,0,0,0,0,0,0,0,1
https://www.stadtinfo-usedom.de,31,0,0,1,1,67.7419,0,0,0.1935,23,0.88,0.1333,1.0,2,0,0,0,0,0,0,0,0,1
https://www.ajiunit.com,23,0,0,1,1,52.1739,0,0,0.2174,15,0.95,0.1818,1.0,3,0,0,0,0,0,0,0,0,1
https://www.barclayscenter.com,30,0,0,1,1,70.0,0,0,0.1667,22,0.95,0.1379,1.0,3,0,0,0,0,0,0,0,0,1
https://slpemlbnwytijwqr-dot-grinio-urcha-dirs-maxim.ue.r.appspot.com/#redacted@abuse.ionos.com,95,0,1,3,1,91.5789,0,0,0.1789,61,0.95,0.0319,0.9789,3,0,0,0,0,0,0,0,0,0
https://fb-metacaseappeal91567830.firebaseapp.com/,50,0,0,1,1,70.0,0,0,0.14,41,0.95,0.0816,1.0,3,0,0,0,0,0,0,0,0,0
https://www.mimmofiorilla.com,29,0,0,1,1,72.4138,0,0,0.1724,21,0.95,0.2143,1.0,3,0,0,0,0,0,0,0,0,1
http://www.gadget13.com,23,0,0,1,0,52.1739,0,0,0.2174,16,0.95,0.1818,1.0,3,0,0,0,0,0,0,0,0,0
https://billowing-mud-0498.on.fleek.co/notification.html,56,0,0,2,1,75.0,0,0,0.1786,30,0.8,0.0727,1.0,2,0,0,0,0,0,0,0,0,0
http://edsr.top/,16,0,0,0,0,50.0,0,0,0.3125,8,0.3,0.1333,1.0,3,0,0,0,0,0,0,0,0,0
https://www.citymuseumdc.org,28,0,0,1,1,64.2857,0,0,0.1786,20,0.9,0.1481,1.0,3,0,0,0,0,0,0,0,0,1
https://www.nttr.co.jp,22,0,0,2,1,63.6364,0,0,0.2727,14,0.5,0.2381,1.0,2,0,0,0,0,0,0,0,0,1
http://www.benzin-sahmie.ml,27,0,0,1,0,70.3704,0,0,0.2222,20,0.5,0.1538,1.0,2,0,0,0,0,0,0,0,0,0
https://sodasoftheworldrivefr.web.app/,38,0,0,1,1,86.8421,0,0,0.1579,29,0.5,0.0811,1.0,3,0,0,0,0,0,0,0,0,0
https://amazon-hgfhtt.zyns.com/mobile/signim.php,48,0,0,1,1,83.3333,0,0,0.1875,22,0.95,0.0638,1.0,3,0,0,0,0,0,0,0,0,0
https://www.revk.uk,19,0,0,1,1,57.8947,0,0,0.2632,11,0.9,0.2222,1.0,2,0,0,0,0,0,0,0,0,1
https://www.pok.polimi.it,25,0,0,2,1,76.0,0,0,0.24,17,0.5,0.1667,1.0,2,0,0,0,0,0,0,0,0,1
http://ddolko.blogspot.com/,27,0,0,1,0,70.3704,0,0,0.2222,19,0.95,0.1154,1.0,3,0,0,0,0,0,0,0,0,0
http://www.blinefm.com,22,0,0,1,0,50.0,0,0,0.2273,15,0.95,0.1905,1.0,3,0,0,0,0,0,0,0,0,0
http://www.tasut.com,20,0,0,1,0,55.0,0,0,0.25,13,0.95,0.2105,1.0,3,0,0,0,0,0,0,0,0,0
http://www.l5isnap6wuhx.win,27,0,0,1,0,70.3704,0,0,0.1852,20,0.5,0.1538,1.0,3,0,0,0,0,0,0,0,0,0
https://www.warehousefashion.com,32,0,0,1,1,71.875,0,0,0.1562,24,0.95,0.129,1.0,3,0,0,0,0,0,0,0,0,1
https://www.iowacityhandymanremodeling.com,42,0,0,1,1,85.7143,0,0,0.119,34,0.95,0.0976,1.0,3,0,0,0,0,0,0,0,0,1
https://www.reichsbanner-geschichte.de,38,0,0,1,1,81.5789,0,0,0.1579,30,0.88,0.1351,1.0,2,0,0,0,0,0,0,0,0,1
https://cznvvelfxaduzplykoui01.z20.web.core.windows.net/,56,0,0,4,1,80.3571,0,0,0.1607,47,0.85,0.0545,1.0,3,0,0,0,0,0,0,0,0,0
https://is292-express.firebaseapp.com/,38,0,0,1,1,73.6842,0,0,0.1842,29,0.95,0.1081,1.0,3,0,0,0,0,0,0,0,0,0
https://www.promenadefield.com,30,0,0,1,1,66.6667,0,0,0.1667,22,0.95,0.1379,1.0,3,0,0,0,0,0,0,0,0,1
https://outlook-web-fb782.web.app/,34,0,0,1,1,67.6471,0,0,0.2353,25,0.5,0.1212,1.0,3,0,0,0,0,0,0,0,0,0
https://www.lundbergs-mobler.se,31,0,0,1,1,67.7419,0,0,0.1935,23,0.5,0.1333,1.0,2,0,0,0,0,0,0,0,0,1
http://www.albertaeatsfood.com,30,0,0,1,0,63.3333,0,0,0.1667,23,0.95,0.1724,1.0,3,0,0,0,0,0,0,0,0,0
https://stcurrrerenttly.square.site/,36,0,0,1,1,72.2222,0,0,0.1667,27,0.35,0.1429,1.0,4,0,0,0,0,0,0,0,0,0
http://synapptecglobal.com/,27,0,0,0,0,62.963,0,0,0.1852,19,0.95,0.1154,1.0,3,0,0,0,0,0,0,0,0,0
https://cybervue.co.uk/inse.nhsn/ncce.cen.php,45,0,0,1,1,82.2222,0,0,0.2222,14,0.9,0.0682,1.0,2,0,0,0,0,0,0,0,0,0
https://www.heartofscotstoun.org.uk,35,0,0,2,1,74.2857,0,0,0.1714,27,0.9,0.1176,1.0,2,0,0,0,0,0,0,0,0,1
https://www.mediavine.com,25,0,0,1,1,60.0,0,0,0.2,17,0.95,0.1667,1.0,3,0,0,0,0,0,0,0,0,1
https://spnp-a5ux-c.web.app/,28,0,0,1,1,64.2857,0,0,0.2857,19,0.5,0.1111,1.0,3,0,0,0,0,0,0,0,0,0
https://www.victorataide.com.br,31,0,0,2,1,70.9677,0,0,0.1935,23,0.5,0.1333,1.0,2,0,0,0,0,0,0,0,0,1
https://aol-105224.weeblysite.com/,34,0,0,1,1,55.8824,0,0,0.2059,25,0.95,0.1212,1.0,3,0,0,0,0,0,0,0,0,0
https://www.chickenwaterer.com,30,0,0,1,1,70.0,0,0,0.1667,22,0.95,0.1379,1.0,3,0,0,0,0,0,0,0,0,1
http://www.ws.xmrpool.net,25,0,0,2,0,64.0,0,0,0.24,18,0.85,0.2083,1.0,3,0,0,0,0,0,0,0,0,0
https://form.jotform.com/222518531036146,40,0,0,1,1,77.5,0,0,0.15,16,0.95,0.1026,1.0,3,0,0,0,0,0,0,0,0,0
https://www.supermonitoring.com,31,0,0,1,1,80.6452,0,0,0.1613,23,0.95,0.1333,1.0,3,0,0,0,0,0,0,0,0,1
https://mail-101447.weeblysite.com/,35,0,0,1,1,65.7143,0,0,0.2,26,0.95,0.1176,1.0,3,0,0,0,0,0,0,0,0,0
http://www.documentshare.info,29,0,0,1,0,62.069,0,0,0.1724,22,0.55,0.1429,1.0,4,0,0,0,0,0,0,0,0,0
http://pancakeswap.com.kz,25,0,0,1,0,64.0,0,0,0.2,18,0.5,0.0833,1.0,2,0,0,0,0,0,0,0,0,0
https://www.merashehar.today/wp-includes/widgets/kuidais/,57,0,0,1,1,82.4561,0,0,0.1754,20,0.5,0.0714,1.0,5,0,0,0,0,0,0,0,0,0
https://www.ushistory.org,25,0,0,1,1,76.0,0,0,0.2,17,0.9,0.1667,1.0,3,0,0,0,0,0,0,0,0,1
https://www.asianetworkexchange.org,35,0,0,1,1,82.8571,0,0,0.1429,27,0.9,0.1176,1.0,3,0,0,0,0,0,0,0,0,1
https://www.smilesraleigh.com,29,0,0,1,1,75.8621,0,0,0.1724,21,0.95,0.1429,1.0,3,0,0,0,0,0,0,0,0,1
https://bbbrrroooaaaddbbaaannndd.godaddysites.com/,50,0,0,1,1,82.0,0,0,0.12,41,0.95,0.3673,1.0,3,0,0,0,0,0,0,0,0,0
https://www.torontogardens.com,30,0,0,1,1,70.0,0,0,0.1667,22,0.95,0.1379,1.0,3,0,0,0,0,0,0,0,0,1
https://www.globalmbwatch.com,29,0,0,1,1,86.2069,0,0,0.1724,21,0.95,0.1429,1.0,3,0,0,0,0,0,0,0,0,1
https://www.atuna.com,21,0,0,1,1,57.1429,0,0,0.2381,13,0.95,0.2,1.0,3,0,0,0,0,0,0,0,0,1
https://www.ncimusic.com,24,0,0,1,1,75.0,0,0,0.2083,16,0.95,0.1739,1.0,3,0,0,0,0,0,0,0,0,1
https://bellsouth-verification.webflow.io/,42,0,0,1,1,78.5714,0,0,0.1667,33,0.5,0.0732,1.0,2,0,0,0,0,0,0,0,0,0
https://thirstyscientificcontrolflowgraph--servbachn.repl.co/,61,0,0,1,1,90.1639,0,0,0.1311,52,0.8,0.0667,1.0,2,0,0,0,0,0,0,0,0,0
https://www.skyhorsepublishing.com,34,0,0,1,1,64.7059,0,0,0.1471,26,0.95,0.1212,1.0,3,0,0,0,0,0,0,0,0,1
https://provincia738gdarr--prove938.repl.co,43,0,0,1,1,79.0698,0,0,0.1628,35,0.8,0.0952,1.0,2,0,0,0,0,0,0,0,0,0
https://www.sinojapanesewar.com,31,0,0,1,1,77.4194,0,0,0.1613,23,0.95,0.1333,1.0,3,0,0,0,0,0,0,0,0,1
https://www.direct.smbo.oakknollcoto.com/ibg/client/home.php,60,0,0,3,1,91.6667,0,0,0.1833,32,0.95,0.1017,1.0,3,0,0,0,0,0,0,0,0,0
https://soqr-j4pn-e.web.app/,28,0,0,1,1,60.7143,0,0,0.2857,19,0.5,0.1111,1.0,3,0,0,0,0,0,0,0,0,0
http://www.hbamefphmqsdgkqojgwe.com,35,0,0,1,0,74.2857,0,0,0.1429,28,0.95,0.1176,1.0,3,0,0,0,0,0,0,0,0,0
http://www.empiresanitaryware.com,33,0,0,1,0,78.7879,0,0,0.1515,26,0.95,0.125,1.0,3,0,0,0,0,0,0,0,0,0
https://www.kasso.com.tr,24,0,0,2,1,66.6667,0,0,0.25,16,0.5,0.2174,1.0,2,0,0,0,0,0,0,0,0,1
https://www.mytuningvaz.ru,26,0,0,1,1,53.8462,0,0,0.1923,18,0.5,0.16,1.0,2,0,0,0,0,0,0,0,0,1
https://www.dla.mil,19,0,0,1,1,57.8947,0,0,0.2632,11,0.5,0.2222,1.0,3,0,0,0,0,0,0,0,0,1
https://www.fonefinder.net,26,0,0,1,1,69.2308,0,0,0.1923,18,0.85,0.16,1.0,3,0,0,0,0,0,0,0,0,1
https://receipt-b128d.firebaseapp.com/,38,0,0,1,1,73.6842,0,0,0.1842,29,0.95,0.0811,1.0,3,0,0,0,0,0,0,0,0,0
http://www.blockchainjoblist.com,32,0,0,1,0,75.0,0,0,0.1562,25,0.95,0.129,1.0,3,0,0,0,0,0,0,0,0,0
http://www.dexiresion.org,25,0,0,1,0,68.0,0,0,0.2,18,0.9,0.1667,1.0,3,0,0,0,0,0,0,0,0,0
https://www.ancruzeiros.pt,26,0,0,1,1,61.5385,0,0,0.1923,18,0.5,0.16,1.0,2,0,0,0,0,0,0,0,0,1
https://www.rmiri.co.jp,23,0,0,2,1,69.5652,0,0,0.2609,15,0.5,0.1818,1.0,2,0,0,0,0,0,0,0,0,1
https://www.10percent.gr,24,0,0,1,1,66.6667,0,0,0.2083,16,0.5,0.1739,1.0,2,0,0,0,0,0,0,0,0,1
https://www.mera400.pl,22,0,0,1,1,59.0909,0,0,0.2273,14,0.5,0.2381,1.0,2,0,0,0,0,0,0,0,0,1
http://shopdeutschepost.medifa.com.pk/,38,0,0,2,0,84.2105,0,0,0.1842,30,0.5,0.0541,1.0,2,0,0,0,0,0,0,0,0,0
https://vwvwzonabetasegura.com/index.php,40,0,0,0,1,72.5,0,0,0.15,22,0.95,0.0513,1.0,3,0,0,0,0,0,0,0,0,0
https://www.shopartcenter.com,29,0,0,1,1,86.2069,0,0,0.1724,21,0.95,0.1429,1.0,3,0,0,0,0,0,0,0,0,1
https://ipfs.eth.aragon.network/ipfs/bafybeihizr7iompssgkw5bdeix4p7yqrszrcpvafywebsgf2nio5l5ppqm//aspxcho.html,110,0,0,2,1,95.4545,0,0,0.1,23,0.5,0.0459,1.0,7,0,0,0,0,0,0,0,0,0
https://www.ekel-nat.ekinsrr.vcpyci.top,39,0,0,3,1,79.4872,0,0,0.2051,31,0.3,0.1316,1.0,3,0,0,0,0,0,0,0,0,0
https://www.babylonjs.com,25,0,0,1,1,60.0,0,0,0.2,17,0.95,0.1667,1.0,3,0,0,0,0,0,0,0,0,1
https://att-106214.weeblysite.com/,34,0,0,1,1,50.0,0,0,0.2059,25,0.95,0.1212,1.0,3,0,0,0,0,0,0,0,0,0
https://which0x005.web.app/,27,0,0,1,1,66.6667,0,0,0.2222,18,0.5,0.1538,1.0,3,0,0,0,0,0,0,0,0,0
https://www.valefurnishers.co.uk,32,0,0,2,1,65.625,0,0,0.1875,24,0.9,0.129,1.0,2,0,0,0,0,0,0,0,0,1
https://www.warrencountynj.gov,30,0,0,1,1,60.0,0,0,0.1667,22,0.99,0.1724,1.0,3,0,0,0,0,0,0,0,0,1
https://www.genealogyinc.com,28,0,0,1,1,67.8571,0,0,0.1786,20,0.95,0.1481,1.0,3,0,0,0,0,0,0,0,0,1
http://u1965047.plsk.regruhosting.ru/221/,41,0,0,2,0,68.2927,0,0,0.1951,29,0.5,0.075,1.0,2,0,0,0,0,0,0,0,0,0
http://www.ddns.com.br,22,0,0,2,0,54.5455,0,0,0.2727,15,0.5,0.2381,1.0,2,0,0,0,0,0,0,0,0,0
https://webmail-103152.weeblysite.com/,38,0,0,1,1,68.4211,0,0,0.1842,29,0.95,0.0811,1.0,3,0,0,0,0,0,0,0,0,0
https://bafkreiht4dt2xkxvmt2yfr3zvwpokof4ozde7reaockcthgrma5vxcsxk4.ipfs.dweb.link/,83,0,0,2,1,90.3614,0,0,0.0843,74,0.5,0.0244,1.0,4,0,0,0,0,0,0,0,0,0
https://www.nutboltgames.com,28,0,0,1,1,60.7143,0,0,0.1786,20,0.95,0.1481,1.0,3,0,0,0,0,0,0,0,0,1
http://www.nhn-games.com,24,0,0,1,0,62.5,0,0,0.25,17,0.95,0.1739,1.0,3,0,0,0,0,0,0,0,0,0
https://document-review.myportfolio.com/,40,0,0,1,1,70.0,0,0,0.175,31,0.95,0.0513,1.0,3,0,0,0,0,0,0,0,0,0
https://www.lewistownsentinel.com,33,0,0,1,1,84.8485,0,0,0.1515,25,0.95,0.125,1.0,3,0,0,0,0,0,0,0,0,1
https://www.yinshun.org.tw,26,0,0,2,1,69.2308,0,0,0.2308,18,0.5,0.16,1.0,2,0,0,0,0,0,0,0,0,1
https://953232222.xyz/vmjddusx/third/7,38,0,0,0,1,63.1579,0,0,0.1842,13,0.35,0.1622,1.0,3,0,0,0,0,0,0,0,0,0
https://harvey-moveis-luiza.myshopify.com/,42,0,0,1,1,83.3333,0,0,0.1905,33,0.95,0.0488,1.0,3,0,0,0,0,0,0,0,0,0
https://cloudflare-ipfs.com/ipfs/qmtkpgb95nddzarc9dgx35wprij5nbzet3lnrubmsysxmv,79,0,0,0,1,87.3418,0,0,0.0886,19,0.95,0.0385,1.0,3,0,0,0,0,0,0,0,0,0
https://www.nzcta.co.nz,23,0,0,2,1,73.913,0,0,0.2609,15,0.5,0.1818,1.0,2,0,0,0,0,0,0,0,0,1
https://dev-bcrmensajeros.pantheonsite.io/bcrmensajero/,55,0,0,1,1,92.7273,0,0,0.1455,33,0.5,0.037,1.0,2,0,0,0,0,0,0,0,0,0
https://www.southstpaul.org,27,0,0,1,1,81.4815,0,0,0.1852,19,0.9,0.1538,1.0,3,0,0,0,0,0,0,0,0,1
https://www.therushes.com,25,0,0,1,1,72.0,0,0,0.2,17,0.95,0.1667,1.0,3,0,0,0,0,0,0,0,0,1
https://cryptonit.exchange/,27,0,0,0,1,62.963,0,0,0.1852,18,0.5,0.0769,1.0,8,0,0,0,0,0,0,0,0,0
http://43.159.39.69/v3/signin/identifier?dsh=s1980479229:1662548461268109&amp;continue=https://accounts.google.com/&amp;followup=https://accounts.google.com/&amp;passive=1209600&amp;flowname=glifwebsignin&amp;flowentry=servicelogin&amp;ifkv=aqn2rmxq9lzk9xvfmlixps4znli_oeuopb5um5cfb4ozvanpgwvld0f0ffni9umhkwoggp3ailrp5a,319,1,0,2,0,98.7461,7,1,0.1348,12,0.5,0.0535,0.9812,2,0,0,0,0,0,0,0,0,0
http://www.designer.welco.live,30,0,0,2,0,63.3333,0,0,0.2,23,0.5,0.1379,1.0,4,0,0,0,0,0,0,0,0,0
https://www.feast-magazine.co.uk,32,0,0,2,1,56.25,0,0,0.2188,24,0.9,0.129,1.0,2,0,0,0,0,0,0,0,0,1
https://brighthardwaremart.com/did/adobe2023/index.php,54,0,0,0,1,83.3333,0,0,0.1481,22,0.95,0.0377,1.0,3,0,0,0,0,0,0,0,0,0
https://www.answercoalition.org,31,0,0,1,1,77.4194,0,0,0.1613,23,0.9,0.1333,1.0,3,0,0,0,0,0,0,0,0,1
https://www.oekofen.com,23,0,0,1,1,60.8696,0,0,0.2174,15,0.95,0.1818,1.0,3,0,0,0,0,0,0,0,0,1
http://www.foryoulady.com,25,0,0,1,0,56.0,0,0,0.2,18,0.95,0.1667,1.0,3,0,0,0,0,0,0,0,0,0
http://bafybeigdcfxwvcb36mrnc3qqp4gqqhm3sthrpqpi3pvl457neuqikssl4a.ipfs.dweb.link/,82,0,0,2,0,91.4634,0,0,0.0854,74,0.5,0.0617,1.0,4,0,0,0,0,0,0,0,0,0
https://www.mirrors.pdp-11.ru,29,0,0,2,1,72.4138,0,0,0.2414,21,0.5,0.2143,1.0,2,0,0,0,0,0,0,0,0,1
https://www.maerchenfein.de,27,0,0,1,1,62.963,0,0,0.1852,19,0.88,0.1538,1.0,2,0,0,0,0,0,0,0,0,1
https://pwanmax.com/luck/adonbe/adobe.html,42,0,0,0,1,85.7143,0,0,0.1905,11,0.95,0.0488,1.0,3,0,0,0,0,0,0,0,0,0
https://www.nzqa.govt.nz,24,0,0,2,1,62.5,0,0,0.25,16,0.5,0.1739,1.0,2,0,0,0,0,0,0,0,0,1
https://www.ocamagazine.com,27,0,0,1,1,66.6667,0,0,0.1852,19,0.95,0.1538,1.0,3,0,0,0,0,0,0,0,0,1
https://www.allplaces.us,24,0,0,1,1,79.1667,0,0,0.2083,16,0.85,0.2174,1.0,2,0,0,0,0,0,0,0,0,1
https://www.winebusiness.com,28,0,0,1,1,71.4286,0,0,0.1786,20,0.95,0.1852,1.0,3,0,0,0,0,0,0,0,0,1
https://www.semiconductor-today.com,35,0,0,1,1,68.5714,0,0,0.1714,27,0.95,0.1176,1.0,3,0,0,0,0,0,0,0,0,1
https://www.thetaskforce.org,28,0,0,1,1,75.0,0,0,0.1786,20,0.9,0.1481,1.0,3,0,0,0,0,0,0,0,0,1
https://www.sensorsinc.com,26,0,0,1,1,73.0769,0,0,0.1923,18,0.95,0.16,1.0,3,0,0,0,0,0,0,0,0,1
http://www.job.yahoodaily.com,29,0,0,2,0,68.9655,0,0,0.2069,22,0.95,0.1786,1.0,3,0,0,0,0,0,0,0,0,0
https://www.preparedpantry.com,30,0,0,1,1,70.0,0,0,0.1667,22,0.95,0.1379,1.0,3,0,0,0,0,0,0,0,0,1
https://www.brandbazar.com,26,0,0,1,1,61.5385,0,0,0.1923,18,0.95,0.16,1.0,3,0,0,0,0,0,0,0,0,1
https://www.tractorsupply.com,29,0,0,1,1,75.8621,0,0,0.1724,21,0.95,0.1786,1.0,3,0,0,0,0,0,0,0,0,1
https://www.la-croix.com,24,0,0,1,1,54.1667,0,0,0.25,16,0.95,0.1739,1.0,3,0,0,0,0,0,0,0,0,1
https://www.visitsealife.com,28,0,0,1,1,64.2857,0,0,0.1786,20,0.95,0.1481,1.0,3,0,0,0,0,0,0,0,0,1
https://www.kawasakienginesusa.com,34,0,0,1,1,76.4706,0,0,0.1471,26,0.95,0.1212,1.0,3,0,0,0,0,0,0,0,0,1
https://www.lippu.fi,20,0,0,1,1,70.0,0,0,0.25,12,0.5,0.2632,1.0,2,0,0,0,0,0,0,0,0,1
https://gateway.ipfs.io/ipfs/bafybeiaw42kbgvlwgjs3dg5m7asp6emnton53irch7rt4yn3sw32syrnle,88,0,0,1,1,92.0455,0,0,0.0795,15,0.5,0.023,1.0,2,0,0,0,0,0,0,0,0,0
https://www.loket.nl,20,0,0,1,1,60.0,0,0,0.25,12,0.5,0.2105,1.0,2,0,0,0,0,0,0,0,0,1
https://www.wrenandrita.com,27,0,0,1,1,62.963,0,0,0.1852,19,0.95,0.1538,1.0,3,0,0,0,0,0,0,0,0,1
https://www.bmvc2021-virtualconference.com,42,0,0,1,1,69.0476,0,0,0.1429,34,0.95,0.0976,1.0,3,0,0,0,0,0,0,0,0,1
http://drehabdawood2022.com/chase-otp1,38,0,0,0,0,73.6842,0,0,0.1579,20,0.95,0.1081,1.0,3,0,0,0,0,0,0,0,0,0
https://www.lussobabies.com,27,0,0,1,1,62.963,0,0,0.1852,19,0.95,0.1923,1.0,3,0,0,0,0,0,0,0,0,1
https://www.realpage.com,24,0,0,1,1,62.5,0,0,0.2083,16,0.95,0.1739,1.0,3,0,0,0,0,0,0,0,0,1
https://bit.ly/43pohq6,22,0,0,0,1,45.4545,0,0,0.2273,6,0.5,0.0952,1.0,2,0,0,0,0,0,0,0,0,0
https://www.werecallingshenanigans.com,38,0,0,1,1,86.8421,0,0,0.1316,30,0.95,0.1351,1.0,3,0,0,0,0,0,0,0,0,1
https://www.prpeak.com,22,0,0,1,1,54.5455,0,0,0.2273,14,0.95,0.1905,1.0,3,0,0,0,0,0,0,0,0,1
https://www.saopaulo.sp.gov.br,30,0,0,3,1,73.3333,0,0,0.2333,22,0.5,0.1379,1.0,2,0,0,0,0,0,0,0,0,1
https://luizafaturaitau.com/,28,0,0,0,1,57.1429,0,0,0.1786,19,0.95,0.0741,1.0,3,0,0,0,0,0,0,0,0,0
https://bavret.blogspot.com/,28,0,0,1,1,64.2857,0,0,0.2143,19,0.95,0.0741,1.0,3,0,0,0,0,0,0,0,0,0
https://www.thisidoforme.com,28,0,0,1,1,75.0,0,0,0.1786,20,0.95,0.1481,1.0,3,0,0,0,0,0,0,0,0,1
https://www.battlegroundsmobileindia.com,40,0,0,1,1,82.5,0,0,0.125,32,0.95,0.1282,1.0,3,0,0,0,0,0,0,0,0,1
https://www.biografiadechile.cl,31,0,0,1,1,70.9677,0,0,0.1613,23,0.5,0.1333,1.0,2,0,0,0,0,0,0,0,0,1
http://casadoventomgsf.blogspot.com,35,0,0,1,0,74.2857,0,0,0.1429,28,0.95,0.0588,1.0,3,0,0,0,0,0,0,0,0,0
https://dhlexpresstracking-qa.com/public/w6yxqo0zyaz4cia5xsnzqsrk8pl3svjy,73,0,0,0,1,76.7123,0,0,0.0959,25,0.95,0.0417,1.0,3,0,0,0,0,0,0,0,0,0
https://www.nbforum.com,23,0,0,1,1,56.5217,0,0,0.2174,15,0.95,0.1818,1.0,3,0,0,0,0,0,0,0,0,1
https://www.ilikewordpress.com,30,0,0,1,1,76.6667,0,0,0.1667,22,0.95,0.1724,1.0,3,0,0,0,0,0,0,0,0,1
https://www.poshpuppyboutique.com,33,0,0,1,1,75.7576,0,0,0.1515,25,0.95,0.1562,1.0,3,0,0,0,0,0,0,0,0,1
https://www.gdacs.org,21,0,0,1,1,61.9048,0,0,0.2381,13,0.9,0.2,1.0,3,0,0,0,0,0,0,0,0,1
https://www.simtec-silicone.com,31,0,0,1,1,80.6452,0,0,0.1935,23,0.95,0.1333,1.0,3,0,0,0,0,0,0,0,0,1
https://www.zowietek.com,24,0,0,1,1,62.5,0,0,0.2083,16,0.95,0.1739,1.0,3,0,0,0,0,0,0,0,0,1
http://www.cervezaelhechicero.cl,32,0,0,1,0,78.125,0,0,0.1562,25,0.5,0.129,1.0,2,0,0,0,0,0,0,0,0,0
https://domappcheckomeg33.web.app/,34,0,0,1,1,79.4118,0,0,0.1765,25,0.5,0.1515,1.0,3,0,0,0,0,0,0,0,0,0
https://www.kuliss.co,21,0,0,1,1,57.1429,0,0,0.2381,13,0.8,0.25,1.0,2,0,0,0,0,0,0,0,0,1
https://www.theobserver.com,27,0,0,1,1,77.7778,0,0,0.1852,19,0.95,0.1538,1.0,3,0,0,0,0,0,0,0,0,1
https://www.siirtolapuutarhaliitto.fi,37,0,0,1,1,94.5946,0,0,0.1351,29,0.5,0.2222,1.0,2,0,0,0,0,0,0,0,0,1
https://storageapi.fleek.co/2ec9db52-41a4-4bb3-b073-3a67d64aab20-bucket/van6/index.html,87,0,0,1,1,87.3563,0,0,0.1609,19,0.8,0.0581,1.0,2,0,0,0,0,0,0,0,0,0
http://creativecombat.com/wp-admin/network/acct/login.php?rand=13inboxlightaspxn.1774256418&fid.4.1252899642&fid=1&fav.1&rand.13inboxlight.aspxn.1774256418&fid.1252899642&fid.1&fav.1&email=3mail@b.c&.rand=13inboxlight.aspx?n=1774256418&fid=4#n=1252899642&fid=1&fav=1,266,0,1,0,0,98.1203,9,2,0.1805,18,0.95,0.034,0.9925,3,0,0,0,0,0,0,0,0,0
http://www.kueronakayaeotn.co.jp.kuerocekayaoato.yqbfzj.top/ai/?authenticated=true&openid/gp/signin/x&i=a&oauth=m&i?ie=utf8&ref_=rhf_custrec_signin153342e2e145ccb85e11b5c46ec6ff04506ab168,187,0,0,5,0,97.3262,5,2,0.1551,52,0.3,0.043,1.0,3,0,0,0,0,0,0,0,0,0
https://v.ht/package-es23,25,0,0,0,1,64.0,0,0,0.24,4,0.5,0.0833,1.0,2,0,0,0,0,0,0,0,0,0
https://www.hardlyart.com,25,0,0,1,1,64.0,0,0,0.2,17,0.95,0.1667,1.0,3,0,0,0,0,0,0,0,0,1
http://www.na7qvkzun9.s3.us-west-2.amazonaws.com,48,0,0,4,0,75.0,0,0,0.2083,41,0.95,0.0851,1.0,3,0,0,0,0,0,0,0,0,0
https://www.joehadeed.com,25,0,0,1,1,72.0,0,0,0.2,17,0.95,0.2083,1.0,3,0,0,0,0,0,0,0,0,1
http://snksawsqmf.duckdns.org,29,0,0,1,0,55.1724,0,0,0.1724,22,0.9,0.0714,1.0,3,0,0,0,0,0,0,0,0,0
https://www.thehabitat.my,25,0,0,1,1,68.0,0,0,0.2,17,0.5,0.1667,1.0,2,0,0,0,0,0,0,0,0,1
https://www.artgallery.nsw.gov.au,33,0,0,3,1,72.7273,0,0,0.2121,25,0.88,0.1562,1.0,2,0,0,0,0,0,0,0,0,1
http://www.colemanu.ga,22,0,0,1,0,50.0,0,0,0.2273,15,0.5,0.1905,1.0,2,0,0,0,0,0,0,0,0,0
http://www.boldlygoingnowhere.org,33,0,0,1,0,81.8182,0,0,0.1515,26,0.9,0.125,1.0,3,0,0,0,0,0,0,0,0,0
https://www.casaruralaztieta.com,32,0,0,1,1,68.75,0,0,0.1562,24,0.95,0.129,1.0,3,0,0,0,0,0,0,0,0,1
http://www.crypto-webminer.com,30,0,0,1,0,76.6667,0,0,0.2,23,0.95,0.1379,1.0,3,0,0,0,0,0,0,0,0,0
https://www.naturescapes.net,28,0,0,1,1,82.1429,0,0,0.1786,20,0.85,0.1481,1.0,3,0,0,0,0,0,0,0,0,1
https://www.nnma.gov.ng,23,0,0,2,1,65.2174,0,0,0.2609,15,0.5,0.2273,1.0,2,0,0,0,0,0,0,0,0,1
https://www.chirpbooks.com,26,0,0,1,1,76.9231,0,0,0.1923,18,0.95,0.2,1.0,3,0,0,0,0,0,0,0,0,1
http://www.pelleaneigeleducetfils.ca,36,0,0,1,0,77.7778,0,0,0.1389,29,0.88,0.1429,1.0,2,0,0,0,0,0,0,0,0,0
https://www.alelion.com,23,0,0,1,1,56.5217,0,0,0.2174,15,0.95,0.1818,1.0,3,0,0,0,0,0,0,0,0,1
https://oauiyubskziyzzio.firebaseapp.com/,41,0,0,1,1,82.9268,0,0,0.1463,32,0.95,0.1,1.0,3,0,0,0,0,0,0,0,0,0
http://www.ympjwjwf.info,24,0,0,1,0,70.8333,0,0,0.2083,17,0.55,0.1739,1.0,4,0,0,0,0,0,0,0,0,0
http://masoudshafaghi.com/business-humanrights/cccccc%20(2)/cccccc%20(2)/cccccc/,80,0,0,0,0,88.75,0,0,0.2,18,0.95,0.2278,0.925,3,0,0,0,0,0,0,0,0,0
https://jaypix-creative.com/-/mydhl/mydhl/,42,0,0,0,1,80.9524,0,0,0.2381,19,0.95,0.0488,1.0,3,0,0,0,0,0,0,0,0,0
https://www.identixweb.com,26,0,0,1,1,57.6923,0,0,0.1923,18,0.95,0.16,1.0,3,0,0,0,0,0,0,0,0,1
https://project1a-7b9f0.web.app/,32,0,0,1,1,56.25,0,0,0.2188,23,0.5,0.0968,1.0,3,0,0,0,0,0,0,0,0,0
https://ritzy-forest-sugar.glitch.me/authonlineooverify.htm,59,0,0,1,1,91.5254,0,0,0.1525,28,0.5,0.0517,1.0,2,0,0,0,0,0,0,0,0,0
https://www.miomodo.de,22,0,0,1,1,72.7273,0,0,0.2273,14,0.88,0.1905,1.0,2,0,0,0,0,0,0,0,0,1
https://law-outlook-drive1-share.firebaseapp.com/,49,0,0,1,1,77.551,0,0,0.1837,40,0.95,0.0833,1.0,3,0,0,0,0,0,0,0,0,0
https://www.via.dk,18,0,0,1,1,50.0,0,0,0.2778,10,0.5,0.2353,1.0,2,0,0,0,0,0,0,0,0,1
https://truistcheckclient.com/login.jsp.php,43,0,0,0,1,83.7209,0,0,0.1628,21,0.95,0.0476,1.0,3,0,0,0,0,0,0,0,0,0
https://www.monamijewelry.com,29,0,0,1,1,58.6207,0,0,0.1724,21,0.95,0.1429,1.0,3,0,0,0,0,0,0,0,0,1
https://fb-account-restrict-4f692.web.app,41,0,0,1,1,73.1707,0,0,0.1951,33,0.5,0.1,1.0,3,0,0,0,0,0,0,0,0,0
https://aol-102982.weeblysite.com/,34,0,0,1,1,55.8824,0,0,0.2059,25,0.95,0.0909,1.0,3,0,0,0,0,0,0,0,0,0
https://www.wom.my,18,0,0,1,1,66.6667,0,0,0.2778,10,0.5,0.2353,1.0,2,0,0,0,0,0,0,0,0,1
https://file-login-micro-drive-doc.web.app/,43,0,0,1,1,74.4186,0,0,0.2326,34,0.5,0.0714,1.0,3,0,0,0,0,0,0,0,0,0
https://ipfs.io/ipfs/qmnpqzsi6kqun7uxa5x8pda5cszg8tsx7b6zqseyezj51e,67,0,0,0,1,80.597,0,0,0.0896,7,0.5,0.0303,1.0,2,0,0,0,0,0,0,0,0,0
https://www.moevenpick-wein.de,30,0,0,1,1,66.6667,0,0,0.2,22,0.88,0.1379,1.0,2,0,0,0,0,0,0,0,0,1
https://www.xaverian.ac.uk,26,0,0,2,1,50.0,0,0,0.2308,18,0.9,0.16,1.0,2,0,0,0,0,0,0,0,0,1
https://www.latrobe.vic.gov.au,30,0,0,3,1,60.0,0,0,0.2333,22,0.88,0.1379,1.0,2,0,0,0,0,0,0,0,0,1
http://www.tokensetting.com,27,0,0,1,0,66.6667,0,0,0.1852,20,0.95,0.1923,1.0,3,0,0,0,0,0,0,0,0,0
https://rb.gy/r07rei,20,0,0,0,1,40.0,0,0,0.25,5,0.5,0.1053,1.0,2,0,0,0,0,0,0,0,0,0
https://www.everyparentpbc.org,30,0,0,1,1,63.3333,0,0,0.1667,22,0.9,0.1379,1.0,3,0,0,0,0,0,0,0,0,1
https://s.id/clientibnl,23,0,0,0,1,65.2174,0,0,0.2174,4,0.5,0.0909,1.0,2,0,0,0,0,0,0,0,0,0
https://www.primalpainter.com,29,0,0,1,1,72.4138,0,0,0.1724,21,0.95,0.1429,1.0,3,0,0,0,0,0,0,0,0,1
https://www.opanal.org,22,0,0,1,1,68.1818,0,0,0.2273,14,0.9,0.1905,1.0,3,0,0,0,0,0,0,0,0,1
http://www.bl4ck.dnsdynamic.com,31,0,0,2,0,61.2903,0,0,0.1935,24,0.95,0.1333,1.0,3,0,0,0,0,0,0,0,0,0
https://www.meophams.co.uk,26,0,0,2,1,76.9231,0,0,0.2308,18,0.9,0.16,1.0,2,0,0,0,0,0,0,0,0,1
https://biodegradabledelightfulsymbol.uniquefacade.repl.co/,59,0,0,2,1,91.5254,0,0,0.1186,50,0.8,0.0345,1.0,2,0,0,0,0,0,0,0,0,0
https://infojanetjoshua.com/royalcu/,36,0,0,0,1,72.2222,0,0,0.1667,19,0.95,0.0571,1.0,3,0,0,0,0,0,0,0,0,0
https://business-request-appeal-99611.firebaseapp.com/,54,0,0,1,1,81.4815,0,0,0.1667,45,0.95,0.1321,1.0,3,0,0,0,0,0,0,0,0,0
https://www.tokyopop.com,24,0,0,1,1,70.8333,0,0,0.2083,16,0.95,0.1739,1.0,3,0,0,0,0,0,0,0,0,1
http://www.online-mommyhanamy.com,33,0,0,1,0,78.7879,0,0,0.1818,26,0.95,0.1562,1.0,3,0,0,0,0,0,0,0,0,0
https://www.turtleexpedition.com,32,0,0,1,1,65.625,0,0,0.1562,24,0.95,0.1613,1.0,3,0,0,0,0,0,0,0,0,1
https://www.cinechronicle.com,29,0,0,1,1,79.3103,0,0,0.1724,21,0.95,0.1429,1.0,3,0,0,0,0,0,0,0,0,1
https://ipfs.io/ipfs/qmz8ayobmn76ovcgydgpjtr3ukb5tr58rzqbkcu2xokmmo#user@example.org,84,0,1,0,1,84.5238,0,0,0.1071,7,0.5,0.0361,0.9762,2,0,0,0,0,0,0,0,0,0
https://redemebremserese.firebaseapp.com/,41,0,0,1,1,82.9268,0,0,0.1463,32,0.95,0.075,1.0,3,0,0,0,0,0,0,0,0,0
https://www.discoverytours.com.my,33,0,0,2,1,75.7576,0,0,0.1818,25,0.5,0.125,1.0,2,0,0,0,0,0,0,0,0,1
https://www.vitalorganizer.com,30,0,0,1,1,60.0,0,0,0.1667,22,0.95,0.1379,1.0,3,0,0,0,0,0,0,0,0,1
https://www.riblogger.com,25,0,0,1,1,60.0,0,0,0.2,17,0.95,0.2083,1.0,3,0,0,0,0,0,0,0,0,1
https://www.bostonska.net,25,0,0,1,1,72.0,0,0,0.2,17,0.85,0.1667,1.0,3,0,0,0,0,0,0,0,0,1
https://www.vampfurniture.co.za,31,0,0,2,1,61.2903,0,0,0.1935,23,0.5,0.1333,1.0,2,0,0,0,0,0,0,0,0,1
https://login.kundbunsass.de/d1216c37295427cf47ecbb0bbecb30d1/anmeldung/tanherausforderung/requests/?event=031320190&token=7aa0f8587137aa1afb32b107220585bf,155,0,0,1,1,94.1935,2,1,0.0903,20,0.88,0.0519,1.0,2,0,0,0,0,0,0,0,0,0
https://www.zrobtosama.pl,25,0,0,1,1,72.0,0,0,0.2,17,0.5,0.1667,1.0,2,0,0,0,0,0,0,0,0,1
https://www.ecoenclose.com,26,0,0,1,1,76.9231,0,0,0.1923,18,0.95,0.16,1.0,3,0,0,0,0,0,0,0,0,1
https://my-site-101493-100812.weeblysite.com/,45,0,0,1,1,71.1111,0,0,0.2,36,0.95,0.0909,1.0,3,0,0,0,0,0,0,0,0,0
https://www.ernestina.org,25,0,0,1,1,72.0,0,0,0.2,17,0.9,0.1667,1.0,3,0,0,0,0,0,0,0,0,1
https://www.woodyguthrie.org,28,0,0,1,1,71.4286,0,0,0.1786,20,0.9,0.1852,1.0,3,0,0,0,0,0,0,0,0,1
https://www.thegoodscentscompany.com,36,0,0,1,1,86.1111,0,0,0.1389,28,0.95,0.1429,1.0,3,0,0,0,0,0,0,0,0,1
https://www.airthings.com,25,0,0,1,1,64.0,0,0,0.2,17,0.95,0.1667,1.0,3,0,0,0,0,0,0,0,0,1
http://www.adop.co,18,0,0,1,0,72.2222,0,0,0.2778,11,0.8,0.2353,1.0,2,0,0,0,0,0,0,0,0,0
https://www.cycracetomackinac.com,33,0,0,1,1,69.697,0,0,0.1515,25,0.95,0.125,1.0,3,0,0,0,0,0,0,0,0,1
https://www.cafamuseum.org,26,0,0,1,1,65.3846,0,0,0.1923,18,0.9,0.16,1.0,3,0,0,0,0,0,0,0,0,1
https://www.tel.com,19,0,0,1,1,52.6316,0,0,0.2632,11,0.95,0.2222,1.0,3,0,0,0,0,0,0,0,0,1
https://www.oregon-demographics.com,35,0,0,1,1,82.8571,0,0,0.1714,27,0.95,0.1176,1.0,3,0,0,0,0,0,0,0,0,1
https://fleek.ipfs.io/ipfs/bafybeigzedpz67x37yoigojl5mmacyacwtejkfzwn4ausyci36gjoguxnm/,87,0,0,1,1,94.2529,0,0,0.092,13,0.5,0.0465,1.0,2,0,0,0,0,0,0,0,0,0
http://espace-client-facture.com/,33,0,0,0,0,63.6364,0,0,0.2121,25,0.95,0.0625,1.0,3,0,0,0,0,0,0,0,0,0
https://www.modo10.it,21,0,0,1,1,57.1429,0,0,0.2381,13,0.5,0.2,1.0,2,0,0,0,0,0,0,0,0,1
https://www.graphiclibrary.org,30,0,0,1,1,76.6667,0,0,0.1667,22,0.9,0.1379,1.0,3,0,0,0,0,0,0,0,0,1
https://www.greyhound.com.mx,28,0,0,2,1,57.1429,0,0,0.2143,20,0.5,0.1481,1.0,2,0,0,0,0,0,0,0,0,1
https://www.66expresslanes.org,30,0,0,1,1,73.3333,0,0,0.1667,22,0.9,0.2069,1.0,3,0,0,0,0,0,0,0,0,1
https://www.lemoyne.org,23,0,0,1,1,56.5217,0,0,0.2174,15,0.9,0.1818,1.0,3,0,0,0,0,0,0,0,0,1
http://www.08elec.purpledaily.com,33,0,0,2,0,63.6364,0,0,0.1818,26,0.95,0.125,1.0,3,0,0,0,0,0,0,0,0,0
http://att-102246.square.site/,30,0,0,1,0,60.0,0,0,0.2333,22,0.35,0.1379,1.0,4,0,0,0,0,0,0,0,0,0
http://www.dde.de.drive-files-b.com,35,0,0,3,0,65.7143,0,0,0.2571,28,0.95,0.1471,1.0,3,0,0,0,0,0,0,0,0,0
https://www.metronews.com.pt,28,0,0,2,1,82.1429,0,0,0.2143,20,0.5,0.1481,1.0,2,0,0,0,0,0,0,0,0,1
http://esig.co.kr/way-board/file/?hash=%7bemail-codificado%7d,61,0,0,1,0,85.2459,1,1,0.2295,10,0.5,0.0333,0.9672,2,0,0,0,0,0,0,0,0,0
https://www.whitemountainart.com,32,0,0,1,1,78.125,0,0,0.1562,24,0.95,0.129,1.0,3,0,0,0,0,0,0,0,0,1
https://www.swissolympic.ch,27,0,0,1,1,81.4815,0,0,0.1852,19,0.5,0.1923,1.0,2,0,0,0,0,0,0,0,0,1
http://www.bbw918.com,21,0,0,1,0,57.1429,0,0,0.2381,14,0.95,0.25,1.0,3,0,0,0,0,0,0,0,0,0
https://www.aumanufacturing.com.au,34,0,0,2,1,73.5294,0,0,0.1765,26,0.88,0.1212,1.0,2,0,0,0,0,0,0,0,0,1
http://mail.deliverylifesupport.com/public/vu6eblwximeozscaqdsmrer2x2yxrkzg,75,0,0,1,0,89.3333,0,0,0.0933,28,0.95,0.0405,1.0,3,0,0,0,0,0,0,0,0,0
https://www.sararoylance.com,28,0,0,1,1,71.4286,0,0,0.1786,20,0.95,0.1481,1.0,3,0,0,0,0,0,0,0,0,1
https://www.storytellersunplugged.com,37,0,0,1,1,81.0811,0,0,0.1351,29,0.95,0.1667,1.0,3,0,0,0,0,0,0,0,0,1
http://www.trusrtwallets.com,28,0,0,1,0,67.8571,0,0,0.1786,21,0.95,0.1852,1.0,3,0,0,0,0,0,0,0,0,0
https://www.prettyrealblog.com,30,0,0,1,1,70.0,0,0,0.1667,22,0.95,0.1724,1.0,3,0,0,0,0,0,0,0,0,1
http://entama-nasu.jp/wp-content/upgrade/mtc37-verft,52,0,0,0,0,75.0,0,0,0.1923,14,0.5,0.0392,1.0,2,0,0,0,0,0,0,0,0,0
https://ipfs.io/ipfs/bafkreihe7lumsu4yioatgwpep6y2luw2jenmrrmmhyuwlj5nwikhmavogy,80,0,0,0,1,90.0,0,0,0.075,7,0.5,0.0506,1.0,2,0,0,0,0,0,0,0,0,0
https://www.unitedsoybean.org,29,0,0,1,1,62.069,0,0,0.1724,21,0.9,0.1429,1.0,3,0,0,0,0,0,0,0,0,1
https://t.co/nbohoyqxbs,23,0,0,0,1,65.2174,0,0,0.2174,4,0.8,0.0909,1.0,2,0,0,0,0,0,0,0,0,0
https://www.caseme.com.br,25,0,0,2,1,72.0,0,0,0.24,17,0.5,0.1667,1.0,2,0,0,0,0,0,0,0,0,1
https://bafybeiacfgpk53mjw3zh5a4ahzgtwvh7as4wowbrd2anygi7l5fooxhdci.ipfs.cf-ipfs.com/office.html,96,0,0,2,1,90.625,0,0,0.0938,76,0.95,0.0421,1.0,3,0,0,0,0,0,0,0,0,0
https://www.musicbase.cz,24,0,0,1,1,58.3333,0,0,0.2083,16,0.5,0.1739,1.0,2,0,0,0,0,0,0,0,0,1
https://www.monsanto-tribunal.org,33,0,0,1,1,69.697,0,0,0.1818,25,0.9,0.125,1.0,3,0,0,0,0,0,0,0,0,1
https://www.brasilagosto.org,28,0,0,1,1,78.5714,0,0,0.1786,20,0.9,0.1481,1.0,3,0,0,0,0,0,0,0,0,1
https://www.clb.go.jp,21,0,0,2,1,57.1429,0,0,0.2857,13,0.5,0.2,1.0,2,0,0,0,0,0,0,0,0,1
https://shortguesomeembeds.25610.repl.co/,41,0,0,2,1,70.7317,0,0,0.1707,32,0.8,0.075,1.0,2,0,0,0,0,0,0,0,0,0
https://www.theclassicbrunette.com,34,0,0,1,1,67.6471,0,0,0.1471,26,0.95,0.1818,1.0,3,0,0,0,0,0,0,0,0,1
http://mlcrosoft.live/render-template/?campaign_scenario_user_id=wwvqm/il6ssv/pvfyou6cka6shupqxdefnuzaghpcvy=&status_id=caxdfylz/ihjhfduva2klympwey5/pkerl0jnmnxchg=,164,0,0,0,0,95.122,4,1,0.128,14,0.5,0.0245,1.0,4,0,0,0,0,0,0,0,0,0
https://srt-7ubk.web.app/,25,0,0,1,1,60.0,0,0,0.28,16,0.5,0.125,1.0,3,0,0,0,0,0,0,0,0,0
http://www.ja934f16e50e551bb7dff0f46bf21c4389.ws,48,0,0,1,0,77.0833,0,0,0.1042,41,0.5,0.1489,1.0,2,0,0,0,0,0,0,0,0,0
https://www.yata.hk,19,0,0,1,1,73.6842,0,0,0.2632,11,0.5,0.2222,1.0,2,0,0,0,0,0,0,0,0,1
https://tt-setingupload24.square.site/,38,0,0,1,1,68.4211,0,0,0.1842,29,0.35,0.0811,1.0,4,0,0,0,0,0,0,0,0,0
http://carnation-deadpan-september.glitch.me/nvawe.htm?entity=4892463,69,0,0,1,0,76.8116,1,1,0.1594,37,0.5,0.0294,1.0,2,0,0,0,0,0,0,0,0,0
https://www.parks.wa.gov,24,0,0,2,1,70.8333,0,0,0.25,16,0.99,0.1739,1.0,3,0,0,0,0,0,0,0,0,1
https://lotsi4f.github.io/dmp/index.html,40,0,0,1,1,77.5,0,0,0.2,17,0.5,0.0513,1.0,2,0,0,0,0,0,0,0,0,0
http://www.golianbooks.com,26,0,0,1,0,50.0,0,0,0.1923,19,0.95,0.2,1.0,3,0,0,0,0,0,0,0,0,0
https://www.craftpassion.com,28,0,0,1,1,75.0,0,0,0.1786,20,0.95,0.1852,1.0,3,0,0,0,0,0,0,0,0,1
http://auth-sso-biglobe-sso-mail-63e97b632e8c9.esup.edu.br/auth-api-webmail-1-sso-rui-index/login.html?resource_url=https:/auth.sso.biglobe.ne.jp/webmail=11758&session=1198,172,0,0,2,0,95.9302,3,1,0.1919,51,0.5,0.0585,1.0,2,0,0,0,0,0,0,0,0,0
http://www.skateafterschool.org/wp-admin/css/colors/zqr/0,57,0,0,1,0,78.9474,0,0,0.193,24,0.9,0.1071,1.0,3,0,0,0,0,0,0,0,0,0
http://www.dragon-666.np-ip.biz,31,0,0,2,0,70.9677,0,0,0.2581,24,0.5,0.2,1.0,3,0,0,0,0,0,0,0,0,0
http://www.jernieswritingcorner.com,35,0,0,1,0,80.0,0,0,0.1429,28,0.95,0.1176,1.0,3,0,0,0,0,0,0,0,0,0
https://www.aag.org,19,0,0,1,1,68.4211,0,0,0.2632,11,0.9,0.2778,1.0,3,0,0,0,0,0,0,0,0,1
https://equalaquarepositories.bge30neral666.repl.co/validar-identidad.html,74,0,0,2,1,87.8378,0,0,0.1216,43,0.8,0.0548,1.0,2,0,0,0,0,0,0,0,0,0
https://bancwebofi.bancpichiweb.repl.co/,40,0,0,2,1,87.5,0,0,0.175,31,0.8,0.0513,1.0,2,0,0,0,0,0,0,0,0,0
https://www.asteroidmission.org,31,0,0,1,1,70.9677,0,0,0.1613,23,0.9,0.1667,1.0,3,0,0,0,0,0,0,0,0,1
https://celni-f7j.firebaseapp.com/,34,0,0,1,1,67.6471,0,0,0.2059,25,0.95,0.0909,1.0,3,0,0,0,0,0,0,0,0,0
https://www.omicsgroup.org,26,0,0,1,1,76.9231,0,0,0.1923,18,0.9,0.16,1.0,3,0,0,0,0,0,0,0,0,1
https://www.caravaggio.com,26,0,0,1,1,69.2308,0,0,0.1923,18,0.95,0.2,1.0,3,0,0,0,0,0,0,0,0,1
http://www.a0088485.xsph.ru,27,0,0,2,0,70.3704,0,0,0.2222,20,0.5,0.2308,1.0,2,0,0,0,0,0,0,0,0,0
https://www.hachettechildrens.co.uk,35,0,0,2,1,68.5714,0,0,0.1714,27,0.9,0.1471,1.0,2,0,0,0,0,0,0,0,0,1
http://bt-105953.weeblysite.com/,32,0,0,1,0,50.0,0,0,0.2188,24,0.95,0.0968,1.0,3,0,0,0,0,0,0,0,0,0
https://project-c5382.web.app/,30,0,0,1,1,53.3333,0,0,0.2333,21,0.5,0.1034,1.0,3,0,0,0,0,0,0,0,0,0
http://www.power.fburl.fun,26,0,0,2,0,73.0769,0,0,0.2308,19,0.5,0.16,1.0,3,0,0,0,0,0,0,0,0,0
https://www.forschungen-engi.ch,31,0,0,1,1,74.1935,0,0,0.1935,23,0.5,0.1333,1.0,2,0,0,0,0,0,0,0,0,1
https://www.cadnav.com,22,0,0,1,1,59.0909,0,0,0.2273,14,0.95,0.1905,1.0,3,0,0,0,0,0,0,0,0,1
http://www.kerjadigital.my.id,29,0,0,2,0,62.069,0,0,0.2069,22,0.5,0.1429,1.0,2,0,0,0,0,0,0,0,0,0
https://kkm.org.in/wp/privacy-policy,36,0,0,1,1,69.4444,0,0,0.2222,10,0.9,0.0857,1.0,2,0,0,0,0,0,0,0,0,0
https://sxl-nf7i-l.web.app/,27,0,0,1,1,59.2593,0,0,0.2963,18,0.5,0.1154,1.0,3,0,0,0,0,0,0,0,0,0
https://www.newlondon.org.uk,28,0,0,2,1,60.7143,0,0,0.2143,20,0.9,0.1481,1.0,2,0,0,0,0,0,0,0,0,1
https://anvservices.com/bitrix/admin/1lngjx/ali1/ali/login.php,62,0,0,0,1,93.5484,0,0,0.1774,15,0.95,0.0328,1.0,3,0,0,0,0,0,0,0,0,0
http://mysettingsrestrictions.duckdns.org/,42,0,0,1,0,83.3333,0,0,0.1429,34,0.9,0.0732,1.0,3,0,0,0,0,0,0,0,0,0
https://www.ertnews.gr,22,0,0,1,1,77.2727,0,0,0.2273,14,0.5,0.1905,1.0,2,0,0,0,0,0,0,0,0,1
http://www.a0439723.xsph.ru,27,0,0,2,0,59.2593,0,0,0.2222,20,0.5,0.1538,1.0,2,0,0,0,0,0,0,0,0,0
http://www.changeip.us,22,0,0,1,0,59.0909,0,0,0.2273,15,0.85,0.1905,1.0,2,0,0,0,0,0,0,0,0,0
https://www.ervastone.com,25,0,0,1,1,64.0,0,0,0.2,17,0.95,0.1667,1.0,3,0,0,0,0,0,0,0,0,1
https://www.calumetinn.com,26,0,0,1,1,61.5385,0,0,0.1923,18,0.95,0.2,1.0,3,0,0,0,0,0,0,0,0,1
https://excitablechiefbuckets.sa344646.repl.co/,47,0,0,2,1,82.9787,0,0,0.1489,38,0.8,0.0652,1.0,2,0,0,0,0,0,0,0,0,0
https://www.tiemathletic.com,28,0,0,1,1,78.5714,0,0,0.1786,20,0.95,0.1481,1.0,3,0,0,0,0,0,0,0,0,1
http://www.tub.gotomental.com,29,0,0,2,0,62.069,0,0,0.2069,22,0.95,0.1429,1.0,3,0,0,0,0,0,0,0,0,0
https://www.balancingpieces.com,31,0,0,1,1,77.4194,0,0,0.1613,23,0.95,0.1333,1.0,3,0,0,0,0,0,0,0,0,1
https://hbinfographics.com/nism.rmc/ncnde.php,45,0,0,0,1,84.4444,0,0,0.1778,18,0.95,0.0455,1.0,3,0,0,0,0,0,0,0,0,0
https://www.joomsky.com,23,0,0,1,1,69.5652,0,0,0.2174,15,0.95,0.2273,1.0,3,0,0,0,0,0,0,0,0,1
https://www.explorewithed.co.uk,31,0,0,2,1,67.7419,0,0,0.1935,23,0.9,0.1333,1.0,2,0,0,0,0,0,0,0,0,1
https://www.clevelandseniors.com,32,0,0,1,1,71.875,0,0,0.1562,24,0.95,0.129,1.0,3,0,0,0,0,0,0,0,0,1
http://www.robertbeauford.net,29,0,0,1,0,72.4138,0,0,0.1724,22,0.85,0.1429,1.0,3,0,0,0,0,0,0,0,0,0
http://j6fjugixdkcabsi.sit-res-clit.co.ua/ita/ops.php,53,0,0,2,0,79.2453,0,0,0.2075,34,0.5,0.0385,1.0,2,0,0,0,0,0,0,0,0,0
http://mail.deliverylifesupport.com/public/mv22rb6lltpulaiyuki3dpgvnro6p3ik,75,0,0,1,0,92.0,0,0,0.0933,28,0.95,0.0676,1.0,3,0,0,0,0,0,0,0,0,0
https://www.skichild.com,24,0,0,1,1,70.8333,0,0,0.2083,16,0.95,0.1739,1.0,3,0,0,0,0,0,0,0,0,1
https://www.corelis.com,23,0,0,1,1,65.2174,0,0,0.2174,15,0.95,0.1818,1.0,3,0,0,0,0,0,0,0,0,1
https://hjqc-u2hh-k.web.app/,28,0,0,1,1,57.1429,0,0,0.2857,19,0.5,0.1481,1.0,3,0,0,0,0,0,0,0,0,0
https://www.thaitheparos.com,28,0,0,1,1,78.5714,0,0,0.1786,20,0.95,0.1481,1.0,3,0,0,0,0,0,0,0,0,1
https://www.blackandthemoon.com,31,0,0,1,1,74.1935,0,0,0.1613,23,0.95,0.1667,1.0,3,0,0,0,0,0,0,0,0,1
https://inborntealexperiments.williansjesus.repl.co/,52,0,0,2,1,82.6923,0,0,0.1346,43,0.8,0.0588,1.0,2,0,0,0,0,0,0,0,0,0
https://bestdoggroomingequipment.com/cpround/cpwebmail/,55,0,0,0,1,87.2727,0,0,0.1273,28,0.95,0.0741,1.0,3,0,0,0,0,0,0,0,0,0
https://www.marketplacepromos.com,33,0,0,1,1,87.8788,0,0,0.1515,25,0.95,0.125,1.0,3,0,0,0,0,0,0,0,0,1
https://www.yanous.com,22,0,0,1,1,59.0909,0,0,0.2273,14,0.95,0.1905,1.0,3,0,0,0,0,0,0,0,0,1
https://onlineluizafacil.com/magalu-fatura/inicio/,50,0,0,0,1,80.0,0,0,0.16,20,0.95,0.0408,1.0,3,0,0,0,0,0,0,0,0,0
http://www.wpsapk.com,21,0,0,1,0,61.9048,0,0,0.2381,14,0.95,0.2,1.0,3,0,0,0,0,0,0,0,0,0
https://ipvanetconsulta.kpages.online/nova-pagina-30f3b4fe-3eb2-4522-a06d-c6995bedec53,86,0,0,1,1,95.3488,0,0,0.1395,29,0.35,0.0471,1.0,6,0,0,0,0,0,0,0,0,0
http://www.012997.com,21,0,0,1,0,52.381,0,0,0.2381,14,0.95,0.25,1.0,3,0,0,0,0,0,0,0,0,0
http://www.dailyindustryresearch.com,36,0,0,1,0,80.5556,0,0,0.1389,29,0.95,0.1143,1.0,3,0,0,0,0,0,0,0,0,0
https://ipfs.eth.aragon.network/ipfs/bafybeiby3jwvxj44lno5pu2qjn5ezh5mlm4fkoy4qkoqmuk3jycxwsk6mq/payment.html,109,0,0,2,1,93.578,0,0,0.0917,23,0.5,0.0278,1.0,7,0,0,0,0,0,0,0,0,0
https://www.fresnochaffeezoo.org,32,0,0,1,1,78.125,0,0,0.1562,24,0.9,0.2258,1.0,3,0,0,0,0,0,0,0,0,1
http://www.stearncormmunity.com,31,0,0,1,0,70.9677,0,0,0.1613,24,0.95,0.1667,1.0,3,0,0,0,0,0,0,0,0,0
https://aol-104589.weeblysite.com/,34,0,0,1,1,50.0,0,0,0.2059,25,0.95,0.0909,1.0,3,0,0,0,0,0,0,0,0,0
https://www.wikilivres.ca,25,0,0,1,1,60.0,0,0,0.2,17,0.88,0.1667,1.0,2,0,0,0,0,0,0,0,0,1
https://www.sporcle.com,23,0,0,1,1,73.913,0,0,0.2174,15,0.95,0.1818,1.0,3,0,0,0,0,0,0,0,0,1
https://www.458bg.com,21,0,0,1,1,42.8571,0,0,0.2381,13,0.95,0.2,1.0,3,0,0,0,0,0,0,0,0,1
http://www.e.gp,15,0,0,1,0,73.3333,0,0,0.3333,8,0.5,0.2857,1.0,2,0,0,0,0,0,0,0,0,0
https://delivery-dhlswitzerland.web.app/,40,0,0,1,1,82.5,0,0,0.175,31,0.5,0.0769,1.0,3,0,0,0,0,0,0,0,0,0
https://www.goes.noaa.gov,25,0,0,2,1,76.0,0,0,0.24,17,0.99,0.2083,1.0,3,0,0,0,0,0,0,0,0,1
http://www.oregonfirearmstraining.net,37,0,0,1,0,83.7838,0,0,0.1351,30,0.85,0.1111,1.0,3,0,0,0,0,0,0,0,0,0
https://www.glowgirlfibers.com,30,0,0,1,1,73.3333,0,0,0.1667,22,0.95,0.1379,1.0,3,0,0,0,0,0,0,0,0,1
https://www.trudysprom.com,26,0,0,1,1,76.9231,0,0,0.1923,18,0.95,0.16,1.0,3,0,0,0,0,0,0,0,0,1
http://www.saicosncard.co.jp.boatprofessional.shop/jp.php?u=2,61,0,0,4,0,83.6066,1,1,0.1967,43,0.5,0.0833,1.0,4,0,0,0,0,0,0,0,0,0
https://www.regmurcia.com,25,0,0,1,1,60.0,0,0,0.2,17,0.95,0.1667,1.0,3,0,0,0,0,0,0,0,0,1
https://www.chinahistoryforum.com,33,0,0,1,1,78.7879,0,0,0.1515,25,0.95,0.125,1.0,3,0,0,0,0,0,0,0,0,1
https://mufflate.web.app/,25,0,0,1,1,68.0,0,0,0.24,16,0.5,0.1667,1.0,3,0,0,0,0,0,0,0,0,0
http://www.httpbin.api.binance.com,34,0,0,3,0,88.2353,0,0,0.2059,27,0.95,0.1515,1.0,3,0,0,0,0,0,0,0,0,0
http://bojangleshairdressing.co.uk/,35,0,0,1,0,74.2857,0,0,0.1714,27,0.9,0.0882,1.0,2,0,0,0,0,0,0,0,0,0
http://www.tennissport.website.org,34,0,0,2,0,88.2353,0,0,0.1765,27,0.9,0.1818,1.0,3,0,0,0,0,0,0,0,0,0
https://aolcom6.godaddysites.com/,33,0,0,1,1,72.7273,0,0,0.1818,24,0.95,0.0938,1.0,3,0,0,0,0,0,0,0,0,0
https://www.sbstransit.com.sg,29,0,0,2,1,58.6207,0,0,0.2069,21,0.5,0.1429,1.0,2,0,0,0,0,0,0,0,0,1
http://att-101543-1050insiteplus.square.site/,45,0,0,1,0,82.2222,0,0,0.1778,37,0.35,0.0682,1.0,4,0,0,0,0,0,0,0,0,0
https://www.advancecounselingcentre.com,39,0,0,1,1,71.7949,0,0,0.1282,31,0.95,0.1053,1.0,3,0,0,0,0,0,0,0,0,1
https://www.thehour.cn,22,0,0,1,1,59.0909,0,0,0.2273,14,0.5,0.1905,1.0,2,0,0,0,0,0,0,0,0,1
https://cf-ipfs.com/ipfs/qmy3erhqfvucb2oyu9rbq21tyvef2bbwkpyon9aerm9hby,71,0,0,0,1,87.3239,0,0,0.0986,11,0.95,0.0429,1.0,3,0,0,0,0,0,0,0,0,0
https://c732-track-view-mail-ups.firebaseapp.com/,49,0,0,1,1,73.4694,0,0,0.2041,40,0.95,0.0625,1.0,3,0,0,0,0,0,0,0,0,0
https://www.oxblue.com,22,0,0,1,1,50.0,0,0,0.2273,14,0.95,0.1905,1.0,3,0,0,0,0,0,0,0,0,1
https://dhdjeueyy.weebly.com/,29,0,0,1,1,62.069,0,0,0.2069,20,0.95,0.1429,1.0,3,0,0,0,0,0,0,0,0,0
https://www.alphr.com,21,0,0,1,1,61.9048,0,0,0.2381,13,0.95,0.2,1.0,3,0,0,0,0,0,0,0,0,1
https://www.rayharryhausen.com,30,0,0,1,1,73.3333,0,0,0.1667,22,0.95,0.1724,1.0,3,0,0,0,0,0,0,0,0,1
https://www.infoelba.org,24,0,0,1,1,45.8333,0,0,0.2083,16,0.9,0.1739,1.0,3,0,0,0,0,0,0,0,0,1
http://aktifatio-hel.metaa.liveblog365.com/lanjut.php,53,0,0,2,0,73.5849,0,0,0.1698,35,0.95,0.0577,1.0,3,0,0,0,0,0,0,0,0,0
https://www.scribbr.com,23,0,0,1,1,73.913,0,0,0.2174,15,0.95,0.2273,1.0,3,0,0,0,0,0,0,0,0,1
https://www.mascarphone.com,27,0,0,1,1,85.1852,0,0,0.1852,19,0.95,0.1538,1.0,3,0,0,0,0,0,0,0,0,1
http://www.proxycheker.pro,26,0,0,1,0,80.7692,0,0,0.1923,19,0.5,0.16,1.0,3,0,0,0,0,0,0,0,0,0
http://43.159.32.185/v3/signin/identifier?dsh=s-301073719%3a1680696029383551&amp%3bfollowup=https%3a%2f%2faccounts.google.com%2f%3f&amp%3bifkv=aqmjq7ryf64sfv0umaj2tacfm-0yuwgw184rtjj0fjkwpz5acfohqe09c3ejkqwrmb1gyr8fa6rgmq&amp%3bpassive=1209600&amp%3bxrealip=107.178.238.34&continue=https%3a%2f%2faccounts.google.com%2f%3f&xrealip=34.198.46.118&flowname=weblitesignin&flowentry=servicelogin&ifkv=aqmjq7svo_ergjmcnnfzayasdufe7xu_wzj3wdafgrhbhpevaofvluchte3kcif_4l8ebzpfdktteg,473,1,1,2,0,99.5772,10,1,0.1247,13,0.5,0.0339,0.9683,3,0,0,0,0,0,0,0,0,0
https://www.sullivanclinton.com,31,0,0,1,1,77.4194,0,0,0.1613,23,0.95,0.1667,1.0,3,0,0,0,0,0,0,0,0,1
https://www.billyjoel.com,25,0,0,1,1,56.0,0,0,0.2,17,0.95,0.2083,1.0,3,0,0,0,0,0,0,0,0,1
https://aol-102003.weeblysite.com/,34,0,0,1,1,58.8235,0,0,0.2059,25,0.95,0.1212,1.0,3,0,0,0,0,0,0,0,0,0
https://ipko-kredyt.shop/,25,0,0,0,1,68.0,0,0,0.24,16,0.5,0.0833,1.0,4,0,0,0,0,0,0,0,0,0
https://www.wpsmartcontracts.com,32,0,0,1,1,90.625,0,0,0.1562,24,0.95,0.129,1.0,3,0,0,0,0,0,0,0,0,1
https://www.themetropolitain.ca,31,0,0,1,1,77.4194,0,0,0.1613,23,0.88,0.1333,1.0,2,0,0,0,0,0,0,0,0,1
https://att-mail-107736.square.site/,36,0,0,1,1,66.6667,0,0,0.2222,27,0.35,0.1143,1.0,4,0,0,0,0,0,0,0,0,0
https://dev-ficotersret.pantheonsite.io,39,0,0,1,1,82.0513,0,0,0.1538,31,0.5,0.0526,1.0,2,0,0,0,0,0,0,0,0,0
https://bafybeicomeball5farsf47cqkmx4c6r26i3wvv4dpmg7jkn42mffau5v7m.ipfs.dweb.link/customindex.html,99,0,0,2,1,93.9394,0,0,0.0808,74,0.5,0.051,1.0,4,0,0,0,0,0,0,0,0,0
https://www.pitbullinfo.org,27,0,0,1,1,66.6667,0,0,0.1852,19,0.9,0.1923,1.0,3,0,0,0,0,0,0,0,0,1
https://webapp325149.ip-198-58-122-121.cloudezapp.io/wp-admin/bg/dskbank/,73,0,0,2,1,86.3014,0,0,0.2055,44,0.5,0.0694,1.0,2,0,0,0,0,0,0,0,0,0
http://www.cloudimagecdn.com,28,0,0,1,0,64.2857,0,0,0.1786,21,0.95,0.1481,1.0,3,0,0,0,0,0,0,0,0,0
https://dhgawqkbbhg.weeblysite.com/,35,0,0,1,1,65.7143,0,0,0.1714,26,0.95,0.1176,1.0,3,0,0,0,0,0,0,0,0,0
http://a0803595.xsph.ru/verifypdf/adobepdf/file,47,0,0,1,0,74.4681,0,0,0.1702,16,0.5,0.0435,1.0,2,0,0,0,0,0,0,0,0,0
http://www.f0599800.xsph.ru,27,0,0,2,0,70.3704,0,0,0.2222,20,0.5,0.2308,1.0,2,0,0,0,0,0,0,0,0,0
https://shrill-cell-398b.jgfjera.workers.dev/,45,0,0,2,1,64.4444,0,0,0.2,36,0.5,0.0909,1.0,3,0,0,0,0,0,0,0,0,0
https://www.norchar.com,23,0,0,1,1,73.913,0,0,0.2174,15,0.95,0.1818,1.0,3,0,0,0,0,0,0,0,0,1
http://www.mrwu.at,18,0,0,1,0,61.1111,0,0,0.2778,11,0.5,0.2353,1.0,2,0,0,0,0,0,0,0,0,0
https://certificate.dokument.35-158-186-246.cprapid.com/id/finlogin.php,71,0,0,3,1,87.3239,0,0,0.1831,47,0.95,0.0286,1.0,3,0,0,0,0,0,0,0,0,0
https://www.stenaline.co.uk,27,0,0,2,1,62.963,0,0,0.2222,19,0.9,0.1538,1.0,2,0,0,0,0,0,0,0,0,1
https://www.centrepeaceconflictstudies.org,42,0,0,1,1,80.9524,0,0,0.119,34,0.9,0.0976,1.0,3,0,0,0,0,0,0,0,0,1
https://www.forwarduk.org.uk,28,0,0,2,1,71.4286,0,0,0.2143,20,0.9,0.1481,1.0,2,0,0,0,0,0,0,0,0,1
https://my-site-102476-1038835.weeblysite.com/,46,0,0,1,1,71.7391,0,0,0.1957,37,0.95,0.0889,1.0,3,0,0,0,0,0,0,0,0,0
https://www.ynotawards.com,26,0,0,1,1,65.3846,0,0,0.1923,18,0.95,0.16,1.0,3,0,0,0,0,0,0,0,0,1
https://www.ec2partner.com/ccsz/cpwebmail/cpwebmail/index.php,61,0,0,1,1,90.1639,0,0,0.1639,18,0.95,0.0833,1.0,3,0,0,0,0,0,0,0,0,0
https://ipfs.io/ipfs/bafybeihfh5sjjfvbxpyuy5rmystfeqclkkrquso56odb7d6ejkdnvculpe/sc.html,88,0,0,0,1,94.3182,0,0,0.0909,7,0.5,0.046,1.0,2,0,0,0,0,0,0,0,0,0
https://www.kefidesigns.com,27,0,0,1,1,59.2593,0,0,0.1852,19,0.95,0.1538,1.0,3,0,0,0,0,0,0,0,0,1
https://www.christoph-koch.net,30,0,0,1,1,76.6667,0,0,0.2,22,0.85,0.1379,1.0,3,0,0,0,0,0,0,0,0,1
https://www.entertainmentavenue.com,35,0,0,1,1,71.4286,0,0,0.1429,27,0.95,0.1176,1.0,3,0,0,0,0,0,0,0,0,1
https://ceromperc.firebaseapp.com/,34,0,0,1,1,85.2941,0,0,0.1765,25,0.95,0.0909,1.0,3,0,0,0,0,0,0,0,0,0
https://www.cpre.org.uk,23,0,0,2,1,60.8696,0,0,0.2609,15,0.9,0.1818,1.0,2,0,0,0,0,0,0,0,0,1
https://www.tribalgroup.com,27,0,0,1,1,59.2593,0,0,0.1852,19,0.95,0.1538,1.0,3,0,0,0,0,0,0,0,0,1
https://www.americanavalancheassociation.org,44,0,0,1,1,86.3636,0,0,0.1136,36,0.9,0.1163,1.0,3,0,0,0,0,0,0,0,0,1
https://bhamsticker.com/ibg/client/ispc.php,43,0,0,0,1,81.3953,0,0,0.186,15,0.95,0.0476,1.0,3,0,0,0,0,0,0,0,0,0
https://dev-ebancaficotransfer.pantheonsite.io/confirm.php?regh=,64,0,0,1,1,85.9375,1,1,0.1562,38,0.5,0.0317,1.0,2,0,0,0,0,0,0,0,0,0
https://www.gormanscharpf.com,29,0,0,1,1,86.2069,0,0,0.1724,21,0.95,0.1429,1.0,3,0,0,0,0,0,0,0,0,1
http://www.magnificpets.com,27,0,0,1,0,66.6667,0,0,0.1852,20,0.95,0.1538,1.0,3,0,0,0,0,0,0,0,0,0
https://www.sidingandwindowsatlanta.com,39,0,0,1,1,82.0513,0,0,0.1282,31,0.95,0.1053,1.0,3,0,0,0,0,0,0,0,0,1
https://www.olielo.com,22,0,0,1,1,63.6364,0,0,0.2273,14,0.95,0.1905,1.0,3,0,0,0,0,0,0,0,0,1
https://www.maria-johnsen.com,29,0,0,1,1,72.4138,0,0,0.2069,21,0.95,0.1429,1.0,3,0,0,0,0,0,0,0,0,1
https://storageapi.fleek.co/334989f1-d59f-44c5-9198-7177d3def3a7-bucket/paiement/french.html,92,0,0,1,1,95.6522,0,0,0.1522,19,0.8,0.0659,1.0,2,0,0,0,0,0,0,0,0,0
https://www.javitscenter.com,28,0,0,1,1,60.7143,0,0,0.1786,20,0.95,0.1481,1.0,3,0,0,0,0,0,0,0,0,1
https://www.minifier.org,24,0,0,1,1,58.3333,0,0,0.2083,16,0.9,0.1739,1.0,3,0,0,0,0,0,0,0,0,1
https://www.powerpacplus.org,28,0,0,1,1,71.4286,0,0,0.1786,20,0.9,0.1481,1.0,3,0,0,0,0,0,0,0,0,1
https://www.wordsmyth.net,25,0,0,1,1,64.0,0,0,0.2,17,0.85,0.1667,1.0,3,0,0,0,0,0,0,0,0,1
http://www.starpar-ir.ga,24,0,0,1,0,75.0,0,0,0.25,17,0.5,0.1739,1.0,2,0,0,0,0,0,0,0,0,0
https://bafkreiflq57urfp3aw3uau6eoywr2a5p7fn6avdpx7xjk5y5p54jmd6e7y.ipfs.dweb.link/,83,0,0,2,1,90.3614,0,0,0.0843,74,0.5,0.0244,1.0,4,0,0,0,0,0,0,0,0,0
https://www.metro-magazine.com,30,0,0,1,1,63.3333,0,0,0.2,22,0.95,0.1379,1.0,3,0,0,0,0,0,0,0,0,1
https://ky.gatebim.com/service/aboutus.php?otpverification.aspx0y0d3ledrfq1aqxovcmpujeldl4dr6zwrzpgef7nlff7tip54w9ulgu4cywunilahqej6nu7yply3yqa2euvyrf4qlj0tciaolnw,163,0,0,1,1,95.7055,0,1,0.0613,14,0.95,0.0185,1.0,3,0,0,0,0,0,0,0,0,0
http://pancakeswapv3.finance,28,0,0,0,0,64.2857,0,0,0.1429,21,0.5,0.0741,1.0,7,0,0,0,0,0,0,0,0,0
http://jacintoe.gq/mygov.au/mygov/otp2.html,43,0,0,0,0,76.7442,0,0,0.2093,11,0.5,0.0476,1.0,2,0,0,0,0,0,0,0,0,0
http://www.catalog.earthsolution.org,36,0,0,2,0,77.7778,0,0,0.1667,29,0.9,0.1143,1.0,3,0,0,0,0,0,0,0,0,0
http://wobbly-cheddar-pegasus.glitch.me/authonline0overify.htm,62,0,0,1,0,91.9355,0,0,0.1452,32,0.5,0.0656,1.0,2,0,0,0,0,0,0,0,0,0
https://www.texas-joes.com,26,0,0,1,1,65.3846,0,0,0.2308,18,0.95,0.16,1.0,3,0,0,0,0,0,0,0,0,1
https://www.strategosinc.com,28,0,0,1,1,64.2857,0,0,0.1786,20,0.95,0.1481,1.0,3,0,0,0,0,0,0,0,0,1
http://www.fatura-sorgu.com,27,0,0,1,0,66.6667,0,0,0.2222,20,0.95,0.1538,1.0,3,0,0,0,0,0,0,0,0,0
https://www.sociologydiscussion.com,35,0,0,1,1,71.4286,0,0,0.1429,27,0.95,0.1471,1.0,3,0,0,0,0,0,0,0,0,1
https://www.hakenaudio.com,26,0,0,1,1,57.6923,0,0,0.1923,18,0.95,0.16,1.0,3,0,0,0,0,0,0,0,0,1
https://www.ryanishungry.com,28,0,0,1,1,67.8571,0,0,0.1786,20,0.95,0.1481,1.0,3,0,0,0,0,0,0,0,0,1
https://www.utsira.kommune.no,29,0,0,2,1,72.4138,0,0,0.2069,21,0.5,0.1786,1.0,2,0,0,0,0,0,0,0,0,1
http://www.christiand.gq,24,0,0,1,0,58.3333,0,0,0.2083,17,0.5,0.1739,1.0,2,0,0,0,0,0,0,0,0,0
http://www.download-edalathamrah-com.cf,39,0,0,1,0,84.6154,0,0,0.1795,32,0.5,0.1053,1.0,2,0,0,0,0,0,0,0,0,0
https://ing-mein.nervous-edison.170-187-224-61.plesk.page/main/login1/delogin/139.99.252.99/login/,98,0,0,3,1,87.7551,0,0,0.2143,49,0.5,0.0515,1.0,4,0,0,0,0,0,0,0,0,0
https://www.decksupplies.com,28,0,0,1,1,67.8571,0,0,0.1786,20,0.95,0.1852,1.0,3,0,0,0,0,0,0,0,0,1
http://p2p.185-174-136-148.cprapid.com/medio/it/,48,0,0,2,0,79.1667,0,0,0.25,31,0.95,0.0426,1.0,3,0,0,0,0,0,0,0,0,0
https://www.dutchdesignawards.nl,32,0,0,1,1,71.875,0,0,0.1562,24,0.5,0.129,1.0,2,0,0,0,0,0,0,0,0,1
https://mail-update-9694.formaloo.net/att104,44,0,0,1,1,72.7273,0,0,0.1818,29,0.85,0.093,1.0,3,0,0,0,0,0,0,0,0,0
https://www.kobaltmusic.com,27,0,0,1,1,66.6667,0,0,0.1852,19,0.95,0.1538,1.0,3,0,0,0,0,0,0,0,0,1
https://www.cassproject.org,27,0,0,1,1,77.7778,0,0,0.1852,19,0.9,0.1923,1.0,3,0,0,0,0,0,0,0,0,1
https://www.projectcensored.org,31,0,0,1,1,80.6452,0,0,0.1613,23,0.9,0.1333,1.0,3,0,0,0,0,0,0,0,0,1
https://aol-104553.weeblysite.com/,34,0,0,1,1,55.8824,0,0,0.2059,25,0.95,0.1212,1.0,3,0,0,0,0,0,0,0,0,0
http://adobe5-ee498.firebaseapp.com/,36,0,0,1,0,61.1111,0,0,0.1944,28,0.95,0.1143,1.0,3,0,0,0,0,0,0,0,0,0
https://www.westannouncements.com.au,36,0,0,2,1,91.6667,0,0,0.1667,28,0.88,0.1429,1.0,2,0,0,0,0,0,0,0,0,1
http://www.macau2018.com,24,0,0,1,0,62.5,0,0,0.2083,17,0.95,0.1739,1.0,3,0,0,0,0,0,0,0,0,0
https://www.faconjacmin.com,27,0,0,1,1,74.0741,0,0,0.1852,19,0.95,0.1538,1.0,3,0,0,0,0,0,0,0,0,1
https://www.popularrestorations.com,35,0,0,1,1,74.2857,0,0,0.1429,27,0.95,0.1471,1.0,3,0,0,0,0,0,0,0,0,1
http://www.security-confirm.bmail-org.com,41,0,0,2,0,68.2927,0,0,0.1951,34,0.95,0.1,1.0,3,0,0,0,0,0,0,0,0,0
https://www.sewmucheasier.com,29,0,0,1,1,75.8621,0,0,0.1724,21,0.95,0.1429,1.0,3,0,0,0,0,0,0,0,0,1
https://mycentierbank-certify.web.app/,38,0,0,1,1,78.9474,0,0,0.1842,29,0.5,0.0811,1.0,3,0,0,0,0,0,0,0,0,0
https://www.brescia.uwo.ca,26,0,0,2,1,65.3846,0,0,0.2308,18,0.88,0.16,1.0,2,0,0,0,0,0,0,0,0,1
http://43.156.7.24/v3/signin/identifier?dsh=s643166%3a1679418248930043&amp%3bfollowup=https%3a%2f%2faccounts.google.com%2f%3f&amp%3bifkv=awnoghdp5kenm9h-hpcwqkxakdxjcvzehvv364fsqu3z4i2ayoq0azkcnpdy7srhuablrwcuttf5za&amp%3bpassive=1209600&amp%3bxrealip=35.203.255.98&continue=https%3a%2f%2faccounts.google.com%2f%3f&xrealip=34.198.46.118&flowname=weblitesignin&flowentry=servicelogin&ifkv=awnoghd3xz0xii8fyr2p_apvr3_18zayjp29pov452ut1vsugmjagtdimcmemtlnuhy62ea0v5ss5g,466,1,1,2,0,99.3562,10,1,0.1223,11,0.5,0.0409,0.9678,2,0,0,0,0,0,0,0,0,0
https://app.resgate-seguro.xyz/,31,0,0,1,1,74.1935,0,0,0.2258,22,0.35,0.1,1.0,3,0,0,0,0,0,0,0,0,0
https://www.ctbirding.org,25,0,0,1,1,64.0,0,0,0.2,17,0.9,0.1667,1.0,3,0,0,0,0,0,0,0,0,1
http://www.free-ddddsex-ddddpasswords.isthebe.st,48,0,0,2,0,85.4167,0,0,0.1667,41,0.5,0.2553,1.0,2,0,0,0,0,0,0,0,0,0
https://www.blogmuseupicassobcn.org,35,0,0,1,1,74.2857,0,0,0.1429,27,0.9,0.1471,1.0,3,0,0,0,0,0,0,0,0,1
https://www.berkeleysymphony.org,32,0,0,1,1,78.125,0,0,0.1562,24,0.9,0.129,1.0,3,0,0,0,0,0,0,0,0,1
https://www.softmogul.com,25,0,0,1,1,68.0,0,0,0.2,17,0.95,0.1667,1.0,3,0,0,0,0,0,0,0,0,1
http://test-steamproxy.halo-meta.com/,37,0,0,1,0,83.7838,0,0,0.2162,29,0.95,0.0556,1.0,3,0,0,0,0,0,0,0,0,0
https://www.rarlab.com,22,0,0,1,1,59.0909,0,0,0.2273,14,0.95,0.1905,1.0,3,0,0,0,0,0,0,0,0,1
http://www.mamac.top,20,0,0,1,0,80.0,0,0,0.25,13,0.3,0.2105,1.0,3,0,0,0,0,0,0,0,0,0
http://www.obendorfhop.com.hydrogrokit.com,42,0,0,3,0,78.5714,0,0,0.1667,35,0.95,0.0976,1.0,3,0,0,0,0,0,0,0,0,0
https://www.getray.com,22,0,0,1,1,45.4545,0,0,0.2273,14,0.95,0.1905,1.0,3,0,0,0,0,0,0,0,0,1
https://dcspaylah.life/,23,0,0,0,1,65.2174,0,0,0.2174,14,0.5,0.0909,1.0,4,0,0,0,0,0,0,0,0,0
https://britishfurnitures.co.uk/dfg/green-protected.html,56,0,0,1,1,89.2857,0,0,0.1607,23,0.9,0.0545,1.0,2,0,0,0,0,0,0,0,0,0
https://9b3ad500-6960-4cde-ae1f-9d8523678b5a.id.repl.co/,56,0,0,2,1,78.5714,0,0,0.1964,47,0.8,0.0545,1.0,2,0,0,0,0,0,0,0,0,0
http://www.longvoyages.com,26,0,0,1,0,53.8462,0,0,0.1923,19,0.95,0.16,1.0,3,0,0,0,0,0,0,0,0,0
https://fb-restriction-case-ac669.web.app/,42,0,0,1,1,83.3333,0,0,0.2143,33,0.5,0.0976,1.0,3,0,0,0,0,0,0,0,0,0
http://www.topsec2014.com,25,0,0,1,0,64.0,0,0,0.2,18,0.95,0.1667,1.0,3,0,0,0,0,0,0,0,0,0
https://www.shareholds.com/eur/login/submitpage/tzzaqkrecjjsry9ozfkzz1nkwwhbulkynut3ben4mu05cffnwfavahq4vvpyzkq1ctuwbk5uww1svefaywppb1rucgpon1pdmu95ykllugpydthpafrmqjvha1rjve5wsvo1qk81rmr2zgj4dlcytwsvbjbuqjrncujevuh2zuq0wjg4k2wxl21mc0gyt05lr0jnytbym1vvvc8wq0szdmsrdzntl2hktjdrvehcrvjfcehqslvzmwtvchbjvg1vdvzvsnlyck1daeyzeejhze9xzfy3mc9vsei2cy83znixb1jyr1rom2cwyxhdv2ppzgfca2uvqk5azeswrwzsafdlk1bwaunmuu5yulc3t2x4svm4wk92l2xebgrmq0xwne5nt29ktxk0owlusjhumg9padiyug4yuvrxuwvuu01jrhl5n2f6ahi1ovltu1bork1kmvbjwhvetxvvuzkrag9xsu9pzvy2sznjnkw3cxhybhrgnmlxzulxnit4nkvq,560,0,0,1,1,99.6429,0,0,0.0161,18,0.95,0.0358,1.0,3,0,0,0,0,0,0,0,0,0
http://bipp44qctivqte.live,26,0,0,0,0,76.9231,0,0,0.1538,19,0.5,0.16,1.0,4,0,0,0,0,0,0,0,0,0
https://www.vol369.com,22,0,0,1,1,50.0,0,0,0.2273,14,0.95,0.1905,1.0,3,0,0,0,0,0,0,0,0,1
https://www.billingschamber.com,31,0,0,1,1,74.1935,0,0,0.1613,23,0.95,0.1667,1.0,3,0,0,0,0,0,0,0,0,1
https://ballooncreations.co/newcerl/error.php?cmd=login_submit&id=ff756e7e451eb077e33b632d82bf0fb7ff756e7e451eb077e33b632d82bf0fb7&session=ff756e7e451eb077e33b632d82bf0fb7ff756e7e451eb077e33b632d82bf0fb7,203,0,0,0,1,97.0443,3,1,0.069,19,0.8,0.0891,1.0,2,0,0,0,0,0,0,0,0,0
https://www.mishakaudi.com,26,0,0,1,1,73.0769,0,0,0.1923,18,0.95,0.16,1.0,3,0,0,0,0,0,0,0,0,1
http://www.hipillrvacem.xyz,27,0,0,1,0,62.963,0,0,0.1852,20,0.35,0.1923,1.0,3,0,0,0,0,0,0,0,0,0
https://www.nslegislature.ca,28,0,0,1,1,67.8571,0,0,0.1786,20,0.88,0.1481,1.0,2,0,0,0,0,0,0,0,0,1
https://marilamoda.it/nism.rmc/login.jsp.php,44,0,0,0,1,88.6364,0,0,0.2045,13,0.5,0.0465,1.0,2,0,0,0,0,0,0,0,0,0
https://www.royaldocks.london,29,0,0,1,1,72.4138,0,0,0.1724,21,0.5,0.1429,1.0,6,0,0,0,0,0,0,0,0,1
https://www.korrupt.biz,23,0,0,1,1,60.8696,0,0,0.2174,15,0.5,0.2273,1.0,3,0,0,0,0,0,0,0,0,1
https://9348fcc93da8b4163ac7d63cf2ec0fe6.ssl-pl.co.pl/gtlk/fplt/c8fbdc6b2485ba5810e39d74a1204971/login/,103,0,0,2,1,94.1748,0,0,0.1165,45,0.5,0.0392,1.0,2,0,0,0,0,0,0,0,0,0
https://www.openhps.org,23,0,0,1,1,78.2609,0,0,0.2174,15,0.9,0.1818,1.0,3,0,0,0,0,0,0,0,0,1
https://www.ocfrealty.com,25,0,0,1,1,56.0,0,0,0.2,17,0.95,0.1667,1.0,3,0,0,0,0,0,0,0,0,1
https://s3.nl-ams.scw.cloud/archive.doc/index.html?x-amz-algorithm=aws4-hmac-sha256&x-amz-content-sha256=unsigned-payload&x-amz-credential=scwp4b5g2j15af5vbpsq%2f20230116%2fnl-ams%2fs3%2faws4_request&x-amz-date=20230116t195802z&x-amz-expires=435596&x-amz-signature=05d377d84f57fd31d37ed79186bf9e59dd24b53199cadc7cc78a639f45a1cafb&x-amz-signedheaders=host&x-id=getobject,369,0,1,2,1,98.916,8,1,0.1409,19,0.5,0.0245,0.9892,5,0,0,0,0,0,0,0,0,0
http://www.exclusive.tryscheme.com,34,0,0,2,0,70.5882,0,0,0.1765,27,0.95,0.1212,1.0,3,0,0,0,0,0,0,0,0,0
http://www.kueronekayaeotn.co.jp.kuerocekayaoooto.zgfiab.top/ai,63,0,0,5,0,88.8889,0,0,0.1587,53,0.3,0.0968,1.0,3,0,0,0,0,0,0,0,0,0
https://aol-101635.weeblysite.com/,34,0,0,1,1,55.8824,0,0,0.2059,25,0.95,0.0909,1.0,3,0,0,0,0,0,0,0,0,0
https://www.ibf-usba-boxing.com,31,0,0,1,1,64.5161,0,0,0.2258,23,0.95,0.1333,1.0,3,0,0,0,0,0,0,0,0,1
https://outlook04.officelive09.workers.dev,42,0,0,2,1,78.5714,0,0,0.1429,34,0.5,0.0976,1.0,3,0,0,0,0,0,0,0,0,0
https://att-100984.square.site/,31,0,0,1,1,61.2903,0,0,0.2258,22,0.35,0.1333,1.0,4,0,0,0,0,0,0,0,0,0
https://www.intelligentmemory.com,33,0,0,1,1,75.7576,0,0,0.1515,25,0.95,0.1562,1.0,3,0,0,0,0,0,0,0,0,1
http://www.development.sudburywebdesign.com,43,0,0,2,0,79.0698,0,0,0.1395,36,0.95,0.0952,1.0,3,0,0,0,0,0,0,0,0,0
https://www.uni5pay.sr,22,0,0,1,1,59.0909,0,0,0.2273,14,0.5,0.1905,1.0,2,0,0,0,0,0,0,0,0,1
https://www.niyachristine.com,29,0,0,1,1,72.4138,0,0,0.1724,21,0.95,0.1429,1.0,3,0,0,0,0,0,0,0,0,1
https://www.spicemadam.com,26,0,0,1,1,76.9231,0,0,0.1923,18,0.95,0.16,1.0,3,0,0,0,0,0,0,0,0,1
https://h9is92.webwave.dev/,27,0,0,1,1,74.0741,0,0,0.2222,18,0.5,0.0769,1.0,3,0,0,0,0,0,0,0,0,0
https://www.ci-romero.de,24,0,0,1,1,62.5,0,0,0.25,16,0.88,0.1739,1.0,2,0,0,0,0,0,0,0,0,1
http://www.reset-service-identity-mail.42web.io,47,0,0,2,0,68.0851,0,0,0.1915,40,0.5,0.087,1.0,2,0,0,0,0,0,0,0,0,0
https://www.audiology.org,25,0,0,1,1,56.0,0,0,0.2,17,0.9,0.1667,1.0,3,0,0,0,0,0,0,0,0,1
https://www.moon-blog.com,25,0,0,1,1,60.0,0,0,0.24,17,0.95,0.2083,1.0,3,0,0,0,0,0,0,0,0,1
http://www.kueronekayacotn-co-jp.kuerocekayacoto.uhbxru.top/ai/,63,0,0,3,0,92.0635,0,0,0.1746,52,0.3,0.0645,1.0,3,0,0,0,0,0,0,0,0,0
http://www.americaooxprecs.co.jp.vjdwdbr.cn/,44,0,0,4,0,79.5455,0,0,0.2045,36,0.5,0.1163,1.0,2,0,0,0,0,0,0,0,0,0
https://ipfs.io/ipfs/bafybeif2pzrtw27gsxk7hm4clyzzr4nbf7zqre7k6c2ll56aqksal5mwjq/ddoonnvde.html,95,0,0,0,1,94.7368,0,0,0.0842,7,0.5,0.0745,1.0,2,0,0,0,0,0,0,0,0,0
https://support.amazon.co.anazom.vip/,37,0,0,3,1,81.0811,0,0,0.2162,28,0.5,0.0833,1.0,3,0,0,0,0,0,0,0,0,0
https://www.nialaya.com,23,0,0,1,1,52.1739,0,0,0.2174,15,0.95,0.1818,1.0,3,0,0,0,0,0,0,0,0,1
https://www.artorg.unibe.ch,27,0,0,2,1,55.5556,0,0,0.2222,19,0.5,0.1538,1.0,2,0,0,0,0,0,0,0,0,1
http://cj48337.tw1.ru/login/ologin.php,38,0,0,1,0,73.6842,0,0,0.2105,14,0.5,0.0811,1.0,2,0,0,0,0,0,0,0,0,0
https://www.cityoffarmingtonar.com,34,0,0,1,1,82.3529,0,0,0.1471,26,0.95,0.1515,1.0,3,0,0,0,0,0,0,0,0,1
http://www.from-mt.com,22,0,0,1,0,68.1818,0,0,0.2727,15,0.95,0.1905,1.0,3,0,0,0,0,0,0,0,0,0
https://www.concordpools.com,28,0,0,1,1,75.0,0,0,0.1786,20,0.95,0.1852,1.0,3,0,0,0,0,0,0,0,0,1
http://www.uphonl-logim.godaddysites.com,40,0,0,2,0,80.0,0,0,0.175,33,0.95,0.1282,1.0,3,0,0,0,0,0,0,0,0,0
http://www.saiaair.site,23,0,0,1,0,78.2609,0,0,0.2174,16,0.35,0.2273,1.0,4,0,0,0,0,0,0,0,0,0
http://www.ip-shaparak.gq,25,0,0,1,0,68.0,0,0,0.24,18,0.5,0.1667,1.0,2,0,0,0,0,0,0,0,0,0
http://www.stayhidden.net,25,0,0,1,0,76.0,0,0,0.2,18,0.85,0.2083,1.0,3,0,0,0,0,0,0,0,0,0
http://www.vpsojhaul.com,24,0,0,1,0,62.5,0,0,0.2083,17,0.95,0.1739,1.0,3,0,0,0,0,0,0,0,0,0
http://www.ummahstars.com,25,0,0,1,0,76.0,0,0,0.2,18,0.95,0.2083,1.0,3,0,0,0,0,0,0,0,0,0
https://www.parkhotel-bayersoien.de,35,0,0,1,1,74.2857,0,0,0.1714,27,0.88,0.1176,1.0,2,0,0,0,0,0,0,0,0,1
https://www.corptenperu.com/,28,0,0,1,1,78.5714,0,0,0.2143,19,0.95,0.1481,1.0,3,0,0,0,0,0,0,0,0,0
https://www.gamesatlas.com,26,0,0,1,1,69.2308,0,0,0.1923,18,0.95,0.16,1.0,3,0,0,0,0,0,0,0,0,1
https://www.burosalt.nl,23,0,0,1,1,60.8696,0,0,0.2174,15,0.5,0.1818,1.0,2,0,0,0,0,0,0,0,0,1
https://www.haydenjames.io,26,0,0,1,1,65.3846,0,0,0.1923,18,0.5,0.16,1.0,2,0,0,0,0,0,0,0,0,1
https://www.creative-costuming.com,34,0,0,1,1,70.5882,0,0,0.1765,26,0.95,0.1212,1.0,3,0,0,0,0,0,0,0,0,1
https://www.erowid.org,22,0,0,1,1,63.6364,0,0,0.2273,14,0.9,0.1905,1.0,3,0,0,0,0,0,0,0,0,1
https://www.iavi.org,20,0,0,1,1,55.0,0,0,0.25,12,0.9,0.2105,1.0,3,0,0,0,0,0,0,0,0,1
https://a3h-mkd3d.firebaseapp.com/,34,0,0,1,1,73.5294,0,0,0.2059,25,0.95,0.0909,1.0,3,0,0,0,0,0,0,0,0,0
http://www.code.yqw88.com,25,0,0,2,0,68.0,0,0,0.24,18,0.95,0.2083,1.0,3,0,0,0,0,0,0,0,0,0
http://www.iahawaii.com,23,0,0,1,0,78.2609,0,0,0.2174,16,0.95,0.2273,1.0,3,0,0,0,0,0,0,0,0,0
https://www.jec.co.uk,21,0,0,2,1,57.1429,0,0,0.2857,13,0.9,0.2,1.0,2,0,0,0,0,0,0,0,0,1
https://www.zm.com.br,21,0,0,2,1,57.1429,0,0,0.2857,13,0.5,0.2,1.0,2,0,0,0,0,0,0,0,0,1
https://www.robmathes.com,25,0,0,1,1,72.0,0,0,0.2,17,0.95,0.1667,1.0,3,0,0,0,0,0,0,0,0,1
https://www.numberphile.com,27,0,0,1,1,62.963,0,0,0.1852,19,0.95,0.1538,1.0,3,0,0,0,0,0,0,0,0,1
https://bafybeib2oea6zbbfvmr4amk2pp4yxkwknm2gglzhdd4vbaknuwfbqqomqq.ipfs.dweb.link/,83,0,0,2,1,93.9759,0,0,0.0843,74,0.5,0.0976,1.0,4,0,0,0,0,0,0,0,0,0
https://p8j4m6u3.square.site/,29,0,0,1,1,58.6207,0,0,0.2069,20,0.35,0.0714,1.0,4,0,0,0,0,0,0,0,0,0
https://gghnn.square.site/,26,0,0,1,1,73.0769,0,0,0.2308,17,0.35,0.16,1.0,4,0,0,0,0,0,0,0,0,0
https://www.naspers.com,23,0,0,1,1,60.8696,0,0,0.2174,15,0.95,0.1818,1.0,3,0,0,0,0,0,0,0,0,1
http://visapprepaidedd5.web.app/,32,0,0,1,0,75.0,0,0,0.1875,24,0.5,0.1613,1.0,3,0,0,0,0,0,0,0,0,0
http://www.xbmgd.com,20,0,0,1,0,55.0,0,0,0.25,13,0.95,0.2105,1.0,3,0,0,0,0,0,0,0,0,0
https://antaicontravention-reglement-gouv.com/,46,0,0,0,1,84.7826,0,0,0.1522,37,0.95,0.0444,1.0,3,0,0,0,0,0,0,0,0,0
https://currentlyattyahoologinmaill.weebly.com/,47,0,0,1,1,85.1064,0,0,0.1277,38,0.95,0.1522,1.0,3,0,0,0,0,0,0,0,0,0
https://www.ourtime.address-match.workers.dev,45,0,0,3,1,82.2222,0,0,0.1778,37,0.5,0.1364,1.0,3,0,0,0,0,0,0,0,0,0
https://employeejiofinance.com/,31,0,0,0,1,70.9677,0,0,0.1613,22,0.95,0.1,1.0,3,0,0,0,0,0,0,0,0,0
https://www.vtgatherings.com,28,0,0,1,1,60.7143,0,0,0.1786,20,0.95,0.1481,1.0,3,0,0,0,0,0,0,0,0,1
https://www.highparktoronto.com,31,0,0,1,1,70.9677,0,0,0.1613,23,0.95,0.1333,1.0,3,0,0,0,0,0,0,0,0,1
https://www.hugo-international.org,34,0,0,1,1,79.4118,0,0,0.1765,26,0.9,0.1212,1.0,3,0,0,0,0,0,0,0,0,1
https://www.lathermore.com,26,0,0,1,1,76.9231,0,0,0.1923,18,0.95,0.16,1.0,3,0,0,0,0,0,0,0,0,1
http://www.vanillanoir.com,26,0,0,1,0,73.0769,0,0,0.1923,19,0.95,0.2,1.0,3,0,0,0,0,0,0,0,0,0
https://onlinedialogue.nl/wp-content/plugins/ds/0fb4ab43503bd2c/region.php,74,0,0,0,1,90.5405,0,0,0.1486,17,0.5,0.0274,1.0,2,0,0,0,0,0,0,0,0,0
http://www.voicelan.cannca.shop,31,0,0,2,0,80.6452,0,0,0.1935,24,0.5,0.1667,1.0,4,0,0,0,0,0,0,0,0,0
https://myboxxofice.myportfolio.com/,36,0,0,1,1,80.5556,0,0,0.1667,27,0.95,0.0857,1.0,3,0,0,0,0,0,0,0,0,0
http://www.mtea-mask.com/connect.php,36,0,0,1,0,88.8889,0,0,0.2222,17,0.95,0.1429,1.0,3,0,0,0,0,0,0,0,0,0
https://www.traditionalgames.in,31,0,0,1,1,67.7419,0,0,0.1613,23,0.9,0.1333,1.0,2,0,0,0,0,0,0,0,0,1
http://www.amazcazzm-co-jp.amazzcocn.shangtuke.cn/,50,0,0,3,0,86.0,0,0,0.2,42,0.5,0.1224,1.0,2,0,0,0,0,0,0,0,0,0
https://paymentdbs.life/,24,0,0,0,1,50.0,0,0,0.2083,15,0.5,0.087,1.0,4,0,0,0,0,0,0,0,0,0
http://www.kontrola-bezpieczenstwa.top,38,0,0,1,0,73.6842,0,0,0.1579,31,0.3,0.1081,1.0,3,0,0,0,0,0,0,0,0,0
http://www.cfceu.duckdns.org,28,0,0,2,0,60.7143,0,0,0.2143,21,0.9,0.1481,1.0,3,0,0,0,0,0,0,0,0,0
https://ipfs.io/ipfs/bafybeicm4nha4dkh5qzoyoozydo5pcfgcmovwqzs6y5ej2cb6wv67pnmya/seoul-log.html,95,0,0,0,1,92.6316,0,0,0.0947,7,0.5,0.0319,1.0,2,0,0,0,0,0,0,0,0,0
http://www.offices-update.com,29,0,0,1,0,68.9655,0,0,0.2069,22,0.95,0.1786,1.0,3,0,0,0,0,0,0,0,0,0
https://www.volacci.com,23,0,0,1,1,60.8696,0,0,0.2174,15,0.95,0.2273,1.0,3,0,0,0,0,0,0,0,0,1
https://apps-data77accntcenters.start.page/,43,0,0,1,1,88.3721,0,0,0.1628,34,0.5,0.119,1.0,4,0,0,0,0,0,0,0,0,0
https://www.offsite.com.cy,26,0,0,2,1,73.0769,0,0,0.2308,18,0.5,0.2,1.0,2,0,0,0,0,0,0,0,0,1
http://aservice-consultation09s873yw6y.fr.swtest.ru/infyd673yt/bibaztgkmv4352/,78,0,0,2,0,79.4872,0,0,0.1282,44,0.5,0.026,1.0,2,0,0,0,0,0,0,0,0,0
https://www.tsuno.com.au,24,0,0,2,1,70.8333,0,0,0.25,16,0.88,0.1739,1.0,2,0,0,0,0,0,0,0,0,1
https://meta-help-center-04318923842.firebaseapp.com/,53,0,0,1,1,81.1321,0,0,0.1698,44,0.95,0.0577,1.0,3,0,0,0,0,0,0,0,0,0
http://pesc.pw/4xu6ez,21,0,0,0,0,47.619,0,0,0.2381,7,0.5,0.1,1.0,2,0,0,0,0,0,0,0,0,0
https://www.griffinsociety.org,30,0,0,1,1,76.6667,0,0,0.1667,22,0.9,0.1724,1.0,3,0,0,0,0,0,0,0,0,1
http://mchang.net/b/2.php,25,0,0,0,0,68.0,0,0,0.28,10,0.85,0.0833,1.0,3,0,0,0,0,0,0,0,0,0
https://www.burkemuseum.org,27,0,0,1,1,74.0741,0,0,0.1852,19,0.9,0.1538,1.0,3,0,0,0,0,0,0,0,0,1
https://www.aqonline.co.uk,26,0,0,2,1,53.8462,0,0,0.2308,18,0.9,0.16,1.0,2,0,0,0,0,0,0,0,0,1
https://www.paademode.com,25,0,0,1,1,84.0,0,0,0.2,17,0.95,0.2083,1.0,3,0,0,0,0,0,0,0,0,1
https://www.coca-cola.ee,24,0,0,1,1,75.0,0,0,0.25,16,0.5,0.2174,1.0,2,0,0,0,0,0,0,0,0,1
https://weathered-pine-d671.hgpuuhmyy.workers.dev/,50,0,0,2,1,76.0,0,0,0.18,41,0.5,0.0816,1.0,3,0,0,0,0,0,0,0,0,0
https://www.primitive.net,25,0,0,1,1,72.0,0,0,0.2,17,0.85,0.1667,1.0,3,0,0,0,0,0,0,0,0,1
https://www.totalregistration.net,33,0,0,1,1,84.8485,0,0,0.1515,25,0.85,0.125,1.0,3,0,0,0,0,0,0,0,0,1
https://www.reinforce.awsevents.com,35,0,0,2,1,77.1429,0,0,0.1714,27,0.95,0.1176,1.0,3,0,0,0,0,0,0,0,0,1
https://www.leeds-city-guide.com,32,0,0,1,1,71.875,0,0,0.2188,24,0.95,0.1613,1.0,3,0,0,0,0,0,0,0,0,1
https://www.adfg.alaska.gov,27,0,0,2,1,66.6667,0,0,0.2222,19,0.99,0.1538,1.0,3,0,0,0,0,0,0,0,0,1
http://www.freegamecenter.onedumb.com,37,0,0,2,0,75.6757,0,0,0.1622,30,0.95,0.1389,1.0,3,0,0,0,0,0,0,0,0,0
https://www.teachmemicro.com,28,0,0,1,1,78.5714,0,0,0.1786,20,0.95,0.1481,1.0,3,0,0,0,0,0,0,0,0,1
https://www.astroscience.com,28,0,0,1,1,71.4286,0,0,0.1786,20,0.95,0.1481,1.0,3,0,0,0,0,0,0,0,0,1
https://www.uki.ac.id,21,0,0,2,1,57.1429,0,0,0.2857,13,0.5,0.2,1.0,2,0,0,0,0,0,0,0,0,1
https://esblkycpage111.firebaseapp.com/,39,0,0,1,1,71.7949,0,0,0.1538,30,0.95,0.1316,1.0,3,0,0,0,0,0,0,0,0,0
https://www.stateoftheu.com,27,0,0,1,1,74.0741,0,0,0.1852,19,0.95,0.1538,1.0,3,0,0,0,0,0,0,0,0,1
http://mmbcconsulting.co.za/secu%20@groshat/login/ses/,54,0,1,1,0,83.3333,0,0,0.2037,20,0.5,0.0755,0.963,2,0,0,0,0,0,0,0,0,0
https://www.amazon.co.jp.icoleow.shop/,38,0,0,4,1,78.9474,0,0,0.2368,29,0.5,0.1081,1.0,4,0,0,0,0,0,0,0,0,0
https://ebisarecomendaciones--datosvalidar.repl.co/,51,0,0,1,1,90.1961,0,0,0.1569,42,0.8,0.06,1.0,2,0,0,0,0,0,0,0,0,0
http://paxful-wap.vip,21,0,0,0,0,47.619,0,0,0.2381,14,0.5,0.1,1.0,3,0,0,0,0,0,0,0,0,0
https://www.platinumtrain.jp,28,0,0,1,1,71.4286,0,0,0.1786,20,0.5,0.1481,1.0,2,0,0,0,0,0,0,0,0,1
http://www.magicpro.xyz,23,0,0,1,0,47.8261,0,0,0.2174,16,0.35,0.1818,1.0,3,0,0,0,0,0,0,0,0,0
http://www.hangqiang.net,24,0,0,1,0,79.1667,0,0,0.2083,17,0.85,0.1739,1.0,3,0,0,0,0,0,0,0,0,0
https://ipfs.fleek.co/ipfs/bafybeihspy7366dahbak5g45iuuztoe3377vcsna5kt5hjweiodl4xtdgu/ofour.html?id,100,0,0,1,1,90.0,0,1,0.1,13,0.8,0.0707,1.0,2,0,0,0,0,0,0,0,0,0
https://www.nossa.fr/achat-vetements-femmes-mode-tendances/themes/theme1152/modules/blockcontact/translations/lg/portal/clients/login.php?verification#_login&amp;appidkey=c29dd22093eced2&amp;country=ro,201,0,0,1,1,96.0199,2,1,0.1443,12,0.5,0.05,0.9851,2,0,0,0,0,0,0,0,0,0
https://www.lameteoagricole.net,31,0,0,1,1,67.7419,0,0,0.1613,23,0.85,0.1333,1.0,3,0,0,0,0,0,0,0,0,1
https://www.explica.co,22,0,0,1,1,59.0909,0,0,0.2273,14,0.8,0.1905,1.0,2,0,0,0,0,0,0,0,0,1
https://ojoddb.z13.web.core.windows.net/,40,0,0,4,1,75.0,0,0,0.225,31,0.85,0.0769,1.0,3,0,0,0,0,0,0,0,0,0
http://www.login.cdn-chrome.com,31,0,0,2,0,70.9677,0,0,0.2258,24,0.95,0.1333,1.0,3,0,0,0,0,0,0,0,0,0
https://www.programmingfonts.org,32,0,0,1,1,84.375,0,0,0.1562,24,0.9,0.1613,1.0,3,0,0,0,0,0,0,0,0,1
https://www.teslarati.com,25,0,0,1,1,60.0,0,0,0.2,17,0.95,0.1667,1.0,3,0,0,0,0,0,0,0,0,1
https://www.gt2europeanseries.com,33,0,0,1,1,69.697,0,0,0.1515,25,0.95,0.125,1.0,3,0,0,0,0,0,0,0,0,1
https://www.adesignmedia.com,28,0,0,1,1,75.0,0,0,0.1786,20,0.95,0.1481,1.0,3,0,0,0,0,0,0,0,0,1
https://walkingblindincfr.web.app/,34,0,0,1,1,70.5882,0,0,0.1765,25,0.5,0.0909,1.0,3,0,0,0,0,0,0,0,0,0
https://wwwdbspaylsh.co/,24,0,0,0,1,62.5,0,0,0.2083,15,0.8,0.1739,1.0,2,0,0,0,0,0,0,0,0,0
https://dev-banco-fassil9.pantheonsite.io/,42,0,0,1,1,80.9524,0,0,0.1905,33,0.5,0.0732,1.0,2,0,0,0,0,0,0,0,0,0
https://www.disobey.com,23,0,0,1,1,56.5217,0,0,0.2174,15,0.95,0.1818,1.0,3,0,0,0,0,0,0,0,0,1
https://www.bmonroesalon.com,28,0,0,1,1,67.8571,0,0,0.1786,20,0.95,0.1481,1.0,3,0,0,0,0,0,0,0,0,1
https://dev-28a4s9461.pantheonsite.io/index1.html,49,0,0,1,1,79.5918,0,0,0.1633,29,0.5,0.0417,1.0,2,0,0,0,0,0,0,0,0,0
https://www.advocate-online.net,31,0,0,1,1,67.7419,0,0,0.1935,23,0.85,0.1333,1.0,3,0,0,0,0,0,0,0,0,1
http://www.batchmates.me,24,0,0,1,0,79.1667,0,0,0.2083,17,0.5,0.1739,1.0,2,0,0,0,0,0,0,0,0,0
https://www.lifestalker.com,27,0,0,1,1,59.2593,0,0,0.1852,19,0.95,0.1538,1.0,3,0,0,0,0,0,0,0,0,1
https://www.arcedition.com,26,0,0,1,1,61.5385,0,0,0.1923,18,0.95,0.16,1.0,3,0,0,0,0,0,0,0,0,1
http://3115tt.me/,17,0,0,0,0,52.9412,0,0,0.2941,9,0.5,0.25,1.0,2,0,0,0,0,0,0,0,0,0
https://www.fredericknewspost.com,33,0,0,1,1,75.7576,0,0,0.1515,25,0.95,0.125,1.0,3,0,0,0,0,0,0,0,0,1
https://9bbd8de9-f102-44aa-85e9-dc21a62e99e1.id.repl.co,55,0,0,2,1,80.0,0,0,0.1818,47,0.8,0.1111,1.0,2,0,0,0,0,0,0,0,0,0
https://www.johanniter.de,25,0,0,1,1,64.0,0,0,0.2,17,0.88,0.2083,1.0,2,0,0,0,0,0,0,0,0,1
https://short.madisonapthomes.com/r/00xhiwc,43,0,0,1,1,86.0465,0,0,0.1628,25,0.95,0.0714,1.0,3,0,0,0,0,0,0,0,0,0
https://www.autotech-co.com,27,0,0,1,1,70.3704,0,0,0.2222,19,0.95,0.1538,1.0,3,0,0,0,0,0,0,0,0,1
https://www.dukeofdefinition.com,32,0,0,1,1,75.0,0,0,0.1562,24,0.95,0.129,1.0,3,0,0,0,0,0,0,0,0,1
https://www.phaionline.org,26,0,0,1,1,73.0769,0,0,0.1923,18,0.9,0.16,1.0,3,0,0,0,0,0,0,0,0,1
https://www.mlbair.com,22,0,0,1,1,50.0,0,0,0.2273,14,0.95,0.1905,1.0,3,0,0,0,0,0,0,0,0,1
https://www.u-obd.com,21,0,0,1,1,52.381,0,0,0.2857,13,0.95,0.2,1.0,3,0,0,0,0,0,0,0,0,1
http://www.mintbox.pro,22,0,0,1,0,63.6364,0,0,0.2273,15,0.5,0.1905,1.0,3,0,0,0,0,0,0,0,0,0
https://www.innovationquarter.nl,32,0,0,1,1,71.875,0,0,0.1562,24,0.5,0.1613,1.0,2,0,0,0,0,0,0,0,0,1
https://www.asiapress.org,25,0,0,1,1,76.0,0,0,0.2,17,0.9,0.2083,1.0,3,0,0,0,0,0,0,0,0,1
http://www.paryavaranindia.com,30,0,0,1,0,73.3333,0,0,0.1667,23,0.95,0.1379,1.0,3,0,0,0,0,0,0,0,0,0
https://www.excellence-mag.com,30,0,0,1,1,66.6667,0,0,0.2,22,0.95,0.1724,1.0,3,0,0,0,0,0,0,0,0,1
http://u1965047.plsk.regruhosting.ru/155/,41,0,0,2,0,70.7317,0,0,0.1951,29,0.5,0.075,1.0,2,0,0,0,0,0,0,0,0,0
https://www.dracutlibrary.org,29,0,0,1,1,55.1724,0,0,0.1724,21,0.9,0.1429,1.0,3,0,0,0,0,0,0,0,0,1
https://maildinshaakckjnw126.firebaseapp.com/,45,0,0,1,1,73.3333,0,0,0.1333,36,0.95,0.0909,1.0,3,0,0,0,0,0,0,0,0,0
http://www.janewagtus.com,25,0,0,1,0,52.0,0,0,0.2,18,0.95,0.1667,1.0,3,0,0,0,0,0,0,0,0,0
https://www.atlantahistorycenter.com,36,0,0,1,1,83.3333,0,0,0.1389,28,0.95,0.1143,1.0,3,0,0,0,0,0,0,0,0,1
https://www.coda-apeldoorn.nl,29,0,0,1,1,75.8621,0,0,0.2069,21,0.5,0.1786,1.0,2,0,0,0,0,0,0,0,0,1
https://polished-mud-3844.gamochbasch121582.workers.dev/,56,0,0,2,1,80.3571,0,0,0.1607,47,0.5,0.0545,1.0,3,0,0,0,0,0,0,0,0,0
http://metalharbor.com/5g5/onefile/index.php,44,0,0,0,0,84.0909,0,0,0.1818,15,0.95,0.0465,1.0,3,0,0,0,0,0,0,0,0,0
https://www.tellmeacharm.com,28,0,0,1,1,82.1429,0,0,0.1786,20,0.95,0.1852,1.0,3,0,0,0,0,0,0,0,0,1
http://3659ppp.cc/,18,0,0,0,0,61.1111,0,0,0.2778,10,0.5,0.2941,1.0,2,0,0,0,0,0,0,0,0,0
http://www.melodyk.cf,21,0,0,1,0,42.8571,0,0,0.2381,14,0.5,0.2,1.0,2,0,0,0,0,0,0,0,0,0
https://arsip.stainkepri.ac.id/well-known/file/mic/main/main.php,64,0,0,2,1,92.1875,0,0,0.2031,22,0.5,0.0476,1.0,2,0,0,0,0,0,0,0,0,0
https://www.page.org.au,23,0,0,2,1,69.5652,0,0,0.2609,15,0.88,0.1818,1.0,2,0,0,0,0,0,0,0,0,1
http://www.pmbfytlkc.gq,23,0,0,1,0,52.1739,0,0,0.2174,16,0.5,0.1818,1.0,2,0,0,0,0,0,0,0,0,0
https://www.amaravativoice.com,30,0,0,1,1,80.0,0,0,0.1667,22,0.95,0.1379,1.0,3,0,0,0,0,0,0,0,0,1
https://www.raghavm.com,23,0,0,1,1,65.2174,0,0,0.2174,15,0.95,0.1818,1.0,3,0,0,0,0,0,0,0,0,1
https://www.samuraipants.com,28,0,0,1,1,71.4286,0,0,0.1786,20,0.95,0.1481,1.0,3,0,0,0,0,0,0,0,0,1
https://aol-mail-108192.weeblysite.com/,39,0,0,1,1,71.7949,0,0,0.2051,30,0.95,0.0789,1.0,3,0,0,0,0,0,0,0,0,0
https://augov-3399d.web.app/,28,0,0,1,1,57.1429,0,0,0.25,19,0.5,0.1852,1.0,3,0,0,0,0,0,0,0,0,0
https://csvhwubije.web.app/,27,0,0,1,1,74.0741,0,0,0.2222,18,0.5,0.1154,1.0,3,0,0,0,0,0,0,0,0,0
http://www.wsmmanagement.com,28,0,0,1,0,75.0,0,0,0.1786,21,0.95,0.1852,1.0,3,0,0,0,0,0,0,0,0,0
https://juno-mail-101843.square.site/,37,0,0,1,1,62.1622,0,0,0.2162,28,0.35,0.0556,1.0,4,0,0,0,0,0,0,0,0,0
https://www.facealacrise.be,27,0,0,1,1,70.3704,0,0,0.1852,19,0.5,0.1538,1.0,2,0,0,0,0,0,0,0,0,1
https://www.southburlingtonvt.gov,33,0,0,1,1,81.8182,0,0,0.1515,25,0.99,0.125,1.0,3,0,0,0,0,0,0,0,0,1
https://www.pepitesdamour.com,29,0,0,1,1,72.4138,0,0,0.1724,21,0.95,0.1429,1.0,3,0,0,0,0,0,0,0,0,1
https://www.koroo.it,20,0,0,1,1,65.0,0,0,0.25,12,0.5,0.2632,1.0,2,0,0,0,0,0,0,0,0,1
https://www.lennartverhoeff.net,31,0,0,1,1,77.4194,0,0,0.1613,23,0.85,0.2,1.0,3,0,0,0,0,0,0,0,0,1
http://1636365.com/assets/40vueuse.4080c24a.js/assets/@intlify.595663c5.js/assets/assets/@intlify.595663c5.js/assets/,117,0,1,0,0,92.3077,0,0,0.1795,11,0.95,0.0776,0.9829,3,0,0,0,0,0,0,0,0,0
https://youoapp.xyz/web/?uuid=210db5a7-98ef-afaa-0a02-2cd3516cbecf,66,0,0,0,1,77.2727,1,1,0.1818,11,0.35,0.0769,1.0,3,0,0,0,0,0,0,0,0,0
https://wispy-violet-b3d0.exkuqtj.workers.dev/,46,0,0,2,1,76.087,0,0,0.1957,37,0.5,0.0444,1.0,3,0,0,0,0,0,0,0,0,0
https://www.mysticrevolution.com,32,0,0,1,1,68.75,0,0,0.1562,24,0.95,0.129,1.0,3,0,0,0,0,0,0,0,0,1
https://www.consueloblog.com,28,0,0,1,1,67.8571,0,0,0.1786,20,0.95,0.1481,1.0,3,0,0,0,0,0,0,0,0,1
https://www.atomic.physics.lu.se,32,0,0,3,1,75.0,0,0,0.2188,24,0.5,0.129,1.0,2,0,0,0,0,0,0,0,0,1
https://www.highlifeholidayproperties.com.au,44,0,0,2,1,81.8182,0,0,0.1364,36,0.88,0.093,1.0,2,0,0,0,0,0,0,0,0,1
https://truislttt.firebaseapp.com/,34,0,0,1,1,73.5294,0,0,0.1765,25,0.95,0.1515,1.0,3,0,0,0,0,0,0,0,0,0
https://www.menstylefashion.com,31,0,0,1,1,74.1935,0,0,0.1613,23,0.95,0.1333,1.0,3,0,0,0,0,0,0,0,0,1
https://www.chesterfield.gov.uk,31,0,0,2,1,58.0645,0,0,0.1935,23,0.9,0.1333,1.0,2,0,0,0,0,0,0,0,0,1
https://www.irn.ru,18,0,0,1,1,61.1111,0,0,0.2778,10,0.5,0.2353,1.0,2,0,0,0,0,0,0,0,0,1
https://www.vinylflooringuk.co.uk,33,0,0,2,1,69.697,0,0,0.1818,25,0.9,0.1562,1.0,2,0,0,0,0,0,0,0,0,1
http://www.readerfile.duckdns.org,33,0,0,2,0,57.5758,0,0,0.1818,26,0.9,0.125,1.0,3,0,0,0,0,0,0,0,0,0
http://www.smemy.com,20,0,0,1,0,60.0,0,0,0.25,13,0.95,0.2105,1.0,3,0,0,0,0,0,0,0,0,0
https://outlook349.yolasite.com/,32,0,0,1,1,56.25,0,0,0.1875,23,0.95,0.0968,1.0,3,0,0,0,0,0,0,0,0,0
https://www.app.ciaoz2u.com,27,0,0,2,1,70.3704,0,0,0.2222,19,0.95,0.1923,1.0,3,0,0,0,0,0,0,0,0,1
https://www.thephins.com,24,0,0,1,1,70.8333,0,0,0.2083,16,0.95,0.1739,1.0,3,0,0,0,0,0,0,0,0,1
http://www.subesizbankabasvurusu.ml,35,0,0,1,0,65.7143,0,0,0.1429,28,0.5,0.1176,1.0,2,0,0,0,0,0,0,0,0,0
https://www.htw-berlin.de,25,0,0,1,1,60.0,0,0,0.24,17,0.88,0.1667,1.0,2,0,0,0,0,0,0,0,0,1
https://www.iltempo.it,22,0,0,1,1,68.1818,0,0,0.2273,14,0.5,0.1905,1.0,2,0,0,0,0,0,0,0,0,1
http://www.campbellm.cf,23,0,0,1,0,73.913,0,0,0.2174,16,0.5,0.2273,1.0,2,0,0,0,0,0,0,0,0,0
http://www.sagivfoods.com,25,0,0,1,0,56.0,0,0,0.2,18,0.95,0.2083,1.0,3,0,0,0,0,0,0,0,0,0
https://www.pinknotes.com,25,0,0,1,1,72.0,0,0,0.2,17,0.95,0.1667,1.0,3,0,0,0,0,0,0,0,0,1
https://www.therealfynn.co.uk,29,0,0,2,1,58.6207,0,0,0.2069,21,0.9,0.1786,1.0,2,0,0,0,0,0,0,0,0,1
https://www.norges-bank.no,26,0,0,1,1,61.5385,0,0,0.2308,18,0.5,0.16,1.0,2,0,0,0,0,0,0,0,0,1
https://www.priestsforlife.org,30,0,0,1,1,86.6667,0,0,0.1667,22,0.9,0.1379,1.0,3,0,0,0,0,0,0,0,0,1
https://kfdsws.justdied.com,27,0,0,1,1,51.8519,0,0,0.1852,19,0.95,0.0769,1.0,3,0,0,0,0,0,0,0,0,0
https://www.findafabric.com.au,30,0,0,2,1,63.3333,0,0,0.2,22,0.88,0.1379,1.0,2,0,0,0,0,0,0,0,0,1
http://www.premium.redforlinux.com,34,0,0,2,0,76.4706,0,0,0.1765,27,0.95,0.1212,1.0,3,0,0,0,0,0,0,0,0,0
https://www.cmbih.com,21,0,0,1,1,71.4286,0,0,0.2381,13,0.95,0.2,1.0,3,0,0,0,0,0,0,0,0,1
https://www.torquegamers.com,28,0,0,1,1,71.4286,0,0,0.1786,20,0.95,0.1481,1.0,3,0,0,0,0,0,0,0,0,1
https://www.juraforum.de,24,0,0,1,1,54.1667,0,0,0.2083,16,0.88,0.1739,1.0,2,0,0,0,0,0,0,0,0,1
http://www.amazceom-co-jp.amazzeocn.hmhpwjg.cn,46,0,0,3,0,95.6522,0,0,0.1957,39,0.5,0.1111,1.0,2,0,0,0,0,0,0,0,0,0
http://www.aneesakhtar.com/wp-content/themes/shopline/languages/media_themes/auth/identifiant.php,97,0,0,1,0,93.8144,0,0,0.1546,19,0.95,0.0521,1.0,3,0,0,0,0,0,0,0,0,0
http://www.cimsjr.com,21,0,0,1,0,61.9048,0,0,0.2381,14,0.95,0.2,1.0,3,0,0,0,0,0,0,0,0,0
https://cf-ipfs.com/ipfs/qmpdfxcajtcghz835fi8epe9kbrvdnti9db9xpsdaw5s1d,71,0,0,0,1,78.8732,0,0,0.0986,11,0.95,0.0286,1.0,3,0,0,0,0,0,0,0,0,0
http://www.omgwowxisf.ga,24,0,0,1,0,62.5,0,0,0.2083,17,0.5,0.1739,1.0,2,0,0,0,0,0,0,0,0,0
https://www.imomus.com,22,0,0,1,1,72.7273,0,0,0.2273,14,0.95,0.1905,1.0,3,0,0,0,0,0,0,0,0,1
https://sttpmsde-ddtlepmm.web.app/,34,0,0,1,1,79.4118,0,0,0.2059,25,0.5,0.1818,1.0,3,0,0,0,0,0,0,0,0,0
http://www.rsk.co.tz,20,0,0,2,0,55.0,0,0,0.3,13,0.5,0.2105,1.0,2,0,0,0,0,0,0,0,0,0
https://www.webpresenceninjas.com,33,0,0,1,1,72.7273,0,0,0.1515,25,0.95,0.125,1.0,3,0,0,0,0,0,0,0,0,1
https://www.bostonherald.com,28,0,0,1,1,60.7143,0,0,0.1786,20,0.95,0.1481,1.0,3,0,0,0,0,0,0,0,0,1
https://gateway.ipfs.io/ipfs/bafybeietdwmnpnial6v6t4fxcbkfcqtjqipbrow4zicitoo453fclsam6i,88,0,0,1,1,86.3636,0,0,0.0795,15,0.5,0.0345,1.0,2,0,0,0,0,0,0,0,0,0
https://www.tillyandthebuttons.com,34,0,0,1,1,67.6471,0,0,0.1471,26,0.95,0.1818,1.0,3,0,0,0,0,0,0,0,0,1
https://www.canstarblue.co.nz,29,0,0,2,1,65.5172,0,0,0.2069,21,0.5,0.1429,1.0,2,0,0,0,0,0,0,0,0,1
https://www.moca-news.net,25,0,0,1,1,68.0,0,0,0.24,17,0.85,0.1667,1.0,3,0,0,0,0,0,0,0,0,1
https://www.hstoday.us,22,0,0,1,1,68.1818,0,0,0.2273,14,0.85,0.1905,1.0,2,0,0,0,0,0,0,0,0,1
https://www.strukturwalzen.de,29,0,0,1,1,68.9655,0,0,0.1724,21,0.88,0.1429,1.0,2,0,0,0,0,0,0,0,0,1
http://www.malcolmt.cf,22,0,0,1,0,72.7273,0,0,0.2273,15,0.5,0.1905,1.0,2,0,0,0,0,0,0,0,0,0
http://www.tet.fburl.fun,24,0,0,2,0,66.6667,0,0,0.25,17,0.5,0.1739,1.0,3,0,0,0,0,0,0,0,0,0
http://www.amerikanewsu.com,27,0,0,1,0,59.2593,0,0,0.1852,20,0.95,0.1538,1.0,3,0,0,0,0,0,0,0,0,0
https://marian.gedeon.info.pl/aiiegro/email@example.com,55,0,1,2,1,85.4545,0,0,0.1818,21,0.5,0.0556,0.9818,2,0,0,0,0,0,0,0,0,0
https://www.understandingglasgow.com,36,0,0,1,1,72.2222,0,0,0.1389,28,0.95,0.1429,1.0,3,0,0,0,0,0,0,0,0,1
http://1636365.com/assets/40intlify.595663c5.js/assets/@popperjs.36402333.js/assets/@popperjs.36402333.js/assets/,113,0,1,0,0,92.0354,0,0,0.177,11,0.95,0.1161,0.9823,3,0,0,0,0,0,0,0,0,0
http://sync-protocol.net,24,0,0,0,0,62.5,0,0,0.2083,17,0.85,0.087,1.0,3,0,0,0,0,0,0,0,0,0
https://update-new-aplikasi-orderkuota.web.app/,47,0,0,1,1,89.3617,0,0,0.1915,38,0.5,0.0652,1.0,3,0,0,0,0,0,0,0,0,0
https://www.meteo.uz,20,0,0,1,1,60.0,0,0,0.25,12,0.5,0.2105,1.0,2,0,0,0,0,0,0,0,0,1
https://www.findseaglass.net,28,0,0,1,1,71.4286,0,0,0.1786,20,0.85,0.1852,1.0,3,0,0,0,0,0,0,0,0,1
http://www.timotheus.ua,23,0,0,1,0,65.2174,0,0,0.2174,16,0.5,0.1818,1.0,2,0,0,0,0,0,0,0,0,0
http://www.sighlonthcstg.ml,27,0,0,1,0,74.0741,0,0,0.1852,20,0.5,0.1538,1.0,2,0,0,0,0,0,0,0,0,0
https://www.sesc.com.br,23,0,0,2,1,65.2174,0,0,0.2609,15,0.5,0.1818,1.0,2,0,0,0,0,0,0,0,0,1
https://www.viyatek.io,22,0,0,1,1,54.5455,0,0,0.2273,14,0.5,0.1905,1.0,2,0,0,0,0,0,0,0,0,1
https://www.eitvcloud.com,25,0,0,1,1,56.0,0,0,0.2,17,0.95,0.1667,1.0,3,0,0,0,0,0,0,0,0,1
https://business-submit-appeal-45405.firebaseapp.com/,53,0,0,1,1,83.0189,0,0,0.1698,44,0.95,0.0962,1.0,3,0,0,0,0,0,0,0,0,0
https://www.vicicollection.com,30,0,0,1,1,73.3333,0,0,0.1667,22,0.95,0.1724,1.0,3,0,0,0,0,0,0,0,0,1
https://file-share-from-lindsey-folder-view.firebaseapp.com/,60,0,0,1,1,88.3333,0,0,0.1833,51,0.95,0.0508,1.0,3,0,0,0,0,0,0,0,0,0
https://www.al-shia.org,23,0,0,1,1,65.2174,0,0,0.2609,15,0.9,0.1818,1.0,3,0,0,0,0,0,0,0,0,1
https://www.gccouncil.go.kr,27,0,0,2,1,62.963,0,0,0.2222,19,0.5,0.1923,1.0,2,0,0,0,0,0,0,0,0,1
https://officecf1ccb8966e0e5f43d4cd1e147eb2c23cf1ccb8966e0e5f43d4cd1e14.microsoftwordz1.workers.dev/,100,0,0,2,1,92.0,0,0,0.07,91,0.5,0.0707,1.0,3,0,0,0,0,0,0,0,0,0
http://app.aruba.2rosas.cl/webmail.php,38,0,0,2,0,76.3158,0,0,0.2105,19,0.5,0.0811,1.0,2,0,0,0,0,0,0,0,0,0
https://www.faveglutenfreerecipes.com,37,0,0,1,1,70.2703,0,0,0.1351,29,0.95,0.1389,1.0,3,0,0,0,0,0,0,0,0,1
https://www.paradescommission.org,33,0,0,1,1,78.7879,0,0,0.1515,25,0.9,0.1875,1.0,3,0,0,0,0,0,0,0,0,1
http://www.cielouvert.fr,24,0,0,1,0,58.3333,0,0,0.2083,17,0.5,0.1739,1.0,2,0,0,0,0,0,0,0,0,0
http://u1995330.cp.regruhosting.ru/,35,0,0,2,0,71.4286,0,0,0.2,27,0.5,0.1176,1.0,2,0,0,0,0,0,0,0,0,0
https://www.concordtheatricals.co.uk,36,0,0,2,1,75.0,0,0,0.1667,28,0.9,0.1143,1.0,2,0,0,0,0,0,0,0,0,1
https://www.heirloombk.com,26,0,0,1,1,61.5385,0,0,0.1923,18,0.95,0.2,1.0,3,0,0,0,0,0,0,0,0,1
https://healthexchangesny.com/kcun--qmmqdvvn--xwgdfxbz/eufeeb--rykaxe--dfbkptms/index.html#a@b.com,98,0,1,0,1,92.8571,0,0,0.1939,21,0.95,0.0928,0.9796,3,0,0,0,0,0,0,0,0,0
http://www.idemoten.com,23,0,0,1,0,69.5652,0,0,0.2174,16,0.95,0.1818,1.0,3,0,0,0,0,0,0,0,0,0
http://40532140stndracn.duckdns.org/?login/device-based/regular/login/,70,0,0,1,0,82.8571,0,1,0.1714,28,0.9,0.029,1.0,3,0,0,0,0,0,0,0,0,0
https://chefset.com.mx/link.html,32,0,0,1,1,75.0,0,0,0.2188,14,0.5,0.0645,1.0,2,0,0,0,0,0,0,0,0,0
http://www.affimobiz.mobi,25,0,0,1,0,80.0,0,0,0.2,18,0.5,0.2083,1.0,4,0,0,0,0,0,0,0,0,0
http://www.ajiwqbfh.com,23,0,0,1,0,52.1739,0,0,0.2174,16,0.95,0.1818,1.0,3,0,0,0,0,0,0,0,0,0
http://www.okeyoe.com,21,0,0,1,0,66.6667,0,0,0.2381,14,0.95,0.2,1.0,3,0,0,0,0,0,0,0,0,0
https://www.gpsworld.com,24,0,0,1,1,66.6667,0,0,0.2083,16,0.95,0.1739,1.0,3,0,0,0,0,0,0,0,0,1
http://krakkennlogginn.godaddysites.com/,40,0,0,1,0,80.0,0,0,0.15,32,0.95,0.1795,1.0,3,0,0,0,0,0,0,0,0,0
https://allgrasp.com/wp-admin/js/swisscomspx/swisscomspx/swisscomspx/swisscom/fr/username.html,94,0,0,0,1,92.5532,0,0,0.1489,12,0.95,0.0753,1.0,3,0,0,0,0,0,0,0,0,0
http://zimbra-mail-2015d.firebaseapp.com/,41,0,0,1,0,68.2927,0,0,0.1951,33,0.95,0.075,1.0,3,0,0,0,0,0,0,0,0,0
https://www.nic.edu,19,0,0,1,1,47.3684,0,0,0.2632,11,0.98,0.2222,1.0,3,0,0,0,0,0,0,0,0,1
https://www.jdavidjewelry.com,29,0,0,1,1,55.1724,0,0,0.1724,21,0.95,0.1429,1.0,3,0,0,0,0,0,0,0,0,1
http://www.211103.top,21,0,0,1,0,71.4286,0,0,0.2381,14,0.3,0.3,1.0,3,0,0,0,0,0,0,0,0,0
https://www.wiltshirebacon.com,30,0,0,1,1,70.0,0,0,0.1667,22,0.95,0.1379,1.0,3,0,0,0,0,0,0,0,0,1
https://www.pizazz.biz,22,0,0,1,1,77.2727,0,0,0.2273,14,0.5,0.2381,1.0,3,0,0,0,0,0,0,0,0,1
http://www.jpaols.com,21,0,0,1,0,61.9048,0,0,0.2381,14,0.95,0.2,1.0,3,0,0,0,0,0,0,0,0,0
http://www.szqhkl.com,21,0,0,1,0,52.381,0,0,0.2381,14,0.95,0.2,1.0,3,0,0,0,0,0,0,0,0,0
http://www.redirstats.com,25,0,0,1,0,60.0,0,0,0.2,18,0.95,0.1667,1.0,3,0,0,0,0,0,0,0,0,0
https://www.seasidemulch.com,28,0,0,1,1,71.4286,0,0,0.1786,20,0.95,0.1481,1.0,3,0,0,0,0,0,0,0,0,1
https://ho4b5pwjxu63b30d507879d.tukoapps.ru/,44,0,0,1,1,75.0,0,0,0.1364,35,0.5,0.0698,1.0,2,0,0,0,0,0,0,0,0,0
https://fb-appealcase9182734560.firebaseapp.com/,48,0,0,1,1,62.5,0,0,0.1458,39,0.95,0.0851,1.0,3,0,0,0,0,0,0,0,0,0
https://www.dealbg.com,22,0,0,1,1,40.9091,0,0,0.2273,14,0.95,0.1905,1.0,3,0,0,0,0,0,0,0,0,1
https://mandt-mobile-banking-alerts.web.app/,44,0,0,1,1,81.8182,0,0,0.2045,35,0.5,0.0698,1.0,3,0,0,0,0,0,0,0,0,0
https://v.ht/8vel?home-facebook-confirmation,44,0,0,0,1,77.2727,0,1,0.1818,4,0.5,0.0698,1.0,2,0,0,0,0,0,0,0,0,0
https://uwvxxxehqsiswfi07.z1.web.core.windows.net/,50,0,0,4,1,72.0,0,0,0.18,41,0.85,0.0816,1.0,3,0,0,0,0,0,0,0,0,0
http://mydhlexpress-tracking-hu.com/,36,0,0,0,0,63.8889,0,0,0.1944,28,0.95,0.0857,1.0,3,0,0,0,0,0,0,0,0,0
https://hellenic-id8921.com,27,0,0,0,1,51.8519,0,0,0.1852,19,0.95,0.1154,1.0,3,0,0,0,0,0,0,0,0,0
https://www.nativetimes.com,27,0,0,1,1,70.3704,0,0,0.1852,19,0.95,0.1538,1.0,3,0,0,0,0,0,0,0,0,1
https://www.chinesefashionstyle.com,35,0,0,1,1,80.0,0,0,0.1429,27,0.95,0.1176,1.0,3,0,0,0,0,0,0,0,0,1
https://www.perc.ca,19,0,0,1,1,68.4211,0,0,0.2632,11,0.88,0.2222,1.0,2,0,0,0,0,0,0,0,0,1
https://www.q2.com,18,0,0,1,1,50.0,0,0,0.2778,10,0.95,0.2353,1.0,3,0,0,0,0,0,0,0,0,1
https://www.rock947.com,23,0,0,1,1,56.5217,0,0,0.2174,15,0.95,0.1818,1.0,3,0,0,0,0,0,0,0,0,1
https://www.indonesiacarrageenansuppliers.com,45,0,0,1,1,84.4444,0,0,0.1111,37,0.95,0.1591,1.0,3,0,0,0,0,0,0,0,0,1
https://byconsole.net/wordpress/wp-content/plugins/wp-file-manager/lib/serrvicecacrag/client/dep.html,101,0,0,0,1,95.0495,0,0,0.1584,13,0.85,0.04,1.0,3,0,0,0,0,0,0,0,0,0
https://sbcglobalsettings.godaddysites.com/,43,0,0,1,1,86.0465,0,0,0.1395,34,0.95,0.0952,1.0,3,0,0,0,0,0,0,0,0,0
https://onl.tufinansie.repl.co/,31,0,0,2,1,77.4194,0,0,0.2258,22,0.8,0.0667,1.0,2,0,0,0,0,0,0,0,0,0
https://www.pepperpot.cz,24,0,0,1,1,70.8333,0,0,0.2083,16,0.5,0.2174,1.0,2,0,0,0,0,0,0,0,0,1
https://www.nggovernorsforum.org,32,0,0,1,1,75.0,0,0,0.1562,24,0.9,0.1613,1.0,3,0,0,0,0,0,0,0,0,1
https://dev-usuario-login-itaupy.pantheonsite.io/,49,0,0,1,1,85.7143,0,0,0.1837,40,0.5,0.0417,1.0,2,0,0,0,0,0,0,0,0,0
https://www.ekis-neasot-jp.icu/,31,0,0,1,1,70.9677,0,0,0.2581,22,0.5,0.1333,1.0,3,0,0,0,0,0,0,0,0,0
https://cloudflare-ipfs.com/ipfs/qmdudsy9g2bkhw83joiu4mss6kzlsh1z5ykmwc64ujiqbm,79,0,0,0,1,83.5443,0,0,0.0886,19,0.95,0.0385,1.0,3,0,0,0,0,0,0,0,0,0
https://www.centre4activeliving.ca,34,0,0,1,1,76.4706,0,0,0.1471,26,0.88,0.1212,1.0,2,0,0,0,0,0,0,0,0,1
http://www.f0547651.xsph.ru,27,0,0,2,0,59.2593,0,0,0.2222,20,0.5,0.1538,1.0,2,0,0,0,0,0,0,0,0,0
https://www.cancer.org,22,0,0,1,1,59.0909,0,0,0.2273,14,0.9,0.1905,1.0,3,0,0,0,0,0,0,0,0,1
https://www.sportique.com,25,0,0,1,1,64.0,0,0,0.2,17,0.95,0.1667,1.0,3,0,0,0,0,0,0,0,0,1
https://www.crownofthegods.com,30,0,0,1,1,70.0,0,0,0.1667,22,0.95,0.1379,1.0,3,0,0,0,0,0,0,0,0,1
https://www.usehammock.com,26,0,0,1,1,76.9231,0,0,0.1923,18,0.95,0.2,1.0,3,0,0,0,0,0,0,0,0,1
http://www.bigfun.xyz,21,0,0,1,0,42.8571,0,0,0.2381,14,0.35,0.2,1.0,3,0,0,0,0,0,0,0,0,0
https://cancel31471525-binance-com.web.app/,43,0,0,1,1,72.093,0,0,0.186,34,0.5,0.0714,1.0,3,0,0,0,0,0,0,0,0,0
https://visapreppaidproccess9.web.app/,38,0,0,1,1,78.9474,0,0,0.1579,29,0.5,0.1622,1.0,3,0,0,0,0,0,0,0,0,0
https://www.peteinfo.com,24,0,0,1,1,66.6667,0,0,0.2083,16,0.95,0.1739,1.0,3,0,0,0,0,0,0,0,0,1
https://www.goldcoasttickets.com,32,0,0,1,1,65.625,0,0,0.1562,24,0.95,0.1613,1.0,3,0,0,0,0,0,0,0,0,1
https://review-manage-951424.web.app/,37,0,0,1,1,62.1622,0,0,0.2162,28,0.5,0.0833,1.0,3,0,0,0,0,0,0,0,0,0
https://www.cityofevanston.org,30,0,0,1,1,60.0,0,0,0.1667,22,0.9,0.1379,1.0,3,0,0,0,0,0,0,0,0,1
https://www.thenaturalbaby.com,30,0,0,1,1,60.0,0,0,0.1667,22,0.95,0.1379,1.0,3,0,0,0,0,0,0,0,0,1
https://maildinshaakckjnw103.firebaseapp.com/,45,0,0,1,1,73.3333,0,0,0.1333,36,0.95,0.0909,1.0,3,0,0,0,0,0,0,0,0,0
https://ipfs.io/ipfs/bafybeifej6muca3fw2jrfljgxxzjvuzi22u5kjvjwd4drplk7woo7wb6ai/scoiplokingdot.html,100,0,0,0,1,94.0,0,0,0.08,7,0.5,0.0505,1.0,2,0,0,0,0,0,0,0,0,0
https://www.dudley-stephens.com,31,0,0,1,1,70.9677,0,0,0.1935,23,0.95,0.1333,1.0,3,0,0,0,0,0,0,0,0,1
http://www.transunaxous.com,27,0,0,1,0,74.0741,0,0,0.1852,20,0.95,0.1538,1.0,3,0,0,0,0,0,0,0,0,0
https://www.cornwall24.net,26,0,0,1,1,57.6923,0,0,0.1923,18,0.85,0.2,1.0,3,0,0,0,0,0,0,0,0,1
https://www.tunicabiloxi.org,28,0,0,1,1,53.5714,0,0,0.1786,20,0.9,0.1481,1.0,3,0,0,0,0,0,0,0,0,1
https://www.bestforbride.com,28,0,0,1,1,71.4286,0,0,0.1786,20,0.95,0.1481,1.0,3,0,0,0,0,0,0,0,0,1
https://www.noitamina-apollon.com,33,0,0,1,1,84.8485,0,0,0.1818,25,0.95,0.1562,1.0,3,0,0,0,0,0,0,0,0,1
https://www.cremagazin.de,25,0,0,1,1,52.0,0,0,0.2,17,0.88,0.1667,1.0,2,0,0,0,0,0,0,0,0,1
https://www.shiftypixels.com,28,0,0,1,1,67.8571,0,0,0.1786,20,0.95,0.1481,1.0,3,0,0,0,0,0,0,0,0,1
https://www.markcoggins.com,27,0,0,1,1,70.3704,0,0,0.1852,19,0.95,0.1923,1.0,3,0,0,0,0,0,0,0,0,1
https://ipfs.io/ipfs/bafkreigtj2xke6io7am6nvmt5w3xhvtnihtqnhyeqzmx2cwuwwo3vsqvly?filename=bafkreigtj2xke6io7am6nvmt5w3xhvtnihtqnhyeqzmx2cwuwwo3vsqvly,149,0,0,0,1,97.3154,1,1,0.0537,7,0.5,0.027,1.0,2,0,0,0,0,0,0,0,0,0
https://www.nasjonaleturistveger.no,35,0,0,1,1,74.2857,0,0,0.1429,27,0.5,0.1176,1.0,2,0,0,0,0,0,0,0,0,1
https://www.muas.cz,19,0,0,1,1,57.8947,0,0,0.2632,11,0.5,0.2222,1.0,2,0,0,0,0,0,0,0,0,1
https://aol-106726.weeblysite.com/,34,0,0,1,1,55.8824,0,0,0.2059,25,0.95,0.0909,1.0,3,0,0,0,0,0,0,0,0,0
https://www.starbelashop.com.br,31,0,0,2,1,83.871,0,0,0.1935,23,0.5,0.1333,1.0,2,0,0,0,0,0,0,0,0,1
https://www.christenseninstitute.org,36,0,0,1,1,83.3333,0,0,0.1389,28,0.9,0.1143,1.0,3,0,0,0,0,0,0,0,0,1
https://www.redcrackle.com,26,0,0,1,1,61.5385,0,0,0.1923,18,0.95,0.16,1.0,3,0,0,0,0,0,0,0,0,1
https://www.barcha.net,22,0,0,1,1,63.6364,0,0,0.2273,14,0.85,0.1905,1.0,3,0,0,0,0,0,0,0,0,1
https://www.cherrymobile.com,28,0,0,1,1,75.0,0,0,0.1786,20,0.95,0.1852,1.0,3,0,0,0,0,0,0,0,0,1
https://www.pass-the-baton.com,30,0,0,1,1,80.0,0,0,0.2333,22,0.95,0.1724,1.0,3,0,0,0,0,0,0,0,0,1
http://www.amountdue001.com,27,0,0,1,0,66.6667,0,0,0.1852,20,0.95,0.1923,1.0,3,0,0,0,0,0,0,0,0,0
https://ipfs.io/ipfs/qmp3endesbxi1eaof3yfexi2gjb5gxfkuxkwcdmijkwaxu,67,0,0,0,1,85.0746,0,0,0.0896,7,0.5,0.0303,1.0,2,0,0,0,0,0,0,0,0,0
https://jposdmu.com/,20,0,0,0,1,65.0,0,0,0.25,11,0.95,0.1053,1.0,3,0,0,0,0,0,0,0,0,0
http://www.kiwi-dolomite-wool.glitch.me,39,0,0,2,0,84.6154,0,0,0.2051,32,0.5,0.1316,1.0,2,0,0,0,0,0,0,0,0,0
https://www.successallabout.com,31,0,0,1,1,80.6452,0,0,0.1613,23,0.95,0.2333,1.0,3,0,0,0,0,0,0,0,0,1
https://www.cuirmale.nl,23,0,0,1,1,47.8261,0,0,0.2174,15,0.5,0.1818,1.0,2,0,0,0,0,0,0,0,0,1
https://hd6-ms6d.firebaseapp.com/,33,0,0,1,1,75.7576,0,0,0.2121,24,0.95,0.0938,1.0,3,0,0,0,0,0,0,0,0,0
http://www.go.ru,16,0,0,1,0,56.25,0,0,0.3125,9,0.5,0.2667,1.0,2,0,0,0,0,0,0,0,0,0
https://www.thehighlandersmuseum.com,36,0,0,1,1,69.4444,0,0,0.1389,28,0.95,0.1143,1.0,3,0,0,0,0,0,0,0,0,1
https://www.grand-vefour.com,28,0,0,1,1,46.4286,0,0,0.2143,20,0.95,0.1481,1.0,3,0,0,0,0,0,0,0,0,1
https://www.squamish.net,24,0,0,1,1,62.5,0,0,0.2083,16,0.85,0.1739,1.0,3,0,0,0,0,0,0,0,0,1
https://instagram-win-phone.web.app/,36,0,0,1,1,83.3333,0,0,0.2222,27,0.5,0.0857,1.0,3,0,0,0,0,0,0,0,0,0
https://load-page-masters-100542879.web.app/,44,0,0,1,1,61.3636,0,0,0.2045,35,0.5,0.093,1.0,3,0,0,0,0,0,0,0,0,0
https://www.memoryfoamwarehouse.co.uk,37,0,0,2,1,83.7838,0,0,0.1622,29,0.9,0.1111,1.0,2,0,0,0,0,0,0,0,0,1
http://www.banner.ringofon.com,30,0,0,2,0,63.3333,0,0,0.2,23,0.95,0.1724,1.0,3,0,0,0,0,0,0,0,0,0
https://mandarin16173506.brizy.site/,36,0,0,1,1,63.8889,0,0,0.1667,27,0.35,0.0571,1.0,4,0,0,0,0,0,0,0,0,0
https://www.theartofbuilding.net,32,0,0,1,1,62.5,0,0,0.1562,24,0.85,0.129,1.0,3,0,0,0,0,0,0,0,0,1
http://www.t.xjzh.net,21,0,0,2,0,66.6667,0,0,0.2857,14,0.85,0.2,1.0,3,0,0,0,0,0,0,0,0,0
http://www.qualirede.com.br,27,0,0,2,0,51.8519,0,0,0.2222,20,0.5,0.1538,1.0,2,0,0,0,0,0,0,0,0,0
http://mail.sickshredz.com/goldenwestcu/otp.html,48,0,0,1,0,81.25,0,0,0.1667,19,0.95,0.0426,1.0,3,0,0,0,0,0,0,0,0,0
https://eachprimaryoctal.aousg.repl.co/,39,0,0,2,1,84.6154,0,0,0.1795,30,0.8,0.0526,1.0,2,0,0,0,0,0,0,0,0,0
http://www.b74k.mhnpv.com,25,0,0,2,0,64.0,0,0,0.24,18,0.95,0.1667,1.0,3,0,0,0,0,0,0,0,0,0
https://www.mushroominfo.co.za,30,0,0,2,1,66.6667,0,0,0.2,22,0.5,0.1724,1.0,2,0,0,0,0,0,0,0,0,1
http://www.app.beepn.pw,23,0,0,2,0,78.2609,0,0,0.2609,16,0.5,0.2727,1.0,2,0,0,0,0,0,0,0,0,0
https://www.polnes.ac.id,24,0,0,2,1,58.3333,0,0,0.25,16,0.5,0.1739,1.0,2,0,0,0,0,0,0,0,0,1
https://www.midsuffolk.gov.uk,29,0,0,2,1,68.9655,0,0,0.2069,21,0.9,0.1786,1.0,2,0,0,0,0,0,0,0,0,1
http://is.gd/qs0j2x,19,0,0,0,0,36.8421,0,0,0.2632,5,0.5,0.1111,1.0,2,0,0,0,0,0,0,0,0,0
https://www.ruemarcellin.com,28,0,0,1,1,67.8571,0,0,0.1786,20,0.95,0.1852,1.0,3,0,0,0,0,0,0,0,0,1
https://www.streamguys.com,26,0,0,1,1,57.6923,0,0,0.1923,18,0.95,0.16,1.0,3,0,0,0,0,0,0,0,0,1
https://www.aberno.co.uk,24,0,0,2,1,50.0,0,0,0.25,16,0.9,0.1739,1.0,2,0,0,0,0,0,0,0,0,1
https://www.prabhas.com,23,0,0,1,1,73.913,0,0,0.2174,15,0.95,0.1818,1.0,3,0,0,0,0,0,0,0,0,1
https://www.marjoriethelen.com,30,0,0,1,1,70.0,0,0,0.1667,22,0.95,0.1379,1.0,3,0,0,0,0,0,0,0,0,1
https://www.foreman.mn,22,0,0,1,1,59.0909,0,0,0.2273,14,0.5,0.1905,1.0,2,0,0,0,0,0,0,0,0,1
https://cutt.ly/h47iep2,23,0,0,0,1,47.8261,0,0,0.2174,7,0.5,0.1364,1.0,2,0,0,0,0,0,0,0,0,0
https://www.mommyskitchen.net,29,0,0,1,1,75.8621,0,0,0.1724,21,0.85,0.1786,1.0,3,0,0,0,0,0,0,0,0,1
http://www.vpnproxy.info,24,0,0,1,0,66.6667,0,0,0.2083,17,0.55,0.1739,1.0,4,0,0,0,0,0,0,0,0,0
https://www.myfeetinmotion.com,30,0,0,1,1,76.6667,0,0,0.1667,22,0.95,0.1724,1.0,3,0,0,0,0,0,0,0,0,1
https://www.amor-und-kartoffelsack.de,37,0,0,1,1,78.3784,0,0,0.1892,29,0.88,0.1389,1.0,2,0,0,0,0,0,0,0,0,1
https://www.surroundsounddj.com,31,0,0,1,1,80.6452,0,0,0.1613,23,0.95,0.2,1.0,3,0,0,0,0,0,0,0,0,1
https://www.ourmidland.com,26,0,0,1,1,57.6923,0,0,0.1923,18,0.95,0.16,1.0,3,0,0,0,0,0,0,0,0,1
https://www.knoxspice.com,25,0,0,1,1,68.0,0,0,0.2,17,0.95,0.1667,1.0,3,0,0,0,0,0,0,0,0,1
http://www.tmmbt.com,20,0,0,1,0,70.0,0,0,0.25,13,0.95,0.2632,1.0,3,0,0,0,0,0,0,0,0,0
https://www.ambientphotography.com,34,0,0,1,1,70.5882,0,0,0.1471,26,0.95,0.1212,1.0,3,0,0,0,0,0,0,0,0,1
https://www.ogoing.com,22,0,0,1,1,63.6364,0,0,0.2273,14,0.95,0.1905,1.0,3,0,0,0,0,0,0,0,0,1
https://www.tgcindia.com,24,0,0,1,1,58.3333,0,0,0.2083,16,0.95,0.1739,1.0,3,0,0,0,0,0,0,0,0,1
https://www.historynaked.com,28,0,0,1,1,57.1429,0,0,0.1786,20,0.95,0.1481,1.0,3,0,0,0,0,0,0,0,0,1
https://jfoejfsp.com/ibg/client/ispc.php,40,0,0,0,1,85.0,0,0,0.2,12,0.95,0.0513,1.0,3,0,0,0,0,0,0,0,0,0
https://www.artgodlove.com,26,0,0,1,1,50.0,0,0,0.1923,18,0.95,0.16,1.0,3,0,0,0,0,0,0,0,0,1
https://www.elexon.co.uk,24,0,0,2,1,58.3333,0,0,0.25,16,0.9,0.1739,1.0,2,0,0,0,0,0,0,0,0,1
https://www.mfah.org,20,0,0,1,1,55.0,0,0,0.25,12,0.9,0.2105,1.0,3,0,0,0,0,0,0,0,0,1
https://www.atipsygiraffe.com,29,0,0,1,1,68.9655,0,0,0.1724,21,0.95,0.1786,1.0,3,0,0,0,0,0,0,0,0,1
http://www.makc.ru,18,0,0,1,0,50.0,0,0,0.2778,11,0.5,0.2353,1.0,2,0,0,0,0,0,0,0,0,0
https://optimistic-engelbart-bc666a.netlify.app/?user-agent=mozilla/5.0+(windows+nt+10.0,88,0,0,1,1,86.3636,1,1,0.2045,39,0.5,0.069,0.9545,3,0,0,0,0,0,0,0,0,0
http://www.kratosleloks.space,29,0,0,1,0,86.2069,0,0,0.1724,22,0.5,0.1429,1.0,5,0,0,0,0,0,0,0,0,0
http://www.xmr-useast1.beeppool.org,35,0,0,2,0,68.5714,0,0,0.2,28,0.9,0.2059,1.0,3,0,0,0,0,0,0,0,0,0
https://www.biharandjharkhand.com,33,0,0,1,1,69.697,0,0,0.1515,25,0.95,0.125,1.0,3,0,0,0,0,0,0,0,0,1
https://dd-ssss-llll-73.firebaseapp.com/,40,0,0,1,1,72.5,0,0,0.225,31,0.95,0.2564,1.0,3,0,0,0,0,0,0,0,0,0
https://www.fattureincloud.it,29,0,0,1,1,55.1724,0,0,0.1724,21,0.5,0.1786,1.0,2,0,0,0,0,0,0,0,0,1
https://www.presidentoffice.gov.dm,34,0,0,2,1,76.4706,0,0,0.1765,26,0.5,0.1515,1.0,2,0,0,0,0,0,0,0,0,1
https://www.diamond007.com,26,0,0,1,1,65.3846,0,0,0.1923,18,0.95,0.2,1.0,3,0,0,0,0,0,0,0,0,1
https://www.graphicly.com,25,0,0,1,1,60.0,0,0,0.2,17,0.95,0.1667,1.0,3,0,0,0,0,0,0,0,0,1
https://www.aassa.com,21,0,0,1,1,71.4286,0,0,0.2381,13,0.95,0.3,1.0,3,0,0,0,0,0,0,0,0,1
https://www.lakewoodorganic.com,31,0,0,1,1,58.0645,0,0,0.1613,23,0.95,0.1667,1.0,3,0,0,0,0,0,0,0,0,1
https://www.atelierozmoz.be,27,0,0,1,1,62.963,0,0,0.1852,19,0.5,0.1538,1.0,2,0,0,0,0,0,0,0,0,1
https://sc-folders-0utlook.web.app/,35,0,0,1,1,65.7143,0,0,0.2286,26,0.5,0.1176,1.0,3,0,0,0,0,0,0,0,0,0
https://www.whatcomcounty.us,28,0,0,1,1,78.5714,0,0,0.1786,20,0.85,0.1481,1.0,2,0,0,0,0,0,0,0,0,1
http://www.ajaygoyal.in,23,0,0,1,0,60.8696,0,0,0.2174,16,0.9,0.1818,1.0,2,0,0,0,0,0,0,0,0,0
http://www.facefuture.us,24,0,0,1,0,70.8333,0,0,0.2083,17,0.85,0.1739,1.0,2,0,0,0,0,0,0,0,0,0
http://www.colemans.ga,22,0,0,1,0,50.0,0,0,0.2273,15,0.5,0.1905,1.0,2,0,0,0,0,0,0,0,0,0
http://www.bestencouragementwords.com,37,0,0,1,0,78.3784,0,0,0.1351,30,0.95,0.1111,1.0,3,0,0,0,0,0,0,0,0,0
http://www.j2ccamionmagasin.fr,30,0,0,1,0,66.6667,0,0,0.1667,23,0.5,0.1724,1.0,2,0,0,0,0,0,0,0,0,0
https://www.grantspassoregon.gov,32,0,0,1,1,87.5,0,0,0.1562,24,0.99,0.1613,1.0,3,0,0,0,0,0,0,0,0,1
https://www.burnham-on-sea.com,30,0,0,1,1,76.6667,0,0,0.2333,22,0.95,0.1379,1.0,3,0,0,0,0,0,0,0,0,1
https://www.fabulaa.app,23,0,0,1,1,69.5652,0,0,0.2174,15,0.5,0.2727,1.0,3,0,0,0,0,0,0,0,0,1
https://attt-104612.weeblysite.com/,35,0,0,1,1,51.4286,0,0,0.2,26,0.95,0.1471,1.0,3,0,0,0,0,0,0,0,0,0
https://www.mcconnell.af.mil,28,0,0,2,1,67.8571,0,0,0.2143,20,0.5,0.2593,1.0,3,0,0,0,0,0,0,0,0,1
http://bendigo-help.web.app/,28,0,0,1,0,64.2857,0,0,0.25,20,0.5,0.1111,1.0,3,0,0,0,0,0,0,0,0,0
https://www.pencomputing.com,28,0,0,1,1,75.0,0,0,0.1786,20,0.95,0.1481,1.0,3,0,0,0,0,0,0,0,0,1
https://www.farao-classics.de,29,0,0,1,1,62.069,0,0,0.2069,21,0.88,0.1786,1.0,2,0,0,0,0,0,0,0,0,1
https://www.freeprintscards.co.uk,33,0,0,2,1,69.697,0,0,0.1818,25,0.9,0.1562,1.0,2,0,0,0,0,0,0,0,0,1
https://kouijed.firebaseapp.com/,32,0,0,1,1,65.625,0,0,0.1875,23,0.95,0.0968,1.0,3,0,0,0,0,0,0,0,0,0
http://129.226.211.41/servicelogin?passive=1209600&amp;continue=https://accounts.google.com/?&amp;xrealip=107.178.232.255&amp;followup=https://accounts.google.com/?&amp;xrealip=107.178.232.255,192,1,0,2,0,98.4375,5,3,0.2135,14,0.5,0.089,0.9792,2,0,0,0,0,0,0,0,0,0
https://www.palmspringsflorist.net,34,0,0,1,1,76.4706,0,0,0.1471,26,0.85,0.1212,1.0,3,0,0,0,0,0,0,0,0,1
http://www.0httpsmining.bitcoin.cz,34,0,0,2,0,76.4706,0,0,0.1765,27,0.5,0.1515,1.0,2,0,0,0,0,0,0,0,0,0
https://www.cambsfire.gov.uk,28,0,0,2,1,42.8571,0,0,0.2143,20,0.9,0.1481,1.0,2,0,0,0,0,0,0,0,0,1
https://www.westlancs.gov.uk,28,0,0,2,1,53.5714,0,0,0.2143,20,0.9,0.1481,1.0,2,0,0,0,0,0,0,0,0,1
https://www.cfeetk.cnrs.fr,26,0,0,2,1,80.7692,0,0,0.2308,18,0.5,0.2,1.0,2,0,0,0,0,0,0,0,0,1
https://www.artstor.org,23,0,0,1,1,78.2609,0,0,0.2174,15,0.9,0.1818,1.0,3,0,0,0,0,0,0,0,0,1
http://jpostdn.com,18,0,0,0,0,50.0,0,0,0.2222,11,0.95,0.1176,1.0,3,0,0,0,0,0,0,0,0,0
https://www.all-transport.info,30,0,0,1,1,83.3333,0,0,0.2,22,0.55,0.1724,1.0,4,0,0,0,0,0,0,0,0,1
http://www.frehan.com,21,0,0,1,0,52.381,0,0,0.2381,14,0.95,0.2,1.0,3,0,0,0,0,0,0,0,0,0
https://www.karaite.org.il,26,0,0,2,1,65.3846,0,0,0.2308,18,0.5,0.16,1.0,2,0,0,0,0,0,0,0,0,1
http://www.iran-sena-ir.ml,26,0,0,1,0,73.0769,0,0,0.2692,19,0.5,0.16,1.0,2,0,0,0,0,0,0,0,0,0
https://www.hotdipgalvanizing.com,33,0,0,1,1,75.7576,0,0,0.1515,25,0.95,0.125,1.0,3,0,0,0,0,0,0,0,0,1
http://www.vot.beeppool.org,27,0,0,2,0,74.0741,0,0,0.2222,20,0.9,0.2692,1.0,3,0,0,0,0,0,0,0,0,0
http://www.shopclicksave.net,28,0,0,1,0,71.4286,0,0,0.1786,21,0.85,0.1481,1.0,3,0,0,0,0,0,0,0,0,0
https://www.mybelize.net,24,0,0,1,1,54.1667,0,0,0.2083,16,0.85,0.1739,1.0,3,0,0,0,0,0,0,0,0,1
http://logikoof.in/index1.html,30,0,0,0,0,66.6667,0,0,0.2,11,0.9,0.1034,1.0,2,0,0,0,0,0,0,0,0,0
http://arc9823421.royalwebhosting.net/,38,0,0,1,0,60.5263,0,0,0.1579,30,0.85,0.0541,1.0,3,0,0,0,0,0,0,0,0,0
https://www.sovietstory.com,27,0,0,1,1,62.963,0,0,0.1852,19,0.95,0.1538,1.0,3,0,0,0,0,0,0,0,0,1
http://citizens-0nlinebnking-src.pages.dev/,43,0,0,1,0,74.4186,0,0,0.186,35,0.5,0.0476,1.0,3,0,0,0,0,0,0,0,0,0
https://www.thecasecentre.org,29,0,0,1,1,79.3103,0,0,0.1724,21,0.9,0.1429,1.0,3,0,0,0,0,0,0,0,0,1
https://aol-108488.weeblysite.com/,34,0,0,1,1,58.8235,0,0,0.2059,25,0.95,0.1212,1.0,3,0,0,0,0,0,0,0,0,0
https://www.bresserpereira.org.br,33,0,0,2,1,81.8182,0,0,0.1818,25,0.5,0.1562,1.0,2,0,0,0,0,0,0,0,0,1
https://www.sinn-und-form.de,28,0,0,1,1,64.2857,0,0,0.25,20,0.88,0.1852,1.0,2,0,0,0,0,0,0,0,0,1
https://postfinance-1br2f.firebaseapp.com/,42,0,0,1,1,85.7143,0,0,0.1667,33,0.95,0.0732,1.0,3,0,0,0,0,0,0,0,0,0
http://www.cfnmking.com,23,0,0,1,0,65.2174,0,0,0.2174,16,0.95,0.1818,1.0,3,0,0,0,0,0,0,0,0,0
https://www.oxnotes.com,23,0,0,1,1,65.2174,0,0,0.2174,15,0.95,0.1818,1.0,3,0,0,0,0,0,0,0,0,1
https://www.redandblack.com,27,0,0,1,1,55.5556,0,0,0.1852,19,0.95,0.1538,1.0,3,0,0,0,0,0,0,0,0,1
https://www.vinoenology.com,27,0,0,1,1,55.5556,0,0,0.1852,19,0.95,0.1538,1.0,3,0,0,0,0,0,0,0,0,1
http://www.escolagarbi.com,26,0,0,1,0,57.6923,0,0,0.1923,19,0.95,0.16,1.0,3,0,0,0,0,0,0,0,0,0
https://www.agcocorp.com,24,0,0,1,1,70.8333,0,0,0.2083,16,0.95,0.1739,1.0,3,0,0,0,0,0,0,0,0,1
https://www.bulovasrestorations.com,35,0,0,1,1,65.7143,0,0,0.1429,27,0.95,0.1176,1.0,3,0,0,0,0,0,0,0,0,1
http://att-loginpage-661904.square.site/,40,0,0,1,0,70.0,0,0,0.2,32,0.35,0.1026,1.0,4,0,0,0,0,0,0,0,0,0
https://www.grownupkidstuff.com,31,0,0,1,1,67.7419,0,0,0.1613,23,0.95,0.1667,1.0,3,0,0,0,0,0,0,0,0,1
https://cjgihl.webwave.dev/,27,0,0,1,1,59.2593,0,0,0.2222,18,0.5,0.0769,1.0,3,0,0,0,0,0,0,0,0,0
https://www.portalautomotriz.com,32,0,0,1,1,75.0,0,0,0.1562,24,0.95,0.129,1.0,3,0,0,0,0,0,0,0,0,1
https://www.bouncingthoughts.com,32,0,0,1,1,84.375,0,0,0.1562,24,0.95,0.129,1.0,3,0,0,0,0,0,0,0,0,1
https://www.ponyhuetchen.com,28,0,0,1,1,82.1429,0,0,0.1786,20,0.95,0.1481,1.0,3,0,0,0,0,0,0,0,0,1
http://www.llaopd.pplink.club,29,0,0,2,0,62.069,0,0,0.2069,22,0.5,0.2143,1.0,4,0,0,0,0,0,0,0,0,0
https://www.boojummex.com,25,0,0,1,1,60.0,0,0,0.2,17,0.95,0.25,1.0,3,0,0,0,0,0,0,0,0,1
https://takarekbarkl.com,24,0,0,0,1,54.1667,0,0,0.1667,16,0.95,0.087,1.0,3,0,0,0,0,0,0,0,0,0
https://www.detik.com,21,0,0,1,1,47.619,0,0,0.2381,13,0.95,0.2,1.0,3,0,0,0,0,0,0,0,0,1
https://www.cicerone.co.uk,26,0,0,2,1,65.3846,0,0,0.2308,18,0.9,0.16,1.0,2,0,0,0,0,0,0,0,0,1
http://www.vacano.org,21,0,0,1,0,61.9048,0,0,0.2381,14,0.9,0.2,1.0,3,0,0,0,0,0,0,0,0,0
http://www.netz.tl,18,0,0,1,0,61.1111,0,0,0.2778,11,0.5,0.2353,1.0,2,0,0,0,0,0,0,0,0,0
https://www.fleurette.com.au,28,0,0,2,1,60.7143,0,0,0.2143,20,0.88,0.1852,1.0,2,0,0,0,0,0,0,0,0,1
https://www.wiltshire.gov.uk,28,0,0,2,1,64.2857,0,0,0.2143,20,0.9,0.1481,1.0,2,0,0,0,0,0,0,0,0,1
https://www.eljc.org,20,0,0,1,1,45.0,0,0,0.25,12,0.9,0.2105,1.0,3,0,0,0,0,0,0,0,0,1
https://www.poezda.net,22,0,0,1,1,63.6364,0,0,0.2273,14,0.85,0.1905,1.0,3,0,0,0,0,0,0,0,0,1
https://xn--zksyn-kxa.com/,26,0,0,0,1,61.5385,0,0,0.3077,17,0.95,0.12,1.0,3,0,0,0,0,0,0,0,0,0
http://www.bonus-casino.eu,26,0,0,1,0,65.3846,0,0,0.2308,19,0.5,0.16,1.0,2,0,0,0,0,0,0,0,0,0
http://cr97265.tw1.ru/credit-agricole/,38,0,0,1,0,55.2632,0,0,0.2105,14,0.5,0.0541,1.0,2,0,0,0,0,0,0,0,0,0
http://www.f0547739.xsph.ru,27,0,0,2,0,59.2593,0,0,0.2222,20,0.5,0.1923,1.0,2,0,0,0,0,0,0,0,0,0
http://vigorous-ionian-clef.glitch.me/nfcuonlineaccess.html,59,0,0,1,0,93.2203,0,0,0.1525,30,0.5,0.069,1.0,2,0,0,0,0,0,0,0,0,0
https://www.christinakirsch.com,31,0,0,1,1,77.4194,0,0,0.1613,23,0.95,0.1333,1.0,3,0,0,0,0,0,0,0,0,1
https://www.ccit.edu.cn,23,0,0,2,1,60.8696,0,0,0.2609,15,0.5,0.2273,1.0,2,0,0,0,0,0,0,0,0,1
https://www.entomoljournal.com,30,0,0,1,1,66.6667,0,0,0.1667,22,0.95,0.1379,1.0,3,0,0,0,0,0,0,0,0,1
http://dkgndn45ak.linkpc.net,28,0,0,1,0,64.2857,0,0,0.1786,21,0.85,0.0741,1.0,3,0,0,0,0,0,0,0,0,0
https://www.bayernforum.com,27,0,0,1,1,55.5556,0,0,0.1852,19,0.95,0.1538,1.0,3,0,0,0,0,0,0,0,0,1
https://www.indiscret.ro,24,0,0,1,1,66.6667,0,0,0.2083,16,0.5,0.1739,1.0,2,0,0,0,0,0,0,0,0,1
https://www.greenrope.com,25,0,0,1,1,72.0,0,0,0.2,17,0.95,0.2083,1.0,3,0,0,0,0,0,0,0,0,1
https://www.revolutionpermanente.fr,35,0,0,1,1,71.4286,0,0,0.1429,27,0.5,0.1176,1.0,2,0,0,0,0,0,0,0,0,1
https://s8fa-ip.firebaseapp.com/,32,0,0,1,1,71.875,0,0,0.2188,23,0.95,0.0968,1.0,3,0,0,0,0,0,0,0,0,0
https://www.jadebymk.com,24,0,0,1,1,45.8333,0,0,0.2083,16,0.95,0.1739,1.0,3,0,0,0,0,0,0,0,0,1
https://www.nikkiphotos.com,27,0,0,1,1,85.1852,0,0,0.1852,19,0.95,0.1923,1.0,3,0,0,0,0,0,0,0,0,1
http://www.gmxio-org.com/,25,0,0,1,0,68.0,0,0,0.28,17,0.95,0.1667,1.0,3,0,0,0,0,0,0,0,0,0
http://www.pwuxmeudak.cf,24,0,0,1,0,58.3333,0,0,0.2083,17,0.5,0.1739,1.0,2,0,0,0,0,0,0,0,0,0
http://mx-5.lu/ebranch/,23,0,0,0,0,34.7826,0,0,0.3043,7,0.5,0.0909,1.0,2,0,0,0,0,0,0,0,0,0
https://www.halcyongallery.com,30,0,0,1,1,73.3333,0,0,0.1667,22,0.95,0.1724,1.0,3,0,0,0,0,0,0,0,0,1
https://www.apctt.org,21,0,0,1,1,61.9048,0,0,0.2381,13,0.9,0.25,1.0,3,0,0,0,0,0,0,0,0,1
https://www.clubedejornalistas.pt,33,0,0,1,1,66.6667,0,0,0.1515,25,0.5,0.125,1.0,2,0,0,0,0,0,0,0,0,1
http://git.sitemaps.stepnn-bayc.com,35,0,0,2,0,80.0,0,0,0.2,28,0.95,0.0882,1.0,3,0,0,0,0,0,0,0,0,0
https://a9dwibrs.dreamwp.com/home/,34,0,0,1,1,85.2941,0,0,0.2059,20,0.95,0.0606,1.0,3,0,0,0,0,0,0,0,0,0
http://www.mozillaupdater.com,29,0,0,1,0,68.9655,0,0,0.1724,22,0.95,0.1786,1.0,3,0,0,0,0,0,0,0,0,0
https://www.mortemzine.net,26,0,0,1,1,69.2308,0,0,0.1923,18,0.85,0.16,1.0,3,0,0,0,0,0,0,0,0,1
https://www.isf.org.il,22,0,0,2,1,63.6364,0,0,0.2727,14,0.5,0.1905,1.0,2,0,0,0,0,0,0,0,0,1
https://www.chichousegifts.com,30,0,0,1,1,76.6667,0,0,0.1667,22,0.95,0.1379,1.0,3,0,0,0,0,0,0,0,0,1
https://www.geistsoz.kit.edu,28,0,0,2,1,67.8571,0,0,0.2143,20,0.98,0.1481,1.0,3,0,0,0,0,0,0,0,0,1
https://www.londonwolves.com,28,0,0,1,1,71.4286,0,0,0.1786,20,0.95,0.1481,1.0,3,0,0,0,0,0,0,0,0,1
https://www.mgbwhome.com,24,0,0,1,1,70.8333,0,0,0.2083,16,0.95,0.1739,1.0,3,0,0,0,0,0,0,0,0,1
https://www.irwinentertainment.com,34,0,0,1,1,79.4118,0,0,0.1471,26,0.95,0.1212,1.0,3,0,0,0,0,0,0,0,0,1
https://www.gmarceau.qc.ca,26,0,0,2,1,61.5385,0,0,0.2308,18,0.88,0.16,1.0,2,0,0,0,0,0,0,0,0,1
https://www.netokracija.com,27,0,0,1,1,59.2593,0,0,0.1852,19,0.95,0.1538,1.0,3,0,0,0,0,0,0,0,0,1
https://supptbanresrv.supprtbanr.repl.co,40,0,0,2,1,85.0,0,0,0.15,32,0.8,0.1026,1.0,2,0,0,0,0,0,0,0,0,0
https://www.takenbyalbania.com,30,0,0,1,1,60.0,0,0,0.1667,22,0.95,0.1379,1.0,3,0,0,0,0,0,0,0,0,1
https://ad-obsproject.com/out.html?oauth20_authorize.srf?response_type=code&amp;client_id=51483342-085c-4d86-bf88-cf50c7252078&amp;scope=openid%20profile%20email%20offline_access&amp;response_mode=form_post&amp;redirect_uri=https://login.microsoftonline.com/common/federation/oauth2&amp;state=rqiiaxwspw_tubsgc5m0nfeffukcmqmsse6urz9ir-qqkmr1sk7tfdrnlihx7npx7osmzpd_auhidm6chisqkiyecpetkihkwgl16ycykibehnud5bzdeyaj9zmpi3skzj5kgzbrzwyijfz5hmjfglj9fveuwze8gya95cazuzvy_vbi653ysiw_v1z9epsq3lideg9szrwusuwtcn_wpheatacxi0wk6lqp3izsnwe4a-anaovwhuzqrczjemozvmakpmeyiqqhzqhsqjoqlpv2z4ntotfxsak0ikwwykalaxhdguv1c6urbrb8jl2yqvbeao_yfm7mkfliediwvze8xx9v2qvrfckb3_kdhfisycevg-fho0pu5hnoepcj6wu_w3gdtoyes6beoviwkk7mymmnxhe01utdy5rjmwrfm4ltmxbxm3imnt0rw-6ayowpo8v-3n49wvgzxe9mmnsukez2jd4tmbanaovais9alcg0wyac8bt7ecqnueealktuvmpisor7_fkrmquvw9gjinemt0mzglxddsduhtxn6l7jlrt4sh9qrxozvs4tm-rbnf59jbbuahpnnhi7omoxh0l3qnrzrj1fwa_ofoxknzct26ehowtotxs83gjmxx28jh79-0168-lcvfioq6cbaavbtdhykg8xhjslmwfkmznqpwnvpy9cc9mnll9ahumyanf,1004,0,1,0,1,100.0,6,2,0.0657,17,0.95,0.0279,0.992,3,0,0,0,0,0,0,0,0,0
http://www.monero.crypto-webminer.com,37,0,0,2,0,83.7838,0,0,0.1892,30,0.95,0.1111,1.0,3,0,0,0,0,0,0,0,0,0
https://bnk2id.web.app/,23,0,0,1,1,52.1739,0,0,0.2609,14,0.5,0.1364,1.0,3,0,0,0,0,0,0,0,0,0
https://www.orednet.org,23,0,0,1,1,69.5652,0,0,0.2174,15,0.9,0.1818,1.0,3,0,0,0,0,0,0,0,0,1
https://steacormunity.ru/profiles/76561199080967729,51,0,0,0,1,74.5098,0,0,0.1176,16,0.5,0.1,1.0,2,0,0,0,0,0,0,0,0,0
http://ollx.68654688.xyz/xc8mtqxe/zvzcqq/8/,43,0,0,1,0,76.7442,0,0,0.2093,17,0.35,0.119,1.0,3,0,0,0,0,0,0,0,0,0
https://www.booktherapy.io,26,0,0,1,1,65.3846,0,0,0.1923,18,0.5,0.2,1.0,2,0,0,0,0,0,0,0,0,1
https://vnreintka6.firebaseapp.com/,35,0,0,1,1,71.4286,0,0,0.1714,26,0.95,0.0882,1.0,3,0,0,0,0,0,0,0,0,0
https://www.bidwells.co.uk,26,0,0,2,1,57.6923,0,0,0.2308,18,0.9,0.2,1.0,2,0,0,0,0,0,0,0,0,1
http://www.00046.com,20,0,0,1,0,60.0,0,0,0.25,13,0.95,0.3158,1.0,3,0,0,0,0,0,0,0,0,0
https://www.quantumworkplace.com,32,0,0,1,1,71.875,0,0,0.1562,24,0.95,0.129,1.0,3,0,0,0,0,0,0,0,0,1
https://bafybeigq2vuhi44wsaq457vke3plwnqtoesjkdkynfbhxj5yz2qvm74mai.ipfs.dweb.link/,83,0,0,2,1,91.5663,0,0,0.0843,74,0.5,0.0366,1.0,4,0,0,0,0,0,0,0,0,0
http://www.viprambler.com,25,0,0,1,0,60.0,0,0,0.2,18,0.95,0.1667,1.0,3,0,0,0,0,0,0,0,0,0
https://www.kacirose.com,24,0,0,1,1,62.5,0,0,0.2083,16,0.95,0.1739,1.0,3,0,0,0,0,0,0,0,0,1
http://ybbaw6.webwave.dev/,26,0,0,1,0,76.9231,0,0,0.2308,18,0.5,0.12,1.0,3,0,0,0,0,0,0,0,0,0
http://www.soundedge.live,25,0,0,1,0,56.0,0,0,0.2,18,0.5,0.1667,1.0,4,0,0,0,0,0,0,0,0,0
https://www.ak3.duckdns.org/securityq.html,42,0,0,2,1,69.0476,0,0,0.1905,19,0.9,0.0976,1.0,3,0,0,0,0,0,0,0,0,0
https://www.electionsnwt.ca,27,0,0,1,1,74.0741,0,0,0.1852,19,0.88,0.1538,1.0,2,0,0,0,0,0,0,0,0,1
https://www.somerset.gov.uk,27,0,0,2,1,66.6667,0,0,0.2222,19,0.9,0.1538,1.0,2,0,0,0,0,0,0,0,0,1
https://www.mamm-mdf.ru,23,0,0,1,1,56.5217,0,0,0.2609,15,0.5,0.2273,1.0,2,0,0,0,0,0,0,0,0,1
http://www.uok.org,18,0,0,1,0,61.1111,0,0,0.2778,11,0.9,0.2353,1.0,3,0,0,0,0,0,0,0,0,0
https://www.presidencia.gob.bo,30,0,0,2,1,73.3333,0,0,0.2,22,0.5,0.1379,1.0,2,0,0,0,0,0,0,0,0,1
https://sb3-mhd3.firebaseapp.com/,33,0,0,1,1,75.7576,0,0,0.2121,24,0.95,0.0938,1.0,3,0,0,0,0,0,0,0,0,0
https://www.dreamtree.com,25,0,0,1,1,68.0,0,0,0.2,17,0.95,0.2083,1.0,3,0,0,0,0,0,0,0,0,1
http://mercadopagobr-ssl.siteprofissional.com,45,0,0,1,0,82.2222,0,0,0.1333,38,0.95,0.0909,1.0,3,0,0,0,0,0,0,0,0,0
https://www.flaxcouncil.ca,26,0,0,1,1,61.5385,0,0,0.1923,18,0.88,0.16,1.0,2,0,0,0,0,0,0,0,0,1
https://pocztaspollskas125.parcompsubsmagkett.cf/?tranzakt38496&selectedbank=2,78,0,0,1,1,79.4872,1,1,0.1154,40,0.5,0.0519,1.0,2,0,0,0,0,0,0,0,0,0
https://www.seomastering.com,28,0,0,1,1,67.8571,0,0,0.1786,20,0.95,0.1481,1.0,3,0,0,0,0,0,0,0,0,1
https://maildinshaakckjnw123.firebaseapp.com/,45,0,0,1,1,73.3333,0,0,0.1333,36,0.95,0.0909,1.0,3,0,0,0,0,0,0,0,0,0
https://www.hollywoodinsider.com,32,0,0,1,1,75.0,0,0,0.1562,24,0.95,0.1935,1.0,3,0,0,0,0,0,0,0,0,1
http://dfghuyjamu.duckdns.org/,30,0,0,1,0,56.6667,0,0,0.2,22,0.9,0.069,1.0,3,0,0,0,0,0,0,0,0,0
https://www.webbie.org.uk,25,0,0,2,1,60.0,0,0,0.24,17,0.9,0.2083,1.0,2,0,0,0,0,0,0,0,0,1
http://www.pom-shq.ml,21,0,0,1,0,71.4286,0,0,0.2857,14,0.5,0.2,1.0,2,0,0,0,0,0,0,0,0,0
https://metaredirecturlfb948571234.web.app/,43,0,0,1,1,58.1395,0,0,0.1395,34,0.5,0.0714,1.0,3,0,0,0,0,0,0,0,0,0
https://mail-108890.square.site/,32,0,0,1,1,65.625,0,0,0.2188,23,0.35,0.0968,1.0,4,0,0,0,0,0,0,0,0,0
http://www.carroor.com,22,0,0,1,0,77.2727,0,0,0.2273,15,0.95,0.2857,1.0,3,0,0,0,0,0,0,0,0,0
https://tomroble.com/bc/blockchain.com/accountrecovery/,55,0,0,0,1,85.4545,0,0,0.1636,12,0.95,0.0556,1.0,3,0,0,0,0,0,0,0,0,0
http://www.9ei.igmxw.com,24,0,0,2,0,62.5,0,0,0.25,17,0.95,0.1739,1.0,3,0,0,0,0,0,0,0,0,0
https://att-10yahoo.weeblysite.com/,35,0,0,1,1,68.5714,0,0,0.2,26,0.95,0.1471,1.0,3,0,0,0,0,0,0,0,0,0
http://www.shaprk-meli.ga,25,0,0,1,0,60.0,0,0,0.24,18,0.5,0.1667,1.0,2,0,0,0,0,0,0,0,0,0
https://project1b-fc492.firebaseapp.com/,40,0,0,1,1,75.0,0,0,0.175,31,0.95,0.0769,1.0,3,0,0,0,0,0,0,0,0,0
https://dahnimusic.com/45fv/400/3467.html,41,0,0,0,1,65.8537,0,0,0.1951,14,0.95,0.075,1.0,3,0,0,0,0,0,0,0,0,0
https://www.novaprata.rs.gov.br,31,0,0,3,1,83.871,0,0,0.2258,23,0.5,0.1333,1.0,2,0,0,0,0,0,0,0,0,1
https://www.gtopcars.com,24,0,0,1,1,75.0,0,0,0.2083,16,0.95,0.1739,1.0,3,0,0,0,0,0,0,0,0,1
http://sparxinteriors.co.zw/plugins/isotope/,44,0,0,1,0,77.2727,0,0,0.1818,20,0.5,0.0465,1.0,2,0,0,0,0,0,0,0,0,0
https://www.yergler.net,23,0,0,1,1,65.2174,0,0,0.2174,15,0.85,0.1818,1.0,3,0,0,0,0,0,0,0,0,1
https://www.hautehouseflower.com,32,0,0,1,1,75.0,0,0,0.1562,24,0.95,0.129,1.0,3,0,0,0,0,0,0,0,0,1
https://www.yellowcabpw.com,27,0,0,1,1,70.3704,0,0,0.1852,19,0.95,0.1923,1.0,3,0,0,0,0,0,0,0,0,1
https://www.inlander.com,24,0,0,1,1,45.8333,0,0,0.2083,16,0.95,0.1739,1.0,3,0,0,0,0,0,0,0,0,1
https://www.cincyjungle.com,27,0,0,1,1,51.8519,0,0,0.1852,19,0.95,0.1538,1.0,3,0,0,0,0,0,0,0,0,1
http://www.weboot.info,22,0,0,1,0,63.6364,0,0,0.2273,15,0.55,0.2381,1.0,4,0,0,0,0,0,0,0,0,0
https://www.thecloudxpert.net,29,0,0,1,1,65.5172,0,0,0.1724,21,0.85,0.1429,1.0,3,0,0,0,0,0,0,0,0,1
http://www.yajiaoban.cannca.shop,32,0,0,2,0,81.25,0,0,0.1875,25,0.5,0.1613,1.0,4,0,0,0,0,0,0,0,0,0
https://www.arithmeum.uni-bonn.de,33,0,0,2,1,72.7273,0,0,0.2121,25,0.88,0.1562,1.0,2,0,0,0,0,0,0,0,0,1
https://u33635890.ct.sendgrid.net/ls/click?upn=otz71pyigeyjldrwfyzrtmxu1y8abuvit6idvditpmshntijphhhzrs5kgl5owylbi2k_nx1qkxp5k9tfobz-2fz3k-2fib4bl7hwlw-2bejih19wyydruswfeseicoxpq72h6gvvpw-2f0bs4upq3v2s8zzcuqnqxh0ay5pwe5ggf4jdme-2f4ujktppghaepvkdbu9v5qd-2fgn9plttlp0u6alanjxr3kdw0au2owa0shgyid2whexf8os3irbpshczbsvzdmprnneftqyg8rd1o6q8dnwpbe7zyyalobc6haclp0lsqsb0kxusp51-2bhqqfy1b82mpixkmg84k6fklo2d5ldk9rpjwb31wuqqbv8gbjq3q1kzbbt4dk4us-2b4m3py9upmxmvky7c-2fcgdqnlejepjk1z5jydtaoanq8kfusapwpye7w2l9i6u-2fr4-2becmhuljemgrc3h0pqclwkaxonjdv8wlzst8lupidzh8w5ruzn94xhqk0cxeftjbqlqnkxihdrfwuwhrfpvayv2dwcssgj49tmspp2pea5kuaeg2hnph7baigvaq-2frukz2ueo856odtkkhpmw5r-2fpsae2zmrl00yfkmjx6mpllmwixklxp-2bgtkan2g04wdu4z33nl0btuqpgsnfo0vmreoiwjixntagzpbxvqw-3d-3d,748,0,0,2,1,99.4652,1,1,0.0361,25,0.85,0.0295,1.0,3,0,0,0,0,0,0,0,0,0
http://www.waerdxoeuq.ml,24,0,0,1,0,50.0,0,0,0.2083,17,0.5,0.1739,1.0,2,0,0,0,0,0,0,0,0,0
https://www.huntingact.org,26,0,0,1,1,65.3846,0,0,0.1923,18,0.9,0.16,1.0,3,0,0,0,0,0,0,0,0,1
https://www.christcenteredgamer.com,35,0,0,1,1,77.1429,0,0,0.1429,27,0.95,0.1176,1.0,3,0,0,0,0,0,0,0,0,1
https://fb-metacase23510019877138.web.app/,42,0,0,1,1,76.1905,0,0,0.1667,33,0.5,0.122,1.0,3,0,0,0,0,0,0,0,0,0
https://www.sandmountainherbs.com,33,0,0,1,1,72.7273,0,0,0.1515,25,0.95,0.125,1.0,3,0,0,0,0,0,0,0,0,1
http://builder-quote.gsdev.co.uk/updaterequired/t-on/,53,0,0,2,0,79.2453,0,0,0.2075,25,0.9,0.0385,1.0,2,0,0,0,0,0,0,0,0,0
https://www.cotidianodela.com.br,32,0,0,2,1,68.75,0,0,0.1875,24,0.5,0.129,1.0,2,0,0,0,0,0,0,0,0,1
https://www.stadtgalerie-plauen.de,34,0,0,1,1,76.4706,0,0,0.1765,26,0.88,0.1212,1.0,2,0,0,0,0,0,0,0,0,1
https://conferindo-meusaldonline-2023.com/luiza/?userid=13&amp;uri=lgo5htno0hwo3tejrlph+ssuowr43jtd7tbvaig/dii=,111,0,0,0,1,87.3874,3,1,0.1441,33,0.95,0.0364,0.982,3,0,0,0,0,0,0,0,0,0
https://www.ouokt.com,21,0,0,1,1,61.9048,0,0,0.2381,13,0.95,0.2,1.0,3,0,0,0,0,0,0,0,0,1
https://www.aspirecig.com,25,0,0,1,1,68.0,0,0,0.2,17,0.95,0.1667,1.0,3,0,0,0,0,0,0,0,0,1
https://case10502036121.web.app/,32,0,0,1,1,75.0,0,0,0.1875,23,0.5,0.0968,1.0,3,0,0,0,0,0,0,0,0,0
https://att-105861.weeblysite.com/,34,0,0,1,1,50.0,0,0,0.2059,25,0.95,0.1212,1.0,3,0,0,0,0,0,0,0,0,0
https://www.amber-lang.net,26,0,0,1,1,61.5385,0,0,0.2308,18,0.85,0.16,1.0,3,0,0,0,0,0,0,0,0,1
https://medicalinvmgt.com/wp-content/plugins/il/dhl/info.php,60,0,0,0,1,88.3333,0,0,0.1833,17,0.95,0.0339,1.0,3,0,0,0,0,0,0,0,0,0
https://www.diemon.com,22,0,0,1,1,59.0909,0,0,0.2273,14,0.95,0.1905,1.0,3,0,0,0,0,0,0,0,0,1
http://www.myaccount-services.net,33,0,0,1,0,63.6364,0,0,0.1818,26,0.85,0.1562,1.0,3,0,0,0,0,0,0,0,0,0
https://www.alphapolis.co.jp,28,0,0,2,1,85.7143,0,0,0.2143,20,0.5,0.1481,1.0,2,0,0,0,0,0,0,0,0,1
https://www.tecom.marines.mil,29,0,0,2,1,68.9655,0,0,0.2069,21,0.5,0.1429,1.0,3,0,0,0,0,0,0,0,0,1
https://ipfs.io/ipfs/qmpnhhnnnr8nprh3w5wghdb75g7rqtvmbeyjsubmnfcgur?filename=myline.html,88,0,0,0,1,87.5,1,1,0.1023,7,0.5,0.0575,1.0,2,0,0,0,0,0,0,0,0,0
https://docs.google.com/forms/d/e/1faipqlsd2ou8uvxtpuhvfme1q0hzpsnfnwg-nfno2_niqp6fzcjobog/viewform,99,0,0,1,1,89.899,0,0,0.1212,15,0.95,0.0306,1.0,3,0,0,0,0,0,0,0,0,0
https://order.mobile-linkt.com/,31,0,0,1,1,67.7419,0,0,0.2258,22,0.95,0.0667,1.0,3,0,0,0,0,0,0,0,0,0
https://www.acaponeconnection.com,33,0,0,1,1,84.8485,0,0,0.1515,25,0.95,0.1562,1.0,3,0,0,0,0,0,0,0,0,1
https://www.vespainc.com,24,0,0,1,1,62.5,0,0,0.2083,16,0.95,0.1739,1.0,3,0,0,0,0,0,0,0,0,1
http://www.nvkdyjhplpo.myfw.us,30,0,0,2,0,60.0,0,0,0.2,23,0.85,0.1379,1.0,2,0,0,0,0,0,0,0,0,0
http://www.mailco.xyz,21,0,0,1,0,42.8571,0,0,0.2381,14,0.35,0.2,1.0,3,0,0,0,0,0,0,0,0,0
https://www.beealive.com,24,0,0,1,1,50.0,0,0,0.2083,16,0.95,0.2174,1.0,3,0,0,0,0,0,0,0,0,1
http://www.theapiarystudios.com,31,0,0,1,0,74.1935,0,0,0.1613,24,0.95,0.1333,1.0,3,0,0,0,0,0,0,0,0,0
https://www.hankai.co.jp,24,0,0,2,1,66.6667,0,0,0.25,16,0.5,0.1739,1.0,2,0,0,0,0,0,0,0,0,1
https://www.encrypthkpd.com/#/,30,0,0,1,1,63.3333,0,0,0.2667,19,0.95,0.1379,0.9667,3,0,0,0,0,0,0,0,0,0
https://acompanhando-meusgastos-online.com/luiza/home.php?userid=&uri=81/3a9oysrhjwli3ikvzr5yapbekjbjw0w0oly6ra94=,114,0,0,0,1,91.2281,3,1,0.1316,34,0.95,0.0177,1.0,3,0,0,0,0,0,0,0,0,0
https://att-upgrade-team-2023.square.site/,42,0,0,1,1,78.5714,0,0,0.2143,33,0.35,0.0732,1.0,4,0,0,0,0,0,0,0,0,0
https://www.stockteam.com,25,0,0,1,1,76.0,0,0,0.2,17,0.95,0.1667,1.0,3,0,0,0,0,0,0,0,0,1
https://www.cecc.com,20,0,0,1,1,65.0,0,0,0.25,12,0.95,0.2632,1.0,3,0,0,0,0,0,0,0,0,1
https://hj3wq1bxrr.firebaseapp.com/,35,0,0,1,1,65.7143,0,0,0.1714,26,0.95,0.1176,1.0,3,0,0,0,0,0,0,0,0,0
https://www.picol.org,21,0,0,1,1,61.9048,0,0,0.2381,13,0.9,0.2,1.0,3,0,0,0,0,0,0,0,0,1
https://www.dartfordcc.co.uk,28,0,0,2,1,71.4286,0,0,0.2143,20,0.9,0.1852,1.0,2,0,0,0,0,0,0,0,0,1
https://www.addierawr.com,25,0,0,1,1,64.0,0,0,0.2,17,0.95,0.2083,1.0,3,0,0,0,0,0,0,0,0,1
http://spiky-rune-leader.glitch.me/5k9-9k9.shtml,48,0,0,1,0,81.25,0,0,0.2083,27,0.5,0.0426,1.0,2,0,0,0,0,0,0,0,0,0
https://www.lawyerly.ph,23,0,0,1,1,78.2609,0,0,0.2174,15,0.5,0.1818,1.0,2,0,0,0,0,0,0,0,0,1
https://cfab5500-8cee-4431-8219-00e1fd4b877e.id.repl.co,55,0,0,2,1,80.0,0,0,0.1818,47,0.8,0.1481,1.0,2,0,0,0,0,0,0,0,0,0
https://www.leanoutmethod.com,29,0,0,1,1,68.9655,0,0,0.1724,21,0.95,0.1429,1.0,3,0,0,0,0,0,0,0,0,1
http://getfungrw456.c1.biz/,27,0,0,1,0,37.037,0,0,0.2222,19,0.5,0.0769,1.0,3,0,0,0,0,0,0,0,0,0
https://www.kreatywna.pl,24,0,0,1,1,62.5,0,0,0.2083,16,0.5,0.1739,1.0,2,0,0,0,0,0,0,0,0,1
https://attsupporttt.boxmode.io/,32,0,0,1,1,65.625,0,0,0.1875,23,0.5,0.1935,1.0,2,0,0,0,0,0,0,0,0,0
https://infoc2cnazionale.com/ffbcdmozqke9vsr/core/06085/logonstep,65,0,0,0,1,78.4615,0,0,0.1231,20,0.95,0.0469,1.0,3,0,0,0,0,0,0,0,0,0
https://www.pacificcoastharvest.com,35,0,0,1,1,82.8571,0,0,0.1429,27,0.95,0.1471,1.0,3,0,0,0,0,0,0,0,0,1
http://www.grrrff2452.com,25,0,0,1,0,64.0,0,0,0.2,18,0.95,0.2917,1.0,3,0,0,0,0,0,0,0,0,0
https://infura-ipfs.io/ipfs/qmqpxsrrunazvigvkz4bfjo16ozym1b6g8uu39zd6ltxx1,74,0,0,0,1,82.4324,0,0,0.0946,14,0.5,0.0685,1.0,2,0,0,0,0,0,0,0,0,0
http://www.4f7afe1492603307b978fbffb672156a.jfhobjjddhsrspocbcorushsgcjhmgsg.gq,79,0,0,2,0,91.1392,0,0,0.0759,72,0.5,0.1026,1.0,2,0,0,0,0,0,0,0,0,0
https://aliveprettylanservers--lienteguda98.repl.co/,52,0,0,1,1,80.7692,0,0,0.1538,43,0.8,0.0784,1.0,2,0,0,0,0,0,0,0,0,0
https://bafybeiewh3pj7xqg6zmcrqggwmmcqw2bd2zlo5c264ojgtvu6xhh27jpha.ipfs.dweb.link/,83,0,0,2,1,87.9518,0,0,0.0843,74,0.5,0.061,1.0,4,0,0,0,0,0,0,0,0,0
https://www.pastebin.pl,23,0,0,1,1,65.2174,0,0,0.2174,15,0.5,0.1818,1.0,2,0,0,0,0,0,0,0,0,1
https://www.hcbe.net,20,0,0,1,1,70.0,0,0,0.25,12,0.85,0.2105,1.0,3,0,0,0,0,0,0,0,0,1
https://www.daisomall.co.kr,27,0,0,2,1,66.6667,0,0,0.2222,19,0.5,0.1923,1.0,2,0,0,0,0,0,0,0,0,1
https://www.priaulxlibrary.co.uk,32,0,0,2,1,71.875,0,0,0.1875,24,0.9,0.129,1.0,2,0,0,0,0,0,0,0,0,1
http://659687.page-naveir58.com/login.php,41,0,0,1,0,78.0488,0,0,0.1951,24,0.95,0.05,1.0,3,0,0,0,0,0,0,0,0,0
https://www.libd.org,20,0,0,1,1,45.0,0,0,0.25,12,0.9,0.2105,1.0,3,0,0,0,0,0,0,0,0,1
http://withdrawalverification.com/,34,0,0,0,0,70.5882,0,0,0.1471,26,0.95,0.0606,1.0,3,0,0,0,0,0,0,0,0,0
https://www.asauthors.org,25,0,0,1,1,84.0,0,0,0.2,17,0.9,0.1667,1.0,3,0,0,0,0,0,0,0,0,1
https://www.zycomtec.com,24,0,0,1,1,70.8333,0,0,0.2083,16,0.95,0.1739,1.0,3,0,0,0,0,0,0,0,0,1
http://www.kueronekayacotn-co-jp.kuerocekayacoto.jurlvf.top/ai/?authenticated=true&amp;openid/gp/signin/x&amp;i=a&amp;oauth=m&amp;i?ie=utf8&amp;ref_=rhf_custrec_signin42f4305248e07a0472cd34d03c140467b5c6fc26,207,0,0,3,0,97.1014,5,2,0.1643,52,0.3,0.0194,0.9758,3,0,0,0,0,0,0,0,0,0
http://www.blckfrdcreative.com,30,0,0,1,0,56.6667,0,0,0.1667,23,0.95,0.1379,1.0,3,0,0,0,0,0,0,0,0,0
https://dev-validaritau-py.pantheonsite.io/index4.php,53,0,0,1,1,86.7925,0,0,0.1698,34,0.5,0.0385,1.0,2,0,0,0,0,0,0,0,0,0
https://go.ly/fq8vr,19,0,0,0,1,26.3158,0,0,0.2632,5,0.5,0.1111,1.0,2,0,0,0,5,0,1,0,0,0
http://mail.deliverylifesupport.com/public/1h7olizfvso2oumkqtzntnlhjyllns3e,75,0,0,1,0,85.3333,0,0,0.0933,28,0.95,0.0541,1.0,3,0,0,0,0,0,0,0,0,0
http://www.holidano.top,23,0,0,1,0,73.913,0,0,0.2174,16,0.3,0.1818,1.0,3,0,0,0,0,0,0,0,0,0
http://myubank-app.com/ubank/success.php,40,0,0,0,0,87.5,0,0,0.2,15,0.95,0.1282,1.0,3,0,0,0,0,0,0,0,0,0
https://www.yabeyrouth.com,26,0,0,1,1,61.5385,0,0,0.1923,18,0.95,0.16,1.0,3,0,1,1,8,0,0,0,0,1
https://waiting-for-the-finish-l-bd121.firebaseapp.com/,55,0,0,1,1,85.4545,0,0,0.2,46,0.95,0.0556,1.0,3,0,0,0,0,0,0,0,0,0
https://www.bobbypills.com,26,0,0,1,1,76.9231,0,0,0.1923,18,0.95,0.24,1.0,3,0,0,0,14,0,0,0,1,1
http://w14xclmf.square.site/,28,0,0,1,0,42.8571,0,0,0.2143,20,0.35,0.0741,1.0,4,0,0,0,0,0,0,0,0,0
https://www.newmanreader.org,28,0,0,1,1,71.4286,0,0,0.1786,20,0.9,0.1481,1.0,3,0,0,0,0,1,1,0,0,1
https://voubalitiquemono.firebaseapp.com/,41,0,0,1,1,78.0488,0,0,0.1463,32,0.95,0.075,1.0,3,0,0,0,0,0,0,0,0,0
https://www.stara.fi,20,0,0,1,1,70.0,0,0,0.25,12,0.5,0.2105,1.0,2,0,0,0,1017,0,1,0,1,1
https://www.nelson.govt.nz,26,0,0,2,1,69.2308,0,0,0.2308,18,0.5,0.16,1.0,2,0,0,0,0,0,0,0,0,1
https://www.templejc.edu,24,0,0,1,1,62.5,0,0,0.2083,16,0.98,0.1739,1.0,3,3,0,0,0,0,1,0,1,1
https://www.narragansettbeer.com,32,0,0,1,1,75.0,0,0,0.1562,24,0.95,0.2258,1.0,3,1,0,1,49,0,1,0,1,1
https://www.adeje.es,20,0,0,1,1,70.0,0,0,0.25,12,0.5,0.2105,1.0,2,0,0,0,213,0,1,0,1,1
https://www.cameraquest.com,27,0,0,1,1,74.0741,0,0,0.1852,19,0.95,0.1538,1.0,3,0,0,0,0,0,0,0,1,1
https://mutedwarmhashmap.coronado2121.repl.co/,46,0,0,2,1,89.1304,0,0,0.1522,37,0.8,0.0444,1.0,2,0,0,0,0,0,0,0,0,0
https://a5mfcu.web.app/,23,0,0,1,1,52.1739,0,0,0.2609,14,0.5,0.1364,1.0,3,0,0,0,0,0,0,0,0,0
http://www.adili.ga,19,0,0,1,0,68.4211,0,0,0.2632,12,0.5,0.2222,1.0,2,0,0,0,0,0,0,0,0,0
http://u1965047.plsk.regruhosting.ru/60/,40,0,0,2,0,70.0,0,0,0.2,29,0.5,0.0513,1.0,2,0,0,0,0,0,0,0,0,0
http://www.sageolegoats.com,27,0,0,1,0,77.7778,0,0,0.1852,20,0.95,0.1538,1.0,3,0,0,0,0,0,0,0,0,0
https://lareunion-kbz.web.app/,30,0,0,1,1,60.0,0,0,0.2333,21,0.5,0.1034,1.0,3,0,0,0,0,0,0,0,0,0
http://www.365e02.com/,22,0,0,1,0,45.4545,0,0,0.2727,14,0.95,0.1905,1.0,3,0,0,0,0,0,0,0,0,0
https://www.boyntonbeachdentist.net,35,0,0,1,1,80.0,0,0,0.1429,27,0.85,0.1176,1.0,3,1,0,0,0,0,0,0,1,1
https://www.lemonskystudios.com,31,0,0,1,1,61.2903,0,0,0.1613,23,0.95,0.1333,1.0,3,1,0,0,1,0,1,0,1,1
http://www.x7x.xyz,18,0,0,1,0,66.6667,0,0,0.2778,11,0.35,0.2353,1.0,3,0,0,0,0,0,0,0,0,0
http://www.trstore.com,22,0,0,1,0,68.1818,0,0,0.2273,15,0.95,0.1905,1.0,3,1,0,0,0,0,0,0,0,0
https://sitebuilder186714.dynadot.com/,38,0,0,1,1,57.8947,0,0,0.1579,29,0.95,0.0541,1.0,3,0,0,0,0,0,0,0,0,0
https://www.le-mont-saint-michel.org,36,0,0,1,1,83.3333,0,0,0.2222,28,0.9,0.1143,1.0,3,0,0,1,4,1,1,0,1,1
https://www.msoftware.co.nz,27,0,0,2,1,59.2593,0,0,0.2222,19,0.5,0.1538,1.0,2,0,0,0,0,0,0,0,0,1
https://jkhgfdghjhkj.wixsite.com/my-site,40,0,0,1,1,75.0,0,0,0.175,24,0.95,0.0513,1.0,3,0,0,0,0,0,0,0,0,0
https://www.zadarskilist.hr,27,0,0,1,1,77.7778,0,0,0.1852,19,0.5,0.1538,1.0,2,1,0,0,3,1,1,0,1,1
https://www.arpansa.gov.au,26,0,0,2,1,69.2308,0,0,0.2308,18,0.88,0.16,1.0,2,0,0,0,0,0,0,0,0,1
http://www.amspustaka.com,25,0,0,1,0,76.0,0,0,0.2,18,0.95,0.1667,1.0,3,0,1,1,0,1,1,0,1,0
http://www.class.britishonline.co,33,0,0,2,0,81.8182,0,0,0.1818,26,0.8,0.1562,1.0,2,0,0,0,0,0,0,0,0,0
https://docs.google.com/presentation/d/e/2pacx-1vrl5igfyngrlybfjyjc5gmbg88juasimutok00utghyytnalok_fioihpjuajccyxek1n9dxr9vedpr/pub?start=false&loop=false&delayms=3000,167,0,0,1,1,96.4072,3,1,0.1078,15,0.95,0.0602,1.0,3,0,0,0,0,0,0,0,0,0
https://docs1-shared-0utlook.web.app/,37,0,0,1,1,72.973,0,0,0.2162,28,0.5,0.1111,1.0,3,0,0,0,0,0,0,0,0,0
https://www.air-journal.fr,26,0,0,1,1,53.8462,0,0,0.2308,18,0.5,0.16,1.0,2,0,0,0,225,1,1,0,1,1
http://www.templatemadness.com,30,0,0,1,0,76.6667,0,0,0.1667,23,0.95,0.1724,1.0,3,0,0,0,0,0,0,0,0,0
https://www.sophiemorrell.com,29,0,0,1,1,89.6552,0,0,0.1724,21,0.95,0.2143,1.0,3,0,0,1,43,0,1,0,1,1
https://login-screen-106987.square.site/,40,0,0,1,1,60.0,0,0,0.2,31,0.35,0.0769,1.0,4,0,0,0,0,0,0,0,0,0
https://www.aiayu.com,21,0,0,1,1,52.381,0,0,0.2381,13,0.95,0.2,1.0,3,0,0,1,0,0,1,0,1,1
http://129.226.210.78/v3/signin/identifier?dsh=s-1341450717:1662988874143271&amp;continue=https://accounts.google.com/?&amp;xrealip=193.27.14.36&amp;followup=https://accounts.google.com/?&amp;passive=1209600&amp;flowname=glifwebsignin&amp;flowentry=servicelogin&amp;ifkv=aqdhywqzakber5viiy1cwin4wldvou8i6ztb4xfq19fxvxjoknu6qdppvw5wlxnhfxfjraupcvyz,347,1,0,2,0,99.7118,8,3,0.147,14,0.5,0.0549,0.9798,2,0,0,0,0,0,0,0,0,0
http://techxagon.world/wpindex/?hash=jymajima@uol.com.br,56,0,1,0,0,83.9286,1,1,0.1964,15,0.5,0.0364,0.9821,5,0,0,0,0,0,0,0,0,0
http://www.nice.fburl.fun,25,0,0,2,0,64.0,0,0,0.24,18,0.5,0.1667,1.0,3,0,0,0,0,0,0,0,0,0
https://www.vizcayaswimwear.com,31,0,0,1,1,70.9677,0,0,0.1613,23,0.95,0.1333,1.0,3,0,0,1,18,0,1,0,1,1
https://www.energylens.com,26,0,0,1,1,61.5385,0,0,0.1923,18,0.95,0.16,1.0,3,0,0,0,26,0,0,0,0,1
https://bnp-supo.web.app/,25,0,0,1,1,64.0,0,0,0.28,16,0.5,0.125,1.0,3,0,0,0,0,0,0,0,0,0
http://www.gdocshare.one,24,0,0,1,0,62.5,0,0,0.2083,17,0.5,0.1739,1.0,3,0,0,0,0,0,0,0,0,0
https://www.rt23.com,20,0,0,1,1,50.0,0,0,0.25,12,0.95,0.2105,1.0,3,1,0,1,15,1,1,0,0,1
http://www.a3n.de,17,0,0,1,0,52.9412,0,0,0.2941,10,0.88,0.25,1.0,2,0,0,0,0,0,0,0,0,0
http://www.jkdb.nowurl.fun,26,0,0,2,0,57.6923,0,0,0.2308,19,0.5,0.16,1.0,3,0,0,0,0,0,0,0,0,0
http://espace-sfr-esim.net/,27,0,0,0,0,62.963,0,0,0.2593,19,0.85,0.0769,1.0,3,0,0,0,0,0,0,0,0,0
http://flydubai-staging-app-current.azureedge.net,49,0,0,1,0,81.6327,0,0,0.1633,42,0.85,0.1042,1.0,3,0,0,0,0,0,0,0,0,0
https://www.hydra-institute.com,31,0,0,1,1,58.0645,0,0,0.1935,23,0.95,0.1333,1.0,3,0,0,0,0,0,0,0,0,1
https://maildinshaakckjnw600.firebaseapp.com/,45,0,0,1,1,77.7778,0,0,0.1333,36,0.95,0.1136,1.0,3,0,0,0,0,0,0,0,0,0
https://www.wilanow-palac.pl,28,0,0,1,1,71.4286,0,0,0.2143,20,0.5,0.1481,1.0,2,0,0,0,0,0,1,0,1,1
https://www.travelbelize.org,28,0,0,1,1,60.7143,0,0,0.1786,20,0.9,0.1481,1.0,3,0,0,0,0,0,0,0,0,1
https://www.caringhandshealthcares.com,38,0,0,1,1,78.9474,0,0,0.1316,30,0.95,0.1081,1.0,3,1,0,0,40,0,1,0,1,1
https://www.ketteringtownfc.com,31,0,0,1,1,67.7419,0,0,0.1613,23,0.95,0.1667,1.0,3,0,0,1,398,0,1,0,1,1
https://www.tlcvision.com,25,0,0,1,1,72.0,0,0,0.2,17,0.95,0.1667,1.0,3,1,0,0,96,0,1,0,1,1
https://ipfs.litnet.work/ipfs/bafybeibhdgxctmq6bjhkqmauoxozatxlk647gdjd5fsxkdjo63gfylxlgq/link.html,99,0,0,1,1,89.899,0,0,0.0909,16,0.5,0.0204,1.0,4,0,0,0,0,0,0,0,0,0
https://seecdesign.com/test/hkstp/.ivh/?email=redacted@redacted.tld&amp;-d5744e30a1a5c7b7ab8522b63fddd1ba-hddas-qw6q5e8wwf2pd-h3z-pfh9txacabon7key0voepvvwpzrv8ojop8yr-20yvskdu-d5744e30a1a5c7b7ab8522b63fddd1ba,208,0,1,0,1,94.7115,1,1,0.1058,14,0.95,0.0676,0.9904,3,0,0,0,0,0,0,0,0,0
https://www.tdcommons.org,25,0,0,1,1,68.0,0,0,0.2,17,0.9,0.2083,1.0,3,0,0,0,26,0,1,0,0,1
http://www.swapip.com,21,0,0,1,0,61.9048,0,0,0.2381,14,0.95,0.2,1.0,3,0,0,0,0,0,0,0,0,0
https://www.endehors.org,24,0,0,1,1,79.1667,0,0,0.2083,16,0.9,0.1739,1.0,3,0,0,0,133,0,1,0,0,1
http://www.orbitbridgee.com/,28,0,0,1,0,75.0,0,0,0.2143,20,0.95,0.1852,1.0,3,0,0,0,0,0,0,0,0,0
https://www.peggyscoveregion.com,32,0,0,1,1,75.0,0,0,0.1562,24,0.95,0.1613,1.0,3,2,0,0,0,0,0,0,1,1
http://sainara.com.hk/img/.img/?email=nobody@mycraftmail.com&amp;-a9d614bfb4f9b7402a1a67002c1545c2-hddas-cs0p271vm06y62qj14us29-h3z-3cl8knz9qovbiz4bad4jusrvkp8vcgm37qim-20yvskdu-a9d614bfb4f9b7402a1a67002c1545c2,210,0,1,1,0,96.6667,1,1,0.1048,14,0.5,0.0239,0.9905,2,0,0,0,0,0,0,0,0,0
https://www.bandai.co.jp,24,0,0,2,1,58.3333,0,0,0.25,16,0.5,0.1739,1.0,2,1,0,0,134,0,1,0,0,1
https://www.sausalito.org,25,0,0,1,1,68.0,0,0,0.2,17,0.9,0.1667,1.0,3,0,0,1,11,0,1,0,1,1
https://www.kluson.com,22,0,0,1,1,59.0909,0,0,0.2273,14,0.95,0.1905,1.0,3,0,0,0,0,0,0,0,0,1
https://www.ukmalt.com,22,0,0,1,1,54.5455,0,0,0.2273,14,0.95,0.1905,1.0,3,0,0,0,107,0,1,1,1,1
https://gggggggggggggggggggggggggggggggggggg--brouloging.repl.co/,65,0,0,1,1,86.1538,0,0,0.1231,56,0.8,0.5938,1.0,2,0,0,0,0,0,0,0,0,0
https://www.binaryoptionsarmy.com,33,0,0,1,1,87.8788,0,0,0.1515,25,0.95,0.125,1.0,3,0,4,1,17,1,1,0,1,1
http://www.dragosimport.com,27,0,0,1,0,70.3704,0,0,0.1852,20,0.95,0.1538,1.0,3,0,0,0,0,0,0,0,0,0
http://bafybeibkgor6o4si6frcggxpnkpmanvk77xarnbvnzv5orsjlmefg3yqhm.ipfs.dweb.link/,82,0,0,2,0,87.8049,0,0,0.0854,74,0.5,0.0494,1.0,4,0,0,0,0,0,0,0,0,0
https://www.theablelabel.com,28,0,0,1,1,78.5714,0,0,0.1786,20,0.95,0.1481,1.0,3,0,0,1,211,0,1,0,1,1
https://mz1vt10efp63908a9fa92aa.maktabo.ru/,43,0,0,1,1,65.1163,0,0,0.1395,34,0.5,0.0714,1.0,2,0,0,0,0,0,0,0,0,0
https://bt-106022.square.site/,30,0,0,1,1,60.0,0,0,0.2333,21,0.35,0.1034,1.0,4,0,0,0,0,0,0,0,0,0
https://att-101377.weeblysite.com/,34,0,0,1,1,55.8824,0,0,0.2059,25,0.95,0.1515,1.0,3,0,0,0,0,0,0,0,0,0
http://www.steptobetter.com,27,0,0,1,0,74.0741,0,0,0.1852,20,0.95,0.1923,1.0,3,0,0,0,0,0,0,0,0,0
https://gateway.pinata.cloud/ipfs/bafybeibfiwlu6h6rhwlcleb2tgwl4pj554xqvwrjzgebm2cohpcdjgvjem,93,0,0,1,1,94.6237,0,0,0.0753,20,0.5,0.0326,1.0,5,0,0,0,0,0,0,0,0,0
http://www.care.autodefragapp.com,33,0,0,2,0,78.7879,0,0,0.1818,26,0.95,0.1562,1.0,3,0,0,0,0,0,0,0,0,0
https://www.shopkola.com.br,27,0,0,2,1,70.3704,0,0,0.2222,19,0.5,0.1538,1.0,2,0,0,0,0,0,0,0,0,1
https://setupmynorton.square.site/,34,0,0,1,1,79.4118,0,0,0.1765,25,0.35,0.0606,1.0,4,0,0,0,0,0,0,0,0,0
https://gmlysf.gq,17,0,0,0,1,47.0588,0,0,0.2353,9,0.5,0.125,1.0,2,0,0,0,0,0,0,0,0,0
http://www.dreamsmaking.com,27,0,0,1,0,51.8519,0,0,0.1852,20,0.95,0.1538,1.0,3,0,0,0,0,0,0,0,0,0
https://www.prodryers.com,25,0,0,1,1,72.0,0,0,0.2,17,0.95,0.1667,1.0,3,2,6,0,351,0,1,0,1,1
https://wallet-updating.io/wallet/,34,0,0,0,1,70.5882,0,0,0.2059,18,0.5,0.1212,1.0,2,0,0,0,0,0,0,0,0,0
https://www.croppermap.com,26,0,0,1,1,80.7692,0,0,0.1923,18,0.95,0.2,1.0,3,0,0,0,2,0,0,0,0,1
https://www.thehomeandofficestores.co.uk,40,0,0,2,1,75.0,0,0,0.15,32,0.9,0.1282,1.0,2,0,0,0,0,0,0,0,0,1
https://www.akg.com,19,0,0,1,1,47.3684,0,0,0.2632,11,0.95,0.2222,1.0,3,1,1,1,4,0,1,0,1,1
http://www.fxztjnsb.com,23,0,0,1,0,43.4783,0,0,0.2174,16,0.95,0.1818,1.0,3,0,0,0,0,0,0,0,0,0
https://www.ashaddflorist.com,29,0,0,1,1,72.4138,0,0,0.1724,21,0.95,0.1786,1.0,3,0,0,0,0,0,0,0,0,1
https://www.4ocean.com,22,0,0,1,1,59.0909,0,0,0.2273,14,0.95,0.1905,1.0,3,1,0,1,80,0,1,0,1,1
http://www.hostmailsecureserver.com,35,0,0,1,0,80.0,0,0,0.1429,28,0.95,0.1176,1.0,3,0,0,0,0,0,0,0,0,0
https://sc.link/267j,20,0,0,0,1,35.0,0,0,0.25,7,0.5,0.1053,1.0,4,0,0,0,0,0,0,0,0,0
https://www.globalfundforwomen.org,34,0,0,1,1,70.5882,0,0,0.1471,26,0.9,0.1212,1.0,3,2,0,1,52,0,1,0,1,1
https://maildinshaakckjnw336.firebaseapp.com/,45,0,0,1,1,77.7778,0,0,0.1333,36,0.95,0.1136,1.0,3,0,0,0,0,0,0,0,0,0
https://www.kuerennkayccato-co-jp.kuerennkayccato.bfzxpl.top/ai/?authenticated=true&amp;openid/gp/signin/x&amp;i=a&amp;oauth=m&amp;i?ie=utf8&amp;ref_=rhf_custrec_signin0d1716947543e5c883546ae2244ebd393f49ee6e,208,0,0,3,1,97.5962,5,2,0.1635,52,0.3,0.058,0.976,3,0,0,0,0,0,0,0,0,0
http://www.ns1.chopbell.com,27,0,0,2,0,74.0741,0,0,0.2222,20,0.95,0.1923,1.0,3,0,0,0,0,0,0,0,0,0
https://www.tranco-list.eu,26,0,0,1,1,50.0,0,0,0.2308,18,0.5,0.16,1.0,2,0,0,0,0,0,1,0,0,1
http://www.assets.helloguide.com,32,0,0,2,0,71.875,0,0,0.1875,25,0.95,0.1935,1.0,3,0,0,0,0,0,0,0,0,0
https://08de56700f97832dc2088b292b86b5b5.ssl-pl.co.pl/gtlk/fplt/278bc5707fbfd51a4bc1d0c4d9cb36ec/login/,103,0,0,2,1,93.2039,0,0,0.1165,45,0.5,0.049,1.0,2,0,0,0,0,0,0,0,0,0
https://www.alessandrolupi.com,30,0,0,1,1,66.6667,0,0,0.1667,22,0.95,0.1724,1.0,3,0,2,1,141,0,0,0,1,1
https://ballooncreations.co/mpss/login.html,43,0,0,0,1,88.3721,0,0,0.1628,19,0.8,0.119,1.0,2,0,0,0,0,0,0,0,0,0
https://www.istok.net,21,0,0,1,1,61.9048,0,0,0.2381,13,0.85,0.2,1.0,3,0,0,1,461,0,1,0,0,1
https://web.info.app.79-137-206-206.cprapid.com/sella/,54,0,0,4,1,77.7778,0,0,0.2407,39,0.95,0.0755,1.0,3,0,0,0,0,0,0,0,0,0
http://www.fdsms.net63.net,26,0,0,2,0,69.2308,0,0,0.2308,19,0.85,0.16,1.0,3,0,0,0,0,0,0,0,0,0
https://document2-be2c0.web.app/,32,0,0,1,1,62.5,0,0,0.2188,23,0.5,0.0968,1.0,3,0,0,0,0,0,0,0,0,0
https://gezidunyasi.com.tr/view/phpmailler/examples/styles/cc/one.sef,69,0,0,1,1,86.9565,0,0,0.1739,18,0.5,0.0588,1.0,2,0,0,0,0,0,0,0,0,0
https://att-mail-108357.square.site/,36,0,0,1,1,61.1111,0,0,0.2222,27,0.35,0.0857,1.0,4,0,0,0,0,0,0,0,0,0
https://www.audicontractors.com,31,0,0,1,1,74.1935,0,0,0.1613,23,0.95,0.1333,1.0,3,0,0,0,0,0,0,0,0,1
https://www.education.purdue.edu,32,0,0,2,1,71.875,0,0,0.1875,24,0.98,0.129,1.0,3,0,0,0,0,0,1,0,1,1
https://www.mygov3-au.top,25,0,0,1,1,56.0,0,0,0.24,17,0.3,0.1667,1.0,3,0,0,0,0,0,0,0,0,0
http://www.capitalbravo.ru,26,0,0,1,0,65.3846,0,0,0.1923,19,0.5,0.16,1.0,2,0,0,0,0,0,0,0,0,0
https://www.umamiinfo.com,25,0,0,1,1,64.0,0,0,0.2,17,0.95,0.2083,1.0,3,0,0,0,10,0,0,0,1,1
https://www.melissaannsweat.com,31,0,0,1,1,77.4194,0,0,0.1613,23,0.95,0.2333,1.0,3,0,0,0,2,0,0,0,1,1
https://flat-pine-7fc8.zp42gx-2.workers.dev/no%20url,52,0,0,2,1,65.3846,0,0,0.2115,35,0.5,0.0392,0.9808,3,0,0,0,0,0,0,0,0,0
https://www.tours.fr,20,0,0,1,1,70.0,0,0,0.25,12,0.5,0.2105,1.0,2,0,0,0,237,0,1,0,1,1
https://my-trans00.web.app/,27,0,0,1,1,62.963,0,0,0.2593,18,0.5,0.1538,1.0,3,0,0,0,0,0,0,0,0,0
https://www.kva.se,18,0,0,1,1,61.1111,0,0,0.2778,10,0.5,0.2353,1.0,2,1,0,0,69,0,1,0,1,1
https://rndinnovative.com.np/,29,0,0,1,1,68.9655,0,0,0.2069,20,0.5,0.1071,1.0,2,0,0,1,17,0,1,0,0,0
https://www.ejcancer.com,24,0,0,1,1,58.3333,0,0,0.2083,16,0.95,0.1739,1.0,3,0,0,0,0,0,0,0,0,1
https://www.namibweb.com,24,0,0,1,1,58.3333,0,0,0.2083,16,0.95,0.1739,1.0,3,1,0,1,3,1,1,0,1,1
http://www.carobbella.com,25,0,0,1,0,76.0,0,0,0.2,18,0.95,0.25,1.0,3,0,0,1,0,0,1,0,1,0
http://www.saisonoard.co.jp.50gb222.xyz/,40,0,0,4,0,62.5,0,0,0.225,32,0.35,0.1538,1.0,3,0,0,0,0,0,0,0,0,0
http://oolxdelivery.345432.xyz/hp2lebzz/kqpvi5/8/,49,0,0,1,0,85.7143,0,0,0.1837,23,0.35,0.0833,1.0,3,0,0,0,0,0,0,0,0,0
http://www.cnnnewsdaily.com,27,0,0,1,0,55.5556,0,0,0.1852,20,0.95,0.2308,1.0,3,0,0,0,0,0,0,0,0,0
https://www.goldenruleproject.org,33,0,0,1,1,75.7576,0,0,0.1515,25,0.9,0.125,1.0,3,0,0,0,1,0,0,0,1,1
https://www.dooney.com,22,0,0,1,1,54.5455,0,0,0.2273,14,0.95,0.2381,1.0,3,1,0,1,45,0,1,0,1,1
https://www.bachphoto.com,25,0,0,1,1,80.0,0,0,0.2,17,0.95,0.1667,1.0,3,0,0,0,0,0,0,0,0,1
http://www.evasion7.com,23,0,0,1,0,47.8261,0,0,0.2174,16,0.95,0.1818,1.0,3,0,0,0,0,0,0,0,0,0
https://v.ht/ilrjj,18,0,0,0,1,55.5556,0,0,0.2778,4,0.5,0.1765,1.0,2,0,0,0,0,0,0,0,0,0
https://www.dentistrytoday.com,30,0,0,1,1,66.6667,0,0,0.1667,22,0.95,0.1379,1.0,3,0,0,1,291,0,1,0,1,1
http://emiratesairlinesreservationumber92.wikidot.com,53,0,0,1,0,75.4717,0,0,0.0943,46,0.95,0.0385,1.0,3,0,0,0,0,0,0,0,0,0
https://www.ruijiabeauty.com,28,0,0,1,1,57.1429,0,0,0.1786,20,0.95,0.1481,1.0,3,6,0,0,8,0,1,0,1,1
http://www.organizedmadness.org,31,0,0,1,0,80.6452,0,0,0.1613,24,0.9,0.1667,1.0,3,0,0,0,0,0,0,0,0,0
https://www.iheima.com,22,0,0,1,1,68.1818,0,0,0.2273,14,0.95,0.1905,1.0,3,0,1,1,4,1,1,0,1,1
https://www.ennex.com,21,0,0,1,1,61.9048,0,0,0.2381,13,0.95,0.25,1.0,3,0,0,1,7,0,1,0,1,1
https://www.hs-orange.com,25,0,0,1,1,60.0,0,0,0.24,17,0.95,0.1667,1.0,3,2,1,1,64,0,1,0,1,1
http://newupdatemail-107115.weeblysite.com/,43,0,0,1,0,67.4419,0,0,0.1628,35,0.95,0.0952,1.0,3,0,0,0,0,0,0,0,0,0
https://www.restunited.com,26,0,0,1,1,57.6923,0,0,0.1923,18,0.95,0.16,1.0,3,0,0,0,0,0,0,0,0,1
https://www.blueprintafrica.com,31,0,0,1,1,64.5161,0,0,0.1613,23,0.95,0.1333,1.0,3,0,0,0,0,0,0,0,0,1
https://www.ontheclock.com,26,0,0,1,1,69.2308,0,0,0.1923,18,0.95,0.16,1.0,3,2,0,1,167,0,1,0,1,1
http://www.f0508564.xsph.ru,27,0,0,2,0,66.6667,0,0,0.2222,20,0.5,0.1538,1.0,2,0,0,0,0,0,0,0,0,0
https://napolepce.cz/wp-admin/@hld/globalsources/index2.php?email=,66,0,1,0,1,80.303,1,1,0.197,12,0.5,0.0308,0.9848,2,1,3,1,0,1,1,0,1,0
https://www.metanoiabychikaya.com,33,0,0,1,1,78.7879,0,0,0.1515,25,0.95,0.125,1.0,3,0,0,0,0,0,0,0,0,1
http://www.webrnail-kinu.hol.es,31,0,0,2,0,67.7419,0,0,0.2258,24,0.5,0.1333,1.0,2,0,0,0,0,0,0,0,0,0
https://emeryk.wojtaszek.nieruchomosci.pl/aliegro/email@example.com,67,0,1,2,1,85.0746,0,0,0.1493,33,0.5,0.0303,0.9851,2,0,0,0,0,0,0,0,0,0
http://www.1ncpw481pd4axi1h3yo7ezai1go.com,42,0,0,1,0,71.4286,0,0,0.119,35,0.95,0.0976,1.0,3,0,0,0,0,0,0,0,0,0
https://www.dailyuw.com,23,0,0,1,1,43.4783,0,0,0.2174,15,0.95,0.1818,1.0,3,1,0,1,0,1,1,0,1,1
https://www.thefarmerandthebelle.net,36,0,0,1,1,80.5556,0,0,0.1389,28,0.85,0.1429,1.0,3,0,0,0,0,0,0,0,0,1
https://www.eastmountairy.org,29,0,0,1,1,65.5172,0,0,0.1724,21,0.9,0.1429,1.0,3,0,0,0,0,0,0,0,0,1
https://tinyurl.com/blocca-pagamento,36,0,0,0,1,66.6667,0,0,0.1667,11,0.95,0.0857,1.0,3,0,0,0,34,0,1,0,0,0
https://www.tours-eti.com,25,0,0,1,1,60.0,0,0,0.24,17,0.95,0.1667,1.0,3,0,0,0,2,0,1,0,1,1
http://www.ass0.fr,18,0,0,1,0,61.1111,0,0,0.2778,11,0.5,0.2941,1.0,2,0,0,0,0,0,0,0,0,0
https://www.oilandgas360.com,28,0,0,1,1,53.5714,0,0,0.1786,20,0.95,0.1481,1.0,3,1,0,1,431,0,1,0,1,1
https://www.the-exhibitionist.com,33,0,0,1,1,75.7576,0,0,0.1818,25,0.95,0.125,1.0,3,1,0,0,55,0,0,0,1,1
https://domappcheckomeg4.web.app/,33,0,0,1,1,75.7576,0,0,0.1818,24,0.5,0.125,1.0,3,0,0,0,0,0,0,0,0,0
https://www.yourdesignerdogblog.com,35,0,0,1,1,68.5714,0,0,0.1429,27,0.95,0.1176,1.0,3,0,0,0,0,0,0,0,0,1
https://1--a0029182.repl.co/validar-datos.html,46,0,0,1,1,82.6087,0,0,0.2174,19,0.8,0.0889,1.0,2,0,0,0,0,0,0,0,0,0
https://sunghitsad.firebaseapp.com/,35,0,0,1,1,68.5714,0,0,0.1714,26,0.95,0.0882,1.0,3,0,0,0,0,0,0,0,0,0
http://www.f0563902.xsph.ru,27,0,0,2,0,59.2593,0,0,0.2222,20,0.5,0.1538,1.0,2,0,0,0,0,0,0,0,0,0
https://www.bistrobox.com,25,0,0,1,1,68.0,0,0,0.2,17,0.95,0.1667,1.0,3,0,0,0,49,0,0,0,1,1
http://www.jonahsrecovery.org,29,0,0,1,0,65.5172,0,0,0.1724,22,0.9,0.1429,1.0,3,0,0,0,0,0,0,0,0,0
http://www.thepediatricianskitchen.com,38,0,0,1,0,81.5789,0,0,0.1316,31,0.95,0.1081,1.0,3,0,0,0,0,0,0,0,0,0
http://www.datoca.com.ve,24,0,0,2,0,70.8333,0,0,0.25,17,0.5,0.1739,1.0,2,0,0,0,0,0,0,0,0,0
https://www.clawhammersupply.com,32,0,0,1,1,81.25,0,0,0.1562,24,0.95,0.1935,1.0,3,0,0,0,22,0,1,0,1,1
https://www.joules.com,22,0,0,1,1,59.0909,0,0,0.2273,14,0.95,0.1905,1.0,3,0,0,1,66,0,1,0,1,1
https://www.modernlaine.com,27,0,0,1,1,62.963,0,0,0.1852,19,0.95,0.1538,1.0,3,0,0,0,40,0,1,0,1,1
https://www.era-learn.eu,24,0,0,1,1,66.6667,0,0,0.25,16,0.5,0.1739,1.0,2,0,0,1,169,0,1,0,1,1
https://www.viktoria1904.de,27,0,0,1,1,44.4444,0,0,0.1852,19,0.88,0.1538,1.0,2,2,0,1,4,0,1,0,1,1
http://www.fenraw.northgeremy.info,34,0,0,2,0,79.4118,0,0,0.1765,27,0.55,0.1212,1.0,4,0,0,0,0,0,0,0,0,0
https://fb-restriction-case-386a3.web.app/,42,0,0,1,1,80.9524,0,0,0.2143,33,0.5,0.0732,1.0,3,0,0,0,0,0,0,0,0,0
https://www.reus.cat,20,0,0,1,1,60.0,0,0,0.25,12,0.5,0.2105,1.0,3,1,0,1,108,0,1,0,1,1
http://www.lwe-shaparak.ga,26,0,0,1,0,69.2308,0,0,0.2308,19,0.5,0.16,1.0,2,0,0,0,0,0,0,0,0,0
http://www.homehandyworks.com,29,0,0,1,0,62.069,0,0,0.1724,22,0.95,0.1429,1.0,3,0,0,0,0,0,0,0,0,0
https://gemaclinic.ro/verifigt/des/index.php,44,0,0,0,1,81.8182,0,0,0.1818,13,0.5,0.0465,1.0,2,0,0,0,68,0,1,0,1,0
https://www.ladarbia.com,24,0,0,1,1,50.0,0,0,0.2083,16,0.95,0.1739,1.0,3,1,0,0,0,0,0,0,1,1
https://www.culvers.com,23,0,0,1,1,56.5217,0,0,0.2174,15,0.95,0.1818,1.0,3,0,0,0,0,0,0,0,0,1
https://verification-4.firebaseapp.com/,39,0,0,1,1,79.4872,0,0,0.1795,30,0.95,0.0789,1.0,3,0,0,0,0,0,0,0,0,0
https://maildinshaakckjnw245.web.app/,37,0,0,1,1,70.2703,0,0,0.1622,28,0.5,0.1111,1.0,3,0,0,0,0,0,0,0,0,0
https://business-appeal-team-1296-054.web.app/,46,0,0,1,1,67.3913,0,0,0.2174,37,0.5,0.1111,1.0,3,0,0,0,0,0,0,0,0,0
https://www.horsevet.co.uk,26,0,0,2,1,73.0769,0,0,0.2308,18,0.9,0.16,1.0,2,0,0,0,0,0,0,0,0,1
http://www.imtokens.money,25,0,0,1,0,72.0,0,0,0.2,18,0.5,0.1667,1.0,5,0,0,0,0,0,0,0,0,0
https://synslabs.firebaseapp.com/,33,0,0,1,1,66.6667,0,0,0.1818,24,0.95,0.0938,1.0,3,0,0,0,0,0,0,0,0,0
https://www.mali-music.com,26,0,0,1,1,69.2308,0,0,0.2308,18,0.95,0.16,1.0,3,0,0,0,1,0,0,0,0,1
https://newv-b914d.web.app/,27,0,0,1,1,59.2593,0,0,0.2593,18,0.5,0.1154,1.0,3,0,0,0,0,0,0,0,0,0
http://www.raknten-caob.g0vy03a8qvswd964.shop/,46,0,0,2,0,65.2174,0,0,0.1739,38,0.5,0.0889,1.0,4,0,0,0,0,0,0,0,0,0
https://www.chncpa.org,22,0,0,1,1,68.1818,0,0,0.2273,14,0.9,0.1905,1.0,3,2,0,1,117,0,0,0,1,1
https://www.lichen.pl,21,0,0,1,1,71.4286,0,0,0.2381,13,0.5,0.2,1.0,2,0,0,0,175,0,1,0,1,1
https://www.iloveindia.com,26,0,0,1,1,53.8462,0,0,0.1923,18,0.95,0.16,1.0,3,0,0,0,56,0,1,0,0,1
https://fleek.ipfs.io/ipfs/bafybeiclvmz2sd4oa57fahq727yoaggums67hbr24msmswn2vysk2nb4wu,86,0,0,1,1,90.6977,0,0,0.0814,13,0.5,0.0471,1.0,2,0,0,0,0,0,0,0,0,0
https://buff191.com/?no&amp;gclid=cj0kcqiaijsebhccarisahnazt-jqqv3pzp6uxwdzzntdt85mp51mia7o7tef9f1w-etzksxzcof-qoaas5jealw_wcb,126,0,0,0,1,88.8889,1,1,0.1032,11,0.95,0.056,0.9921,3,0,0,0,0,0,0,0,0,0
https://www.hbtcm.edu.cn,24,0,0,2,1,62.5,0,0,0.25,16,0.5,0.1739,1.0,2,0,0,0,0,0,0,0,0,1
https://www.iteration-mobile.com,32,0,0,1,1,65.625,0,0,0.1875,24,0.95,0.129,1.0,3,0,0,0,25,0,0,0,1,1
http://tokenpocket-pro.web.app,30,0,0,1,0,70.0,0,0,0.2,23,0.5,0.1034,1.0,3,0,0,0,0,0,0,0,0,0
https://ebanking-ch3-ubs-a3ab0.web.app/login.html?session=5cvypqhtfnntmdmx7gocxsjhvrnjxnpmdfcqhbqlo62jdnortfuxufeq8qc6fqke9kbupmh9iehnssqut7x1diovliiwzyxcle%5cu0026amp;auth=4b556835-a39a-40df-8583-b4a7be03d970,209,0,0,1,1,97.1292,2,1,0.0909,30,0.5,0.0433,0.9904,3,0,0,0,0,0,0,0,0,0
https://aziyiazhioqyjpozeifeizsiohizof.firebaseapp.com/,55,0,0,1,1,87.2727,0,0,0.1091,46,0.95,0.0556,1.0,3,0,0,0,0,0,0,0,0,0
http://www.s2.play.estream.to,29,0,0,3,0,72.4138,0,0,0.2414,22,0.5,0.1429,1.0,2,0,0,0,0,0,0,0,0,0
https://radiant.shangwangne.com/con1_uh?2t3_nn=zh9wmhfrcwkclbgikm6wahz4ykcdomzjb4crpx9xkwpfa2kjy31yjmtiaigd/p.teegelaar%40silent.dhs.org&s3=&s4=],145,0,0,1,1,95.1724,3,1,0.1379,23,0.95,0.0347,0.9862,3,0,0,0,0,0,0,0,0,0
https://028748920123.bobbpp.repl.co/,36,0,0,2,1,66.6667,0,0,0.1944,27,0.8,0.1143,1.0,2,0,0,0,0,0,0,0,0,0
http://onx.la/7dd17,19,0,0,0,0,47.3684,0,0,0.2632,6,0.5,0.1667,1.0,2,0,0,0,2,0,0,0,1,0
http://www.image.blocktrail.com,31,0,0,2,0,74.1935,0,0,0.1935,24,0.95,0.1333,1.0,3,0,0,0,0,0,0,0,0,0
https://www.lemonadecelebrations.com,36,0,0,1,1,80.5556,0,0,0.1389,28,0.95,0.1143,1.0,3,1,0,1,14,0,1,0,1,1
https://9007media79.firebaseapp.com/,36,0,0,1,1,77.7778,0,0,0.1667,27,0.95,0.1143,1.0,3,0,0,0,0,0,0,0,0,0
https://www.boekscout.nl,24,0,0,1,1,58.3333,0,0,0.2083,16,0.5,0.1739,1.0,2,0,0,0,16,0,1,0,1,1
https://www.syddev.com,22,0,0,1,1,59.0909,0,0,0.2273,14,0.95,0.2381,1.0,3,0,0,0,0,0,0,0,1,1
https://www.szondiforum.org,27,0,0,1,1,59.2593,0,0,0.1852,19,0.9,0.1538,1.0,3,0,0,0,9,0,0,0,0,1
https://www.satyagrahahouse.com,31,0,0,1,1,70.9677,0,0,0.1613,23,0.95,0.1333,1.0,3,0,1,0,27,0,1,0,1,1
https://www.tnris.org,21,0,0,1,1,66.6667,0,0,0.2381,13,0.9,0.2,1.0,3,0,0,0,0,0,0,0,0,1
https://www.babesflowers.com,28,0,0,1,1,67.8571,0,0,0.1786,20,0.95,0.1481,1.0,3,0,0,0,0,0,0,0,0,1
https://www.yorkconservationtrust.org,37,0,0,1,1,67.5676,0,0,0.1351,29,0.9,0.1111,1.0,3,1,0,0,1,0,0,0,1,1
http://www.promotionlove.co,27,0,0,1,0,62.963,0,0,0.1852,20,0.8,0.1538,1.0,2,0,0,0,0,0,0,0,0,0
https://fb-metacase2357168924790128351.firebaseapp.com/,55,0,0,1,1,83.6364,0,0,0.1273,46,0.95,0.0556,1.0,3,0,0,0,0,0,0,0,0,0
https://persoo.reservacion.repl.co/,35,0,0,2,1,80.0,0,0,0.2,26,0.8,0.0882,1.0,2,0,0,0,0,0,0,0,0,0
http://www.update.heroisshit.com,32,0,0,2,0,78.125,0,0,0.1875,25,0.95,0.1613,1.0,3,0,0,0,0,0,0,0,0,0
https://www.usd508.org,22,0,0,1,1,50.0,0,0,0.2273,14,0.9,0.1905,1.0,3,0,0,0,0,0,0,0,0,1
http://www.office39283c79b6d239c952b821624b0e6a26c3383c79b6d239c952b821624.emailnow2.workers.dev,96,0,0,3,0,89.5833,0,0,0.0729,89,0.5,0.0632,1.0,3,0,0,0,0,0,0,0,0,0
https://www.usaoutdoorfurniture.com,35,0,0,1,1,68.5714,0,0,0.1429,27,0.95,0.1471,1.0,3,0,0,0,0,0,0,0,0,1
https://ebay-kleinanzeigen-shop.com/,36,0,0,0,1,72.2222,0,0,0.1944,27,0.95,0.0571,1.0,3,0,0,0,0,0,0,0,0,0
https://www.barnesstore.net,27,0,0,1,1,77.7778,0,0,0.1852,19,0.85,0.1923,1.0,3,1,0,0,0,0,0,0,1,1
https://www.globalwoodmarketsinfo.com,37,0,0,1,1,64.8649,0,0,0.1351,29,0.95,0.1389,1.0,3,0,0,0,0,0,0,0,0,1
http://www.77hyhy.com,21,0,0,1,0,76.1905,0,0,0.2381,14,0.95,0.25,1.0,3,0,0,0,0,0,0,0,0,0
https://www.peopleready.com,27,0,0,1,1,62.963,0,0,0.1852,19,0.95,0.1538,1.0,3,3,0,1,68,0,1,0,1,1
https://cloudflare-ipfs.com/ipfs/bafybeidciqd24ivsfnku4nrhnhdhqzs2t6efsvyatwzlqoiprgovoyufau,92,0,0,0,1,91.3043,0,0,0.0761,19,0.95,0.022,1.0,3,0,0,0,0,0,0,0,0,0
https://www.countyofkings.com,29,0,0,1,1,65.5172,0,0,0.1724,21,0.95,0.1429,1.0,3,0,0,0,0,0,0,0,0,1
http://www.mypremierfutbol.com,30,0,0,1,0,70.0,0,0,0.1667,23,0.95,0.1379,1.0,3,0,0,0,0,0,0,0,0,0
https://www.adventureherald.com,31,0,0,1,1,67.7419,0,0,0.1613,23,0.95,0.1333,1.0,3,0,0,0,0,0,0,0,0,1
http://www.ukraine2day.com,26,0,0,1,0,42.3077,0,0,0.1923,19,0.95,0.16,1.0,3,0,0,0,0,0,0,0,0,0
https://www.en.portnews.ru,26,0,0,2,1,84.6154,0,0,0.2308,18,0.5,0.16,1.0,2,0,0,1,0,0,1,0,1,1
https://www.dsprelated.com,26,0,0,1,1,69.2308,0,0,0.1923,18,0.95,0.16,1.0,3,0,0,0,11,0,1,1,1,1
https://att-109903-109797.weeblysite.com/,41,0,0,1,1,68.2927,0,0,0.1951,32,0.95,0.125,1.0,3,0,0,0,0,0,0,0,0,0
https://attyahoo-103032.weeblysite.com/,39,0,0,1,1,71.7949,0,0,0.1795,30,0.95,0.1316,1.0,3,0,0,0,0,0,0,0,0,0
https://www.stratagemme.com,27,0,0,1,1,74.0741,0,0,0.1852,19,0.95,0.1923,1.0,3,0,0,1,225,0,1,0,1,1
https://www.727datacenter.net,29,0,0,1,1,72.4138,0,0,0.1724,21,0.85,0.1429,1.0,3,0,0,0,1,0,0,0,0,1
http://www.digitalaxom.in,25,0,0,1,0,60.0,0,0,0.2,18,0.9,0.1667,1.0,2,0,0,0,0,0,0,0,0,0
https://desired-optweions.wikaba.com/,37,0,0,1,1,75.6757,0,0,0.1892,28,0.95,0.0556,1.0,3,0,0,0,0,0,0,0,0,0
http://www.kuerenakaycoato.co.jp.kuercnnkayceata.yooqar.top/ai/?authenticated=true&amp;amp;amp;openid/gp/signin/x&amp;amp;amp;i=a&amp;amp;amp;oauth=m&amp;amp;amp;i?ie=utf8&amp;amp;amp;ref_=rhf_custrec_signin533ac3985f6c20ba105ccc21afd2053698772f69,247,0,0,5,0,97.9757,5,2,0.1781,52,0.3,0.0407,0.9393,3,0,0,0,0,0,0,0,0,0
https://www.wttw.com,20,0,0,1,1,65.0,0,0,0.25,12,0.95,0.2632,1.0,3,1,0,0,89,0,0,0,1,1
https://www.gemsofwar.com,25,0,0,1,1,64.0,0,0,0.2,17,0.95,0.1667,1.0,3,0,0,0,0,1,1,0,1,1
https://www.lu.se,17,0,0,1,1,64.7059,0,0,0.2941,9,0.5,0.25,1.0,2,0,0,1,24,0,1,0,1,1
https://exe2tv2y5i.szymonpa.pl/a1legro/email@example.com,56,0,1,1,1,80.3571,0,0,0.1607,22,0.5,0.0364,0.9821,2,0,0,0,0,0,0,0,0,0
https://ms365-0utl00k-eu-docdrive.firebaseapp.com/,50,0,0,1,1,80.0,0,0,0.18,41,0.95,0.0816,1.0,3,0,0,0,0,0,0,0,0,0
https://www.sartoriale.com,26,0,0,1,1,69.2308,0,0,0.1923,18,0.95,0.16,1.0,3,1,0,1,55,0,1,0,1,1
http://188bet20.com/,20,0,0,0,0,40.0,0,0,0.25,12,0.95,0.1579,1.0,3,0,0,0,49,0,1,0,0,0
https://www.finantistii.ro,26,0,0,1,1,73.0769,0,0,0.1923,18,0.5,0.2,1.0,2,0,0,0,195,0,1,0,0,1
https://www.provismedia.com,27,0,0,1,1,70.3704,0,0,0.1852,19,0.95,0.1538,1.0,3,0,0,1,0,1,1,0,1,1
https://att-108744.weeblysite.com/,34,0,0,1,1,50.0,0,0,0.2059,25,0.95,0.1515,1.0,3,0,0,0,0,0,0,0,0,0
http://www.holy-shit.ubuntu.workers.dev,39,0,0,3,0,71.7949,0,0,0.2051,32,0.5,0.1053,1.0,3,0,0,0,0,0,0,0,0,0
https://www.newtheatreroyal.com,31,0,0,1,1,74.1935,0,0,0.1613,23,0.95,0.1333,1.0,3,0,0,0,0,0,0,0,0,1
http://www.mewb.org,19,0,0,1,0,52.6316,0,0,0.2632,12,0.9,0.2222,1.0,3,0,0,1,249,0,1,0,1,0
https://www.woodsbros.com,25,0,0,1,1,68.0,0,0,0.2,17,0.95,0.2083,1.0,3,0,0,0,0,0,0,0,0,1
http://www.myrappid.com,23,0,0,1,0,60.8696,0,0,0.2174,16,0.95,0.2273,1.0,3,0,0,0,0,0,0,0,0,0
http://www.10feeds.com,22,0,0,1,0,50.0,0,0,0.2273,15,0.95,0.2381,1.0,3,0,0,0,0,0,0,0,0,0
https://www.kfw.org,19,0,0,1,1,52.6316,0,0,0.2632,11,0.9,0.2222,1.0,3,0,0,0,95,0,1,0,1,1
http://www.alawangroups.com,27,0,0,1,0,62.963,0,0,0.1852,20,0.95,0.1538,1.0,3,0,0,0,0,0,0,0,0,0
https://www.allegorygallery.com,31,0,0,1,1,80.6452,0,0,0.1613,23,0.95,0.2,1.0,3,0,0,1,80,0,1,0,1,1
https://www.treetopeco-adventurepark.com,40,0,0,1,1,75.0,0,0,0.15,32,0.95,0.1282,1.0,3,0,1,0,0,0,1,0,1,1
http://www.saisonoard.co.jp.50gb174.xyz/,40,0,0,4,0,55.0,0,0,0.225,32,0.35,0.1026,1.0,3,0,0,0,0,0,0,0,0,0
https://www.farmingmagazine.com,31,0,0,1,1,67.7419,0,0,0.1613,23,0.95,0.1333,1.0,3,0,0,0,0,0,0,0,0,1
https://www.army-uk.com,23,0,0,1,1,47.8261,0,0,0.2609,15,0.95,0.1818,1.0,3,0,0,0,0,0,0,0,0,1
http://www.node3.luckpool.net,29,0,0,2,0,75.8621,0,0,0.2069,22,0.85,0.1786,1.0,3,0,0,0,0,0,0,0,0,0
https://www.felineconservation.org,34,0,0,1,1,73.5294,0,0,0.1471,26,0.9,0.1212,1.0,3,0,0,0,0,0,0,0,0,1
http://www.humbleangel.com,26,0,0,1,0,65.3846,0,0,0.1923,19,0.95,0.16,1.0,3,0,0,0,0,0,0,0,0,0
https://mitld-mobilepay.web.app/,32,0,0,1,1,75.0,0,0,0.2188,23,0.5,0.0968,1.0,3,0,0,0,0,0,0,0,0,0
https://www.myuncleshouse.co.uk,31,0,0,2,1,77.4194,0,0,0.1935,23,0.9,0.1333,1.0,2,0,0,1,4,0,1,0,1,1
https://irb8d7.webwave.dev/,27,0,0,1,1,66.6667,0,0,0.2222,18,0.5,0.0769,1.0,3,0,0,0,0,0,0,0,0,0
http://www.woodandthimble.com/www.labanquepostale.fr/,53,0,0,1,0,84.9057,0,0,0.1698,22,0.95,0.1346,1.0,3,0,0,0,0,0,0,0,0,0
https://www.psiaf.org,21,0,0,1,1,61.9048,0,0,0.2381,13,0.9,0.2,1.0,3,0,0,0,0,0,0,0,0,1
https://www.vorresmuseum.gr,27,0,0,1,1,77.7778,0,0,0.1852,19,0.5,0.1923,1.0,2,0,0,0,48,0,0,0,1,1
https://www.99mbet.com/assets/js/api.php,40,0,0,1,1,85.0,0,0,0.225,14,0.95,0.1538,1.0,3,0,0,0,0,0,0,0,0,0
http://plasebisa.herokuapp.com,30,0,0,1,0,70.0,0,0,0.1667,23,0.95,0.1034,1.0,3,0,0,0,0,0,0,0,0,0
https://www.nheconomy.com,25,0,0,1,1,80.0,0,0,0.2,17,0.95,0.1667,1.0,3,2,0,1,3,0,1,0,1,1
https://www.frenchkissrecords.com,33,0,0,1,1,75.7576,0,0,0.1515,25,0.95,0.1562,1.0,3,8,0,0,18,0,1,0,1,1
https://www.coastal.ca.gov,26,0,0,2,1,76.9231,0,0,0.2308,18,0.99,0.16,1.0,3,0,0,1,27,1,1,0,1,1
https://bikanertahlka.com/wp-content/uploads/2023/index1.php?b97c15bc2d6025a9916859190f5c9e6fb97c15bc2d6025a9916859190f5c9e6fb97c15bc2d6025a9916859190f5c9e6fb97c15bc2d6025a9916859190f5c9e6fb97c15bc2d6025a9916859190f5c9e6fb97c15bc2d6025a9916859190f5c9e6fb97c15bc2d6025a9916859190f5c9e6f=,286,0,0,0,1,96.5035,1,1,0.042,17,0.95,0.0316,1.0,3,0,1,0,22,0,1,0,0,0
https://www.deenalarsen.net,27,0,0,1,1,77.7778,0,0,0.1852,19,0.85,0.1923,1.0,3,0,0,0,0,0,1,0,0,1
https://elephant-l8kj-l8mc.o7kydid94048.workers.dev/,52,0,0,2,1,75.0,0,0,0.1731,43,0.5,0.0392,1.0,3,0,0,0,0,0,0,0,0,0
http://dongqili.com/,20,0,0,0,0,45.0,0,0,0.25,12,0.95,0.1053,1.0,3,0,0,0,0,0,0,0,0,0
https://www.icit-digital.org,28,0,0,1,1,60.7143,0,0,0.2143,20,0.9,0.1481,1.0,3,0,0,1,111,1,1,1,1,1
https://www.fig.us,18,0,0,1,1,61.1111,0,0,0.2778,10,0.85,0.2353,1.0,2,0,0,0,0,0,0,0,0,1
https://www.mikenutterllc.com,29,0,0,1,1,65.5172,0,0,0.1724,21,0.95,0.2143,1.0,3,0,0,1,0,1,0,0,1,1
https://www.drtel.com,21,0,0,1,1,47.619,0,0,0.2381,13,0.95,0.2,1.0,3,1,0,0,0,0,1,0,1,1
https://espace-pecyculier.firebaseapp.com/,42,0,0,1,1,76.1905,0,0,0.1667,33,0.95,0.0732,1.0,3,0,0,0,0,0,0,0,0,0
https://www.hipkitclub.net,26,0,0,1,1,65.3846,0,0,0.1923,18,0.85,0.16,1.0,3,0,2,1,7,0,1,0,1,1
http://www.dyn-o-saur.com,25,0,0,1,0,52.0,0,0,0.28,18,0.95,0.1667,1.0,3,0,0,1,0,1,1,0,1,0
https://pub-614cf701e3864b06861d488e86368b1c.r2.dev/lokk.html,61,0,0,1,1,81.9672,0,0,0.1311,43,0.5,0.0667,1.0,3,0,0,0,0,0,0,0,0,0
https://57738d6f-8f37-46ac-aaa4-f448ef168673.id.repl.co/,56,0,0,2,1,83.9286,0,0,0.1964,47,0.8,0.1091,1.0,2,0,0,0,0,0,0,0,0,0
https://www.biologiaholistica.com,33,0,0,1,1,84.8485,0,0,0.1515,25,0.95,0.125,1.0,3,0,1,0,45,0,0,0,1,1
https://cf-ipfs.com/ipfs/qmfnh9mxryt9vgcwnx5z6zecusb7kajdcqqgl6vwnrdbkq,71,0,0,0,1,83.0986,0,0,0.0986,11,0.95,0.0429,1.0,3,0,0,0,0,0,0,0,0,0
https://www.drugs.ie,20,0,0,1,1,55.0,0,0,0.25,12,0.5,0.2105,1.0,2,1,0,1,73,0,1,0,1,1
https://www.dunesevent.com,26,0,0,1,1,65.3846,0,0,0.1923,18,0.95,0.16,1.0,3,0,0,0,0,0,0,0,0,1
https://www.netgsm.com.tr,25,0,0,2,1,64.0,0,0,0.24,17,0.5,0.1667,1.0,2,2,0,1,0,0,1,0,1,1
https://www.postbellum.cz,25,0,0,1,1,64.0,0,0,0.2,17,0.5,0.2083,1.0,2,0,0,0,39,0,1,0,1,1
https://bafybeiaofynny7pegij46zo2j5zqitjbxkssynogvjywjv7llgl5zm4nom.ipfs.dweb.link/,83,0,0,2,1,91.5663,0,0,0.0843,74,0.5,0.061,1.0,4,0,0,0,0,0,0,0,0,0
http://www.ir-kosarbank.cf,26,0,0,1,0,57.6923,0,0,0.2308,19,0.5,0.16,1.0,2,0,0,0,0,0,0,0,0,0
https://www.iclsales.com,24,0,0,1,1,66.6667,0,0,0.2083,16,0.95,0.1739,1.0,3,0,0,0,66,0,1,0,1,1
https://www.sumocyco.com,24,0,0,1,1,79.1667,0,0,0.2083,16,0.95,0.1739,1.0,3,6,0,1,49,0,1,0,1,1
https://www.lcf.ca,18,0,0,1,1,61.1111,0,0,0.2778,10,0.88,0.2353,1.0,2,0,0,0,2,0,1,0,1,1
http://www.theweekendauthor.com,31,0,0,1,0,67.7419,0,0,0.1613,24,0.95,0.1667,1.0,3,0,0,0,0,0,0,0,0,0
http://www.fastprowb.com,24,0,0,1,0,62.5,0,0,0.2083,17,0.95,0.1739,1.0,3,0,0,0,0,0,0,0,0,0
http://kos-tip.ru/home/,23,0,0,0,0,56.5217,0,0,0.3043,10,0.5,0.0909,1.0,2,0,0,0,0,0,0,0,0,0
http://www.0oers58juxhcm7e.aze.link,35,0,0,2,0,42.8571,0,0,0.1714,28,0.5,0.1176,1.0,4,0,0,0,0,0,0,0,0,0
https://www.girton.cam.ac.uk,28,0,0,3,1,57.1429,0,0,0.25,20,0.9,0.1481,1.0,2,1,0,0,2,0,0,0,1,1
http://roaring-khapse-2ca825.netlify.app/,41,0,0,1,0,73.1707,0,0,0.1951,33,0.5,0.075,1.0,3,0,0,0,0,0,0,0,0,0
http://u1994973.cp.regruhosting.ru/,35,0,0,2,0,68.5714,0,0,0.2,27,0.5,0.0882,1.0,2,0,0,0,0,0,0,0,0,0
http://www.yurongshipin.com,27,0,0,1,0,70.3704,0,0,0.1852,20,0.95,0.1538,1.0,3,0,0,0,0,0,0,0,0,0
https://maildinshaakckjnw428.firebaseapp.com/,45,0,0,1,1,73.3333,0,0,0.1333,36,0.95,0.0909,1.0,3,0,0,0,0,0,0,0,0,0
https://www.toyota.com.cn,25,0,0,2,1,68.0,0,0,0.24,17,0.5,0.1667,1.0,2,0,0,1,25,0,1,0,0,1
https://www.live-education.com,30,0,0,1,1,60.0,0,0,0.2,22,0.95,0.1379,1.0,3,0,0,0,0,0,0,0,0,1
https://www.webbdeepsky.com,27,0,0,1,1,70.3704,0,0,0.1852,19,0.95,0.2308,1.0,3,0,0,0,2,0,0,0,0,1
https://is.gd/accedibpercard,28,0,0,0,1,82.1429,0,0,0.1786,5,0.5,0.1111,1.0,2,0,0,0,0,0,0,0,0,0
https://www.thedumpradio.com,28,0,0,1,1,71.4286,0,0,0.1786,20,0.95,0.1481,1.0,3,1,0,0,0,0,0,0,0,1
https://www.danburysmiles.com,29,0,0,1,1,48.2759,0,0,0.1724,21,0.95,0.1429,1.0,3,0,0,0,0,0,0,0,0,1
https://www.naii.io,19,0,0,1,1,63.1579,0,0,0.2632,11,0.5,0.2778,1.0,2,0,0,1,0,1,1,0,1,1
https://www.dailypost.vu,24,0,0,1,1,58.3333,0,0,0.2083,16,0.5,0.1739,1.0,2,2,0,1,15,0,1,0,1,1
https://www.winchesterguns.com,30,0,0,1,1,73.3333,0,0,0.1667,22,0.95,0.1379,1.0,3,8,0,0,10,1,1,0,1,1
http://qybrbgjhzf.duckdns.org,29,0,0,1,0,55.1724,0,0,0.1724,22,0.9,0.0714,1.0,3,0,0,0,0,0,0,0,0,0
http://security-page-community-standards.blogspot.in/,53,0,0,1,0,92.4528,0,0,0.1698,45,0.9,0.0577,1.0,2,0,0,0,0,0,0,0,0,0
https://gateway.ipfs.io/ipfs/bafybeifkh27c2b2hqmm2tte5jp6eq3uincyhmxxaukoespre46zjpexybe,88,0,0,1,1,88.6364,0,0,0.0795,15,0.5,0.0575,1.0,2,0,0,0,0,0,0,0,0,0
https://www.petalgarden.com,27,0,0,1,1,59.2593,0,0,0.1852,19,0.95,0.1538,1.0,3,0,1,0,1,0,0,0,1,1
http://43.134.163.95/v3/signin/identifier?dsh=s1728085605:1679498425538369&amp;followup=https://accounts.google.com/?&amp;ifkv=awnoghfr8cftdpd-aovcioqrgholqfawmkccv2iwpa5jlcb0mu-chorjltx3offo1hrax3byxiwa5w&amp;passive=1209600&amp;xrealip=193.226.177.45&amp;continue=https://accounts.google.com/?&amp;xrealip=217.138.252.52&amp;flowname=glifwebsignin&amp;flowentry=servicelogin&amp;ifkv=aqmjq7r4qy88acts0x1avn9qyz5qs-x0upa_d1jwxicfs4xt-uvmp_2ofzr7a5dyw45s6f6sug9flw,464,1,0,2,0,100.0,10,3,0.1401,13,0.5,0.041,0.9806,2,0,0,0,0,0,0,0,0,0
https://www.bma.org.uk,22,0,0,2,1,45.4545,0,0,0.2727,14,0.9,0.1905,1.0,2,2,0,0,3,0,1,0,1,1
https://www.bahzani.net,23,0,0,1,1,69.5652,0,0,0.2174,15,0.85,0.1818,1.0,3,0,0,0,4,1,1,1,1,1
https://bmogsp.com/,19,0,0,0,1,68.4211,0,0,0.2632,10,0.95,0.1111,1.0,3,0,0,0,1,0,0,0,0,0
https://www.louisemathewson.com,31,0,0,1,1,74.1935,0,0,0.1613,23,0.95,0.1333,1.0,3,0,0,0,8,0,1,0,1,1
https://www.pctipsbox.com,25,0,0,1,1,76.0,0,0,0.2,17,0.95,0.1667,1.0,3,1,3,1,0,1,1,0,1,1
https://digibank-by-dbs.formaloo.net/dbs,40,0,0,1,1,72.5,0,0,0.2,28,0.85,0.0769,1.0,3,0,0,0,0,0,0,0,0,0
http://www.gtraff.com,21,0,0,1,0,57.1429,0,0,0.2381,14,0.95,0.25,1.0,3,0,0,0,0,1,0,0,0,0
https://www.operanorth.co.uk,28,0,0,2,1,71.4286,0,0,0.2143,20,0.9,0.1481,1.0,2,1,0,1,82,0,1,0,1,1
https://ayush8757.github.io/facebookloginclone/,47,0,0,1,1,85.1064,0,0,0.1489,19,0.5,0.0652,1.0,2,0,0,0,0,0,0,0,0,0
https://www.gastronomias.com,28,0,0,1,1,71.4286,0,0,0.1786,20,0.95,0.1481,1.0,3,0,0,1,84,1,1,0,1,1
http://znglzwbdfo.theweddingshow.club/vnafvra97w/?q=3717065149&id=100,69,0,0,1,0,81.1594,2,1,0.1594,30,0.5,0.0588,1.0,4,0,0,0,0,0,0,0,0,0
https://connection-orangebank-certicode.derlma.com/5924873/,59,0,0,1,1,74.5763,0,0,0.1525,42,0.95,0.0517,1.0,3,0,0,0,0,0,0,0,0,0
https://anwaltt.com/images,26,0,0,0,1,53.8462,0,0,0.1923,11,0.95,0.12,1.0,3,0,0,0,0,0,0,0,0,0
https://www.koreanclass101.com,30,0,0,1,1,66.6667,0,0,0.1667,22,0.95,0.1724,1.0,3,1,0,1,2,0,1,1,0,1
https://metamask-logines.godaddysites.com/,42,0,0,1,1,78.5714,0,0,0.1667,33,0.95,0.0732,1.0,3,0,0,0,0,0,0,0,0,0
https://li7ft-100237.square.site/,33,0,0,1,1,60.6061,0,0,0.2121,24,0.35,0.0938,1.0,4,0,0,0,0,0,0,0,0,0
http://www.sxuseon.com,22,0,0,1,0,59.0909,0,0,0.2273,15,0.95,0.1905,1.0,3,0,0,0,0,0,0,0,0,0
http://www.leaderarena.com,26,0,0,1,0,65.3846,0,0,0.1923,19,0.95,0.16,1.0,3,0,0,0,0,0,0,0,0,0
https://www.juicegrape.com,26,0,0,1,1,57.6923,0,0,0.1923,18,0.95,0.16,1.0,3,0,0,0,0,0,0,0,0,1
https://www.iats.info,21,0,0,1,1,66.6667,0,0,0.2381,13,0.55,0.2,1.0,4,0,0,0,63,0,1,0,0,1
https://cloudflare-ipfs.com/ipfs/bafybeibtzwk4n6aishsypwnt3w5b7wmqeft7gsptjztz6isbqogvt7l7zm/,93,0,0,0,1,87.0968,0,0,0.086,19,0.95,0.0217,1.0,3,0,0,0,0,0,0,0,0,0
http://www.chmproxy.bid,23,0,0,1,0,56.5217,0,0,0.2174,16,0.5,0.1818,1.0,3,0,0,0,0,0,0,0,0,0
https://www.kerrylibrary.ie,27,0,0,1,1,70.3704,0,0,0.1852,19,0.5,0.1923,1.0,2,0,0,0,9,0,0,0,1,1
https://www.faac.com,20,0,0,1,1,65.0,0,0,0.25,12,0.95,0.2632,1.0,3,3,0,0,254,0,1,0,1,1
https://www.marbridgeconsulting.com,35,0,0,1,1,74.2857,0,0,0.1429,27,0.95,0.1176,1.0,3,0,0,0,0,0,0,0,0,1
http://paypal-support.com.desenvolvedortheosbank.com.br/billing.php?cmd=_account-details&session=0f623aa1ccb5ef2c6a69542f839cba0d&dispatch=d2a1561bf830b742de2be6a691b3a5b8b299ce57,179,0,0,3,0,96.648,3,1,0.1006,48,0.5,0.0506,1.0,2,0,0,0,0,0,0,0,0,0
http://www.lccem.com,20,0,0,1,0,70.0,0,0,0.25,13,0.95,0.2632,1.0,3,0,0,0,0,0,0,0,0,0
http://www.seascececsaocnrir.soearacseosniaoeoosnmerrnesc.eucvbc.top/k7oimyjheu/page1.php,89,0,0,3,0,89.8876,0,0,0.1124,61,0.3,0.0682,1.0,3,0,0,0,0,0,0,0,0,0
https://adopen.az/off/officeadobe/index.html,44,0,0,0,1,81.8182,0,0,0.1818,9,0.5,0.093,1.0,2,0,0,0,0,0,0,0,0,0
https://www.funoramic.com,25,0,0,1,1,60.0,0,0,0.2,17,0.95,0.1667,1.0,3,1,0,1,0,1,1,0,1,1
http://www.kakosidobrosam.gq,28,0,0,1,0,64.2857,0,0,0.1786,21,0.5,0.1481,1.0,2,0,0,0,0,0,0,0,0,0
https://www.jfa.jp,18,0,0,1,1,72.2222,0,0,0.2778,10,0.5,0.2353,1.0,2,5,0,0,5,0,1,0,1,1
http://www.phpencryptssl.com,28,0,0,1,0,71.4286,0,0,0.1786,21,0.95,0.1852,1.0,3,0,0,0,0,0,0,0,0,0
https://www.roofersscarborough.com,34,0,0,1,1,73.5294,0,0,0.1471,26,0.95,0.1818,1.0,3,0,0,0,0,0,0,0,0,1
https://www.matalan.co.uk,25,0,0,2,1,56.0,0,0,0.24,17,0.9,0.1667,1.0,2,1,2,0,3,0,1,0,1,1
https://www.whittlesea.vic.gov.au,33,0,0,3,1,78.7879,0,0,0.2121,25,0.88,0.1562,1.0,2,0,0,0,0,0,0,0,0,1
https://www.hauntedhappeningssalem.com,38,0,0,1,1,78.9474,0,0,0.1316,30,0.95,0.1622,1.0,3,0,0,0,0,0,1,0,1,1
https://t.co/m0rhu4nopv,23,0,0,0,1,52.1739,0,0,0.2174,4,0.8,0.0909,1.0,2,0,0,0,0,0,0,0,0,0
http://43.134.163.95/servicelogin?dsh=s168737667:1679195817528837&flowentry=servicelogin&ifkv=awnoghfnuxftyfazawcezlxq0rmmldqwi3im5_moszhgalke3d3gzx9f3guqxlmipm4ffcze6qta8a&nojavascript=1,187,1,0,2,0,97.3262,4,1,0.0909,13,0.5,0.0323,1.0,2,0,0,0,0,0,0,0,0,0
https://www.qldcricket.com.au,29,0,0,2,1,48.2759,0,0,0.2069,21,0.88,0.1429,1.0,2,1,0,0,8,0,1,0,1,1
https://www.chevronmarineproducts.com,37,0,0,1,1,83.7838,0,0,0.1351,29,0.95,0.1111,1.0,3,2,0,0,2,0,1,0,1,1
http://www.amazcazzm-co-jp.amazococn.bhouhje2qwhhjyz8.shop/,59,0,0,3,0,83.0508,0,0,0.1695,51,0.5,0.1034,1.0,4,0,0,0,0,0,0,0,0,0
https://sadatcoldstorage.com/sella/sella.it/e7d4e19/sign_in.php,63,0,0,0,1,87.3016,0,0,0.1746,20,0.95,0.0645,1.0,3,0,0,0,0,0,0,0,0,0
https://app-innfitepays.com/pt-br/?login=pxyppnzcvlbrtvszpbmtfivonzfskhyvrkqgryfoeivyslehceatekitsgkl,101,0,0,0,1,94.0594,1,1,0.099,19,0.95,0.05,1.0,3,0,0,0,0,0,0,0,0,0
https://eeww-b4114.firebaseapp.com/,35,0,0,1,1,74.2857,0,0,0.2,26,0.95,0.1765,1.0,3,0,0,0,0,0,0,0,0,0
https://www.houston-enzymes.com,31,0,0,1,1,77.4194,0,0,0.1935,23,0.95,0.1333,1.0,3,1,0,1,8,0,1,0,1,1
https://www.pahc.com,20,0,0,1,1,75.0,0,0,0.25,12,0.95,0.2105,1.0,3,1,0,0,88,0,1,0,1,1
https://www.aame.in,19,0,0,1,1,57.8947,0,0,0.2632,11,0.9,0.2778,1.0,2,2,32,0,184,0,0,0,1,1
https://fortelarme.com.br/wp-content/ikcgohff7wn29qozaqt8e4mewllbra1vkyjubpx03d5xidrjym/,88,0,0,1,1,81.8182,0,0,0.1023,17,0.5,0.046,1.0,2,0,0,0,0,0,0,0,0,0
https://www.16haber.com,23,0,0,1,1,47.8261,0,0,0.2174,15,0.95,0.1818,1.0,3,1,0,1,178,0,0,0,1,1
https://www.andesceltig.com,27,0,0,1,1,59.2593,0,0,0.1852,19,0.95,0.1538,1.0,3,0,0,0,1,0,1,0,0,1
http://www.aouynopy.ga,22,0,0,1,0,77.2727,0,0,0.2273,15,0.5,0.1905,1.0,2,0,0,0,0,0,0,0,0,0
https://wv8cva.webwave.dev/,27,0,0,1,1,70.3704,0,0,0.2222,18,0.5,0.0769,1.0,3,0,0,0,0,0,0,0,0,0
https://www.dowjones.com,24,0,0,1,1,62.5,0,0,0.2083,16,0.95,0.1739,1.0,3,0,0,1,56,0,1,0,1,1
https://www.theinformationdaily.com,35,0,0,1,1,71.4286,0,0,0.1429,27,0.95,0.1176,1.0,3,0,0,0,0,0,0,0,0,1
https://www.unesa.ac.id,23,0,0,2,1,60.8696,0,0,0.2609,15,0.5,0.1818,1.0,2,0,0,1,1,0,1,0,1,1
http://www.entitygaming.in,26,0,0,1,0,73.0769,0,0,0.1923,19,0.9,0.16,1.0,2,0,0,0,0,0,0,0,0,0
https://www.carltoepferstiftung.de,34,0,0,1,1,67.6471,0,0,0.1471,26,0.88,0.1212,1.0,2,0,0,0,79,0,0,0,1,1
https://www.heavenlygreens.com,30,0,0,1,1,63.3333,0,0,0.1667,22,0.95,0.1724,1.0,3,3,0,1,464,0,1,0,1,1
http://syncreveal.xyz,21,0,0,0,0,38.0952,0,0,0.1905,14,0.35,0.1,1.0,3,0,0,0,0,0,0,0,0,0
https://www.grasshoppergardensmi.com,36,0,0,1,1,86.1111,0,0,0.1389,28,0.95,0.1714,1.0,3,0,0,0,4,0,1,0,1,1
https://www.thelateageofprint.org,33,0,0,1,1,81.8182,0,0,0.1515,25,0.9,0.125,1.0,3,0,0,0,0,0,0,0,0,1
https://www.northernpen.ca,26,0,0,1,1,80.7692,0,0,0.1923,18,0.88,0.16,1.0,2,0,1,0,221,0,1,1,0,1
https://www.unshoesusa.com,26,0,0,1,1,73.0769,0,0,0.1923,18,0.95,0.16,1.0,3,0,1,1,7,0,1,0,1,1
https://www.jointlearningnetwork.org,36,0,0,1,1,77.7778,0,0,0.1389,28,0.9,0.1143,1.0,3,0,0,0,0,0,0,0,0,1
https://fdsargg.dumb1.com/,26,0,0,1,1,57.6923,0,0,0.2308,17,0.95,0.12,1.0,3,0,0,0,0,0,0,0,0,0
https://www.nwitimes.com,24,0,0,1,1,70.8333,0,0,0.2083,16,0.95,0.1739,1.0,3,3,0,1,0,1,1,0,1,1
https://gateway.pinata.cloud/ipfs/bafybeiamjih5g3pgqur5gtbzil7kjep3vtszsunt75kz7l24q36h53rwai/resultsbox18_onedrive44649.html,125,0,0,1,1,93.6,0,0,0.08,20,0.5,0.0242,1.0,5,0,0,0,0,0,0,0,0,0
https://bisainformacionbanca.nuevobloqueo.repl.co/,50,0,0,2,1,88.0,0,0,0.14,41,0.8,0.0408,1.0,2,0,0,0,0,0,0,0,0,0
https://www.wsdweb.org,22,0,0,1,1,59.0909,0,0,0.2273,14,0.9,0.1905,1.0,3,1,0,0,12,0,1,0,1,1
https://www.lascuolasf.org,26,0,0,1,1,69.2308,0,0,0.1923,18,0.9,0.16,1.0,3,2,0,0,21,0,1,0,1,1
https://www.brswimwear.com,26,0,0,1,1,65.3846,0,0,0.1923,18,0.95,0.16,1.0,3,0,0,1,37,0,1,1,1,1
https://www.radyofm60.com,25,0,0,1,1,52.0,0,0,0.2,17,0.95,0.1667,1.0,3,0,0,0,0,0,0,0,0,1
https://829eddfe-81ee-4b6c-9fe1-7585f49561c1.id.repl.co/,56,0,0,2,1,82.1429,0,0,0.1964,47,0.8,0.0727,1.0,2,0,0,0,0,0,0,0,0,0
https://www.ukstreetart.co.uk,29,0,0,2,1,79.3103,0,0,0.2069,21,0.9,0.1786,1.0,2,0,0,0,0,0,0,0,0,1
https://www.vagamon.com,23,0,0,1,1,65.2174,0,0,0.2174,15,0.95,0.1818,1.0,3,1,1,1,108,0,1,0,1,1
https://feyzy0.webwave.dev/,27,0,0,1,1,62.963,0,0,0.2222,18,0.5,0.0769,1.0,3,0,0,0,0,0,0,0,0,0
https://www.genbeta.com,23,0,0,1,1,52.1739,0,0,0.2174,15,0.95,0.1818,1.0,3,0,0,0,53,1,1,0,1,1
http://moodysplus.com,21,0,0,0,0,61.9048,0,0,0.1905,14,0.95,0.15,1.0,3,0,0,0,0,0,0,0,0,0
https://www.leathercouncil.org,30,0,0,1,1,73.3333,0,0,0.1667,22,0.9,0.1379,1.0,3,0,0,0,0,0,0,0,0,1
https://fonction-pst.web.app/,29,0,0,1,1,65.5172,0,0,0.2414,20,0.5,0.1071,1.0,3,0,0,0,0,0,0,0,0,0
http://www.anti.sh,18,0,0,1,0,66.6667,0,0,0.2778,11,0.5,0.2353,1.0,2,0,0,0,0,0,0,0,0,0
https://www.vespatales.com,26,0,0,1,1,73.0769,0,0,0.1923,18,0.95,0.16,1.0,3,0,10,0,87,0,1,0,1,1
https://www.hackneyshowroom.com,31,0,0,1,1,74.1935,0,0,0.1613,23,0.95,0.1667,1.0,3,0,0,0,52,0,1,0,1,1
https://bafybeifax5eqv7gdlyhyialpeq77xa6nv7v52wejm3gyquusyn534m2eze.ipfs.dweb.link/?filename=index.html&email=3mail@b.c,119,0,1,2,1,91.5966,2,1,0.1176,74,0.5,0.0339,0.9916,4,0,0,0,0,0,0,0,0,0
https://www.jiocloud.com,24,0,0,1,1,58.3333,0,0,0.2083,16,0.95,0.1739,1.0,3,1,0,0,0,0,0,0,0,1
https://payconiq-app.web.app/,29,0,0,1,1,55.1724,0,0,0.2414,20,0.5,0.1429,1.0,3,0,0,0,0,0,0,0,0,0
http://lukers.com.sg/chronopostalertee/chronopostalertee,56,0,0,1,0,91.0714,0,0,0.125,13,0.5,0.0727,1.0,2,0,0,0,1,0,0,0,0,0
https://www.colorix.com,23,0,0,1,1,60.8696,0,0,0.2174,15,0.95,0.1818,1.0,3,2,0,0,56,0,1,0,1,1
http://www.comtoway.com,23,0,0,1,0,78.2609,0,0,0.2174,16,0.95,0.1818,1.0,3,0,0,0,0,0,0,0,0,0
https://bafybeie3l3xwy6t755uhhqsdivqq7m4bjr65zzyeqqkseg7hfly2lxhu4y.ipfs.cf-ipfs.com/,85,0,0,2,1,85.8824,0,0,0.0941,76,0.95,0.0833,1.0,3,0,0,0,0,0,0,0,0,0
https://www.gencon.com,22,0,0,1,1,68.1818,0,0,0.2273,14,0.95,0.1905,1.0,3,3,0,0,2,1,1,0,1,1
http://www.wvilla.enterhello.com,32,0,0,2,0,71.875,0,0,0.1875,25,0.95,0.1935,1.0,3,0,0,0,0,0,0,0,0,0
http://att-yahoo-mail-108533.weeblysite.com/,44,0,0,1,0,77.2727,0,0,0.2045,36,0.95,0.1395,1.0,3,0,0,0,0,0,0,0,0,0
https://www.consulting.us,25,0,0,1,1,68.0,0,0,0.2,17,0.85,0.1667,1.0,2,1,0,1,7,1,1,0,1,1
https://mail-service-100960.weeblysite.com/,43,0,0,1,1,69.7674,0,0,0.186,34,0.95,0.0952,1.0,3,0,0,0,0,0,0,0,0,0
https://maildinshaakckjnw510.firebaseapp.com/,45,0,0,1,1,73.3333,0,0,0.1333,36,0.95,0.0909,1.0,3,0,0,0,0,0,0,0,0,0
http://www.anonyproxy.biz,25,0,0,1,0,68.0,0,0,0.2,18,0.5,0.1667,1.0,3,0,0,0,0,0,0,0,0,0
https://www.colombiainforma.info,32,0,0,1,1,75.0,0,0,0.1562,24,0.55,0.129,1.0,4,0,0,0,379,0,1,0,1,1
https://www.hardnews.nl,23,0,0,1,1,69.5652,0,0,0.2174,15,0.5,0.1818,1.0,2,1,0,1,0,1,1,0,1,1
https://mez.ink/pemenanghadiah2022,34,0,0,0,1,76.4706,0,0,0.1471,7,0.5,0.0909,1.0,3,0,0,0,1,0,0,0,1,0
https://www.appsirgames.com,27,0,0,1,1,70.3704,0,0,0.1852,19,0.95,0.1923,1.0,3,0,1,0,37,1,1,0,1,1
https://www.nccu.edu,20,0,0,1,1,65.0,0,0,0.25,12,0.98,0.2632,1.0,3,2,0,0,20,0,1,0,1,1
https://deshiattire.com/one.html,32,0,0,0,1,75.0,0,0,0.1875,15,0.95,0.0968,1.0,3,0,0,0,0,0,0,0,0,0
https://1a869552-7cf3-4d63-a061-891331a0ad9f.id.repl.co,55,0,0,2,1,80.0,0,0,0.1818,47,0.8,0.0741,1.0,2,0,0,0,0,0,0,0,0,0
https://www.kinnarps.com,24,0,0,1,1,62.5,0,0,0.2083,16,0.95,0.2174,1.0,3,1,0,1,11,0,1,0,1,1
https://www.floriz.co.uk,24,0,0,2,1,50.0,0,0,0.25,16,0.9,0.1739,1.0,2,0,6,1,0,1,1,1,0,1
http://www.r0218.rsstatic.ru,28,0,0,2,0,60.7143,0,0,0.2143,21,0.5,0.1852,1.0,2,0,0,0,0,0,0,0,0,0
http://3aol3d74e9-3d74e9mail.yolasite.com/,42,0,0,1,0,83.3333,0,0,0.1667,34,0.95,0.0488,1.0,3,0,0,0,0,0,0,0,0,0
http://www.cultureacess.com,27,0,0,1,0,70.3704,0,0,0.1852,20,0.95,0.1923,1.0,3,0,0,0,0,0,0,0,0,0
http://www.jamaatforallah.com,29,0,0,1,0,79.3103,0,0,0.1724,22,0.95,0.2143,1.0,3,0,0,0,0,0,0,0,0,0
http://www.documentprotect.pro,30,0,0,1,0,80.0,0,0,0.1667,23,0.5,0.1379,1.0,3,0,0,0,0,0,0,0,0,0
http://www.x659541912cc4389d3fdd91cacc34031e3.ws,48,0,0,1,0,75.0,0,0,0.1042,41,0.5,0.1489,1.0,2,0,0,0,0,0,0,0,0,0
http://www.ultrasesebible.biz,29,0,0,1,0,75.8621,0,0,0.1724,22,0.5,0.1429,1.0,3,0,0,0,0,0,0,0,0,0
http://www.prepairweekend.nl,28,0,0,1,0,75.0,0,0,0.1786,21,0.5,0.1852,1.0,2,0,0,0,0,1,0,0,1,0
http://www.your-esiposis.vjcikcm.cn/web/login.jsp,49,0,0,2,0,75.5102,0,0,0.2041,28,0.5,0.0833,1.0,2,0,0,0,0,0,0,0,0,0
https://www.mjssm.me,20,0,0,1,1,75.0,0,0,0.25,12,0.5,0.2632,1.0,2,0,0,0,0,0,1,0,1,1
https://www.carolynshomework.com,32,0,0,1,1,75.0,0,0,0.1562,24,0.95,0.129,1.0,3,2,20,0,211,0,1,0,1,1
http://www.freeutils.3utilities.com,35,0,0,2,0,74.2857,0,0,0.1714,28,0.95,0.1471,1.0,3,0,0,0,0,0,0,0,0,0
https://www.ci.ramsey.mn.us,27,0,0,3,1,59.2593,0,0,0.2593,19,0.85,0.1538,1.0,2,0,0,0,0,0,0,0,0,1
https://www.wbs.co.jp,21,0,0,2,1,71.4286,0,0,0.2857,13,0.5,0.2,1.0,2,0,0,1,56,1,1,0,1,1
http://app0my00g0vapp.com/login-mygov/otp.html,46,0,0,0,0,89.1304,0,0,0.1739,18,0.95,0.1111,1.0,3,0,0,0,0,0,0,0,0,0
http://www.xmr.givemexyz.in,27,0,0,2,0,66.6667,0,0,0.2222,20,0.9,0.1538,1.0,2,0,0,0,0,0,0,0,0,0
https://docs.google.com/presentation/d/e/2pacx-1vrtgtexlzf4qtg5wqzoruvwx1aqlbpq_emllt5umoclarxsuqijvq-tohqpcqmtnb1pjwxnp8jzdy7x/pub?start=false&loop=false&delayms=3000&slide=id.p,178,0,0,1,1,95.5056,4,1,0.1236,15,0.95,0.0395,1.0,3,0,0,0,0,0,0,0,0,0
https://email-service-update-108313.weeblysite.com/,51,0,0,1,1,76.4706,0,0,0.1765,42,0.95,0.06,1.0,3,0,0,0,0,0,0,0,0,0
https://www.becreaturekind.org,30,0,0,1,1,53.3333,0,0,0.1667,22,0.9,0.1379,1.0,3,0,0,0,0,1,1,0,1,1
https://banco-dados-23.com/,27,0,0,0,1,66.6667,0,0,0.2593,18,0.95,0.0769,1.0,3,0,0,0,0,0,0,0,0,0
https://www.usz.ch,18,0,0,1,1,72.2222,0,0,0.2778,10,0.5,0.2353,1.0,2,0,0,0,159,0,1,0,1,1
https://www.washingtoninformer.com,34,0,0,1,1,79.4118,0,0,0.1471,26,0.95,0.1212,1.0,3,0,0,1,284,0,1,1,1,1
https://www.fclm.ru,19,0,0,1,1,47.3684,0,0,0.2632,11,0.5,0.2222,1.0,2,1,0,1,15,0,1,0,1,1
http://www.slayfearlessly.com,29,0,0,1,0,72.4138,0,0,0.1724,22,0.95,0.1786,1.0,3,0,0,0,0,0,0,0,0,0
http://www.44-192-59-201.cprapid.com,36,0,0,2,0,72.2222,0,0,0.25,29,0.95,0.1429,1.0,3,0,0,0,0,0,0,0,0,0
https://www.cultivatedwit.com,29,0,0,1,1,58.6207,0,0,0.1724,21,0.95,0.1429,1.0,3,0,0,0,0,1,1,0,0,1
https://www.pinkpolkadotbooks.com,33,0,0,1,1,69.697,0,0,0.1515,25,0.95,0.1562,1.0,3,1,0,0,2,0,1,0,1,1
https://helppagessistem.start.page/,35,0,0,1,1,85.7143,0,0,0.1714,26,0.5,0.1176,1.0,4,0,0,0,0,0,0,0,1,0
https://www.swagbucks.com,25,0,0,1,1,60.0,0,0,0.2,17,0.95,0.1667,1.0,3,0,0,0,0,0,0,0,1,1
https://olx.5315122.xyz/z0vp37mh/rmjhgc/8,41,0,0,1,1,68.2927,0,0,0.1951,15,0.35,0.075,1.0,3,0,0,0,0,0,0,0,0,0
http://www.f0539494.xsph.ru,27,0,0,2,0,66.6667,0,0,0.2222,20,0.5,0.1538,1.0,2,0,0,0,0,0,0,0,0,0
https://ipfs.io/ipfs/qmvfyn4fitf6wqem6ztjzw7nymbgxdlrwmmircvccvcr5k/index.html,78,0,0,0,1,88.4615,0,0,0.1026,7,0.5,0.0519,1.0,2,0,0,0,0,0,0,0,0,0
http://www.eblghi.ml,20,0,0,1,0,65.0,0,0,0.25,13,0.5,0.2105,1.0,2,0,0,0,0,0,0,0,0,0
https://www.ekni-nct.ekint.ndbsyt.top,37,0,0,3,1,78.3784,0,0,0.2162,29,0.3,0.1111,1.0,3,0,0,0,0,0,0,0,0,0
http://www.houstondermsociety.org,33,0,0,1,0,69.697,0,0,0.1515,26,0.9,0.125,1.0,3,0,0,1,0,0,1,0,0,0
http://www.video.stream.vidzi.tv,32,0,0,3,0,71.875,0,0,0.2188,25,0.5,0.129,1.0,2,1,0,0,0,0,0,0,0,0
https://www.londoncarpentrysolutions.co.uk,42,0,0,2,1,80.9524,0,0,0.1429,34,0.9,0.0976,1.0,2,0,0,0,0,0,0,0,0,1
https://7p4mdvy3efd4tm2o6gu46cxnjez4czmts5tq23anjc5lxprqllcq.arweave.net/-_jb1xshr8mztvgpzwrtstpbzzoxzw1sdui6u74wwsu,116,0,0,1,1,93.9655,0,0,0.069,64,0.85,0.0435,1.0,3,0,0,0,0,0,0,0,0,0
http://www.casinorates.online,29,0,0,1,0,79.3103,0,0,0.1724,22,0.35,0.1429,1.0,6,0,0,0,0,0,0,0,0,0
https://www.winemerchantcincinnati.com,38,0,0,1,1,86.8421,0,0,0.1316,30,0.95,0.1351,1.0,3,0,1,1,4,0,0,0,1,1
https://pub-b71c16e9ba864559ac772df2b4d9f147.r2.dev/verification.html,69,0,0,1,1,86.9565,0,0,0.1159,43,0.5,0.0588,1.0,3,0,0,0,0,0,0,0,0,0
https://www.dpdparcelwizard.ie,30,0,0,1,1,80.0,0,0,0.1667,22,0.5,0.1379,1.0,2,0,2,1,2,0,0,0,1,1
https://www.amaeozn-co-jp.amazecn.tqybfw.top/ap/signin,54,0,0,3,1,85.1852,0,0,0.2037,36,0.3,0.0755,1.0,3,0,0,0,0,0,0,0,0,0
https://www.losarcanos.com,26,0,0,1,1,73.0769,0,0,0.1923,18,0.95,0.16,1.0,3,0,0,0,0,0,0,0,0,1
https://56c1edc16c1f.godaddysites.com/,38,0,0,1,1,73.6842,0,0,0.1579,29,0.95,0.0811,1.0,3,0,0,0,0,0,0,0,0,0
https://www.waskasoopark.ca,27,0,0,1,1,85.1852,0,0,0.1852,19,0.88,0.1923,1.0,2,0,0,0,0,0,0,0,0,1
https://www.swap.qth.com,24,0,0,2,1,75.0,0,0,0.25,16,0.95,0.1739,1.0,3,0,0,0,0,0,1,0,0,1
http://www.approved666.pro,26,0,0,1,0,76.9231,0,0,0.1923,19,0.5,0.28,1.0,3,0,0,0,0,0,0,0,0,0
https://www.theoplayer.com,26,0,0,1,1,69.2308,0,0,0.1923,18,0.95,0.16,1.0,3,1,0,0,0,0,1,0,1,1
https://www.xmenglish.cn,24,0,0,1,1,62.5,0,0,0.2083,16,0.5,0.1739,1.0,2,0,0,0,16,0,0,0,1,1
https://www.abog.org,20,0,0,1,1,65.0,0,0,0.25,12,0.9,0.2105,1.0,3,0,0,0,0,0,0,0,0,1
http://www.zzujllop.cannca.shop,31,0,0,2,0,87.0968,0,0,0.1935,24,0.5,0.2333,1.0,4,0,0,0,0,0,0,0,0,0
https://www.wanderlustandlife.com,33,0,0,1,1,69.697,0,0,0.1515,25,0.95,0.125,1.0,3,0,0,0,0,0,0,0,0,1
https://valpaint.at/bnrh/,25,0,0,0,1,68.0,0,0,0.24,11,0.5,0.0833,1.0,2,0,0,0,0,0,0,0,0,0
https://ipfs.io/ipfs/bafybeiazpjy3mxuncv2bf3m6fjnb7d26gfolnrmxdw3o3giozy7a3mouui/,81,0,0,0,1,88.8889,0,0,0.0864,7,0.5,0.0375,1.0,2,0,0,0,0,0,0,0,0,0
http://www.aedl-iran.ga,23,0,0,1,0,52.1739,0,0,0.2609,16,0.5,0.1818,1.0,2,0,0,0,0,0,0,0,0,0
https://www.hearingaidknow.com,30,0,0,1,1,66.6667,0,0,0.1667,22,0.95,0.1379,1.0,3,0,0,0,1,1,1,0,1,1
https://www.doseofroses.com,27,0,0,1,1,70.3704,0,0,0.1852,19,0.95,0.1538,1.0,3,0,0,0,0,0,0,0,0,1
https://www.geeks3d.com,23,0,0,1,1,56.5217,0,0,0.2174,15,0.95,0.2273,1.0,3,0,0,1,157,1,1,0,1,1
https://www.chainsawchick.com,29,0,0,1,1,79.3103,0,0,0.1724,21,0.95,0.1429,1.0,3,0,0,0,0,0,0,0,0,1
http://www.radicallymessy.church,32,0,0,1,0,78.125,0,0,0.1562,25,0.5,0.1935,1.0,6,0,0,0,0,0,0,0,0,0
https://www.amisdebourvil.fr,28,0,0,1,1,53.5714,0,0,0.1786,20,0.5,0.1481,1.0,2,0,0,0,0,0,0,0,0,1
https://www.thehits.co.nz,25,0,0,2,1,68.0,0,0,0.24,17,0.5,0.1667,1.0,2,1,0,1,104,0,1,0,1,1
http://www.celeftandhen.ru,26,0,0,1,0,65.3846,0,0,0.1923,19,0.5,0.16,1.0,2,0,0,0,0,0,0,0,0,0
http://www.conectionapis.com,28,0,0,1,0,78.5714,0,0,0.1786,21,0.95,0.1481,1.0,3,0,0,0,0,0,0,0,0,0
https://www.blacknbianco.com,28,0,0,1,1,71.4286,0,0,0.1786,20,0.95,0.1481,1.0,3,1,0,1,60,0,1,1,1,1
http://caycos.beispielseite-wmka.de/wp-content/plugins/made/madeinch/madeinch.php?email=compass@compass.com.tw,110,0,1,1,0,91.8182,1,1,0.1636,28,0.88,0.0367,0.9909,2,0,0,0,0,0,0,0,0,0
https://www.angelexxa.com,25,0,0,1,1,60.0,0,0,0.2,17,0.95,0.2083,1.0,3,1,12,0,164,0,0,0,1,1
https://www.mapplethorpefilm.com,32,0,0,1,1,78.125,0,0,0.1562,24,0.95,0.1613,1.0,3,0,0,0,1,0,1,0,0,1
http://www.iran-peygiri.ml,26,0,0,1,0,61.5385,0,0,0.2308,19,0.5,0.16,1.0,2,0,0,0,0,0,0,0,0,0
https://www.itis.gov,20,0,0,1,1,70.0,0,0,0.25,12,0.99,0.2105,1.0,3,0,0,1,2,0,1,0,0,1
https://www.zucchero.it,23,0,0,1,1,60.8696,0,0,0.2174,15,0.5,0.2273,1.0,2,0,0,0,0,0,0,0,0,1
https://www.poolit.org,22,0,0,1,1,68.1818,0,0,0.2273,14,0.9,0.2381,1.0,3,1,0,0,42,0,1,0,1,1
http://www.msdip.com,20,0,0,1,0,65.0,0,0,0.25,13,0.95,0.2105,1.0,3,0,0,0,0,0,0,0,0,0
http://emelicker-wixsite-com.usrfiles.com/html/0e472f_4d9b2a88f72eb4191a8eb158b004ca1f.html,91,0,0,1,0,90.1099,0,0,0.1209,34,0.95,0.0444,1.0,3,0,0,0,0,0,0,0,0,0
https://www.freelists.org,25,0,0,1,1,68.0,0,0,0.2,17,0.9,0.2083,1.0,3,0,0,0,0,0,0,0,0,1
http://05713659.com/,20,0,0,0,0,35.0,0,0,0.25,12,0.95,0.1053,1.0,3,0,0,0,0,0,0,0,0,0
https://gateway.pinata.cloud/ipfs/bafybeiardsa5er7hxrjr74j6khdgikhmxomx5hrwldrefftslvh72a3rai/karatwebautoback.html,115,0,0,1,1,93.913,0,0,0.0783,20,0.5,0.0263,1.0,5,0,0,0,0,0,0,0,0,0
https://www.jewelust.com,24,0,0,1,1,62.5,0,0,0.2083,16,0.95,0.1739,1.0,3,0,0,1,75,0,1,0,1,1
https://aol-103740.weeblysite.com/,34,0,0,1,1,55.8824,0,0,0.2059,25,0.95,0.0909,1.0,3,0,0,0,0,0,0,0,0,0
http://www.log.bestrongerlouder.com,35,0,0,2,0,71.4286,0,0,0.1714,28,0.95,0.1176,1.0,3,0,0,0,0,0,0,0,0,0
https://www.insidekung-fu.com,29,0,0,1,1,58.6207,0,0,0.2069,21,0.95,0.1429,1.0,3,0,2,0,0,0,0,0,0,1
http://www.qwartwx.ml,21,0,0,1,0,57.1429,0,0,0.2381,14,0.5,0.2,1.0,2,0,0,0,0,0,0,0,0,0
https://www.sk-gaming.com,25,0,0,1,1,60.0,0,0,0.24,17,0.95,0.1667,1.0,3,1,0,0,47,0,1,0,1,1
https://www.wildturkeyzone.com,30,0,0,1,1,50.0,0,0,0.1667,22,0.95,0.1379,1.0,3,2,0,0,1,0,0,0,0,1
http://www.gizelemonteiro.com,29,0,0,1,0,68.9655,0,0,0.1724,22,0.95,0.1429,1.0,3,0,0,0,0,0,0,0,0,0
https://www.feiyr.com,21,0,0,1,1,42.8571,0,0,0.2381,13,0.95,0.2,1.0,3,0,0,0,7,0,1,0,1,1
https://rervetyr657.reserwvbaty5.repl.co/,41,0,0,2,1,75.6098,0,0,0.1707,32,0.8,0.05,1.0,2,0,0,0,0,0,0,0,0,0
https://ecuad0rpichinch4--linioecuad0r.repl.co/,47,0,0,1,1,93.617,0,0,0.1702,38,0.8,0.0652,1.0,2,0,0,0,0,0,0,0,0,0
https://www.telia.dk,20,0,0,1,1,50.0,0,0,0.25,12,0.5,0.2105,1.0,2,0,0,0,0,0,0,0,0,1
http://www.drysetfirst.com,26,0,0,1,0,57.6923,0,0,0.1923,19,0.95,0.16,1.0,3,0,0,0,0,0,0,0,0,0
https://www.channelislands.coop,31,0,0,1,1,87.0968,0,0,0.1613,23,0.5,0.2,1.0,4,1,0,0,1,1,1,0,1,1
http://www.goodmorningpaname.com,32,0,0,1,0,78.125,0,0,0.1562,25,0.95,0.1613,1.0,3,0,0,0,0,0,0,0,0,0
http://www.qgi1.com,19,0,0,1,0,47.3684,0,0,0.2632,12,0.95,0.2222,1.0,3,0,0,0,0,0,0,0,0,0
http://www.americaoecprecs.co.jp.vjdwdbr.cn/,44,0,0,4,0,81.8182,0,0,0.2045,36,0.5,0.093,1.0,2,0,0,0,0,0,0,0,0,0
https://www.electricinca.com,28,0,0,1,1,64.2857,0,0,0.1786,20,0.95,0.1481,1.0,3,10,4,0,90,0,1,0,1,1
https://monstrousashamedrectangle.38763221.repl.co/,51,0,0,2,1,84.3137,0,0,0.1373,42,0.8,0.06,1.0,2,0,0,0,0,0,0,0,0,0
http://www.kdone.co.kr,22,0,0,2,0,63.6364,0,0,0.2727,15,0.5,0.1905,1.0,2,0,9,0,0,0,0,0,1,0
http://www.walln.com,20,0,0,1,0,60.0,0,0,0.25,13,0.95,0.2632,1.0,3,0,0,0,0,0,0,0,0,0
https://allegroiokalnie7info.67564534.xyz/ipemvqt7?from_sms=1,61,0,0,1,1,77.0492,1,1,0.1475,33,0.35,0.05,1.0,3,0,0,0,0,0,0,0,0,0
https://ktf97-mkf57.firebaseapp.com/,36,0,0,1,1,72.2222,0,0,0.1944,27,0.95,0.0857,1.0,3,0,0,0,0,0,0,0,0,0
https://www.wishrockrelaxation.com,34,0,0,1,1,76.4706,0,0,0.1471,26,0.95,0.1212,1.0,3,1,0,1,118,0,1,0,1,1
https://2ww.me/jcnr4,20,0,0,0,1,35.0,0,0,0.25,6,0.5,0.1579,1.0,2,0,1,0,3,0,1,0,0,0
https://www.castelmaison.com,28,0,0,1,1,75.0,0,0,0.1786,20,0.95,0.1481,1.0,3,0,0,0,0,0,0,0,0,1
https://www.scgrandlodgeafm.org,31,0,0,1,1,70.9677,0,0,0.1613,23,0.9,0.1333,1.0,3,0,0,1,0,0,1,0,0,1
http://www.adultpeace.com,25,0,0,1,0,72.0,0,0,0.2,18,0.95,0.1667,1.0,3,0,0,0,0,0,0,0,0,0
https://www.haring.com,22,0,0,1,1,50.0,0,0,0.2273,14,0.95,0.1905,1.0,3,0,0,0,14,0,1,0,0,1
https://facebook-help-20024145785202.firebaseapp.com/,53,0,0,1,1,83.0189,0,0,0.1509,44,0.95,0.0962,1.0,3,0,0,0,0,0,0,0,0,0
https://rebrand.ly/u5d2bu0,26,0,0,0,1,50.0,0,0,0.1923,10,0.5,0.08,1.0,2,1,0,0,0,0,0,0,0,0
https://c2864d40-4761-45ee-be1f-d080bddb6687.id.repl.co/,56,0,0,2,1,82.1429,0,0,0.1964,47,0.8,0.0909,1.0,2,0,0,0,0,0,0,0,0,0
https://www.epbaeurope.net,26,0,0,1,1,65.3846,0,0,0.1923,18,0.85,0.16,1.0,3,0,0,0,0,0,1,0,1,1
https://ount.thejewtangclan.com/jp.php,38,0,0,1,1,81.5789,0,0,0.1842,23,0.95,0.0541,1.0,3,0,0,0,0,0,0,0,0,0
http://7897f1mb.vhu40.pumo.com.tw/cnpp.rne/login.jsp.php,56,0,0,3,0,69.6429,0,0,0.2143,26,0.5,0.0545,1.0,2,0,0,0,0,0,0,0,0,0
https://www.danas.rs,20,0,0,1,1,70.0,0,0,0.25,12,0.5,0.2105,1.0,2,2,0,1,369,0,1,0,1,1
https://www.psi-online.info,27,0,0,1,1,77.7778,0,0,0.2222,19,0.55,0.1538,1.0,4,0,0,0,4,0,1,0,1,1
https://www.interpol.int,24,0,0,1,1,70.8333,0,0,0.2083,16,0.5,0.1739,1.0,3,1,0,0,3,0,1,0,1,1
https://www.tungstenworld.com,29,0,0,1,1,62.069,0,0,0.1724,21,0.95,0.1429,1.0,3,1,0,1,125,0,1,0,1,1
https://www.alemarahenglish.af,30,0,0,1,1,73.3333,0,0,0.1667,22,0.5,0.1379,1.0,2,0,0,0,0,0,0,0,0,1
https://www.doublemoss.com,26,0,0,1,1,65.3846,0,0,0.1923,18,0.95,0.2,1.0,3,0,0,1,52,0,1,0,1,1
https://www.genengnews.com,26,0,0,1,1,76.9231,0,0,0.1923,18,0.95,0.16,1.0,3,3,8,0,106,0,1,1,1,1
http://www.tomasubiera.com,26,0,0,1,0,61.5385,0,0,0.1923,19,0.95,0.16,1.0,3,0,0,0,0,0,0,0,0,0
https://gklfhjfg.itsaol.com/,28,0,0,1,1,71.4286,0,0,0.2143,19,0.95,0.0741,1.0,3,0,0,0,0,0,0,0,0,0
http://www.simadelicatessen.nl,30,0,0,1,0,80.0,0,0,0.1667,23,0.5,0.1724,1.0,2,0,0,0,0,0,0,0,0,0
http://hooray2u-1317634057.cos.na-toronto.myqcloud.com/hooray2u.html,68,0,0,3,0,86.7647,0,0,0.1618,47,0.95,0.0597,1.0,3,0,0,0,0,0,0,0,0,0
http://www.akuaba.chez.com,26,0,0,2,0,65.3846,0,0,0.2308,19,0.95,0.16,1.0,3,1,0,0,0,1,0,1,0,0
https://www.prideofindia.co,27,0,0,1,1,66.6667,0,0,0.1852,19,0.8,0.1538,1.0,2,0,0,1,18,1,1,0,1,1
https://www.neuronsnotincluded.com,34,0,0,1,1,79.4118,0,0,0.1471,26,0.95,0.1212,1.0,3,0,0,0,13,0,1,0,1,1
https://bit.ly/pagedisbled,26,0,0,0,1,76.9231,0,0,0.1923,6,0.5,0.08,1.0,2,0,0,0,0,0,0,0,0,0
http://www.a63vfd6e57.s3.ap-northeast-1.amazonaws.com,53,0,0,4,0,81.1321,0,0,0.1887,46,0.95,0.0769,1.0,3,0,0,0,0,0,0,0,0,0
https://www.wineswithattitude.co.uk,35,0,0,2,1,77.1429,0,0,0.1714,27,0.9,0.1471,1.0,2,0,0,1,242,0,1,0,1,1
https://descopontos-id-30140.api-sistema-brad.co/html/acessptbr/index.shtm/index.php?live=156546302264406529b8c114.50700709&amp;rf=pv02,135,0,0,1,1,95.5556,2,1,0.1556,40,0.8,0.0522,0.9926,2,0,0,0,0,0,0,0,0,0
https://dev-protegerdatos-homeitau.pantheonsite.io/,51,0,0,1,1,90.1961,0,0,0.1569,42,0.5,0.04,1.0,2,0,0,0,0,0,0,0,0,0
https://mail.deliverylifesupport.com/public/0o0gnzbfrwsomfrhxhdhsyslsiwmyrqp,76,0,0,1,1,89.4737,0,0,0.0921,28,0.95,0.04,1.0,3,0,0,0,0,0,0,0,0,0
http://www.figineon.com,23,0,0,1,0,65.2174,0,0,0.2174,16,0.95,0.1818,1.0,3,0,0,0,0,0,0,0,0,0
https://www.locationshawaii.com,31,0,0,1,1,83.871,0,0,0.1613,23,0.95,0.1667,1.0,3,2,2,1,25,0,1,1,1,1
http://www.omwowxisi.ga,23,0,0,1,0,65.2174,0,0,0.2174,16,0.5,0.1818,1.0,2,0,0,0,0,0,0,0,0,0
https://is.gd/webclienti2023,28,0,0,0,1,53.5714,0,0,0.1786,5,0.5,0.0741,1.0,2,0,0,0,0,0,0,0,0,0
https://www.mureview.net,24,0,0,1,1,58.3333,0,0,0.2083,16,0.85,0.1739,1.0,3,0,0,0,0,0,0,0,0,1
https://maildinshaakckjnw489.web.app/,37,0,0,1,1,70.2703,0,0,0.1622,28,0.5,0.1111,1.0,3,0,0,0,0,0,0,0,0,0
https://www.aph.gov.au,22,0,0,2,1,72.7273,0,0,0.2727,14,0.88,0.1905,1.0,2,1,1,1,1,0,1,0,0,1
http://www.s2.abcvg.ovh,23,0,0,2,0,60.8696,0,0,0.2609,16,0.5,0.1818,1.0,3,0,0,0,0,0,0,0,0,0
http://www.grabascoop.com,25,0,0,1,0,72.0,0,0,0.2,18,0.95,0.2083,1.0,3,0,0,0,0,0,0,0,0,0
http://www.wesk.tech,20,0,0,1,0,75.0,0,0,0.25,13,0.5,0.2105,1.0,4,0,0,0,0,0,0,0,0,0
http://www.gediksaglik.com,26,0,0,1,0,57.6923,0,0,0.1923,19,0.95,0.16,1.0,3,0,0,1,0,1,1,0,1,0
https://www.arzobispadodelima.org,33,0,0,1,1,75.7576,0,0,0.1515,25,0.9,0.125,1.0,3,0,0,0,97,0,1,0,1,1
http://aurorafuneralaruba.com/,30,0,0,0,0,63.3333,0,0,0.1667,22,0.95,0.069,1.0,3,0,0,0,0,0,0,0,0,0
https://www.royalpalaces.se,27,0,0,1,1,77.7778,0,0,0.1852,19,0.5,0.1538,1.0,2,0,12,0,0,0,1,0,1,1
https://www.teeworlds.com,25,0,0,1,1,68.0,0,0,0.2,17,0.95,0.2083,1.0,3,2,0,0,13,0,0,0,1,1
https://www.wyrdlight.com,25,0,0,1,1,52.0,0,0,0.2,17,0.95,0.1667,1.0,3,0,0,0,0,0,0,0,0,1
https://sitebuilder186680.dynadot.com/,38,0,0,1,1,63.1579,0,0,0.1579,29,0.95,0.0811,1.0,3,0,0,0,0,0,0,0,0,0
https://s3.amazonaws.com/appforest_uf/f1677020010151x142784338842345540/siupprrp.html,85,0,0,1,1,87.0588,0,0,0.1176,16,0.95,0.119,1.0,3,0,0,0,0,0,0,0,0,0
https://maildinshaakckjnw531.firebaseapp.com/,45,0,0,1,1,73.3333,0,0,0.1333,36,0.95,0.0909,1.0,3,0,0,0,0,0,0,0,0,0
http://www.domekhoroos.com,26,0,0,1,0,69.2308,0,0,0.1923,19,0.95,0.2,1.0,3,0,0,0,0,0,0,0,0,0
https://www.calafco.org,23,0,0,1,1,65.2174,0,0,0.2174,15,0.9,0.1818,1.0,3,0,0,0,0,0,0,0,0,1
https://www.michaelscollier.com,31,0,0,1,1,87.0968,0,0,0.1613,23,0.95,0.1667,1.0,3,0,0,0,0,0,1,0,1,1
https://www.lonestarspirits.org,31,0,0,1,1,77.4194,0,0,0.1613,23,0.9,0.1333,1.0,3,0,0,0,0,0,0,0,0,1
https://www.bsls.ac.uk,22,0,0,2,1,59.0909,0,0,0.2727,14,0.9,0.1905,1.0,2,0,0,0,74,0,1,0,1,1
http://www.saiaonaard.co.jp.mijzlx.top/ai/sign.php,50,0,0,4,0,82.0,0,0,0.22,31,0.3,0.102,1.0,3,0,0,0,0,0,0,0,0,0
https://www.ecfmg.org,21,0,0,1,1,52.381,0,0,0.2381,13,0.9,0.2,1.0,3,0,0,0,0,0,0,0,0,1
https://www.margusholland.com,29,0,0,1,1,72.4138,0,0,0.1724,21,0.95,0.1786,1.0,3,0,0,0,0,0,0,0,1,1
https://www.12af.acc.af.mil,27,0,0,3,1,66.6667,0,0,0.2593,19,0.5,0.1923,1.0,3,0,0,0,0,0,0,0,0,1
http://www.think-digital.info,29,0,0,1,0,65.5172,0,0,0.2069,22,0.55,0.1429,1.0,4,0,0,0,0,0,1,0,0,0
https://www.vanimhoff.info,26,0,0,1,1,76.9231,0,0,0.1923,18,0.55,0.2,1.0,4,0,0,0,0,0,0,0,0,1
https://www.palmefonden.se,26,0,0,1,1,69.2308,0,0,0.1923,18,0.5,0.16,1.0,2,0,0,0,0,0,1,0,0,1
http://www.margaretminguy.com,29,0,0,1,0,65.5172,0,0,0.1724,22,0.95,0.1429,1.0,3,0,0,0,0,0,0,0,0,0
https://www.musicvoice.jp,25,0,0,1,1,68.0,0,0,0.2,17,0.5,0.1667,1.0,2,0,0,0,0,0,1,0,1,1
https://sancofast.us/,21,0,0,0,1,57.1429,0,0,0.2381,12,0.85,0.1,1.0,2,0,0,0,0,0,0,0,0,0
https://maildinshaakckjnw435.web.app/,37,0,0,1,1,70.2703,0,0,0.1622,28,0.5,0.1111,1.0,3,0,0,0,0,0,0,0,0,0
https://www.ee836593.com,24,0,0,1,1,54.1667,0,0,0.2083,16,0.95,0.2174,1.0,3,0,0,0,0,0,0,0,0,0
https://www.epic.com,20,0,0,1,1,65.0,0,0,0.25,12,0.95,0.2105,1.0,3,0,0,0,0,0,0,0,0,1
https://www.ulb.be,18,0,0,1,1,61.1111,0,0,0.2778,10,0.5,0.2353,1.0,2,0,0,0,0,0,0,0,0,1
https://ban-bifsoporteenlineaya--digitalsupportp.repl.co,56,0,0,1,1,85.7143,0,0,0.1429,48,0.8,0.0909,1.0,2,0,0,0,0,0,0,0,0,0
https://holy-night-206a.u84799i09929.workers.dev/,49,0,0,2,1,67.3469,0,0,0.1837,40,0.5,0.0833,1.0,3,0,0,0,0,0,0,0,0,0
https://liveworks.io/com/neteasehardest/900,43,0,0,0,1,72.093,0,0,0.1628,12,0.5,0.0714,1.0,2,0,0,0,0,0,0,0,0,0
http://www.malaysianscoop.com,29,0,0,1,0,79.3103,0,0,0.1724,22,0.95,0.1786,1.0,3,0,0,0,0,0,0,0,1,0
https://www.anhoi.com,21,0,0,1,1,61.9048,0,0,0.2381,13,0.95,0.2,1.0,3,0,0,0,0,0,0,0,0,1
https://pawel.krzelawice.pl/a1legro/email@example.com,53,0,1,1,1,83.0189,0,0,0.1698,19,0.5,0.0385,0.9811,2,0,0,0,0,0,0,0,0,0
https://www.zupimages.net,25,0,0,1,1,64.0,0,0,0.2,17,0.85,0.1667,1.0,3,0,0,0,0,0,0,0,1,1
http://www.hcsnet.com.br,24,0,0,2,0,62.5,0,0,0.25,17,0.5,0.1739,1.0,2,0,0,0,0,0,1,0,0,0
http://blocksync.firebaseapp.com,32,0,0,1,0,68.75,0,0,0.1562,25,0.95,0.0968,1.0,3,0,0,0,0,0,0,0,0,0
https://www.bcfii.ca,20,0,0,1,1,65.0,0,0,0.25,12,0.88,0.2632,1.0,2,1,0,1,52,0,1,1,1,1
https://www.president.bg,24,0,0,1,1,66.6667,0,0,0.2083,16,0.5,0.1739,1.0,2,0,1,0,5,0,0,0,1,1
https://www.meioemensagem.com.br,32,0,0,2,1,68.75,0,0,0.1875,24,0.5,0.129,1.0,2,0,0,0,0,0,0,0,0,1
https://siasky.net/zada4knsd_j49it5ddu81ndkglegivllwtcd1pxmcucbha,65,0,0,0,1,78.4615,0,0,0.0923,10,0.85,0.0625,1.0,3,0,0,0,0,0,0,0,0,0
https://www.siam.org,20,0,0,1,1,55.0,0,0,0.25,12,0.9,0.2105,1.0,3,0,0,0,0,0,0,0,0,1
https://www.shenzhenware.com,28,0,0,1,1,71.4286,0,0,0.1786,20,0.95,0.1481,1.0,3,0,0,1,2,0,1,0,1,1
http://dappsledger.net,22,0,0,0,0,59.0909,0,0,0.1818,15,0.85,0.1429,1.0,3,0,0,0,0,0,0,0,0,0
https://www.dallasjo.com,24,0,0,1,1,70.8333,0,0,0.2083,16,0.95,0.2174,1.0,3,0,0,0,1,0,0,0,1,1
http://seguridadvirtual.site/mua/user/scis/j6unvhzsitlyrxstpnfun4tssjgejkn7dldp6fxsjfxo/3d/no-back-button/,106,0,0,0,0,92.4528,0,0,0.1226,21,0.35,0.0381,1.0,4,0,0,0,0,0,0,0,0,0
https://www.quickborn.de,24,0,0,1,1,37.5,0,0,0.2083,16,0.88,0.1739,1.0,2,0,0,0,8,0,1,0,1,1
https://www.freepr101.com,25,0,0,1,1,68.0,0,0,0.2,17,0.95,0.2083,1.0,3,0,0,0,0,0,0,0,0,1
https://helpdesksupport01222.web.app/,37,0,0,1,1,67.5676,0,0,0.1622,28,0.5,0.1667,1.0,3,0,0,0,0,0,0,0,0,0
https://www.fares-foundation.org,32,0,0,1,1,71.875,0,0,0.1875,24,0.9,0.129,1.0,3,0,0,0,0,0,0,0,0,1
https://www.mrech.ru,20,0,0,1,1,65.0,0,0,0.25,12,0.5,0.2105,1.0,2,0,0,0,0,0,0,0,0,1
https://www.yasinrayan.com,26,0,0,1,1,69.2308,0,0,0.1923,18,0.95,0.16,1.0,3,0,0,0,0,0,0,0,0,1
https://webmail-103973.square.site/,35,0,0,1,1,57.1429,0,0,0.2,26,0.35,0.0588,1.0,4,0,0,0,0,0,0,0,0,0
http://www.dscreationssite.com,30,0,0,1,0,73.3333,0,0,0.1667,23,0.95,0.1724,1.0,3,0,0,0,0,0,0,0,0,0
https://maw-427-v.web.app/,26,0,0,1,1,61.5385,0,0,0.3077,17,0.5,0.12,1.0,3,0,0,0,0,0,0,0,0,0
https://www.tanookilabs.com,27,0,0,1,1,62.963,0,0,0.1852,19,0.95,0.1923,1.0,3,0,0,1,1,0,1,0,1,1
http://20.2.83.20/loginsjsf.php?74319=c05231cf2b61d00adf692b447d09de0a,70,1,0,2,0,82.8571,1,1,0.1429,10,0.5,0.058,1.0,2,0,0,0,0,0,0,0,0,0
https://www.studio55.fi,23,0,0,1,1,69.5652,0,0,0.2174,15,0.5,0.2273,1.0,2,0,0,0,0,0,1,0,1,1
http://www.bostonseafarms.com,29,0,0,1,0,68.9655,0,0,0.1724,22,0.95,0.1429,1.0,3,0,0,0,0,0,0,0,0,0
https://www.cobiapp.com,23,0,0,1,1,69.5652,0,0,0.2174,15,0.95,0.2273,1.0,3,0,0,0,0,0,0,0,0,1
http://www.amazcazm-co-jp.amaozcon.chamitan.top/,48,0,0,3,0,93.75,0,0,0.2083,40,0.3,0.0851,1.0,3,0,0,0,0,0,0,0,0,0
https://www.xirsys.com,22,0,0,1,1,54.5455,0,0,0.2273,14,0.95,0.1905,1.0,3,0,0,0,0,0,0,0,1,1
http://www.shawneklassen.com,28,0,0,1,0,75.0,0,0,0.1786,21,0.95,0.1852,1.0,3,0,0,0,0,0,0,0,0,0
https://www.st-barthelemy.be,28,0,0,1,1,71.4286,0,0,0.2143,20,0.5,0.1481,1.0,2,1,0,0,109,0,0,0,1,1
https://www.coowigsby.com,25,0,0,1,1,68.0,0,0,0.2,17,0.95,0.2083,1.0,3,0,0,0,0,0,0,0,0,1
http://www.2fgithub.com,23,0,0,1,0,52.1739,0,0,0.2174,16,0.95,0.1818,1.0,3,0,0,0,0,0,0,0,0,0
https://www.dedomijnen.nl,25,0,0,1,1,64.0,0,0,0.2,17,0.5,0.1667,1.0,2,0,0,0,0,0,0,0,0,1
https://www.communicationstudies.com,36,0,0,1,1,83.3333,0,0,0.1389,28,0.95,0.1429,1.0,3,0,1,1,77,1,1,0,1,1
https://www.caricaturemaster.com,32,0,0,1,1,81.25,0,0,0.1562,24,0.95,0.129,1.0,3,2,0,0,1,0,1,0,1,1
http://metamask-usaz.godaddysites.com/,38,0,0,1,0,71.0526,0,0,0.1842,30,0.95,0.0811,1.0,3,0,0,0,0,0,0,0,0,0
https://choummcabacab.web.app/,30,0,0,1,1,80.0,0,0,0.2,21,0.5,0.1379,1.0,3,0,0,0,0,0,0,0,0,0
https://bafybeidhkcsx3mtqtvkbnmefitr6fb6yjnv7etufsw2nqje2bvfpmnbgoe.ipfs.cf-ipfs.com//aaaaaccccw.html,101,0,0,2,1,90.099,0,0,0.099,76,0.95,0.1,1.0,3,0,0,0,0,0,0,0,0,0
http://www.phonectrl.com,24,0,0,1,0,75.0,0,0,0.2083,17,0.95,0.1739,1.0,3,1,0,1,0,1,1,0,1,0
https://www.police-life.co.uk,29,0,0,2,1,75.8621,0,0,0.2414,21,0.9,0.1429,1.0,2,1,0,0,3,0,1,0,0,1
http://www.uxgl.vghyo.com,25,0,0,2,0,64.0,0,0,0.24,18,0.95,0.1667,1.0,3,0,0,0,0,0,0,0,0,0
https://galaxynetdemo.com/plugins/optus,39,0,0,0,1,79.4872,0,0,0.1538,17,0.95,0.0526,1.0,3,0,0,0,0,0,0,0,0,0
http://www.omwowxisr.ga,23,0,0,1,0,56.5217,0,0,0.2174,16,0.5,0.1818,1.0,2,0,0,0,0,0,0,0,0,0
https://francemsgcabc6.firebaseapp.com/,39,0,0,1,1,82.0513,0,0,0.1538,30,0.95,0.0789,1.0,3,0,0,0,0,0,0,0,0,0
http://www.hzmksreiuojy.nl,26,0,0,1,0,42.3077,0,0,0.1923,19,0.5,0.16,1.0,2,0,0,0,0,0,0,0,0,0
https://ipfs.io/ipfs/qmrxgm6thhqyger7az5dy2bacubztbcywbkpzksmyku8u4,67,0,0,0,1,80.597,0,0,0.0896,7,0.5,0.0455,1.0,2,0,0,0,0,0,0,0,0,0
http://www.afc.https443.org,27,0,0,2,0,66.6667,0,0,0.2222,20,0.9,0.2308,1.0,3,0,0,0,0,0,0,0,0,0
http://www.ouncc.com,20,0,0,1,0,70.0,0,0,0.25,13,0.95,0.2632,1.0,3,0,0,0,0,0,0,0,0,0
https://www.picnicsf.com,24,0,0,1,1,75.0,0,0,0.2083,16,0.95,0.1739,1.0,3,0,0,1,5,0,1,0,1,1
https://gateway.pinata.cloud/ipfs/bafybeihrqtu2tsulqryjd7622vvo4xdjdhlqrf363b425zwdvvxr2prrxi,93,0,0,1,1,92.4731,0,0,0.0753,20,0.5,0.0652,1.0,5,0,0,0,0,0,0,0,0,0
https://www.708media.com,24,0,0,1,1,45.8333,0,0,0.2083,16,0.95,0.1739,1.0,3,0,0,0,0,0,0,0,1,1
http://xperiaexecutivesearch.com/--/17276/,42,0,0,0,0,76.1905,0,0,0.2143,25,0.95,0.0732,1.0,3,0,0,0,0,0,0,0,0,0
https://www.sueroya.com,23,0,0,1,1,56.5217,0,0,0.2174,15,0.95,0.1818,1.0,3,0,0,1,0,1,1,0,1,1
https://www.zz91.com,20,0,0,1,1,55.0,0,0,0.25,12,0.95,0.2632,1.0,3,0,3,0,208,0,0,0,0,1
http://actividad-reciente-bancaweb.atsnx.com/,45,0,0,1,0,77.7778,0,0,0.1778,37,0.95,0.0455,1.0,3,0,0,0,0,0,0,0,1,0
https://www.paragon-fitness.com,31,0,0,1,1,67.7419,0,0,0.1935,23,0.95,0.1667,1.0,3,0,0,0,1,1,1,0,1,1
https://dp-d.43542466.xyz/cebar6jw/gbdq1e/8,43,0,0,1,1,55.814,0,0,0.2093,17,0.35,0.0714,1.0,3,0,0,0,0,0,0,0,0,0
http://3.217.191.106/,21,1,0,2,0,57.1429,0,0,0.3333,13,0.5,0.1,1.0,3,0,0,0,0,0,0,0,0,0
https://originalwoozyapplicationframework.475996.repl.co,56,0,0,2,1,76.7857,0,0,0.1071,48,0.8,0.0909,1.0,2,0,0,0,0,0,0,0,0,0
https://c073f819-c9fe-4979-9c7e-c98c240b1b71.id.repl.co/,56,0,0,2,1,82.1429,0,0,0.1964,47,0.8,0.0364,1.0,2,0,0,0,0,0,0,0,0,0
http://www.f0541418.xsph.ru,27,0,0,2,0,66.6667,0,0,0.2222,20,0.5,0.1538,1.0,2,0,0,0,0,0,0,0,0,0
https://www.creativespirit.on.ca,32,0,0,2,1,84.375,0,0,0.1875,24,0.88,0.129,1.0,2,0,0,0,3,0,0,0,1,1
https://utre-ddb8a.web.app/,27,0,0,1,1,70.3704,0,0,0.2593,18,0.5,0.1538,1.0,3,0,0,0,0,0,0,0,0,0
https://bafybeide4uadoch7yrgdvjxifk3wbszs35a5l6plb4bkcwfwivc7zxbnsq.ipfs.dweb.link/,83,0,0,2,1,90.3614,0,0,0.0843,74,0.5,0.0244,1.0,4,0,0,0,0,0,0,0,0,0
https://www.belle-home.jp,25,0,0,1,1,72.0,0,0,0.24,17,0.5,0.2083,1.0,2,2,0,0,22,0,0,0,1,1
https://www.sumcoco.com,23,0,0,1,1,82.6087,0,0,0.2174,15,0.95,0.1818,1.0,3,0,0,0,0,0,0,0,0,1
https://paypal-support.com.desenvolvedortheosbank.com.br/login.php?cmd=_account-details&amp;dispatch=397349bb466ede296367ae3cb92d32c86b079320&amp;session=19f323352d9077c68fb20bcf8e09a7ce,186,0,0,3,1,95.6989,3,1,0.1075,48,0.5,0.0486,0.9892,2,0,0,0,0,0,0,0,0,0
http://codesshopsllc.com/,25,0,0,0,0,80.0,0,0,0.2,17,0.95,0.1667,1.0,3,0,0,0,0,0,0,0,0,0
https://www.havrechamber.com,28,0,0,1,1,78.5714,0,0,0.1786,20,0.95,0.1481,1.0,3,1,0,0,2,0,1,0,1,1
http://www.slzsb.net,20,0,0,1,0,60.0,0,0,0.25,13,0.85,0.2105,1.0,3,0,0,0,0,0,0,0,0,0
https://www.hydromajestic.com.au,32,0,0,2,1,71.875,0,0,0.1875,24,0.88,0.129,1.0,2,1,0,0,0,0,1,0,1,1
https://www.davecamlin.com,26,0,0,1,1,57.6923,0,0,0.1923,18,0.95,0.16,1.0,3,1,0,0,2,0,1,0,1,1
https://www.renox.com,21,0,0,1,1,52.381,0,0,0.2381,13,0.95,0.2,1.0,3,0,0,0,0,0,0,0,1,1
http://www.xsites-dev.xyz,25,0,0,1,0,64.0,0,0,0.24,18,0.35,0.1667,1.0,3,0,0,0,0,0,0,0,0,0
https://www.aktsk.com.tw,24,0,0,2,1,70.8333,0,0,0.25,16,0.5,0.1739,1.0,2,1,0,0,76,0,1,0,1,1
https://btemailehkcbhsbhc.weebly.com/,37,0,0,1,1,78.3784,0,0,0.1622,28,0.95,0.0833,1.0,3,0,0,0,0,0,0,0,0,0
https://www.historia-actual.org,31,0,0,1,1,77.4194,0,0,0.1935,23,0.9,0.1333,1.0,3,0,0,0,0,0,0,0,0,1
https://www.sovrn.com,21,0,0,1,1,61.9048,0,0,0.2381,13,0.95,0.2,1.0,3,2,1,0,31,0,1,0,1,1
https://www.samedayagratours.in,31,0,0,1,1,61.2903,0,0,0.1613,23,0.9,0.1333,1.0,2,1,0,0,5,0,1,0,1,1
http://www.eblagh-sana-electronik.cf,36,0,0,1,0,72.2222,0,0,0.1944,29,0.5,0.1143,1.0,2,0,0,0,0,0,0,0,0,0
http://www.xvhsesxklp.byinter.net,33,0,0,2,0,75.7576,0,0,0.1818,26,0.85,0.125,1.0,3,0,0,0,0,0,0,0,0,0
https://www.grayghostplantation.com,35,0,0,1,1,80.0,0,0,0.1429,27,0.95,0.1176,1.0,3,0,0,0,0,0,0,0,0,1
http://www.pokeherstars.com,27,0,0,1,0,81.4815,0,0,0.1852,20,0.95,0.1538,1.0,3,0,0,0,0,0,0,0,0,0
https://www.soundpure.com,25,0,0,1,1,68.0,0,0,0.2,17,0.95,0.1667,1.0,3,0,0,0,0,0,0,0,0,1
https://www.navy.lk,19,0,0,1,1,47.3684,0,0,0.2632,11,0.5,0.2222,1.0,2,1,5,0,30,0,1,0,1,1
http://www.amazcazzm-co-jp.amazococn.50224.top/,47,0,0,3,0,85.1064,0,0,0.2128,39,0.3,0.1304,1.0,3,0,0,0,0,0,0,0,0,0
https://www.watchgmctv.com,26,0,0,1,1,73.0769,0,0,0.1923,18,0.95,0.16,1.0,3,0,0,0,192,0,1,0,0,1
https://www.wallstreet-online.de,32,0,0,1,1,71.875,0,0,0.1875,24,0.88,0.1935,1.0,2,2,29,1,74,0,1,0,1,1
http://oomlusfphc.duckdns.org,29,0,0,1,0,72.4138,0,0,0.1724,22,0.9,0.1071,1.0,3,0,0,0,0,0,0,0,0,0
http://interbank-personas.web.app/,34,0,0,1,0,79.4118,0,0,0.2059,26,0.5,0.0909,1.0,3,0,0,0,0,0,0,0,0,0
https://www.idi.org.il,22,0,0,2,1,59.0909,0,0,0.2727,14,0.5,0.1905,1.0,2,1,0,0,50,0,1,0,1,1
https://www.footy.com.au,24,0,0,2,1,58.3333,0,0,0.25,16,0.88,0.2174,1.0,2,0,0,0,0,0,0,0,1,1
https://www.sitescapesonline.com,32,0,0,1,1,84.375,0,0,0.1562,24,0.95,0.129,1.0,3,1,0,1,110,0,1,0,1,1
https://att-yahoo-mail-gjjfjfghj.weeblysite.com/,48,0,0,1,1,89.5833,0,0,0.1875,39,0.95,0.1277,1.0,3,0,0,0,0,0,0,0,0,0
https://www.artwhino.com,24,0,0,1,1,62.5,0,0,0.2083,16,0.95,0.1739,1.0,3,0,1,1,7,1,1,0,1,1
https://www.skirlrecords.com,28,0,0,1,1,67.8571,0,0,0.1786,20,0.95,0.1481,1.0,3,0,0,0,1,0,1,0,1,1
http://rwsgroup.co.in/box/drive/retry.php,41,0,0,1,0,70.7317,0,0,0.2195,14,0.9,0.05,1.0,2,0,0,0,0,0,0,0,0,0
https://www.aquatotsswimmingschool.com.au,41,0,0,2,1,85.3659,0,0,0.1463,33,0.88,0.175,1.0,2,0,0,0,0,0,0,0,0,1
https://espacn03-infocom.web.app/,33,0,0,1,1,69.697,0,0,0.2121,24,0.5,0.0938,1.0,3,0,0,0,0,0,0,0,0,0
http://www.j.vbrui.com,22,0,0,2,0,45.4545,0,0,0.2727,15,0.95,0.1905,1.0,3,0,0,0,0,0,0,0,0,0
https://www.slowtravelbavaria.com,33,0,0,1,1,75.7576,0,0,0.1515,25,0.95,0.125,1.0,3,0,0,1,0,1,1,0,1,1
https://proud-forest-446f.5lf96lk9.workers.dev/7fcf122b-982f-4a11-92a5-743a65b3b139,83,0,0,2,1,91.5663,0,0,0.1566,38,0.5,0.061,1.0,3,0,0,0,0,0,0,0,0,0
http://www.businessnetworkingclub.co.uk,39,0,0,2,0,84.6154,0,0,0.1538,32,0.9,0.1316,1.0,2,0,0,0,0,0,0,0,0,0
https://www.cancerresearch.org,30,0,0,1,1,83.3333,0,0,0.1667,22,0.9,0.1724,1.0,3,1,0,0,89,0,1,0,1,1
https://www.alexiapurdybooks.com,32,0,0,1,1,56.25,0,0,0.1562,24,0.95,0.1613,1.0,3,0,5,0,89,0,1,0,1,1
https://www.stodels.com,23,0,0,1,1,65.2174,0,0,0.2174,15,0.95,0.1818,1.0,3,0,0,0,0,0,0,0,0,1
https://www.oercommons.org,26,0,0,1,1,73.0769,0,0,0.1923,18,0.9,0.2,1.0,3,5,1,1,3,1,1,1,1,1
https://30-02-g46hj-04-69gh2-w9hg-385f0-2je-fhrg.obs.ap-southeast-3.myhuaweicloud.com/bv3oi84-3gh95-08fihrbwfn-0w8irf-0wbe-fhw.html?awsaccesskeyid=tondaqrpiwnu4d9atwfn&expires=1677676941&signature=lwspz1ydghlck6v5jamj3ejdxbq%3d,227,0,0,3,1,98.2379,3,1,0.1366,77,0.95,0.0221,0.9956,3,0,0,0,0,0,0,0,0,0
https://tribelio.page/12332443,30,0,0,0,1,63.3333,0,0,0.1667,13,0.5,0.1379,1.0,4,0,0,0,1,0,0,0,0,0
http://revake.cash,18,0,0,0,0,55.5556,0,0,0.2222,11,0.5,0.1176,1.0,4,0,0,0,0,0,0,0,0,0
https://www.thumbshots.com,26,0,0,1,1,80.7692,0,0,0.1923,18,0.95,0.16,1.0,3,1,1,1,25,0,1,0,1,1
https://www.ph-kaernten.ac.at,29,0,0,2,1,79.3103,0,0,0.2414,21,0.5,0.1429,1.0,2,0,0,0,0,0,0,0,1,1
http://user-bonheur033a.yolasite.com/,37,0,0,1,0,70.2703,0,0,0.1892,29,0.95,0.0833,1.0,3,0,0,0,0,0,0,0,0,0
https://www.lahabranewroof.com,30,0,0,1,1,66.6667,0,0,0.1667,22,0.95,0.1724,1.0,3,2,0,0,0,0,0,0,1,1
http://www.seek4autoparts.com,29,0,0,1,0,72.4138,0,0,0.1724,22,0.95,0.1786,1.0,3,1,0,0,0,0,1,0,0,0
http://mail.deliverylifesupport.com/public/uvasfv2jghlh38ftlwkjx9znktfvd2ke,75,0,0,1,0,85.3333,0,0,0.0933,28,0.95,0.0405,1.0,3,0,0,0,0,0,0,0,0,0
https://post-info3.com/1/,25,0,0,0,1,56.0,0,0,0.28,14,0.95,0.0833,1.0,3,0,0,0,0,0,0,0,0,0
https://www.laremenicky.com,27,0,0,1,1,55.5556,0,0,0.1852,19,0.95,0.1538,1.0,3,0,0,0,0,0,0,0,0,1
https://www.churchilldowns.com,30,0,0,1,1,73.3333,0,0,0.1667,22,0.95,0.1724,1.0,3,0,3,1,40,1,1,0,1,1
https://www.distill.com,23,0,0,1,1,69.5652,0,0,0.2174,15,0.95,0.2273,1.0,3,0,0,0,0,0,0,0,0,1
http://www.kilu.net,19,0,0,1,0,52.6316,0,0,0.2632,12,0.85,0.2222,1.0,3,0,0,0,0,0,0,0,0,0
http://www.smbc-ccrd.ccm.aia78.top/,35,0,0,3,0,68.5714,0,0,0.2571,27,0.3,0.1765,1.0,3,0,0,0,0,0,0,0,0,0
https://ipfs.io/ipfs/bafybeiautuzv7dn6rk33yb4dsr7t3o3752fdgqnwxbktyeheucsnuuywra,80,0,0,0,1,85.0,0,0,0.075,7,0.5,0.0506,1.0,2,0,0,0,0,0,0,0,0,0
http://www.yourluck.xyz,23,0,0,1,0,56.5217,0,0,0.2174,16,0.35,0.1818,1.0,3,0,0,0,0,0,0,0,0,0
https://www.freofocus.com,25,0,0,1,1,72.0,0,0,0.2,17,0.95,0.1667,1.0,3,0,0,0,0,0,0,0,0,1
https://www.elleihome.com,25,0,0,1,1,80.0,0,0,0.2,17,0.95,0.2083,1.0,3,0,0,0,0,0,0,0,0,1
https://galcia--login-arg.repl.co/,34,0,0,1,1,85.2941,0,0,0.2647,25,0.8,0.0909,1.0,2,0,0,0,0,0,0,0,0,0
http://www.melodyf.ga,21,0,0,1,0,42.8571,0,0,0.2381,14,0.5,0.2,1.0,2,0,0,0,0,0,0,0,0,0
https://www.moominworld.fi,26,0,0,1,1,65.3846,0,0,0.1923,18,0.5,0.2,1.0,2,1,0,0,40,0,1,0,1,1
https://www.eight55.com,23,0,0,1,1,60.8696,0,0,0.2174,15,0.95,0.2273,1.0,3,0,0,0,0,0,0,0,0,1
https://www.fridakahlo.org,26,0,0,1,1,65.3846,0,0,0.1923,18,0.9,0.16,1.0,3,0,0,0,0,0,0,0,0,1
https://www.robeks.com,22,0,0,1,1,59.0909,0,0,0.2273,14,0.95,0.1905,1.0,3,1,2,1,0,1,1,0,1,1
https://wilddutifulapplet--sfsdfsdfasdfg.repl.co/,49,0,0,1,1,85.7143,0,0,0.1633,40,0.8,0.1042,1.0,2,0,0,0,0,0,0,0,0,0
https://www.jointhealthmagazine.com,35,0,0,1,1,77.1429,0,0,0.1429,27,0.95,0.1176,1.0,3,0,0,1,100,0,1,0,1,1
https://www.chloeweil.com,25,0,0,1,1,80.0,0,0,0.2,17,0.95,0.1667,1.0,3,0,0,0,0,0,0,0,1,1
http://lea.hamradio.si/~s51dsw/ctis.ndmi/bmc.sipc.php,53,0,0,1,0,79.2453,0,0,0.2264,15,0.5,0.0385,0.9811,2,0,0,0,0,0,0,0,0,0
https://www.velonews.com,24,0,0,1,1,66.6667,0,0,0.2083,16,0.95,0.1739,1.0,3,1,0,0,0,1,1,0,1,1
https://www.midi-olympique.fr,29,0,0,1,1,55.1724,0,0,0.2069,21,0.5,0.1429,1.0,2,1,0,0,0,1,1,0,1,1
https://www.5700557.com/jp,26,0,0,1,1,73.0769,0,0,0.2308,15,0.95,0.24,1.0,3,0,0,0,0,0,0,0,0,0
https://syncsnode.firebaseapp.com/,34,0,0,1,1,73.5294,0,0,0.1765,25,0.95,0.0909,1.0,3,0,0,0,0,0,0,0,0,0
https://obabanter21.web.app/,28,0,0,1,1,67.8571,0,0,0.2143,19,0.5,0.1111,1.0,3,0,0,0,0,0,0,0,0,0
https://www.cawdorcastle.com,28,0,0,1,1,71.4286,0,0,0.1786,20,0.95,0.1481,1.0,3,0,1,0,40,0,0,0,1,1
https://www.zeitenblicke.de,27,0,0,1,1,59.2593,0,0,0.1852,19,0.88,0.1538,1.0,2,1,0,0,0,0,0,0,0,1
https://interbank.misus.repl.co/,32,0,0,2,1,68.75,0,0,0.2188,23,0.8,0.0645,1.0,2,0,0,0,0,0,0,0,0,0
https://s4a-yhds-r5.firebaseapp.com/,36,0,0,1,1,69.4444,0,0,0.2222,27,0.95,0.0857,1.0,3,0,0,0,0,0,0,0,0,0
http://mingovplobnw.tupixmoupo.ml/,34,0,0,1,0,79.4118,0,0,0.1765,26,0.5,0.0606,1.0,2,0,0,0,0,0,0,0,0,0
https://www.benrady.com,23,0,0,1,1,39.1304,0,0,0.2174,15,0.95,0.1818,1.0,3,0,0,0,0,0,0,0,0,1
http://www.dempsre.com,22,0,0,1,0,68.1818,0,0,0.2273,15,0.95,0.1905,1.0,3,0,0,0,0,0,0,0,0,0
http://www.baranweddings.com,28,0,0,1,0,57.1429,0,0,0.1786,21,0.95,0.1852,1.0,3,0,0,0,0,0,0,0,0,0
http://www.ggdbi.ru.xsph.ru,27,0,0,3,0,77.7778,0,0,0.2593,20,0.5,0.1923,1.0,2,0,0,0,0,0,0,0,0,0
https://www.oldgrowthforest.net,31,0,0,1,1,77.4194,0,0,0.1613,23,0.85,0.1333,1.0,3,0,0,0,1,0,1,0,1,1
https://www.caitlynjenner.com,29,0,0,1,1,58.6207,0,0,0.1724,21,0.95,0.1786,1.0,3,0,0,0,0,0,0,0,0,1
https://www.mundolabores.com,28,0,0,1,1,57.1429,0,0,0.1786,20,0.95,0.1481,1.0,3,0,0,0,0,0,1,0,0,1
https://www.maloutlive.com,26,0,0,1,1,61.5385,0,0,0.1923,18,0.95,0.16,1.0,3,3,0,1,0,1,1,1,1,1
https://www.smilebox.com,24,0,0,1,1,62.5,0,0,0.2083,16,0.95,0.1739,1.0,3,1,0,0,118,0,1,1,1,1
https://www.ntt-east.co.jp,26,0,0,2,1,65.3846,0,0,0.2692,18,0.5,0.2,1.0,2,2,0,1,1,1,1,0,1,1
https://www.stlbouncehouse.com,30,0,0,1,1,80.0,0,0,0.1667,22,0.95,0.1379,1.0,3,2,0,0,0,0,1,0,1,1
http://188bet45.com/,20,0,0,0,0,40.0,0,0,0.25,12,0.95,0.1579,1.0,3,0,0,0,0,0,0,0,0,0
https://www.otakustudy.com,26,0,0,1,1,65.3846,0,0,0.1923,18,0.95,0.16,1.0,3,0,0,0,0,0,0,0,0,1
https://www.coca-colacompany.com,32,0,0,1,1,78.125,0,0,0.1875,24,0.95,0.129,1.0,3,1,0,0,1,0,1,0,1,1
https://www.tr.muff.mymagicguide.com/client/glg01010101.php,59,0,0,3,1,86.4407,0,0,0.1695,28,0.95,0.0862,1.0,3,0,0,0,0,0,0,0,0,0
https://www.romaniainterbelica.memoria.ro,41,0,0,2,1,82.9268,0,0,0.1463,33,0.5,0.1,1.0,2,0,0,0,0,0,0,0,0,1
https://dutsh-helppackage.ecranul.ro/public/lyrnffzc67sfcqhtu4xj5u8paiclc4yz,76,0,0,1,1,81.5789,0,0,0.1053,28,0.5,0.0533,1.0,2,0,0,0,0,0,0,0,0,0
https://net-website-sicuro-supporto.cfolks.pl/app-bper/mobile/public/webapp/digital-login/area-riservata.php,108,0,0,1,1,94.4444,0,0,0.1667,37,0.5,0.0467,1.0,2,0,0,0,0,0,0,0,0,0
http://noblelao.xyz/,20,0,0,0,0,45.0,0,0,0.25,12,0.35,0.1053,1.0,3,0,0,0,0,0,0,0,0,0
https://www.lirc.org,20,0,0,1,1,55.0,0,0,0.25,12,0.9,0.2105,1.0,3,0,0,0,3,0,0,0,1,1
https://www.pagerduty.com,25,0,0,1,1,48.0,0,0,0.2,17,0.95,0.1667,1.0,3,1,0,0,7,0,1,0,1,1
https://www.thepursuitofcocktails.com,37,0,0,1,1,78.3784,0,0,0.1351,29,0.95,0.1111,1.0,3,0,0,0,0,0,0,0,1,1
https://www.gotallyourmarbles.com,33,0,0,1,1,72.7273,0,0,0.1515,25,0.95,0.1562,1.0,3,0,1,0,51,0,1,0,1,1
https://www.d-jolly.com,23,0,0,1,1,56.5217,0,0,0.2609,15,0.95,0.2273,1.0,3,1,0,0,5,0,1,0,1,1
https://www.markeitzel.com,26,0,0,1,1,53.8462,0,0,0.1923,18,0.95,0.16,1.0,3,0,0,0,19,0,1,0,1,1
https://www.bhbikes.com,23,0,0,1,1,65.2174,0,0,0.2174,15,0.95,0.1818,1.0,3,1,4,1,26,0,1,1,1,1
https://www.circlek.se,22,0,0,1,1,68.1818,0,0,0.2273,14,0.5,0.1905,1.0,2,1,0,0,53,0,1,0,1,1
https://maildinshaakckjnw631.web.app/,37,0,0,1,1,70.2703,0,0,0.1622,28,0.5,0.1111,1.0,3,0,0,0,0,0,0,0,0,0
http://bafybeia7vz4upvstchv7pzkt3wfpjboly4w7fcut4dngtes37aefawbvam.ipfs.dweb.link,81,0,0,2,0,93.8272,0,0,0.0741,74,0.5,0.025,1.0,4,0,0,0,0,0,0,0,0,0
https://www.myvitale.com,24,0,0,1,1,50.0,0,0,0.2083,16,0.95,0.1739,1.0,3,0,0,0,3,0,1,0,0,1
https://e-documentcle.firebaseapp.com/,38,0,0,1,1,71.0526,0,0,0.1842,29,0.95,0.0811,1.0,3,0,0,0,0,0,0,0,0,0
https://www.a2zpsychology.com,29,0,0,1,1,75.8621,0,0,0.1724,21,0.95,0.1429,1.0,3,0,0,0,0,0,0,0,0,1
https://www.mechini.com,23,0,0,1,1,73.913,0,0,0.2174,15,0.95,0.1818,1.0,3,0,0,1,65,0,1,0,1,1
http://xn--mtamask-98a.io,25,0,0,0,0,52.0,0,0,0.28,18,0.5,0.125,1.0,2,0,0,0,0,0,0,0,0,0
https://credemaccedi.com/,25,0,0,0,1,64.0,0,0,0.2,16,0.95,0.125,1.0,3,0,0,0,0,0,0,0,0,0
https://www.robertkuo.com,25,0,0,1,1,60.0,0,0,0.2,17,0.95,0.1667,1.0,3,0,0,0,1,0,1,0,1,1
http://www.wtzyx.comhhl.ymadb.com,33,0,0,3,0,75.7576,0,0,0.2121,26,0.95,0.1562,1.0,3,0,0,0,0,0,0,0,0,0
https://bafybeigfjxykisf2ejboaxwnjjz7cipokg66tfqmwn3zjxmay33bdvwc5q.ipfs.w3s.link/savedluck.html,96,0,0,2,1,94.7917,0,0,0.0833,73,0.5,0.0526,1.0,4,0,0,0,0,0,0,0,0,0
http://www.http.hemnes.win,26,0,0,2,0,84.6154,0,0,0.2308,19,0.5,0.2,1.0,3,1,1,0,0,0,0,0,0,0
https://www.ourbangla.com,25,0,0,1,1,52.0,0,0,0.2,17,0.95,0.1667,1.0,3,0,0,0,0,0,0,0,0,1
https://www.kuntal.org,22,0,0,1,1,45.4545,0,0,0.2273,14,0.9,0.1905,1.0,3,1,0,0,3,0,1,0,1,1
https://www.aleks.com,21,0,0,1,1,52.381,0,0,0.2381,13,0.95,0.2,1.0,3,0,0,0,0,0,0,0,0,1
https://www.mifiestadepapel.com,31,0,0,1,1,77.4194,0,0,0.1613,23,0.95,0.1333,1.0,3,0,0,0,0,0,0,0,0,1
https://www.kaldorcentre.unsw.edu.au,36,0,0,3,1,80.5556,0,0,0.1944,28,0.88,0.1143,1.0,2,1,0,1,0,0,1,0,1,1
https://www.heirwaychristianacademy.com,39,0,0,1,1,87.1795,0,0,0.1282,31,0.95,0.1053,1.0,3,0,0,0,0,0,0,0,0,1
https://urbanexcursionspdx.com/wp-admin/maint/coxxa/web/login.php?web,69,0,0,0,1,92.7536,0,1,0.1739,22,0.95,0.0441,1.0,3,0,0,0,0,0,0,0,0,0
https://www.tsubook.net,23,0,0,1,1,65.2174,0,0,0.2174,15,0.85,0.2273,1.0,3,0,0,0,37,0,1,0,1,1
https://www.lovellabridal.com,29,0,0,1,1,58.6207,0,0,0.1724,21,0.95,0.1786,1.0,3,1,0,1,2,0,1,0,1,1
https://karushihmemer.web.app/,30,0,0,1,1,80.0,0,0,0.2,21,0.5,0.1034,1.0,3,0,0,0,0,0,0,0,0,0
https://www.yorkccd.org,23,0,0,1,1,65.2174,0,0,0.2174,15,0.9,0.2273,1.0,3,0,0,0,0,0,0,0,0,1
http://www.f0580500.xsph.ru,27,0,0,2,0,74.0741,0,0,0.2222,20,0.5,0.1923,1.0,2,0,0,0,0,0,0,0,0,0
https://www.thenatureofcities.com,33,0,0,1,1,75.7576,0,0,0.1515,25,0.95,0.125,1.0,3,0,1,0,102,0,1,0,1,1
https://www.familydollar.com,28,0,0,1,1,64.2857,0,0,0.1786,20,0.95,0.1852,1.0,3,0,0,0,3,0,0,0,0,1
https://www.owenbrotherscatering.com,36,0,0,1,1,80.5556,0,0,0.1389,28,0.95,0.1143,1.0,3,1,0,1,132,0,1,0,1,1
https://draftyotherqueryoptimizer.gustavo2121djf.repl.co/,57,0,0,2,1,84.2105,0,0,0.1228,48,0.8,0.0357,1.0,2,0,0,0,0,0,0,0,0,0
https://sbi-kppp.web.app/,25,0,0,1,1,68.0,0,0,0.28,16,0.5,0.2083,1.0,3,0,0,0,0,0,0,0,0,0
https://www.rfs.ru,18,0,0,1,1,72.2222,0,0,0.2778,10,0.5,0.2353,1.0,2,0,0,0,14,0,1,0,1,1
https://www.gilboafossils.org,29,0,0,1,1,75.8621,0,0,0.1724,21,0.9,0.1786,1.0,3,0,0,0,30,0,0,0,1,1
https://www.tidbitsofexperience.com,35,0,0,1,1,74.2857,0,0,0.1429,27,0.95,0.1176,1.0,3,0,0,1,147,0,1,0,1,1
https://bitlise.com/,20,0,0,0,1,50.0,0,0,0.25,11,0.95,0.1053,1.0,3,0,0,0,0,1,1,0,0,0
https://ipfs.io/ipfs/qmdj3gmuzk6sjx5brkcqwadlt6becpvirxf33f4mdjp5ge,67,0,0,0,1,83.5821,0,0,0.0896,7,0.5,0.0455,1.0,2,0,0,0,0,0,0,0,0,0
https://www.1xrun.com,21,0,0,1,1,42.8571,0,0,0.2381,13,0.95,0.2,1.0,3,0,0,1,0,0,1,0,1,1
https://www.extremeclothespins.com,34,0,0,1,1,82.3529,0,0,0.1471,26,0.95,0.1212,1.0,3,0,0,1,7,0,1,0,1,1
https://www.maineboats.com,26,0,0,1,1,69.2308,0,0,0.1923,18,0.95,0.16,1.0,3,0,0,0,0,1,1,0,1,1
http://www.moneygnom.com,24,0,0,1,0,70.8333,0,0,0.2083,17,0.95,0.1739,1.0,3,0,0,0,0,0,0,0,0,0
https://www.samuelis-baumgarte.com,34,0,0,1,1,67.6471,0,0,0.1765,26,0.95,0.1212,1.0,3,1,0,1,8,0,1,0,1,1
https://www.bettenrid.de,24,0,0,1,1,66.6667,0,0,0.2083,16,0.88,0.2174,1.0,2,2,0,1,210,0,1,1,1,1
https://www.tradesecret.ca,26,0,0,1,1,84.6154,0,0,0.1923,18,0.88,0.16,1.0,2,0,0,0,0,1,1,0,1,1
https://prj0rp.webwave.dev/,27,0,0,1,1,70.3704,0,0,0.2222,18,0.5,0.0769,1.0,3,0,0,0,0,0,0,0,0,0
http://www.gof.cannca.shop,26,0,0,2,0,84.6154,0,0,0.2308,19,0.5,0.2,1.0,4,0,0,0,0,0,0,0,0,0
http://www.ideen-mit-ebooks.de,30,0,0,1,0,73.3333,0,0,0.2333,23,0.88,0.2069,1.0,2,0,0,0,0,0,0,0,0,0
https://boom-a.web.app/,23,0,0,1,1,69.5652,0,0,0.3043,14,0.5,0.1818,1.0,3,0,0,0,0,0,0,0,0,0
https://www.blenheim.surrey.sch.uk,34,0,0,3,1,70.5882,0,0,0.2059,26,0.9,0.1515,1.0,2,0,0,0,2,0,0,0,1,1
https://www.igrejapalmariana.org,32,0,0,1,1,71.875,0,0,0.1562,24,0.9,0.129,1.0,3,0,2,1,133,1,1,0,1,1
https://www.rubenblades.com,27,0,0,1,1,55.5556,0,0,0.1852,19,0.95,0.1538,1.0,3,0,0,0,3,0,1,0,1,1
https://ipfs.io/ipfs/qmrenjzldojvkjceyumtaaxm6udnlc1bdnj7f4rjlm4lqv/connect.html,80,0,0,0,1,88.75,0,0,0.1,7,0.5,0.0506,1.0,2,0,0,0,0,0,0,0,0,0
https://www.ysdesign.jp,23,0,0,1,1,60.8696,0,0,0.2174,15,0.5,0.1818,1.0,2,0,4,0,65,0,1,0,1,1
https://www.wildearth.com.au,28,0,0,2,1,57.1429,0,0,0.2143,20,0.88,0.1481,1.0,2,0,0,0,0,0,0,0,0,1
https://domainfunctionfr.web.app/,33,0,0,1,1,66.6667,0,0,0.1818,24,0.5,0.0938,1.0,3,0,0,0,0,0,0,0,0,0
http://www.pmbfytlkf.ga,23,0,0,1,0,60.8696,0,0,0.2174,16,0.5,0.1818,1.0,2,0,0,0,0,0,0,0,0,0
https://www.escalontimes.com,28,0,0,1,1,75.0,0,0,0.1786,20,0.95,0.1481,1.0,3,0,0,0,0,0,0,0,0,1
https://steamncommuniilty.ru/profiles/14911051007,49,0,0,0,1,77.551,0,0,0.1224,20,0.5,0.125,1.0,2,0,0,0,0,0,0,0,0,0
http://www.888fhfh.com,22,0,0,1,0,77.2727,0,0,0.2273,15,0.95,0.2857,1.0,3,0,0,0,0,0,0,0,0,0
https://www.shepeardblood.org,29,0,0,1,1,82.7586,0,0,0.1724,21,0.9,0.1786,1.0,3,0,0,0,0,0,0,0,0,1
https://www.reset.it,20,0,0,1,1,75.0,0,0,0.25,12,0.5,0.2105,1.0,2,0,0,0,183,0,1,0,1,1
http://is.gd/smartbpercardaccedi,32,0,0,0,0,81.25,0,0,0.1562,5,0.5,0.0968,1.0,2,0,0,0,0,0,0,0,0,0
https://www.time4learning.com,29,0,0,1,1,62.069,0,0,0.1724,21,0.95,0.1429,1.0,3,0,0,1,69,0,1,0,1,1
https://www.ugg.com,19,0,0,1,1,57.8947,0,0,0.2632,11,0.95,0.2778,1.0,3,0,0,0,0,0,0,0,0,1
https://www.ciacampania.org,27,0,0,1,1,70.3704,0,0,0.1852,19,0.9,0.1538,1.0,3,0,0,1,106,0,1,0,1,1
https://www.beerbooks.com,25,0,0,1,1,72.0,0,0,0.2,17,0.95,0.25,1.0,3,0,0,0,0,0,0,0,0,1
http://www.dns3.blocktrail.com,30,0,0,2,0,56.6667,0,0,0.2,23,0.95,0.1379,1.0,3,0,0,0,0,0,0,0,0,0
https://www.wolveswithin.com,28,0,0,1,1,71.4286,0,0,0.1786,20,0.95,0.1481,1.0,3,0,0,0,7,1,1,0,1,1
https://ndjqweke9283893emwmw839203fdkks8493jds.myportfolio.com/,63,0,0,1,1,82.5397,0,0,0.0952,54,0.95,0.0484,1.0,3,0,0,0,0,0,0,0,0,0
https://www.realestateforsaleinaz.com,37,0,0,1,1,75.6757,0,0,0.1351,29,0.95,0.1111,1.0,3,0,0,0,39,0,1,0,1,1
http://www.account-office365.com,32,0,0,1,0,59.375,0,0,0.1875,25,0.95,0.1935,1.0,3,0,0,0,0,0,0,0,0,0
http://www.ecportaluat.beeppool.org,35,0,0,2,0,82.8571,0,0,0.1714,28,0.9,0.2059,1.0,3,0,0,0,0,0,0,0,0,0
https://paginaoffic.repl.co/,28,0,0,1,1,71.4286,0,0,0.2143,19,0.8,0.1111,1.0,2,0,0,0,0,0,0,0,0,0
https://attcom-100391.square.site/,34,0,0,1,1,61.7647,0,0,0.2059,25,0.35,0.1212,1.0,4,0,0,0,0,0,0,0,0,0
http://rascalsnft.web.app,25,0,0,1,0,60.0,0,0,0.2,18,0.5,0.125,1.0,3,0,0,0,0,0,1,0,0,0
https://rack-adminpanel.web.app/,32,0,0,1,1,59.375,0,0,0.2188,23,0.5,0.0968,1.0,3,0,0,0,0,0,0,0,0,0
https://www.donachique.com.br,29,0,0,2,1,55.1724,0,0,0.2069,21,0.5,0.1429,1.0,2,0,0,0,0,0,0,0,0,1
https://www.weighmasters.net,28,0,0,1,1,71.4286,0,0,0.1786,20,0.85,0.1481,1.0,3,0,0,0,0,0,0,0,0,1
https://mango-9jeg-og7p.o7kydid94048.workers.dev/,49,0,0,2,1,75.5102,0,0,0.1837,40,0.5,0.0417,1.0,3,0,0,0,0,0,0,0,0,0
https://www.nga.gov,19,0,0,1,1,57.8947,0,0,0.2632,11,0.99,0.2222,1.0,3,0,0,0,0,0,0,0,0,1
https://www.rudenko.kiev.ua,27,0,0,2,1,59.2593,0,0,0.2222,19,0.5,0.1538,1.0,2,1,0,0,0,0,1,0,1,1
http://spk.kundendienst-ssl.com.de/de-sparkasse/,48,0,0,2,0,81.25,0,0,0.2083,27,0.88,0.0851,1.0,2,0,0,0,0,0,0,0,0,0
https://taplink.cc/yahoooooooo,30,0,0,0,1,73.3333,0,0,0.1667,10,0.5,0.3448,1.0,2,0,0,0,0,0,0,0,0,0
http://www.infomakers.com.br,28,0,0,2,0,57.1429,0,0,0.2143,21,0.5,0.1481,1.0,2,0,0,0,0,0,0,0,0,0
https://www.cqrlog.com,22,0,0,1,1,59.0909,0,0,0.2273,14,0.95,0.1905,1.0,3,1,0,1,13,1,1,1,1,1
https://www.northwest-homes.com,31,0,0,1,1,80.6452,0,0,0.1935,23,0.95,0.1333,1.0,3,0,0,0,0,0,1,0,1,1
http://www.2014.zzux.com,24,0,0,2,0,50.0,0,0,0.25,17,0.95,0.2174,1.0,3,0,0,0,0,0,0,0,0,0
https://www.presentdaygifts.ca,30,0,0,1,1,66.6667,0,0,0.1667,22,0.88,0.1379,1.0,2,1,0,1,13,0,1,0,1,1
https://www.catchatwithcarenandcody.com,39,0,0,1,1,79.4872,0,0,0.1282,31,0.95,0.1053,1.0,3,1,6,0,265,1,1,0,1,1
https://www.tomkins.org,23,0,0,1,1,60.8696,0,0,0.2174,15,0.9,0.1818,1.0,3,0,0,0,53,0,1,0,1,1
http://organisasi.bulungan.go.id/public/xfjxkgctxyqknt5wmzdi9cq3qzpnjmeg,72,0,0,2,0,86.1111,0,0,0.1111,25,0.5,0.0282,1.0,2,0,0,0,0,0,0,0,0,0
http://www.theweb.digital,25,0,0,1,0,72.0,0,0,0.2,18,0.5,0.1667,1.0,7,0,0,0,0,0,1,0,0,0
http://www.harryhdesign.com,27,0,0,1,0,51.8519,0,0,0.1852,20,0.95,0.1923,1.0,3,0,0,0,0,0,0,0,0,0
http://www.hwayou.com.tw,24,0,0,2,0,70.8333,0,0,0.25,17,0.5,0.1739,1.0,2,0,0,0,0,0,0,0,0,0
https://www.floorball.lv,24,0,0,1,1,62.5,0,0,0.2083,16,0.5,0.2609,1.0,2,0,0,0,0,0,0,0,0,1
https://www.rohaniduniyaonline.com,34,0,0,1,1,67.6471,0,0,0.1471,26,0.95,0.1212,1.0,3,0,0,0,0,0,0,0,0,1
https://recover-coinbase.org/login.php,38,0,0,0,1,84.2105,0,0,0.1842,20,0.9,0.0541,1.0,3,0,0,0,0,0,0,0,0,0
https://www.craftystaci.com,27,0,0,1,1,66.6667,0,0,0.1852,19,0.95,0.1538,1.0,3,0,0,0,0,0,0,0,0,1
https://www.srjan.com,21,0,0,1,1,52.381,0,0,0.2381,13,0.95,0.2,1.0,3,0,0,0,0,0,0,0,0,1
https://www.hikaritakano.co,27,0,0,1,1,77.7778,0,0,0.1852,19,0.8,0.1538,1.0,2,0,1,0,0,0,1,0,1,1
https://www.daveras.com,23,0,0,1,1,56.5217,0,0,0.2174,15,0.95,0.1818,1.0,3,0,0,1,0,0,1,0,1,1
https://my-site-103076-108226.weeblysite.com/,45,0,0,1,1,75.5556,0,0,0.2,36,0.95,0.0909,1.0,3,0,0,0,0,0,0,0,0,0
https://sddb-e1ew-u.firebaseapp.com/,36,0,0,1,1,69.4444,0,0,0.2222,27,0.95,0.1143,1.0,3,0,0,0,0,0,0,0,0,0
https://www.happiness.com,25,0,0,1,1,68.0,0,0,0.2,17,0.95,0.25,1.0,3,0,0,1,35,0,1,1,1,1
http://www.pravinpatil.in,25,0,0,1,0,80.0,0,0,0.2,18,0.9,0.1667,1.0,2,0,0,0,0,0,0,0,0,0
https://www.vala.ma,19,0,0,1,1,63.1579,0,0,0.2632,11,0.5,0.2222,1.0,2,1,0,0,15,0,1,0,1,1
https://www.everythingmom.com,29,0,0,1,1,65.5172,0,0,0.1724,21,0.95,0.1429,1.0,3,0,0,0,175,0,1,0,1,1
https://currentlyattyahoo5.wixsite.com/at-t,43,0,0,1,1,76.7442,0,0,0.1628,30,0.95,0.119,1.0,3,0,0,0,0,0,0,0,0,0
https://bafybeibxmj6gxyqf3n5nollz6stmvfxlmi6ut7rj52q6wytzy6ctg5kugi.ipfs.w3s.link/alishanawza_.htm,98,0,0,2,1,90.8163,0,0,0.0918,73,0.5,0.0309,1.0,4,0,0,0,0,0,0,0,0,0
https://www.burnbyrebecca.com,29,0,0,1,1,65.5172,0,0,0.1724,21,0.95,0.1786,1.0,3,0,1,0,1,1,1,0,1,1
https://www.co.routt.co.us,26,0,0,3,1,84.6154,0,0,0.2692,18,0.85,0.2,1.0,2,0,0,1,3,0,1,0,0,1
https://hz1hv-rb3v-t.firebaseapp.com/,37,0,0,1,1,75.6757,0,0,0.2162,28,0.95,0.0833,1.0,3,0,0,0,0,0,0,0,0,0
http://www.thesites.site88.net,30,0,0,2,0,90.0,0,0,0.2,23,0.85,0.1724,1.0,3,0,0,0,0,0,0,0,0,0
https://www.skiplino.com,24,0,0,1,1,70.8333,0,0,0.2083,16,0.95,0.1739,1.0,3,1,0,0,0,0,1,0,1,1
https://s.amazenru-jp.com/,26,0,0,1,1,57.6923,0,0,0.2692,17,0.95,0.08,1.0,3,0,0,0,0,0,0,0,0,0
https://www.birdsnz.org.nz,26,0,0,2,1,69.2308,0,0,0.2308,18,0.5,0.16,1.0,2,1,0,1,84,0,1,0,1,1
https://www.bmwfaq.org,22,0,0,1,1,45.4545,0,0,0.2273,14,0.9,0.1905,1.0,3,0,0,0,0,0,0,0,0,1
https://www.flvacationconnection.com,36,0,0,1,1,75.0,0,0,0.1389,28,0.95,0.1429,1.0,3,1,0,1,153,0,1,0,1,1
https://www.fopconnect.com,26,0,0,1,1,76.9231,0,0,0.1923,18,0.95,0.2,1.0,3,0,0,1,85,0,1,1,0,1
https://dev-sagaxnext.pantheonsite.io/,38,0,0,1,1,86.8421,0,0,0.1842,29,0.5,0.0541,1.0,2,0,0,0,0,0,0,0,0,0
https://www.sarahnick.com,25,0,0,1,1,68.0,0,0,0.2,17,0.95,0.1667,1.0,3,0,0,1,0,0,1,1,1,1
https://www.botherm.nl,22,0,0,1,1,54.5455,0,0,0.2273,14,0.5,0.1905,1.0,2,0,1,0,15,0,1,0,0,1
https://postamixe.firebaseapp.com/,34,0,0,1,1,79.4118,0,0,0.1765,25,0.95,0.0909,1.0,3,0,0,0,0,0,0,0,0,0
https://www.trans-health.com,28,0,0,1,1,64.2857,0,0,0.2143,20,0.95,0.1481,1.0,3,0,0,0,57,0,0,0,1,1
https://www.emaratyah.ae,24,0,0,1,1,75.0,0,0,0.2083,16,0.5,0.1739,1.0,2,0,0,0,0,0,0,0,0,1
https://www.ercim.eu,20,0,0,1,1,55.0,0,0,0.25,12,0.5,0.2105,1.0,2,0,0,0,1,0,1,0,1,1
http://www.x10.bz,17,0,0,1,0,52.9412,0,0,0.2941,10,0.5,0.25,1.0,2,0,0,0,0,0,0,0,0,0
http://esperanzabravo.com/err/,30,0,0,0,0,66.6667,0,0,0.2,18,0.95,0.1034,1.0,3,0,0,0,0,0,0,0,0,0
http://www.fifa69.com,21,0,0,1,0,52.381,0,0,0.2381,14,0.95,0.2,1.0,3,0,0,0,0,0,0,0,0,0
https://www.rspb.org.uk,23,0,0,2,1,69.5652,0,0,0.2609,15,0.9,0.1818,1.0,2,0,0,0,1,0,1,0,1,1
https://www.evangelicalfellowship.ca,36,0,0,1,1,83.3333,0,0,0.1389,28,0.88,0.1429,1.0,2,1,0,1,25,0,1,0,1,1
https://www.riknews.com.cy,26,0,0,2,1,57.6923,0,0,0.2308,18,0.5,0.16,1.0,2,0,0,0,0,0,0,0,0,1
http://www.voennovosti.com,26,0,0,1,0,69.2308,0,0,0.1923,19,0.95,0.2,1.0,3,1,0,1,0,1,1,0,1,0
https://www.apraxia-kids.org,28,0,0,1,1,71.4286,0,0,0.2143,20,0.9,0.1481,1.0,3,2,5,0,121,0,1,0,1,1
https://www.daat.org,20,0,0,1,1,60.0,0,0,0.25,12,0.9,0.2632,1.0,3,0,0,0,0,0,0,0,0,1
https://www.denverconcretecompany.net,37,0,0,1,1,78.3784,0,0,0.1351,29,0.85,0.1111,1.0,3,0,0,0,5,0,0,0,1,1
http://www.teamoffercloud.com,29,0,0,1,0,72.4138,0,0,0.1724,22,0.95,0.1786,1.0,3,0,0,0,0,0,0,0,0,0
https://www.rutters.com,23,0,0,1,1,65.2174,0,0,0.2174,15,0.95,0.2273,1.0,3,0,0,0,0,0,0,0,0,1
https://fragrant-voice-9063.kosaci4411.workers.dev/,51,0,0,2,1,76.4706,0,0,0.1765,42,0.5,0.08,1.0,3,0,0,0,0,0,0,0,0,0
http://www.burstpay.io,22,0,0,1,0,54.5455,0,0,0.2273,15,0.5,0.1905,1.0,2,1,0,1,0,1,1,0,1,0
https://www.planeteugene.com,28,0,0,1,1,64.2857,0,0,0.1786,20,0.95,0.1481,1.0,3,0,1,0,0,0,0,0,0,1
http://www.dartzeel.com,23,0,0,1,0,52.1739,0,0,0.2174,16,0.95,0.2273,1.0,3,1,0,1,47,0,0,0,1,0
http://u1965047.plsk.regruhosting.ru/152/,41,0,0,2,0,68.2927,0,0,0.1951,29,0.5,0.05,1.0,2,0,0,0,0,0,0,0,0,0
https://www.hugr.ca,19,0,0,1,1,57.8947,0,0,0.2632,11,0.88,0.2222,1.0,2,0,0,0,0,1,1,0,1,1
https://www.ieahydro.org,24,0,0,1,1,62.5,0,0,0.2083,16,0.9,0.1739,1.0,3,1,0,0,0,0,1,0,0,1
https://www.daveswordsofwisdom.com,34,0,0,1,1,70.5882,0,0,0.1471,26,0.95,0.1212,1.0,3,2,6,0,213,0,1,0,1,1
https://attmail59.godaddysites.com/,35,0,0,1,1,71.4286,0,0,0.1714,26,0.95,0.1176,1.0,3,0,0,0,0,0,0,0,0,0
https://www.otteng.com,22,0,0,1,1,59.0909,0,0,0.2273,14,0.95,0.2381,1.0,3,0,0,0,0,0,0,0,0,1
https://www.enjoycompare.com,28,0,0,1,1,71.4286,0,0,0.1786,20,0.95,0.1481,1.0,3,0,0,1,109,0,1,0,1,1
https://ancient-term-aee2.s73fuwig37.workers.dev/,49,0,0,2,1,73.4694,0,0,0.1837,40,0.5,0.0625,1.0,3,0,0,0,0,0,0,0,0,0
https://www.genlookups.com,26,0,0,1,1,61.5385,0,0,0.1923,18,0.95,0.2,1.0,3,1,1,1,78,1,1,0,0,1
https://maildinshaakckjnw248.web.app/,37,0,0,1,1,70.2703,0,0,0.1622,28,0.5,0.1111,1.0,3,0,0,0,0,0,0,0,0,0
https://www.cvxpy.org,21,0,0,1,1,52.381,0,0,0.2381,13,0.9,0.2,1.0,3,0,0,0,0,0,1,0,0,1
https://www.robertgaskins.com,29,0,0,1,1,58.6207,0,0,0.1724,21,0.95,0.1429,1.0,3,8,0,0,235,0,0,0,1,1
https://www.bebebuell.org,25,0,0,1,1,68.0,0,0,0.2,17,0.9,0.2083,1.0,3,4,0,0,49,0,0,0,1,1
https://verificaciondedatoscr.bancapromericac.repl.co/,54,0,0,2,1,87.037,0,0,0.1296,45,0.8,0.0377,1.0,2,0,0,0,0,0,0,0,0,0
https://tolon.test.arkdigitaal.be/wp-content/upgrade/personzdata/foralllsecure/,79,0,0,2,1,89.8734,0,0,0.1519,25,0.5,0.0641,1.0,2,0,0,0,0,0,0,0,0,0
https://www.bluecloudsolutions.com,34,0,0,1,1,73.5294,0,0,0.1471,26,0.95,0.1212,1.0,3,2,1,1,0,0,1,0,1,1
http://yfbpkerfgh.duckdns.org/,30,0,0,1,0,70.0,0,0,0.2,22,0.9,0.069,1.0,3,0,0,0,0,0,0,0,0,0
https://www.isy-kita.de,23,0,0,1,1,60.8696,0,0,0.2609,15,0.88,0.1818,1.0,2,0,0,0,86,0,1,0,1,1
http://sindemail.com/121b56b5b05ba2f/login.php,46,0,0,0,0,80.4348,0,0,0.1522,13,0.95,0.0444,1.0,3,0,0,0,0,0,0,0,0,0
https://www.ctbuh.org,21,0,0,1,1,57.1429,0,0,0.2381,13,0.9,0.2,1.0,3,0,0,0,2,0,1,0,1,1
https://www.historicaleye.com,29,0,0,1,1,75.8621,0,0,0.1724,21,0.95,0.1429,1.0,3,1,0,1,0,1,1,0,1,1
https://www.usfj.mil,20,0,0,1,1,55.0,0,0,0.25,12,0.5,0.2105,1.0,3,0,0,0,0,0,0,0,0,1
https://www.pngfolio.com,24,0,0,1,1,58.3333,0,0,0.2083,16,0.95,0.1739,1.0,3,0,0,0,0,0,0,0,0,1
http://www.myroitracking.com,28,0,0,1,0,71.4286,0,0,0.1786,21,0.95,0.1481,1.0,3,0,0,0,0,0,1,0,0,0
https://www.youandeye.ae,24,0,0,1,1,66.6667,0,0,0.2083,16,0.5,0.1739,1.0,2,2,0,0,26,0,1,0,1,1
https://5f868f9c-5450-49be-adaa-4b5802f12c5a.id.repl.co,55,0,0,2,1,83.6364,0,0,0.1818,47,0.8,0.0556,1.0,2,0,0,0,0,0,0,0,0,0
https://hts1ld1qet.web.app/,27,0,0,1,1,74.0741,0,0,0.2222,18,0.5,0.1154,1.0,3,0,0,0,0,0,0,0,0,0
https://ecstatic-franklin.109-71-253-24.plesk.page/,51,0,0,2,1,78.4314,0,0,0.2157,42,0.5,0.04,1.0,4,0,0,0,0,0,0,0,0,0
http://www.savvylookscreation.com,33,0,0,1,0,66.6667,0,0,0.1515,26,0.95,0.1875,1.0,3,0,0,0,0,0,0,0,0,0
https://www.ekie-nat.ekaste.nhvkxm.top/load.php,47,0,0,3,1,82.9787,0,0,0.2128,30,0.3,0.087,1.0,3,0,0,0,0,0,0,0,0,0
https://ipfs.io/ipfs/qmqtsdrubyye2vjpckzarpwkxkudkxk4pqxjpgmygepzc7,67,0,0,0,1,83.5821,0,0,0.0896,7,0.5,0.0455,1.0,2,0,0,0,0,0,0,0,0,0
https://www.thegreengrid.org,28,0,0,1,1,75.0,0,0,0.1786,20,0.9,0.1852,1.0,3,1,0,0,6,0,1,0,1,1
https://ab6f5ab6f5a.web.app/,28,0,0,1,1,82.1429,0,0,0.2143,19,0.5,0.1111,1.0,3,0,0,0,0,0,0,0,0,0
https://www.sor.ro,18,0,0,1,1,83.3333,0,0,0.2778,10,0.5,0.2353,1.0,2,0,0,0,0,0,0,0,0,1
http://www.amazcazm-co-jp.amaozcon.swcd.xyz/,44,0,0,3,0,81.8182,0,0,0.2273,36,0.35,0.093,1.0,3,0,0,0,0,0,0,0,0,0
https://obabanter23.web.app/,28,0,0,1,1,67.8571,0,0,0.2143,19,0.5,0.1111,1.0,3,0,0,0,0,0,0,0,0,0
http://www.dieukhactbk.com,26,0,0,1,0,61.5385,0,0,0.1923,19,0.95,0.16,1.0,3,0,0,0,0,0,0,0,0,0
http://www.d303790c.top,23,0,0,1,0,69.5652,0,0,0.2174,16,0.3,0.1818,1.0,3,0,0,0,0,0,0,0,0,0
https://www.wscs.info,21,0,0,1,1,61.9048,0,0,0.2381,13,0.55,0.2,1.0,4,0,0,1,74,0,1,0,1,1
https://www.flatironschurch.com,31,0,0,1,1,70.9677,0,0,0.1613,23,0.95,0.1333,1.0,3,2,0,1,8,0,0,0,1,1
https://www.esof.eu,19,0,0,1,1,68.4211,0,0,0.2632,11,0.5,0.2222,1.0,2,0,0,0,0,0,0,0,0,1
http://www.wzfmnewsnet.com,26,0,0,1,0,69.2308,0,0,0.1923,19,0.95,0.16,1.0,3,0,0,0,0,0,0,0,0,0
https://www.codersrevolution.com,32,0,0,1,1,68.75,0,0,0.1562,24,0.95,0.129,1.0,3,0,0,0,0,0,0,0,0,1
https://adsecofilstrabe.firebaseapp.com/,40,0,0,1,1,87.5,0,0,0.15,31,0.95,0.0769,1.0,3,0,0,0,0,0,0,0,0,0
https://www.ranchodeluxe.com,28,0,0,1,1,60.7143,0,0,0.1786,20,0.95,0.1481,1.0,3,1,0,0,0,0,0,0,1,1
https://www.torahvort.com,25,0,0,1,1,72.0,0,0,0.2,17,0.95,0.1667,1.0,3,2,0,1,110,1,1,0,1,1
https://www.appysmarts.com,26,0,0,1,1,76.9231,0,0,0.1923,18,0.95,0.2,1.0,3,0,0,0,1,0,1,0,1,1
https://cache.nebula.phx3.secureserver.net/obj/qkmymthbnjg0rjjcrjg2njc3oem6ywy1zdcwyjhhoddhzmqwzdgyztdkotuymdlky2yzody6ojo6,123,0,0,3,1,95.935,0,0,0.0732,34,0.85,0.041,1.0,3,0,0,0,0,0,0,0,0,0
https://www.mot-art-museum.jp,29,0,0,1,1,75.8621,0,0,0.2414,21,0.5,0.1429,1.0,2,0,0,0,3,0,1,0,1,1
https://www.chemanager-online.com,33,0,0,1,1,75.7576,0,0,0.1818,25,0.95,0.125,1.0,3,0,0,1,0,0,1,0,1,1
https://www.rimradio.ma,23,0,0,1,1,73.913,0,0,0.2174,15,0.5,0.1818,1.0,2,0,0,0,0,0,0,0,0,1
https://www.nishiyamasilk.com,29,0,0,1,1,72.4138,0,0,0.1724,21,0.95,0.1429,1.0,3,0,0,0,0,0,0,0,0,1
https://www.simiishome.com,26,0,0,1,1,84.6154,0,0,0.1923,18,0.95,0.2,1.0,3,0,0,1,0,0,1,0,1,1
https://www.webcompat.com,25,0,0,1,1,76.0,0,0,0.2,17,0.95,0.1667,1.0,3,0,0,0,0,0,0,0,0,1
https://www.orfieldlabs.com,27,0,0,1,1,55.5556,0,0,0.1852,19,0.95,0.1538,1.0,3,0,0,0,1,0,1,0,1,1
https://www.dbdebunk.com,24,0,0,1,1,54.1667,0,0,0.2083,16,0.95,0.1739,1.0,3,0,14,0,243,0,0,0,1,1
https://www.psychoanalytischeperspectieven.be,45,0,0,1,1,86.6667,0,0,0.1111,37,0.5,0.0909,1.0,2,0,0,0,399,0,1,0,1,1
http://www.securytingmail.com,29,0,0,1,0,55.1724,0,0,0.1724,22,0.95,0.1429,1.0,3,0,0,0,0,0,0,0,0,0
https://mailupdate1.godaddysites.com/,37,0,0,1,1,78.3784,0,0,0.1622,28,0.95,0.0833,1.0,3,0,0,0,0,0,0,0,0,0
http://www.jlk-comercial.com,28,0,0,1,0,64.2857,0,0,0.2143,21,0.95,0.1481,1.0,3,0,0,0,0,0,0,0,0,0
http://finnfestusa2014.org/,27,0,0,0,0,44.4444,0,0,0.1852,19,0.9,0.1154,1.0,3,0,0,0,0,0,0,0,0,0
http://www.aprocotci.org/wp-content/mygov/index2.html,53,0,0,1,0,83.0189,0,0,0.1887,17,0.9,0.0769,1.0,3,0,0,0,0,0,0,0,0,0
http://cutt.ly/operatorebper,28,0,0,0,0,67.8571,0,0,0.1786,7,0.5,0.1111,1.0,2,0,0,0,0,0,0,0,0,0
https://www.tevausa.com,23,0,0,1,1,60.8696,0,0,0.2174,15,0.95,0.1818,1.0,3,1,0,1,1,0,1,0,1,1
http://www.bluesixnine.com,26,0,0,1,0,57.6923,0,0,0.1923,19,0.95,0.16,1.0,3,0,0,0,0,0,0,0,0,0
http://www.zhuangyu.welco.live,30,0,0,2,0,63.3333,0,0,0.2,23,0.5,0.1379,1.0,4,0,0,0,0,0,0,0,0,0
https://www.lib.u-ryukyu.ac.jp,30,0,0,3,1,60.0,0,0,0.2667,22,0.5,0.1379,1.0,2,1,0,0,151,1,1,0,1,1
https://www.lnr.fr,18,0,0,1,1,61.1111,0,0,0.2778,10,0.5,0.2353,1.0,2,0,0,0,28,0,1,0,1,1
https://www.radioroks.ua,24,0,0,1,1,70.8333,0,0,0.2083,16,0.5,0.1739,1.0,2,2,0,0,9,0,0,0,1,1
https://note-a8e5.noj.workers.dev/,34,0,0,2,1,64.7059,0,0,0.2353,25,0.5,0.0606,1.0,3,0,0,0,0,0,0,0,0,0
https://www.sacredbonesrecords.com,34,0,0,1,1,79.4118,0,0,0.1471,26,0.95,0.1212,1.0,3,0,0,1,13,0,1,0,1,1
https://www.snappyshopper.co.uk,31,0,0,2,1,70.9677,0,0,0.1935,23,0.9,0.2,1.0,2,0,0,0,1,0,1,0,1,1
https://www.kraj-jihocesky.cz,29,0,0,1,1,65.5172,0,0,0.2069,21,0.5,0.1429,1.0,2,0,0,0,0,0,0,0,0,1
https://open-securepage.myportfolio.com/,40,0,0,1,1,72.5,0,0,0.175,31,0.95,0.0513,1.0,3,0,0,0,0,0,0,0,0,0
https://www.rogueguitarshop.com,31,0,0,1,1,80.6452,0,0,0.1613,23,0.95,0.1333,1.0,3,0,0,0,0,0,1,0,1,1
https://docs.google.com/forms/d/e/1faipqlseenhbbxtwamfmork3asua_pfejkhmxkqv8hlzwo-uznm3t1w/viewform,99,0,0,1,1,94.9495,0,0,0.1212,15,0.95,0.051,1.0,3,0,0,0,0,0,0,0,0,0
https://maildinshaakckjnw198.web.app/,37,0,0,1,1,70.2703,0,0,0.1622,28,0.5,0.1111,1.0,3,0,0,0,0,0,0,0,0,0
https://ipfs.io/ipfs/qms5gsruxgrerj92rvoscjashq7hbs6plqjuavtzzr6zur,67,0,0,0,1,82.0896,0,0,0.0896,7,0.5,0.0455,1.0,2,0,0,0,0,0,0,0,0,0
https://ymail-103868.weeblysite.com/,36,0,0,1,1,63.8889,0,0,0.1944,27,0.95,0.0857,1.0,3,0,0,0,0,0,0,0,0,0
http://www.ubng.fburl.fun,25,0,0,2,0,76.0,0,0,0.24,18,0.5,0.1667,1.0,3,0,0,0,0,0,0,0,0,0
https://www.cchfreedom.org,26,0,0,1,1,73.0769,0,0,0.1923,18,0.9,0.24,1.0,3,0,0,0,0,0,0,0,0,1
https://www.navarras.com,24,0,0,1,1,66.6667,0,0,0.2083,16,0.95,0.2174,1.0,3,2,0,1,0,0,1,0,1,1
https://qiolipsdpd.samcart.com/products/sdolfsod,48,0,0,1,1,89.5833,0,0,0.1458,22,0.95,0.0426,1.0,3,0,0,0,0,0,0,0,0,0
https://www.hashilthsa.com,26,0,0,1,1,73.0769,0,0,0.1923,18,0.95,0.16,1.0,3,0,0,0,2,0,1,0,1,1
https://www.glogirly.com,24,0,0,1,1,62.5,0,0,0.2083,16,0.95,0.1739,1.0,3,0,0,0,234,1,1,0,1,1
http://www.cs1j.com,19,0,0,1,0,57.8947,0,0,0.2632,12,0.95,0.2222,1.0,3,0,0,0,0,0,0,0,0,0
https://www.palmerfuneralhomes.com,34,0,0,1,1,85.2941,0,0,0.1471,26,0.95,0.1212,1.0,3,0,0,0,0,0,0,0,0,1
https://www.cagliaricalcio.com,30,0,0,1,1,76.6667,0,0,0.1667,22,0.95,0.1379,1.0,3,0,0,0,0,0,0,0,0,1
https://georgei.bogdanbuczek.warszawa.pl/record/email@example.com,65,0,1,2,1,89.2308,0,0,0.1538,32,0.5,0.0312,0.9846,2,0,0,0,0,0,0,0,0,0
https://www.direct3.smbc.co.jp.aib.taobtianmb.com/sanjin/client/index.php,73,0,0,6,1,93.1507,0,0,0.1918,41,0.95,0.0556,1.0,3,0,0,0,0,0,0,0,0,0
https://www.5miles.com,22,0,0,1,1,59.0909,0,0,0.2273,14,0.95,0.1905,1.0,3,0,0,0,0,0,0,0,0,1
https://sendlisca.web.app/,26,0,0,1,1,65.3846,0,0,0.2308,17,0.5,0.12,1.0,3,0,0,0,0,0,0,0,0,0
http://www.spektrum-lights.com/homesnappro+2023/,48,0,0,1,0,72.9167,0,0,0.1875,23,0.95,0.1064,0.9792,3,0,0,0,0,0,0,0,0,0
https://helpme120312421312412.web.app/,38,0,0,1,1,78.9474,0,0,0.1579,29,0.5,0.0811,1.0,3,0,0,0,0,0,0,0,0,0
https://www.tee-app.com,23,0,0,1,1,65.2174,0,0,0.2609,15,0.95,0.2727,1.0,3,0,0,0,0,0,1,0,0,1
http://www.uk-shaparak.ml,25,0,0,1,0,72.0,0,0,0.24,18,0.5,0.1667,1.0,2,0,0,0,0,0,0,0,0,0
https://www.auri.re.kr,22,0,0,2,1,59.0909,0,0,0.2727,14,0.5,0.1905,1.0,2,1,2,1,4,0,1,0,1,1
https://www.simonshieldcars.co.uk,33,0,0,2,1,66.6667,0,0,0.1818,25,0.9,0.125,1.0,2,3,4,1,6,0,1,0,1,1
http://app0my00g0vapp.com/login-mygov/otp2.html,47,0,0,0,0,87.234,0,0,0.1702,18,0.95,0.1087,1.0,3,0,0,0,0,0,0,0,0,0
https://www.csa.fr,18,0,0,1,1,61.1111,0,0,0.2778,10,0.5,0.2353,1.0,2,0,0,0,0,0,0,0,0,1
https://correos666es.top/,25,0,0,0,1,84.0,0,0,0.2,16,0.3,0.2083,1.0,3,0,0,0,0,0,0,0,0,0
https://www.tuttoudinese.it,27,0,0,1,1,77.7778,0,0,0.1852,19,0.5,0.1923,1.0,2,1,3,0,12,0,1,0,1,1
https://www.petaasia.com,24,0,0,1,1,70.8333,0,0,0.2083,16,0.95,0.2174,1.0,3,0,0,0,0,0,0,0,0,1
https://www.iisj.net,20,0,0,1,1,70.0,0,0,0.25,12,0.85,0.2632,1.0,3,1,0,1,46,0,1,0,1,1
https://www.lloydsbank.com,26,0,0,1,1,57.6923,0,0,0.1923,18,0.95,0.2,1.0,3,0,0,0,5,0,1,0,0,1
http://www.omwowxish.ga,23,0,0,1,0,65.2174,0,0,0.2174,16,0.5,0.1818,1.0,2,0,0,0,0,0,0,0,0,0
https://www.selectegypt.com,27,0,0,1,1,74.0741,0,0,0.1852,19,0.95,0.1538,1.0,3,0,0,0,0,0,0,0,0,1
http://bet810c.com/home,23,0,0,0,0,69.5652,0,0,0.2174,11,0.95,0.0909,1.0,3,0,0,0,0,0,0,0,0,0
https://www.labur.eus,21,0,0,1,1,61.9048,0,0,0.2381,13,0.5,0.2,1.0,3,0,0,1,0,1,1,0,0,1
https://taplink.cc/catatinhas,29,0,0,0,1,86.2069,0,0,0.1724,10,0.5,0.1071,1.0,2,0,0,0,0,0,0,0,0,0
https://www.blkb.ch,19,0,0,1,1,68.4211,0,0,0.2632,11,0.5,0.2222,1.0,2,0,0,0,4,0,1,0,1,1
https://ipfs.io/ipfs/qmyrykun5qclfmqjkzrxnrfjv2pxkxrciccpmdp5qrassd/eclsnewweb.html#noc@protocol.ai,99,0,1,0,1,91.9192,0,0,0.1111,7,0.5,0.051,0.9798,2,0,0,0,0,0,0,0,0,0
https://www.oldtownschool.org,29,0,0,1,1,75.8621,0,0,0.1724,21,0.9,0.1786,1.0,3,1,0,0,9,0,1,0,1,1
https://maildinshaakckjnw290.firebaseapp.com/,45,0,0,1,1,73.3333,0,0,0.1333,36,0.95,0.0909,1.0,3,0,0,0,0,0,0,0,0,0
http://www.emasgol.com,22,0,0,1,0,59.0909,0,0,0.2273,15,0.95,0.1905,1.0,3,0,0,0,0,0,0,0,0,0
https://www.pulleez.com,23,0,0,1,1,65.2174,0,0,0.2174,15,0.95,0.2727,1.0,3,0,0,0,0,0,0,0,0,1
https://www.rjchq.org,21,0,0,1,1,61.9048,0,0,0.2381,13,0.9,0.2,1.0,3,0,0,0,0,0,0,0,0,1
https://login-screen-105070.weeblysite.com/,43,0,0,1,1,72.093,0,0,0.186,34,0.95,0.0952,1.0,3,0,0,0,0,0,0,0,0,0
https://service-informatique-2023.firebaseapp.com/,50,0,0,1,1,82.0,0,0,0.16,41,0.95,0.0612,1.0,3,0,0,0,0,0,0,0,0,0
https://www.keyforensic.co.uk,29,0,0,2,1,68.9655,0,0,0.2069,21,0.9,0.1429,1.0,2,0,0,0,0,0,0,0,0,1
https://bafybeib6mnx5nza4tvcm64kuq6a5pcjyw7doftqeveuk22tpf5l53apqsm.ipfs.w3s.link/2authlogin.html,97,0,0,2,1,92.7835,0,0,0.0825,73,0.5,0.0312,1.0,4,0,0,0,0,0,0,0,0,0
https://www.thelondoncorsetcompany.co.uk,40,0,0,2,1,77.5,0,0,0.15,32,0.9,0.1026,1.0,2,0,0,0,0,0,0,0,0,1
https://attcom-106393.square.site/,34,0,0,1,1,55.8824,0,0,0.2059,25,0.35,0.0909,1.0,4,0,0,0,0,0,0,0,0,0
https://www.suttoncricketclub.com,33,0,0,1,1,66.6667,0,0,0.1515,25,0.95,0.1562,1.0,3,0,0,0,57,0,0,0,1,1
http://yourvideo-landing.devtomaster.com/wp-content/testjfh.html,64,0,0,1,0,89.0625,0,0,0.1562,33,0.95,0.0317,1.0,3,0,0,0,0,0,0,0,0,0
http://www.mob.netau.net,24,0,0,2,0,66.6667,0,0,0.25,17,0.85,0.1739,1.0,3,0,0,0,0,0,0,0,0,0
https://pace.pro450sf.repl.co/,30,0,0,2,1,73.3333,0,0,0.2333,21,0.8,0.069,1.0,2,0,0,0,0,0,0,0,0,0
https://www.signswithanattitude.com,35,0,0,1,1,74.2857,0,0,0.1429,27,0.95,0.1471,1.0,3,0,0,1,0,0,1,0,1,1
http://www.exitocorp.com,24,0,0,1,0,70.8333,0,0,0.2083,17,0.95,0.1739,1.0,3,0,0,1,0,0,1,0,1,0
https://www.paralympics.com,27,0,0,1,1,74.0741,0,0,0.1852,19,0.95,0.1538,1.0,3,0,0,1,0,0,1,0,0,1
https://mail-67aa7-view-mail-ups.firebaseapp.com/,49,0,0,1,1,77.551,0,0,0.2041,40,0.95,0.0833,1.0,3,0,0,0,0,0,0,0,0,0
http://www.gotxest.top,22,0,0,1,0,72.7273,0,0,0.2273,15,0.3,0.1905,1.0,3,0,0,0,0,0,0,0,0,0
https://www.qcif.edu.au,23,0,0,2,1,52.1739,0,0,0.2609,15,0.88,0.1818,1.0,2,0,0,0,0,0,0,0,0,1
https://tzrhdo.top/,19,0,0,0,1,68.4211,0,0,0.2632,10,0.3,0.1111,1.0,3,0,0,0,0,0,0,0,0,0
http://pankopeblso.wpengine.com/fix/deoulin/,44,0,0,1,0,68.1818,0,0,0.1818,24,0.95,0.0465,1.0,3,0,0,0,0,0,0,0,0,0
https://ciients-sfr.fr/verification/compte/login.php?&second_time=,66,0,0,0,1,83.3333,1,1,0.197,14,0.5,0.0462,1.0,2,0,0,0,0,0,0,0,0,0
https://www.meat.org,20,0,0,1,1,50.0,0,0,0.25,12,0.9,0.2105,1.0,3,0,0,0,0,0,0,0,0,1
https://cautiousgreenyellowstructure.akjsdnasjd.repl.co/,56,0,0,2,1,87.5,0,0,0.125,47,0.8,0.0727,1.0,2,0,0,0,0,0,0,0,0,0
https://www.blackpixon.com,26,0,0,1,1,57.6923,0,0,0.1923,18,0.95,0.16,1.0,3,0,0,0,0,0,0,0,0,1
http://jppostut.com/,20,0,0,0,0,60.0,0,0,0.25,12,0.95,0.1579,1.0,3,0,0,0,0,0,0,0,0,0
https://www.pearlsharbor.de,27,0,0,1,1,81.4815,0,0,0.1852,19,0.88,0.1538,1.0,2,0,0,0,255,0,1,0,1,1
https://bio.site/h5k2l1m9b5j3a6s7n40mb2g6s?inf_contact_key=7e3750098f906e628716b0b4c55950d6680f8914173f9191b1c0223e68310bb1,123,0,0,0,1,91.8699,1,1,0.0732,8,0.35,0.0574,1.0,4,0,0,0,0,0,0,0,0,0
https://xjautx-gaucz45evq-uc.a.run.app/https://ibww2.portaldepontosdesco.com/h_tml@/htmt_@/index?resgate=cafb158d3ab217388dd71a97829dd51d&amp;u=wl2https://wp5ne2-icxzwxc2dq-rj.a.run.app/https://ibk12.pontosprogramdesco.com/_html/@html_l/index/inicio.php?resgate=8080228446414c3a4eb4838.51343502&amp;ref=authhttps://wbs1-nmbek7vfcq-uc.a.run.app/https://www-bradesco27.pontos-vantagens.com/html/https://pontos-vantagens.com/https://ww4.portaldepontosdesco.com/h_tml@/h_tml/index?resgate=1e0804611098a72e0c08c5edf368e2cd&amp;u=skugm1https://eik.addas.dynv6.net/ibpfnovologin/https://desco-clienteid-19222.acessobradescogonsc.com/resgate/https://meulivelo-j4r2i3gl2a-tl.a.run.app/https://lbll2bradescco.com/home.phphttps://livelo-online-brades.co.ua/html/classico/index.shtm/https://govllone-gaucz45evq-uc.a.run.app/https://acessoprime.3utilities.com/html/https://ibankingsecurity.com/html/classico/index.shtm/https://bryaux-gaucz45evq-ue.a.run.app/,945,0,1,2,1,100.0,6,3,0.182,30,0.5,0.0646,0.9926,3,0,0,0,0,0,0,0,0,0
https://emailverificationadminupgrade91.godaddysites.com/,57,0,0,1,1,84.2105,0,0,0.1053,48,0.95,0.0536,1.0,3,0,0,0,0,0,0,0,0,0
https://hbpostq.com/,20,0,0,0,1,70.0,0,0,0.25,11,0.95,0.1053,1.0,3,0,0,0,0,0,0,0,0,0
https://fb-restriction-case-85195.firebaseapp.com/,50,0,0,1,1,86.0,0,0,0.18,41,0.95,0.0612,1.0,3,0,0,0,0,0,0,0,0,0
https://www.arcal-lac.org,25,0,0,1,1,72.0,0,0,0.24,17,0.9,0.1667,1.0,3,0,0,0,156,0,0,0,1,1
https://mlog-m.web.app/,23,0,0,1,1,52.1739,0,0,0.3043,14,0.5,0.1364,1.0,3,0,0,0,0,0,0,0,0,0
https://www.consumersearch.com,30,0,0,1,1,83.3333,0,0,0.1667,22,0.95,0.1379,1.0,3,0,0,0,0,0,0,0,0,1
https://www.museumofthebible.org,32,0,0,1,1,78.125,0,0,0.1562,24,0.9,0.129,1.0,3,0,0,0,0,0,0,0,0,1
http://www.balsagarelectrical.com,33,0,0,1,0,72.7273,0,0,0.1515,26,0.95,0.125,1.0,3,0,0,0,0,0,0,0,0,0
http://www.qinghaiyouxi.cn,26,0,0,1,0,61.5385,0,0,0.1923,19,0.5,0.16,1.0,2,0,0,0,0,0,0,0,0,0
http://www.estcp.com,20,0,0,1,0,70.0,0,0,0.25,13,0.95,0.2105,1.0,3,0,0,0,0,0,0,0,0,0
https://www.activism.net,24,0,0,1,1,62.5,0,0,0.2083,16,0.85,0.1739,1.0,3,0,0,1,0,1,0,0,0,1
https://www.mediaterre.org,26,0,0,1,1,61.5385,0,0,0.1923,18,0.9,0.2,1.0,3,0,0,0,0,0,0,0,0,1
https://www.thephoenixnewspaper.com,35,0,0,1,1,80.0,0,0,0.1429,27,0.95,0.1176,1.0,3,0,0,0,0,0,0,0,0,1
https://rgxijd.com/,19,0,0,0,1,26.3158,0,0,0.2632,10,0.95,0.1111,1.0,3,0,0,0,0,0,0,0,0,0
https://logon-review-uk.web.app/,32,0,0,1,1,59.375,0,0,0.25,23,0.5,0.0968,1.0,3,0,0,0,0,0,0,0,0,0
https://www.cadnauseam.com,26,0,0,1,1,69.2308,0,0,0.1923,18,0.95,0.16,1.0,3,0,0,0,206,0,1,0,1,1
https://aol-103711.weeblysite.com/,34,0,0,1,1,58.8235,0,0,0.2059,25,0.95,0.1212,1.0,3,0,0,0,0,0,0,0,0,0
https://www.safebettingsites.com,32,0,0,1,1,65.625,0,0,0.1562,24,0.95,0.1613,1.0,3,1,0,1,127,0,1,0,1,1
https://www.plugonemag.com,26,0,0,1,1,65.3846,0,0,0.1923,18,0.95,0.16,1.0,3,0,0,0,133,0,1,0,0,1
https://luiigiiuydkuyf.duckdns.org/,35,0,0,1,1,74.2857,0,0,0.1714,26,0.9,0.1176,1.0,3,0,0,0,0,0,0,0,0,0
https://www.sounduk.net,23,0,0,1,1,69.5652,0,0,0.2174,15,0.85,0.1818,1.0,3,2,0,0,1,1,1,0,1,1
https://www.robinetteandcompany.com,35,0,0,1,1,77.1429,0,0,0.1429,27,0.95,0.1471,1.0,3,1,0,0,3,0,1,0,1,1
https://www.carolinaoral.com,28,0,0,1,1,75.0,0,0,0.1786,20,0.95,0.1481,1.0,3,0,0,0,74,0,0,0,1,1
https://www.iran-bulletin.org,29,0,0,1,1,62.069,0,0,0.2069,21,0.9,0.1786,1.0,3,0,0,0,0,0,0,0,0,1
https://www.dlrect-smtb.jp.ap1.ib.tbtmskr.com/ibg/client/index_pc.php,69,0,0,5,1,85.5072,0,0,0.2174,37,0.95,0.0588,1.0,3,0,0,0,0,0,0,0,0,0
https://www.mailthis.to,23,0,0,1,1,73.913,0,0,0.2174,15,0.5,0.1818,1.0,2,0,0,0,0,0,0,0,0,1
https://www.cpm.coop,20,0,0,1,1,80.0,0,0,0.25,12,0.5,0.2632,1.0,4,0,0,0,0,0,0,0,0,1
https://www.oliviasummers.com,29,0,0,1,1,65.5172,0,0,0.1724,21,0.95,0.1786,1.0,3,0,0,0,0,0,0,0,0,1
https://hepid98847236472369481.firebaseapp.com/,47,0,0,1,1,80.8511,0,0,0.1277,38,0.95,0.087,1.0,3,0,0,0,0,0,0,0,0,0
https://techcorps.in/wp-content/uploads/2023/04/ak47/pages/login.php?lca,72,0,0,0,1,86.1111,0,1,0.1944,12,0.9,0.0282,1.0,2,0,0,0,0,0,0,0,0,0
https://www.dcsa.mil,20,0,0,1,1,55.0,0,0,0.25,12,0.5,0.2105,1.0,3,0,0,0,0,0,0,0,0,1
https://www.tableauxdumonde.com,31,0,0,1,1,70.9677,0,0,0.1613,23,0.95,0.1333,1.0,3,0,0,0,0,0,0,0,0,1
http://www.us-ledger.com,24,0,0,1,0,45.8333,0,0,0.25,17,0.95,0.1739,1.0,3,0,0,0,0,0,0,0,0,0
https://www.canvasbubble.com,28,0,0,1,1,64.2857,0,0,0.1786,20,0.95,0.1852,1.0,3,0,0,0,0,0,0,0,0,1
https://www.aplink.co.jp,24,0,0,2,1,54.1667,0,0,0.25,16,0.5,0.1739,1.0,2,0,0,0,0,0,0,0,0,1
https://sleamcommulnity.ru/id/prestypjymy,41,0,0,0,1,78.0488,0,0,0.1463,18,0.5,0.075,1.0,2,0,0,0,0,0,0,0,0,0
https://www.top-rider.com,25,0,0,1,1,64.0,0,0,0.24,17,0.95,0.1667,1.0,3,0,0,0,0,0,0,0,0,1
http://www.usaacominetentproofproofingeventactioninitevent.com,62,0,0,1,0,91.9355,0,0,0.0806,55,0.95,0.1148,1.0,3,0,0,0,0,0,0,0,0,0
https://www.ajwnews.com,23,0,0,1,1,56.5217,0,0,0.2174,15,0.95,0.1818,1.0,3,0,0,0,0,0,0,0,0,1
http://different-pepper-sting.glitch.me/,40,0,0,1,0,85.0,0,0,0.2,32,0.5,0.1026,1.0,2,0,0,0,0,0,0,0,0,0
https://www.efghermes.com,25,0,0,1,1,72.0,0,0,0.2,17,0.95,0.1667,1.0,3,0,0,0,0,0,0,0,0,1
https://www.clutchjewelry.com,29,0,0,1,1,68.9655,0,0,0.1724,21,0.95,0.1429,1.0,3,0,0,0,0,0,0,0,0,1
https://www.jewishpolicycenter.org,34,0,0,1,1,82.3529,0,0,0.1471,26,0.9,0.1212,1.0,3,0,0,0,0,0,0,0,0,1
https://www.cdrlabs.com,23,0,0,1,1,56.5217,0,0,0.2174,15,0.95,0.1818,1.0,3,0,0,0,0,0,0,0,0,1
http://www.kejutan-hadiah-untung-beliung-britama.finansialbisnis.com/.well-known/pki-validation/content/content.php,115,0,0,2,0,95.6522,0,0,0.1565,61,0.95,0.0439,1.0,3,0,0,0,0,0,0,0,0,0
https://www.neurodegenerationresearch.eu,40,0,0,1,1,85.0,0,0,0.125,32,0.5,0.1026,1.0,2,0,0,0,0,0,0,0,0,1
https://www.thompsonrd.com,26,0,0,1,1,80.7692,0,0,0.1923,18,0.95,0.16,1.0,3,0,0,0,0,0,0,0,0,1
https://www.odditycentral.com,29,0,0,1,1,58.6207,0,0,0.1724,21,0.95,0.1786,1.0,3,0,0,0,0,0,0,0,0,1
https://roundcube09005.firebaseapp.com/,39,0,0,1,1,76.9231,0,0,0.1538,30,0.95,0.1053,1.0,3,0,0,0,0,0,0,0,0,0
https://my-site-att975-102508.weeblysite.com/,45,0,0,1,1,68.8889,0,0,0.2,36,0.95,0.0909,1.0,3,0,0,0,0,0,0,0,0,0
https://www.rotarydistrict3310.org.my,37,0,0,2,1,72.973,0,0,0.1622,29,0.5,0.1389,1.0,2,0,0,0,0,0,0,0,0,1
https://www.stopblablacam.com,29,0,0,1,1,93.1034,0,0,0.1724,21,0.95,0.1429,1.0,3,0,0,0,0,0,0,0,0,1
https://www.flashscore.com,26,0,0,1,1,69.2308,0,0,0.1923,18,0.95,0.16,1.0,3,0,0,0,0,0,0,0,0,1
https://club-seedify.com/walletconnect/index.htm,48,0,0,0,1,79.1667,0,0,0.1667,16,0.95,0.1064,1.0,3,0,0,0,0,0,0,0,0,0
https://www.wetamarine.com,26,0,0,1,1,65.3846,0,0,0.1923,18,0.95,0.16,1.0,3,0,0,0,0,0,0,0,0,1
https://www.hevratpinto.org,27,0,0,1,1,70.3704,0,0,0.1852,19,0.9,0.1538,1.0,3,0,0,0,0,0,0,0,0,1
https://www.transition-support.com,34,0,0,1,1,79.4118,0,0,0.1765,26,0.95,0.1515,1.0,3,0,0,0,0,0,0,0,0,1
https://www.ebarnett.com,24,0,0,1,1,54.1667,0,0,0.2083,16,0.95,0.2174,1.0,3,0,0,0,0,0,0,0,0,1
https://www.chicagowolves.com,29,0,0,1,1,68.9655,0,0,0.1724,21,0.95,0.1429,1.0,3,0,0,0,0,0,0,0,0,1
https://21563142--5324765.repl.co,33,0,0,1,1,72.7273,0,0,0.2121,25,0.8,0.0938,1.0,2,0,0,0,0,0,0,0,0,0
https://www.faktysmolensk.niezniknelo.com,41,0,0,2,1,80.4878,0,0,0.1463,33,0.95,0.1,1.0,3,0,0,0,0,0,0,0,0,1
https://www.srchinelo.com.br,28,0,0,2,1,71.4286,0,0,0.2143,20,0.5,0.1481,1.0,2,0,0,0,0,0,0,0,0,1
http://www.hjnu.homec.live,26,0,0,2,0,57.6923,0,0,0.2308,19,0.5,0.16,1.0,4,0,0,0,0,0,0,0,0,0
https://www.tentaran.com,24,0,0,1,1,62.5,0,0,0.2083,16,0.95,0.1739,1.0,3,0,0,0,0,0,0,0,0,1
https://www.cocktail.uk.com,27,0,0,2,1,66.6667,0,0,0.2222,19,0.95,0.1538,1.0,3,0,0,0,0,0,0,0,0,1
https://www.socialdemocrats.org,31,0,0,1,1,70.9677,0,0,0.1613,23,0.9,0.1333,1.0,3,0,0,0,0,0,0,0,0,1
https://www.electricblanketinstitute.com,40,0,0,1,1,75.0,0,0,0.125,32,0.95,0.1026,1.0,3,0,0,0,0,0,0,0,0,1
https://givingcheerfulinsurance--78541552.repl.co/des/index.php,63,0,0,1,1,82.5397,0,0,0.1587,41,0.8,0.0806,1.0,2,0,0,0,0,0,0,0,0,0
https://aef834b4-4f8e-4ff0-91eb-493c72c3473e.id.repl.co/login.php,65,0,0,2,1,84.6154,0,0,0.1846,47,0.8,0.0469,1.0,2,0,0,0,0,0,0,0,0,0
https://stepp9-54a62.firebaseapp.com/,37,0,0,1,1,59.4595,0,0,0.1892,28,0.95,0.1111,1.0,3,0,0,0,0,0,0,0,0,0
https://www.goodbullhunting.com,31,0,0,1,1,74.1935,0,0,0.1613,23,0.95,0.2,1.0,3,0,0,0,0,0,0,0,0,1
https://www.computertalk.com,28,0,0,1,1,67.8571,0,0,0.1786,20,0.95,0.1481,1.0,3,0,0,0,0,0,0,0,0,1
http://www.zbzzk.ru,19,0,0,1,0,63.1579,0,0,0.2632,12,0.5,0.2778,1.0,2,0,0,0,0,0,0,0,0,0
https://www.theway.org.uk,25,0,0,2,1,56.0,0,0,0.24,17,0.9,0.1667,1.0,2,0,0,0,0,0,0,0,0,1
http://www.phoenixandthetardigrade.com,38,0,0,1,0,86.8421,0,0,0.1316,31,0.95,0.1081,1.0,3,0,0,0,0,0,0,0,0,0
http://www.crucialskills.my,27,0,0,1,0,66.6667,0,0,0.1852,20,0.5,0.1923,1.0,2,0,0,0,0,0,0,0,0,0
https://dydaqfgq86.baerlinschnee.de/benheddik/,46,0,0,1,1,76.087,0,0,0.1522,27,0.88,0.0889,1.0,2,0,0,0,0,0,0,0,0,0
http://www.f0503388.xsph.ru,27,0,0,2,0,74.0741,0,0,0.2222,20,0.5,0.2308,1.0,2,0,0,0,0,0,0,0,0,0
https://intesasanpalze.wpengine.com/dc/italia/sistema.di.sicurezza/persone-e-famiglie/?client_id=2dbc0637150e7d9328e09d3c72f4172d,129,0,0,1,1,90.6977,1,1,0.1318,27,0.95,0.0234,1.0,3,0,0,0,0,0,0,0,0,0
https://www.insectshield.com,28,0,0,1,1,75.0,0,0,0.1786,20,0.95,0.1481,1.0,3,0,0,0,0,0,0,0,0,1
https://www.kovalam.com,23,0,0,1,1,65.2174,0,0,0.2174,15,0.95,0.1818,1.0,3,0,0,0,0,0,0,0,0,1
https://www.mainepublic.org,27,0,0,1,1,48.1481,0,0,0.1852,19,0.9,0.1538,1.0,3,0,0,0,0,0,0,0,0,1
https://www.imlebanon.org,25,0,0,1,1,52.0,0,0,0.2,17,0.9,0.1667,1.0,3,0,0,0,0,0,0,0,0,1
https://www.cslbehring.com,26,0,0,1,1,57.6923,0,0,0.1923,18,0.95,0.16,1.0,3,0,0,0,0,0,0,0,0,1
https://wandering-dawn-4c48.tswep8kjoq.workers.dev/,51,0,0,2,1,84.3137,0,0,0.1765,42,0.5,0.04,1.0,3,0,0,0,0,0,0,0,0,0
https://auth-verification.osteuropa-fenster.de/libra-internet/login.php?verification,84,0,0,1,1,94.0476,0,1,0.1429,38,0.88,0.0241,1.0,2,0,0,0,0,0,0,0,0,0
http://www.telefacer.com,24,0,0,1,0,62.5,0,0,0.2083,17,0.95,0.1739,1.0,3,0,0,0,0,0,0,0,0,0
https://www.themepunch.com,26,0,0,1,1,80.7692,0,0,0.1923,18,0.95,0.16,1.0,3,0,0,0,0,0,0,0,0,1
https://www.ugsra.org,21,0,0,1,1,71.4286,0,0,0.2381,13,0.9,0.2,1.0,3,0,0,0,0,0,0,0,0,1
https://maildinshaakckjnw95.firebaseapp.com/,44,0,0,1,1,75.0,0,0,0.1364,35,0.95,0.093,1.0,3,0,0,0,0,0,0,0,0,0
https://www.miusol.com,22,0,0,1,1,68.1818,0,0,0.2273,14,0.95,0.1905,1.0,3,0,0,0,0,0,0,0,0,1
https://www.judiciaryreport.com,31,0,0,1,1,67.7419,0,0,0.1613,23,0.95,0.1333,1.0,3,0,0,0,0,0,0,0,0,1
https://sbzk-v6zo-g.firebaseapp.com/,36,0,0,1,1,69.4444,0,0,0.2222,27,0.95,0.0857,1.0,3,0,0,0,0,0,0,0,0,0
https://www.sonoshah.com,24,0,0,1,1,75.0,0,0,0.2083,16,0.95,0.1739,1.0,3,0,0,0,0,0,0,0,0,1
https://www.akippa.com,22,0,0,1,1,63.6364,0,0,0.2273,14,0.95,0.2381,1.0,3,0,0,0,0,0,0,0,0,1
https://www.ouhsc.edu,21,0,0,1,1,71.4286,0,0,0.2381,13,0.98,0.2,1.0,3,0,0,0,0,0,0,0,0,1
https://www.billiardsdigest.com,31,0,0,1,1,64.5161,0,0,0.1613,23,0.95,0.1667,1.0,3,0,0,0,0,0,0,0,0,1
https://www.transparenz.bremen.de,33,0,0,2,1,81.8182,0,0,0.1818,25,0.88,0.125,1.0,2,0,0,0,0,0,0,0,0,1
http://www.ultradoctors.com,27,0,0,1,0,66.6667,0,0,0.1852,20,0.95,0.1538,1.0,3,0,0,0,0,0,0,0,0,0
http://www.ftp.latestnews.organiccrap.com,41,0,0,3,0,82.9268,0,0,0.1707,34,0.95,0.125,1.0,3,0,0,0,0,0,0,0,0,0
https://www.anggitaramani.com,29,0,0,1,1,75.8621,0,0,0.1724,21,0.95,0.1786,1.0,3,0,0,0,0,0,0,0,0,1
https://naraamrine.firebaseapp.com/,35,0,0,1,1,82.8571,0,0,0.1714,26,0.95,0.1176,1.0,3,0,0,0,0,0,0,0,0,0
http://www.dnsdynamic.net,25,0,0,1,0,60.0,0,0,0.2,18,0.85,0.1667,1.0,3,0,0,0,0,0,0,0,0,0
http://u1965047.plsk.regruhosting.ru/10/,40,0,0,2,0,70.0,0,0,0.2,29,0.5,0.0513,1.0,2,0,0,0,0,0,0,0,0,0
https://www.78s.ch,18,0,0,1,1,72.2222,0,0,0.2778,10,0.5,0.2353,1.0,2,0,0,0,0,0,0,0,0,1
https://8b8fdfab-4d6b-4d16-ba4c-22949ccd610a.id.repl.co,55,0,0,2,1,83.6364,0,0,0.1818,47,0.8,0.0741,1.0,2,0,0,0,0,0,0,0,0,0
https://www.trishtech.com,25,0,0,1,1,72.0,0,0,0.2,17,0.95,0.1667,1.0,3,0,0,0,0,0,0,0,0,1
http://www.myjeacsceooesb.moyjeasocseeseb.gzfmft.top/uwbrvz8quj/page1.php,73,0,0,3,0,91.7808,0,0,0.137,45,0.3,0.0833,1.0,3,0,0,0,0,0,0,0,0,0
https://updatemetamask.net/?gclid=eaiaiqobchmiso_bgqxg_aivx8pvch1rwg-j,70,0,0,0,1,80.0,1,1,0.1429,18,0.85,0.029,1.0,3,0,0,0,0,0,0,0,0,0
https://uniswap.umidao.org/,27,0,0,1,1,70.3704,0,0,0.2222,18,0.9,0.0769,1.0,3,0,0,0,0,0,0,0,0,0
http://www.woodandthimble.com,29,0,0,1,0,68.9655,0,0,0.1724,22,0.95,0.1786,1.0,3,0,0,0,0,0,0,0,0,0
http://www.znzhou.top,21,0,0,1,0,85.7143,0,0,0.2381,14,0.3,0.2,1.0,3,0,0,0,0,0,0,0,0,0
http://www.binglbalts.com,25,0,0,1,0,56.0,0,0,0.2,18,0.95,0.1667,1.0,3,0,0,0,0,0,0,0,0,0
http://www.sun5365.com,22,0,0,1,0,50.0,0,0,0.2273,15,0.95,0.1905,1.0,3,0,0,0,0,0,0,0,0,0
https://www.amazing-holland.nl,30,0,0,1,1,66.6667,0,0,0.2,22,0.5,0.1724,1.0,2,0,0,0,0,0,0,0,0,1
https://www.min-eng.com,23,0,0,1,1,56.5217,0,0,0.2609,15,0.95,0.1818,1.0,3,0,0,0,0,0,0,0,0,1
https://docs.google.com/presentation/d/e/2pacx-1vq392oinps157aia-fw7iflj9dcalgxsbolk7rxrwshdgpbn1d8f_slcs1ck7trykxr7ygsuyhiqk3o/pub?start=false&loop=false&delayms=3000,167,0,0,1,1,95.8084,3,1,0.1138,15,0.95,0.0361,1.0,3,0,0,0,0,0,0,0,0,0
https://www.eurammon.com,24,0,0,1,1,58.3333,0,0,0.2083,16,0.95,0.2174,1.0,3,0,0,0,0,0,0,0,0,1
https://www.waterlooenergy.com,30,0,0,1,1,63.3333,0,0,0.1667,22,0.95,0.1724,1.0,3,0,0,0,0,0,0,0,0,1
http://www.kovaceke.ga,22,0,0,1,0,68.1818,0,0,0.2273,15,0.5,0.1905,1.0,2,0,0,0,0,0,0,0,0,0
https://www.liveyourdream.org,29,0,0,1,1,55.1724,0,0,0.1724,21,0.9,0.1429,1.0,3,0,0,0,0,0,0,0,0,1
http://www.site-sena.ml,23,0,0,1,0,60.8696,0,0,0.2609,16,0.5,0.1818,1.0,2,0,0,0,0,0,0,0,0,0
https://www.cavoparadiso.gr,27,0,0,1,1,74.0741,0,0,0.1852,19,0.5,0.1538,1.0,2,0,0,0,0,0,0,0,0,1
https://www.harvestrecords.com,30,0,0,1,1,80.0,0,0,0.1667,22,0.95,0.1379,1.0,3,0,0,0,0,0,0,0,0,1
http://www.filmproduction.management,36,0,0,1,0,75.0,0,0,0.1389,29,0.5,0.1143,1.0,10,0,0,0,0,0,0,0,0,0
http://www.bb73e76ace4a915f07119d65fe81d5478a.ws,48,0,0,1,0,85.4167,0,0,0.1042,41,0.5,0.1277,1.0,2,0,0,0,0,0,0,0,0,0
https://www.londonaftermidnight.com,35,0,0,1,1,71.4286,0,0,0.1429,27,0.95,0.1176,1.0,3,0,0,0,0,0,0,0,0,1
https://maildinshaakckjnw615.firebaseapp.com/,45,0,0,1,1,73.3333,0,0,0.1333,36,0.95,0.0909,1.0,3,0,0,0,0,0,0,0,0,0
http://www.n6271.com,20,0,0,1,0,45.0,0,0,0.25,13,0.95,0.2105,1.0,3,0,0,0,0,0,0,0,0,0
https://www.fossilebtp.fr,25,0,0,1,1,68.0,0,0,0.2,17,0.5,0.2083,1.0,2,0,0,0,0,0,0,0,0,1
https://www.pinehills.com,25,0,0,1,1,76.0,0,0,0.2,17,0.95,0.2083,1.0,3,0,0,0,0,0,0,0,0,1
http://www.zellesupport.info,28,0,0,1,0,67.8571,0,0,0.1786,21,0.55,0.2222,1.0,4,0,0,0,0,0,0,0,0,0
https://cancel62875667-binance-com.firebaseapp.com/,51,0,0,1,1,84.3137,0,0,0.1569,42,0.95,0.08,1.0,3,0,0,0,0,0,0,0,0,0
https://hd6-ms6d.web.app/,25,0,0,1,1,72.0,0,0,0.28,16,0.5,0.125,1.0,3,0,0,0,0,0,0,0,0,0
https://free-nltro.com/,23,0,0,0,1,52.1739,0,0,0.2609,14,0.95,0.1364,1.0,3,0,0,0,0,0,0,0,0,0
https://sea1skram.web.app/,26,0,0,1,1,69.2308,0,0,0.2308,17,0.5,0.12,1.0,3,0,0,0,0,0,0,0,0,0
https://helpaccountid10034589346709.firebaseapp.com/,52,0,0,1,1,73.0769,0,0,0.1154,43,0.95,0.098,1.0,3,0,0,0,0,0,0,0,0,0
https://www.ngsgenealogy.org,28,0,0,1,1,75.0,0,0,0.1786,20,0.9,0.1481,1.0,3,0,0,0,0,0,0,0,0,1
https://www.conicyt.cl,22,0,0,1,1,59.0909,0,0,0.2273,14,0.5,0.1905,1.0,2,0,0,0,0,0,0,0,0,1
https://dev-hjkppbvcaedse.pantheonsite.io/wp-includes/ca023/80287/,66,0,0,1,1,86.3636,0,0,0.1667,33,0.5,0.0462,1.0,2,0,0,0,0,0,0,0,0,0
https://www.jasperfforde.com,28,0,0,1,1,75.0,0,0,0.1786,20,0.95,0.1852,1.0,3,0,0,0,0,0,0,0,0,1
https://actubnpsteop.firebaseapp.com/,37,0,0,1,1,78.3784,0,0,0.1622,28,0.95,0.0833,1.0,3,0,0,0,0,0,0,0,0,0
https://www.zwemkroniek.com,27,0,0,1,1,66.6667,0,0,0.1852,19,0.95,0.1538,1.0,3,0,0,0,0,0,0,0,0,1
http://www.braceyourself.us,27,0,0,1,0,62.963,0,0,0.1852,20,0.85,0.1538,1.0,2,0,0,0,0,0,0,0,0,0
https://www.austindiocese.org,29,0,0,1,1,65.5172,0,0,0.1724,21,0.9,0.1429,1.0,3,0,0,0,0,0,0,0,0,1
https://www.njid.org,20,0,0,1,1,45.0,0,0,0.25,12,0.9,0.2105,1.0,3,0,0,0,0,0,0,0,0,1
https://www.crypto-news-flash.com,33,0,0,1,1,72.7273,0,0,0.2121,25,0.95,0.125,1.0,3,0,0,0,0,0,0,0,0,1
https://www.eheartdesign.com,28,0,0,1,1,60.7143,0,0,0.1786,20,0.95,0.1481,1.0,3,0,0,0,0,0,0,0,0,1
https://www.cell-auto.com,25,0,0,1,1,64.0,0,0,0.24,17,0.95,0.2083,1.0,3,0,0,0,0,0,0,0,0,1
https://www.pressfire.no,24,0,0,1,1,75.0,0,0,0.2083,16,0.5,0.2174,1.0,2,0,0,0,0,0,0,0,0,1
https://www.justfinewine.ca,27,0,0,1,1,70.3704,0,0,0.1852,19,0.88,0.1538,1.0,2,0,0,0,0,0,0,0,0,1
https://www.faithhopelovelife.com,33,0,0,1,1,81.8182,0,0,0.1515,25,0.95,0.1562,1.0,3,0,0,0,0,0,0,0,0,1
https://000524478--siup1.repl.co/,33,0,0,1,1,57.5758,0,0,0.2424,24,0.8,0.1875,1.0,2,0,0,0,0,0,0,0,0,0
https://ocaturismo.com.br/wp-log/css/includes/b.html,52,0,0,1,1,84.6154,0,0,0.2115,17,0.5,0.0588,1.0,2,0,0,0,0,0,0,0,0,0
https://www.laintegrativegi.com,31,0,0,1,1,64.5161,0,0,0.1613,23,0.95,0.1333,1.0,3,0,0,0,0,0,0,0,0,1
https://www.lotusland.org,25,0,0,1,1,64.0,0,0,0.2,17,0.9,0.1667,1.0,3,0,0,0,0,0,0,0,0,1
https://www.walkingpalates.com,30,0,0,1,1,66.6667,0,0,0.1667,22,0.95,0.1379,1.0,3,0,0,0,0,0,0,0,0,1
https://yahoo-105458-109089.weeblysite.com/,43,0,0,1,1,76.7442,0,0,0.186,34,0.95,0.0952,1.0,3,0,0,0,0,0,0,0,0,0
https://www.mail-servicio.viensky.com/?pspsecure?post.sfr&contextid=0beb3a&opid=cb5d2ac4&bk=kwmrdnv8&uaid=rwqsvb1kj9ahwl36texcopruglua,134,0,0,2,1,88.806,4,2,0.1418,29,0.95,0.0301,1.0,3,0,0,0,0,0,0,0,0,0
https://www.homeschoolshare.com,31,0,0,1,1,83.871,0,0,0.1613,23,0.95,0.1667,1.0,3,0,0,0,0,0,0,0,0,1
https://www.sandiegotheatres.org,32,0,0,1,1,84.375,0,0,0.1562,24,0.9,0.129,1.0,3,0,0,0,0,0,0,0,0,1
https://www.courier.co.il,25,0,0,2,1,72.0,0,0,0.24,17,0.5,0.1667,1.0,2,0,0,0,0,0,0,0,0,1
https://www.gp-digital.org,26,0,0,1,1,65.3846,0,0,0.2308,18,0.9,0.16,1.0,3,0,0,0,0,0,0,0,0,1
https://www.ekel-nat.ekinsrr.bhwkke.top,39,0,0,3,1,82.0513,0,0,0.2051,31,0.3,0.1579,1.0,3,0,0,0,0,0,0,0,0,0
https://www.m-sosva.ru,22,0,0,1,1,54.5455,0,0,0.2727,14,0.5,0.1905,1.0,2,0,0,0,0,0,0,0,0,1
https://www.novec.com,21,0,0,1,1,61.9048,0,0,0.2381,13,0.95,0.2,1.0,3,0,0,0,0,0,0,0,0,1
https://aruba.auth-sys-2fa-applink.com/qojrdymascvo9ytnu36gndfvbcfsizfjhyy0q8azau8hphtzm15aji7j1rr2xew1jeou4a8i0ultt/,117,0,0,1,1,90.5983,0,0,0.0855,30,0.95,0.0517,1.0,3,0,0,0,0,0,0,0,0,0
https://x2xejc.webwave.dev/,27,0,0,1,1,62.963,0,0,0.2222,18,0.5,0.0769,1.0,3,0,0,0,0,0,0,0,0,0
http://www.btinternetzzzz.weebly.com/,37,0,0,2,0,72.973,0,0,0.1892,29,0.95,0.2222,1.0,3,0,0,0,0,0,0,0,0,0
http://www.zhongsijiacheng.com,30,0,0,1,0,73.3333,0,0,0.1667,23,0.95,0.1379,1.0,3,0,0,0,0,0,0,0,0,0
https://www.bergenpac.org,25,0,0,1,1,68.0,0,0,0.2,17,0.9,0.1667,1.0,3,0,0,0,0,0,0,0,0,1
https://ficohscom.panelenlinea.repl.co/confirm.php?regh=,56,0,0,2,1,92.8571,1,1,0.1786,30,0.8,0.0364,1.0,2,0,0,0,0,0,0,0,0,0
http://www.masboni.com,22,0,0,1,0,59.0909,0,0,0.2273,15,0.95,0.1905,1.0,3,0,0,0,0,0,0,0,0,0
http://www.minervacollege.co.in,31,0,0,2,0,74.1935,0,0,0.1935,24,0.9,0.1667,1.0,2,0,0,0,0,0,0,0,0,0
https://maildinshaakckjnw599.firebaseapp.com/,45,0,0,1,1,77.7778,0,0,0.1333,36,0.95,0.1136,1.0,3,0,0,0,0,0,0,0,0,0
https://www.sei-ind.com,23,0,0,1,1,56.5217,0,0,0.2609,15,0.95,0.1818,1.0,3,0,0,0,0,0,0,0,0,1
http://www.amazcaom-co-jp.amazzeon.itjvfx.cn/,45,0,0,3,0,84.4444,0,0,0.2222,37,0.5,0.1136,1.0,2,0,0,0,0,0,0,0,0,0
https://indprotatijdpost.protationsacc.eu.org/inprotectpost,59,0,0,2,1,91.5254,0,0,0.1186,37,0.9,0.0517,1.0,3,0,0,0,0,0,0,0,0,0
https://www.philadelphiafed.org,31,0,0,1,1,80.6452,0,0,0.1613,23,0.9,0.1333,1.0,3,0,0,0,0,0,0,0,0,1
http://www.cswilliamsburg.com,29,0,0,1,0,68.9655,0,0,0.1724,22,0.95,0.1786,1.0,3,0,0,0,0,0,0,0,0,0
http://www.host1714380.hostland.pro,35,0,0,2,0,68.5714,0,0,0.1714,28,0.5,0.1176,1.0,3,0,0,0,0,0,0,0,0,0
https://nodemoh-31651.web.app/,30,0,0,1,1,60.0,0,0,0.2333,21,0.5,0.1034,1.0,3,0,0,0,0,0,0,0,0,0
https://gullibleunfinishedautomatedinformationsystem.sjdsss.repl.co/banco%20davivienda%20s.a.%20-%20mensaje%20antifraude.html,125,0,1,2,1,96.8,0,0,0.128,59,0.8,0.0403,0.96,2,0,0,0,0,0,0,0,0,0
https://www.coltura.org,23,0,0,1,1,60.8696,0,0,0.2174,15,0.9,0.1818,1.0,3,0,0,0,0,0,0,0,0,1
https://www.crocodile-music.de,30,0,0,1,1,73.3333,0,0,0.2,22,0.88,0.1379,1.0,2,0,0,0,0,0,0,0,0,1
https://theihartford.formstack.com/forms/404_recaptcha,54,0,0,1,1,88.8889,0,0,0.1481,26,0.95,0.0377,1.0,3,0,0,0,0,0,0,0,0,0
http://www.bighecks.net,23,0,0,1,0,60.8696,0,0,0.2174,16,0.85,0.1818,1.0,3,0,0,0,0,0,0,0,0,0
https://www.addtoany.com,24,0,0,1,1,66.6667,0,0,0.2083,16,0.95,0.2174,1.0,3,0,0,0,0,0,0,0,0,1
https://pdkwdpm.cn/0041/b/b/b/c100/kbc11bn000b000.do.php,56,0,0,0,1,89.2857,0,0,0.2143,10,0.5,0.1636,1.0,2,0,0,0,0,0,0,0,0,0
https://www.football-chairman.com,33,0,0,1,1,72.7273,0,0,0.1818,25,0.95,0.1875,1.0,3,0,0,0,0,0,0,0,0,1
http://www.carwashers.app,25,0,0,1,0,88.0,0,0,0.2,18,0.5,0.2083,1.0,3,0,0,0,0,0,0,0,0,0
https://www.policyarchive.org,29,0,0,1,1,72.4138,0,0,0.1724,21,0.9,0.1429,1.0,3,0,0,0,0,0,0,0,0,1
https://www.comunicati.cat,26,0,0,1,1,69.2308,0,0,0.1923,18,0.5,0.16,1.0,3,0,0,0,0,0,0,0,0,1
https://ohwmzuvhlhug02.z20.web.core.windows.net/,48,0,0,4,1,77.0833,0,0,0.1875,39,0.85,0.0426,1.0,3,0,0,0,0,0,0,0,0,0
http://www.sidnetworld.com,26,0,0,1,0,57.6923,0,0,0.1923,19,0.95,0.16,1.0,3,0,0,0,0,0,0,0,0,0
http://www.windowofficeupdate.com,33,0,0,1,0,81.8182,0,0,0.1515,26,0.95,0.1562,1.0,3,0,0,0,0,0,0,0,0,0
https://www.montgomeryhistory.org,33,0,0,1,1,84.8485,0,0,0.1515,25,0.9,0.125,1.0,3,0,0,0,0,0,0,0,0,1
http://www.9.gcgvb.com,22,0,0,2,0,63.6364,0,0,0.2727,15,0.95,0.1905,1.0,3,0,0,0,0,0,0,0,0,0
http://www.alimahjour.com,25,0,0,1,0,68.0,0,0,0.2,18,0.95,0.1667,1.0,3,0,0,0,0,0,0,0,0,0
http://meta-bussiness-page-manager.work.gd/,43,0,0,1,0,79.0698,0,0,0.2093,35,0.5,0.0952,1.0,2,0,0,0,0,0,0,0,0,0
https://www.liverpoollep.org,28,0,0,1,1,78.5714,0,0,0.1786,20,0.9,0.2222,1.0,3,0,0,0,0,0,0,0,0,1
https://yettyusdusdusd5.godaddysites.com/,41,0,0,1,1,78.0488,0,0,0.1463,32,0.95,0.1,1.0,3,0,0,0,0,0,0,0,0,0
https://www.chrisfinke.com,26,0,0,1,1,65.3846,0,0,0.1923,18,0.95,0.16,1.0,3,0,0,0,0,0,0,0,0,1
http://fd9f0f4e-bd78-4aba-b504-a1ab2acb7c5b.usrfiles.com/html/0e472f_4d9b2a88f72eb4191a8eb158b004ca1f.html,106,0,0,1,0,93.3962,0,0,0.1226,49,0.95,0.0381,1.0,3,0,0,0,0,0,0,0,0,0
http://www.ducmaa88.click/,26,0,0,1,0,65.3846,0,0,0.2308,18,0.25,0.24,1.0,5,0,0,0,0,0,0,0,0,0
https://www.jaguarnetwork.org,29,0,0,1,1,68.9655,0,0,0.1724,21,0.9,0.1429,1.0,3,0,0,0,0,0,0,0,0,1
https://www.nomaterra.com,25,0,0,1,1,72.0,0,0,0.2,17,0.95,0.2083,1.0,3,0,0,0,0,0,0,0,0,1
http://www.brienz.cf,20,0,0,1,0,45.0,0,0,0.25,13,0.5,0.2105,1.0,2,0,0,0,0,0,0,0,0,0
https://www.brickowl.com,24,0,0,1,1,58.3333,0,0,0.2083,16,0.95,0.1739,1.0,3,0,0,0,0,0,0,0,0,1
https://www.mobiledit.com,25,0,0,1,1,64.0,0,0,0.2,17,0.95,0.1667,1.0,3,0,0,0,0,0,0,0,0,1
https://www.estovadetapas.com,29,0,0,1,1,79.3103,0,0,0.1724,21,0.95,0.1429,1.0,3,0,0,0,0,0,0,0,0,1
http://help-center391647094921189.web.app/,42,0,0,1,0,64.2857,0,0,0.1667,34,0.5,0.0976,1.0,3,0,0,0,0,0,0,0,0,0
https://www.polkonline.com,26,0,0,1,1,69.2308,0,0,0.1923,18,0.95,0.16,1.0,3,0,0,0,0,0,0,0,0,1
http://www.fpaw.zwmdv.com,25,0,0,2,0,64.0,0,0,0.24,18,0.95,0.1667,1.0,3,0,0,0,0,0,0,0,0,0
https://www.modern-day-commando.com,35,0,0,1,1,80.0,0,0,0.2,27,0.95,0.1471,1.0,3,0,0,0,0,0,0,0,0,1
https://www.toiartgallery.com,29,0,0,1,1,65.5172,0,0,0.1724,21,0.95,0.1786,1.0,3,0,0,0,0,0,0,0,0,1
http://maroon-tan-shade.glitch.me/servissauthprosesse.htm,57,0,0,1,0,87.7193,0,0,0.1579,26,0.5,0.0893,1.0,2,0,0,0,0,0,0,0,0,0
https://www.marypotter.org.au,29,0,0,2,1,72.4138,0,0,0.2069,21,0.88,0.1786,1.0,2,0,0,0,0,0,0,0,0,1
https://www.sathersjewelers.com,31,0,0,1,1,74.1935,0,0,0.1613,23,0.95,0.1333,1.0,3,0,0,0,0,0,0,0,0,1
https://www.artsfile.ca,23,0,0,1,1,60.8696,0,0,0.2174,15,0.88,0.1818,1.0,2,0,0,0,0,0,0,0,0,1
http://www.businessforum3.com,29,0,0,1,0,62.069,0,0,0.1724,22,0.95,0.1786,1.0,3,0,0,0,0,0,0,0,0,0
https://file-share-from-ervin-folder-view.web.app/,50,0,0,1,1,90.0,0,0,0.22,41,0.5,0.0612,1.0,3,0,0,0,0,0,0,0,0,0
https://www.patchology.com,26,0,0,1,1,73.0769,0,0,0.1923,18,0.95,0.16,1.0,3,0,0,0,0,0,0,0,0,1
https://dev-seguridadenlinea-itau-py.pantheonsite.io/,53,0,0,1,1,88.6792,0,0,0.1698,44,0.5,0.0385,1.0,2,0,0,0,0,0,0,0,0,0
https://www.katzdzynes.com,26,0,0,1,1,53.8462,0,0,0.1923,18,0.95,0.16,1.0,3,0,0,0,0,0,0,0,0,1
https://www.oreilly.com,23,0,0,1,1,56.5217,0,0,0.2174,15,0.95,0.2273,1.0,3,0,0,0,0,0,0,0,0,1
https://storageapi.fleek.co/008009aa-0c78-42dc-a70d-c23181f54038-bucket/validatesession23/index.html,100,0,0,1,1,90.0,0,0,0.14,19,0.8,0.0707,1.0,2,0,0,0,0,0,0,0,0,0
https://www.heroespictures.id,29,0,0,1,1,82.7586,0,0,0.1724,21,0.5,0.1429,1.0,2,0,0,0,0,0,0,0,0,1
http://www.a0521182.xsph.ru,27,0,0,2,0,66.6667,0,0,0.2222,20,0.5,0.1923,1.0,2,0,0,0,0,0,0,0,0,0
https://www.sasec.asia,22,0,0,1,1,72.7273,0,0,0.2273,14,0.5,0.1905,1.0,4,0,0,0,0,0,0,0,0,1
https://onedrive-909df.firebaseapp.com/,39,0,0,1,1,76.9231,0,0,0.1795,30,0.95,0.0789,1.0,3,0,0,0,0,0,0,0,0,0
http://www.hatdfg-rhgreh684.frge.io,35,0,0,2,0,71.4286,0,0,0.2,28,0.5,0.1176,1.0,2,0,0,0,0,0,0,0,0,0
https://www.monikachiang.com,28,0,0,1,1,82.1429,0,0,0.1786,20,0.95,0.1481,1.0,3,0,0,0,0,0,0,0,0,1
https://maildinshaakckjnw212.web.app/,37,0,0,1,1,75.6757,0,0,0.1622,28,0.5,0.1111,1.0,3,0,0,0,0,0,0,0,0,0
https://mail.prabhucapital.com/webskat/index.php,48,0,0,1,1,81.25,0,0,0.1667,22,0.95,0.0426,1.0,3,0,0,0,0,0,0,0,0,0
https://adequateintrepidopendoc--privacybpichi.repl.co,54,0,0,1,1,85.1852,0,0,0.1296,46,0.8,0.0566,1.0,2,0,0,0,0,0,0,0,0,0
https://www.gameanim.com,24,0,0,1,1,58.3333,0,0,0.2083,16,0.95,0.1739,1.0,3,0,0,0,0,0,0,0,0,1
https://www.bataan.gov.ph,25,0,0,2,1,72.0,0,0,0.24,17,0.5,0.2083,1.0,2,0,0,0,0,0,0,0,0,1
https://swgb0a.webwave.dev/,27,0,0,1,1,77.7778,0,0,0.2222,18,0.5,0.0769,1.0,3,0,0,0,0,0,0,0,0,0
http://www.germerand.com,24,0,0,1,0,62.5,0,0,0.2083,17,0.95,0.1739,1.0,3,0,0,0,0,0,0,0,0,0
https://laplusbellehistoirique.web.app/,39,0,0,1,1,87.1795,0,0,0.1538,30,0.5,0.1053,1.0,3,0,0,0,0,0,0,0,0,0
https://www.adc.de,18,0,0,1,1,61.1111,0,0,0.2778,10,0.88,0.2353,1.0,2,0,0,0,0,0,0,0,0,1
https://www.circolosardegna.net,31,0,0,1,1,77.4194,0,0,0.1613,23,0.85,0.1333,1.0,3,0,0,0,0,0,0,0,0,1
http://www.ftp.na.americanunfinished.com,40,0,0,3,0,85.0,0,0,0.175,33,0.95,0.1026,1.0,3,0,0,0,0,0,0,0,0,0
https://www.spsnational.org,27,0,0,1,1,77.7778,0,0,0.1852,19,0.9,0.1538,1.0,3,0,0,0,0,0,0,0,0,1
https://www.truebeautybynature.com,34,0,0,1,1,76.4706,0,0,0.1471,26,0.95,0.1212,1.0,3,0,0,0,0,0,0,0,0,1
https://www.drivethatmatter.com,31,0,0,1,1,74.1935,0,0,0.1613,23,0.95,0.1667,1.0,3,0,0,0,0,0,0,0,0,1
https://www.inlaksfoundation.org,32,0,0,1,1,68.75,0,0,0.1562,24,0.9,0.129,1.0,3,0,0,0,0,0,0,0,0,1
https://www.helpingrhinos.org,29,0,0,1,1,89.6552,0,0,0.1724,21,0.9,0.1429,1.0,3,0,0,0,0,0,0,0,0,1
http://www.zone.searchforca.com,31,0,0,2,0,77.4194,0,0,0.1935,24,0.95,0.1333,1.0,3,0,0,0,0,0,0,0,0,0
https://bnajaqoowqoam910nnawjdqwkqw.myportfolio.com/,52,0,0,1,1,71.1538,0,0,0.1154,43,0.95,0.0784,1.0,3,0,0,0,0,0,0,0,0,0
http://f7e96adbab170797a22b.k86u8lcp-3j8-bod-g9r-ofth.usrfiles.com/html/0e472f_4d9b2a88f72eb4191a8eb158b004ca1f.html,116,0,0,2,0,93.1034,0,0,0.1207,59,0.95,0.0435,1.0,3,0,0,0,0,0,0,0,0,0
https://www.localnewser.com,27,0,0,1,1,74.0741,0,0,0.1852,19,0.95,0.1538,1.0,3,0,0,0,0,0,0,0,0,1
https://project2c-abc4f.firebaseapp.com/,40,0,0,1,1,80.0,0,0,0.175,31,0.95,0.0769,1.0,3,0,0,0,0,0,0,0,0,0
https://www.genesisjcmo.com,27,0,0,1,1,74.0741,0,0,0.1852,19,0.95,0.1538,1.0,3,0,0,0,0,0,0,0,0,1
http://www.aquaflow.ae,22,0,0,1,0,59.0909,0,0,0.2273,15,0.5,0.1905,1.0,2,0,0,0,0,0,0,0,0,0
http://www.rofusmail.com,24,0,0,1,0,54.1667,0,0,0.2083,17,0.95,0.1739,1.0,3,0,0,0,0,0,0,0,0,0
https://serve-107995.square.site/,33,0,0,1,1,60.6061,0,0,0.2121,24,0.35,0.0938,1.0,4,0,0,0,0,0,0,0,0,0
http://www.thevirtualeventsheroes.com,37,0,0,1,0,75.6757,0,0,0.1351,30,0.95,0.1111,1.0,3,0,0,0,0,0,0,0,0,0
https://www.editionlidu.com,27,0,0,1,1,62.963,0,0,0.1852,19,0.95,0.1538,1.0,3,0,0,0,0,0,0,0,0,1
http://protectionpagebusinessidentity929320.duckdns.org/,56,0,0,1,0,85.7143,0,0,0.1071,48,0.9,0.0545,1.0,3,0,0,0,0,0,0,0,0,0
https://po2n2v.webwave.dev/,27,0,0,1,1,70.3704,0,0,0.2222,18,0.5,0.0769,1.0,3,0,0,0,0,0,0,0,0,0
https://www.5starcar.com,24,0,0,1,1,75.0,0,0,0.2083,16,0.95,0.1739,1.0,3,0,0,0,0,0,0,0,0,1
https://www.unitedbiscuits.com,30,0,0,1,1,70.0,0,0,0.1667,22,0.95,0.1379,1.0,3,0,0,0,0,0,0,0,0,1
https://www.kaneshichishoten.jp,31,0,0,1,1,80.6452,0,0,0.1613,23,0.5,0.1333,1.0,2,0,0,0,0,0,0,0,0,1
https://www.mittelstandswiki.de,31,0,0,1,1,74.1935,0,0,0.1613,23,0.88,0.1667,1.0,2,0,0,0,0,0,0,0,0,1
http://www.tech.firefoxupdata.com,33,0,0,2,0,78.7879,0,0,0.1818,26,0.95,0.125,1.0,3,0,0,0,0,0,0,0,0,0
http://scsalvrtual-desblq.com/,30,0,0,0,0,53.3333,0,0,0.2,22,0.95,0.069,1.0,3,0,0,0,0,0,0,0,0,0
http://fast-click-and-reactivate.tripod.com/,44,0,0,1,0,79.5455,0,0,0.2045,36,0.95,0.0465,1.0,3,0,0,0,0,0,0,0,0,0
https://storageapi.fleek.co/9deb5903-5150-491d-bdb8-cd4226f3a733-bucket/hitmail5/index.html,91,0,0,1,1,90.1099,0,0,0.1538,19,0.8,0.0556,1.0,2,0,0,0,0,0,0,0,0,0
http://www.sport-foto.nu,24,0,0,1,0,66.6667,0,0,0.25,17,0.5,0.1739,1.0,2,0,0,0,0,0,0,0,0,0
https://www.kleinfh.com,23,0,0,1,1,47.8261,0,0,0.2174,15,0.95,0.1818,1.0,3,0,0,0,0,0,0,0,0,1
https://www.hollislibrary.org,29,0,0,1,1,79.3103,0,0,0.1724,21,0.9,0.1786,1.0,3,0,0,0,0,0,0,0,0,1
http://www.4009997279.com,25,0,0,1,0,68.0,0,0,0.2,18,0.95,0.2917,1.0,3,0,0,0,0,0,0,0,0,0
https://applyexperts.org/s/,27,0,0,0,1,66.6667,0,0,0.2222,16,0.9,0.1154,1.0,3,0,0,0,0,0,0,0,0,0
https://www.hauntedcuriosities.com,34,0,0,1,1,79.4118,0,0,0.1471,26,0.95,0.1212,1.0,3,0,0,0,0,0,0,0,0,1
https://www.dafclub.nl,22,0,0,1,1,50.0,0,0,0.2273,14,0.5,0.1905,1.0,2,0,0,0,0,0,0,0,0,1
https://www.pgr.gov.mz,22,0,0,2,1,63.6364,0,0,0.2727,14,0.5,0.1905,1.0,2,0,0,0,0,0,0,0,0,1
https://amazon-hbnmhjhgjhgn.jkub.com/,37,0,0,1,1,78.3784,0,0,0.1892,28,0.95,0.0556,1.0,3,0,0,0,0,0,0,0,0,0
http://www.wbbministries.org,28,0,0,1,0,71.4286,0,0,0.1786,21,0.9,0.1852,1.0,3,0,0,0,0,0,0,0,0,0
https://www.privacysandbox.com,30,0,0,1,1,63.3333,0,0,0.1667,22,0.95,0.1379,1.0,3,0,0,0,0,0,0,0,0,1
http://www.neziwo.cf,20,0,0,1,0,50.0,0,0,0.25,13,0.5,0.2105,1.0,2,0,0,0,0,0,0,0,0,0
https://www.backyardaquaponics.com,34,0,0,1,1,64.7059,0,0,0.1471,26,0.95,0.1212,1.0,3,0,0,0,0,0,0,0,0,1
http://mail.deliverylifesupport.com/public/9smwuxtm5ho4cuepwzwouyh2bio1llvz,75,0,0,1,0,86.6667,0,0,0.0933,28,0.95,0.0541,1.0,3,0,0,0,0,0,0,0,0,0
https://www.mersenneforum.org,29,0,0,1,1,79.3103,0,0,0.1724,21,0.9,0.1786,1.0,3,0,0,0,0,0,0,0,0,1
http://www.tak9.win,19,0,0,1,0,57.8947,0,0,0.2632,12,0.5,0.2222,1.0,3,0,0,0,0,0,0,0,0,0
https://metamsk-delgin.godaddysites.com/,40,0,0,1,1,77.5,0,0,0.175,31,0.95,0.0769,1.0,3,0,0,0,0,0,0,0,0,0
https://www.teplice.cz,22,0,0,1,1,72.7273,0,0,0.2273,14,0.5,0.1905,1.0,2,0,0,0,0,0,0,0,0,1
https://2tpo6pqhdeimst6mlqmjxecjtonh5y4oedeywnj52cc6crtfwcma.arweave.net/1n7vpgczemlpzfwym5bjm5p-444gyys1pdcf4uzlsjg/,117,0,0,1,1,94.0171,0,0,0.0684,64,0.85,0.0517,1.0,3,0,0,0,0,0,0,0,0,0
https://www.leonidam.com,24,0,0,1,1,54.1667,0,0,0.2083,16,0.95,0.1739,1.0,3,0,0,0,0,0,0,0,0,1
https://srgy-yrl-7n.web.app/,28,0,0,1,1,64.2857,0,0,0.2857,19,0.5,0.1111,1.0,3,0,0,0,0,0,0,0,0,0
https://so61-sat.web.app/,25,0,0,1,1,64.0,0,0,0.28,16,0.5,0.125,1.0,3,0,0,0,0,0,0,0,0,0
https://www.boisepubliclibrary.org,34,0,0,1,1,76.4706,0,0,0.1471,26,0.9,0.1212,1.0,3,0,0,0,0,0,0,0,0,1
https://www.talisa.com,22,0,0,1,1,63.6364,0,0,0.2273,14,0.95,0.1905,1.0,3,0,0,0,0,0,0,0,0,1
https://www.dav.org,19,0,0,1,1,47.3684,0,0,0.2632,11,0.9,0.2222,1.0,3,0,0,0,0,0,0,0,0,1
https://www.bebonia.com,23,0,0,1,1,56.5217,0,0,0.2174,15,0.95,0.1818,1.0,3,0,0,0,0,0,0,0,0,1
https://www.southernladyestates.com,35,0,0,1,1,71.4286,0,0,0.1429,27,0.95,0.1176,1.0,3,0,0,0,0,0,0,0,0,1
https://www.scribendi.com,25,0,0,1,1,60.0,0,0,0.2,17,0.95,0.1667,1.0,3,0,0,0,0,0,0,0,0,1
https://www.meet2talk.com,25,0,0,1,1,60.0,0,0,0.2,17,0.95,0.2083,1.0,3,0,0,0,0,0,0,0,0,1
https://www.superprestigecyclocross.be,38,0,0,1,1,78.9474,0,0,0.1316,30,0.5,0.1351,1.0,2,0,0,0,0,0,0,0,0,1
https://www.momentos-loveshop.es,32,0,0,1,1,84.375,0,0,0.1875,24,0.5,0.129,1.0,2,0,0,0,0,0,0,0,0,1
https://www.stuffedwithplushtoys.com,36,0,0,1,1,77.7778,0,0,0.1389,28,0.95,0.1429,1.0,3,0,0,0,0,0,0,0,0,1
https://www.baacamp.org,23,0,0,1,1,60.8696,0,0,0.2174,15,0.9,0.2273,1.0,3,0,0,0,0,0,0,0,0,1
http://www.worldpostjournal.com,31,0,0,1,0,67.7419,0,0,0.1613,24,0.95,0.1333,1.0,3,0,0,0,0,0,0,0,0,0
https://floowa.builderallwppro.com/dkbde/home/error.php?hash=nje4mjgynziymjuy&token=,84,0,0,1,1,90.4762,2,1,0.1548,26,0.95,0.0723,1.0,3,0,0,0,0,0,0,0,0,0
http://www.80port.net,21,0,0,1,0,61.9048,0,0,0.2381,14,0.85,0.2,1.0,3,0,0,0,0,0,0,0,0,0
https://www.kp.org.tr,21,0,0,2,1,71.4286,0,0,0.2857,13,0.5,0.2,1.0,2,0,0,0,0,0,0,0,0,1
https://www.graphene.manchester.ac.uk,37,0,0,3,1,86.4865,0,0,0.1892,29,0.9,0.1111,1.0,2,0,0,0,0,0,0,0,0,1
https://www.5sensesll.com,25,0,0,1,1,68.0,0,0,0.2,17,0.95,0.2083,1.0,3,0,0,0,0,0,0,0,0,1
https://www.tridindia.co.in,27,0,0,2,1,70.3704,0,0,0.2222,19,0.9,0.1538,1.0,2,0,0,0,0,0,0,0,0,1
http://www.rush-booking.com,27,0,0,1,0,51.8519,0,0,0.2222,20,0.95,0.1923,1.0,3,0,0,0,0,0,0,0,0,0
http://defiactivationplus.live,30,0,0,0,0,66.6667,0,0,0.1333,23,0.5,0.069,1.0,4,0,0,0,0,0,0,0,0,0
https://www.wvvvwcajapiura.com/,31,0,0,1,1,70.9677,0,0,0.1935,22,0.95,0.2,1.0,3,0,0,0,0,0,0,0,0,0
https://maildinshaakckjnw576.web.app/,37,0,0,1,1,70.2703,0,0,0.1622,28,0.5,0.1111,1.0,3,0,0,0,0,0,0,0,0,0
http://zrfoxnmttu.buserbelser.academy/vnafvra97w/?q=3717065149&id=100,69,0,0,1,0,73.913,2,1,0.1594,30,0.5,0.0588,1.0,7,0,0,0,0,0,0,0,0,0
https://kub-ferragens-com.blogspot.com/,39,0,0,1,1,79.4872,0,0,0.2051,30,0.95,0.0789,1.0,3,0,0,0,0,0,0,0,0,0
https://scottishvarsitymatch.com/new/auth/hf50dq/3mail@b.c?$urlstring=airgoat://home&_branch_match_id=1169548434662331405&_branch_referrer=h4siaaaaaaaaaz2mxqrdibcet2mfnatpsyguvvqcpubzzna1mwp07c/tq6quhmfgpj5ijvmolanaemkuzvpznuq/losunkw3i9jubre/i/5sq2hbxsumzdohekvksm3zj7iozdbte1k2/fmanukdlnp5fnwgwvst3q/dtg57y6oalwysgxddp9e5j29gh1xqjf892ulsswaaaa==,347,0,1,0,1,99.1354,5,1,0.0951,24,0.95,0.0694,0.9942,3,0,0,0,0,0,0,0,0,0
https://www.stocker.jp,22,0,0,1,1,63.6364,0,0,0.2273,14,0.5,0.1905,1.0,2,0,0,0,0,0,0,0,0,1
https://root.palmera.cyou/,26,0,0,1,1,65.3846,0,0,0.2308,17,0.5,0.12,1.0,4,0,0,0,0,0,0,0,0,0
https://www.miningweekly.com,28,0,0,1,1,64.2857,0,0,0.1786,20,0.95,0.1852,1.0,3,0,0,0,0,0,0,0,0,1
https://www.rodfoster.com,25,0,0,1,1,68.0,0,0,0.2,17,0.95,0.1667,1.0,3,0,0,0,0,0,0,0,0,1
https://www.malanijewelers.com,30,0,0,1,1,70.0,0,0,0.1667,22,0.95,0.1379,1.0,3,0,0,0,0,0,0,0,0,1
https://acessodasuafaturaluiza.com/?gclid=eaiaiqobchmio6sy5r3a_qivtobcch06zadreaayasaaegigvfd_bwe,97,0,0,0,1,90.7216,1,1,0.0928,26,0.95,0.0625,1.0,3,0,0,0,0,0,0,0,0,0
https://www.maltairport.com,27,0,0,1,1,77.7778,0,0,0.1852,19,0.95,0.1538,1.0,3,0,0,0,0,0,0,0,0,1
https://aoxnprtll.web.app/,26,0,0,1,1,61.5385,0,0,0.2308,17,0.5,0.16,1.0,3,0,0,0,0,0,0,0,0,0
http://ethereumsrm.com,22,0,0,0,0,68.1818,0,0,0.1818,15,0.95,0.0952,1.0,3,0,0,0,0,0,0,0,0,0
https://cen-jp.com/rrrmainfiel.html?/mail/u/2/inbox/fmfcgzgqrgbvbfjmrqlmchjhczptlwqbfmfcgzgqrgbvbfjmrqlmchjhczptlwqbfmfcgzgqrgbvbfjmrqlmchjhczptlwqbfmfcgzgqrgbvbfjmrqlmchjhczptlwqbfmfcgzgqrgbvbfjmrqlmchjhczptlwqbfmfcgzgqrgbvbfjmrqlmchjhczptlwqbfmfcgzgqrgbvbfjmrqlmchjhczptlwqb#aandreworriss@gmail.com,300,0,1,0,1,97.0,0,1,0.0533,10,0.95,0.0234,0.9933,3,0,0,0,0,0,0,0,0,0
http://www.virkunarze.cf/atogov/mygov/otp.html,46,0,0,1,0,76.087,0,0,0.1957,17,0.5,0.0889,1.0,2,0,0,0,0,0,0,0,0,0
https://www.exoticimports.co.nz,31,0,0,2,1,74.1935,0,0,0.1935,23,0.5,0.1333,1.0,2,0,0,0,0,0,0,0,0,1
https://www.kunstbeeld.nl,25,0,0,1,1,72.0,0,0,0.2,17,0.5,0.2083,1.0,2,0,0,0,0,0,0,0,0,1
https://ipfs.io/ipfs/qmbsxpfqbgw8pjog3brct2wqr5fdf263z96rnpktpur8za,67,0,0,0,1,79.1045,0,0,0.0896,7,0.5,0.0303,1.0,2,0,0,0,0,0,0,0,0,0
http://www.rmmakergoogle.ml,27,0,0,1,0,81.4815,0,0,0.1852,20,0.5,0.2308,1.0,2,0,0,0,0,0,0,0,0,0
http://www.microsoftdskservice.com,34,0,0,1,0,79.4118,0,0,0.1471,27,0.95,0.1212,1.0,3,0,0,0,0,0,0,0,0,0
https://magikal-ai.pages.dev/,29,0,0,1,1,72.4138,0,0,0.2414,20,0.5,0.0714,1.0,3,0,0,0,0,0,0,0,0,0
http://www.forskys.com,22,0,0,1,0,59.0909,0,0,0.2273,15,0.95,0.1905,1.0,3,0,0,0,0,0,0,0,0,0
https://www.preporod.com,24,0,0,1,1,70.8333,0,0,0.2083,16,0.95,0.1739,1.0,3,0,0,0,0,0,0,0,0,1
http://www.amazcazm-co-jp.amazzcocn.hmyjc.cn/,45,0,0,3,0,95.5556,0,0,0.2222,37,0.5,0.1136,1.0,2,0,0,0,0,0,0,0,0,0
http://www.slimfitcaps.com,26,0,0,1,0,76.9231,0,0,0.1923,19,0.95,0.16,1.0,3,0,0,0,0,0,0,0,0,0
https://pub-bdf9ecc1f78f46f982fd3daf165d75f8.r2.dev/email.html?email=cnsth.service@zim.com,90,0,1,1,1,87.7778,1,1,0.1444,43,0.5,0.0337,0.9889,3,0,0,0,0,0,0,0,0,0
https://www.frestonia.org,25,0,0,1,1,64.0,0,0,0.2,17,0.9,0.1667,1.0,3,0,0,0,0,0,0,0,0,1
http://www.temptationone.com,28,0,0,1,0,82.1429,0,0,0.1786,21,0.95,0.1481,1.0,3,0,0,0,0,0,0,0,0,0
https://www.fendow.com,22,0,0,1,1,54.5455,0,0,0.2273,14,0.95,0.1905,1.0,3,0,0,0,0,0,0,0,0,1
https://www.falmouthvet.com,27,0,0,1,1,62.963,0,0,0.1852,19,0.95,0.1538,1.0,3,0,0,0,0,0,0,0,0,1
https://www.ghpage.com,22,0,0,1,1,68.1818,0,0,0.2273,14,0.95,0.1905,1.0,3,0,0,0,0,0,0,0,0,1
http://www.advancedwebanalytic.com,34,0,0,1,0,70.5882,0,0,0.1471,27,0.95,0.1212,1.0,3,0,0,0,0,0,0,0,0,0
http://www.slipacard.com,24,0,0,1,0,62.5,0,0,0.2083,17,0.95,0.1739,1.0,3,0,0,0,0,0,0,0,0,0
https://www.stammtischmusik.at,30,0,0,1,1,83.3333,0,0,0.1667,22,0.5,0.1724,1.0,2,0,0,0,0,0,0,0,0,1
https://www.shorturl.at/fiknr,29,0,0,1,1,65.5172,0,0,0.2069,15,0.5,0.1429,1.0,2,0,0,0,0,0,0,0,0,0
https://suspensiony--bloqueousuario.repl.co/,44,0,0,1,1,84.0909,0,0,0.1818,35,0.8,0.0698,1.0,2,0,0,0,0,0,0,0,0,0
http://www.realitevirtuelleguadeloupe.com,41,0,0,1,0,82.9268,0,0,0.122,34,0.95,0.125,1.0,3,0,0,0,0,0,0,0,0,0
https://www.liveradio.uk,24,0,0,1,1,45.8333,0,0,0.2083,16,0.9,0.1739,1.0,2,0,0,0,0,0,0,0,0,1
http://appeal-status-review-100215899.web.app/,46,0,0,1,0,76.087,0,0,0.1957,38,0.5,0.1333,1.0,3,0,0,0,0,0,0,0,0,0
https://vvetransfer-file-preview.glitch.me/?email=david@dbinternational.nl,74,0,1,1,1,87.8378,1,1,0.1622,34,0.5,0.0411,0.9865,2,0,0,0,0,0,0,0,0,0
https://www.pointcheckout.com,29,0,0,1,1,72.4138,0,0,0.1724,21,0.95,0.1429,1.0,3,0,0,0,0,0,0,0,0,1
https://www.alachuatemple.com,29,0,0,1,1,86.2069,0,0,0.1724,21,0.95,0.1429,1.0,3,0,0,0,0,0,0,0,0,1
https://www.munich-business-school.de,37,0,0,1,1,83.7838,0,0,0.1892,29,0.88,0.1667,1.0,2,0,0,0,0,0,0,0,0,1
https://coin-dappsfixing.firebaseapp.com/,41,0,0,1,1,78.0488,0,0,0.1707,32,0.95,0.1,1.0,3,0,0,0,0,0,0,0,0,0
http://www.esandcraic.com,25,0,0,1,0,56.0,0,0,0.2,18,0.95,0.1667,1.0,3,0,0,0,0,0,0,0,0,0
https://www.xxxwww.mobi,23,0,0,1,1,65.2174,0,0,0.2174,15,0.5,0.3636,1.0,4,0,0,0,0,0,0,0,0,1
https://holy-glade-7fd6.k4f97hntlh8421.workers.dev/,51,0,0,2,1,74.5098,0,0,0.1765,42,0.5,0.04,1.0,3,0,0,0,0,0,0,0,0,0
https://www.rubystella.com,26,0,0,1,1,53.8462,0,0,0.1923,18,0.95,0.2,1.0,3,0,0,0,0,0,0,0,0,1
https://gateway.ipfs.io/ipfs/bafybeidgnvvd63ncankqv4676v3y5aleqb45jihtrrm4vjp2npbcnodoq4/,89,0,0,1,1,92.1348,0,0,0.0899,15,0.5,0.0455,1.0,2,0,0,0,0,0,0,0,0,0
https://www.mhs.net,19,0,0,1,1,73.6842,0,0,0.2632,11,0.85,0.2222,1.0,3,0,0,0,0,0,0,0,0,1
https://prestamoescolar2023.com/,32,0,0,0,1,81.25,0,0,0.1562,23,0.95,0.0645,1.0,3,0,0,0,0,0,0,0,0,0
https://dev-ficosiled.pantheonsite.io/token3.php,48,0,0,1,1,81.25,0,0,0.1667,29,0.5,0.0426,1.0,2,0,0,0,0,0,0,0,0,0
https://smcpacnp0stalbaniqeu-infocom.firebaseapp.com/,53,0,0,1,1,84.9057,0,0,0.1321,44,0.95,0.0577,1.0,3,0,0,0,0,0,0,0,0,0
https://gfv3jyx446tqaw.000webhostapp.com/index.php,50,0,0,1,1,70.0,0,0,0.14,32,0.95,0.1224,1.0,3,0,0,0,0,0,0,0,0,0
https://www.lordltbristol.org.uk,32,0,0,2,1,71.875,0,0,0.1875,24,0.9,0.129,1.0,2,0,0,0,0,0,0,0,0,1
http://www.sinairport.com,25,0,0,1,0,72.0,0,0,0.2,18,0.95,0.1667,1.0,3,0,0,0,0,0,0,0,0,0
https://www.sea-angling-ireland.org,35,0,0,1,1,85.7143,0,0,0.2,27,0.9,0.1176,1.0,3,0,0,0,0,0,0,0,0,1
https://bafybeicxz2s5om5tdfnj75ykgkzjwryr64xsqy2aiamz2gsuitb5bhlaxe.ipfs.dweb.link/alldomain.html,97,0,0,2,1,92.7835,0,0,0.0825,74,0.5,0.0312,1.0,4,0,0,0,0,0,0,0,0,0
https://www.wanda-group.com,27,0,0,1,1,59.2593,0,0,0.2222,19,0.95,0.1538,1.0,3,0,0,0,0,0,0,0,0,1
https://www.historync.org,25,0,0,1,1,72.0,0,0,0.2,17,0.9,0.1667,1.0,3,0,0,0,0,0,0,0,0,1
https://www.brussels.info,25,0,0,1,1,52.0,0,0,0.2,17,0.55,0.2083,1.0,4,0,0,0,0,0,0,0,0,1
https://www.equidem.org,23,0,0,1,1,47.8261,0,0,0.2174,15,0.9,0.1818,1.0,3,0,0,0,0,0,0,0,0,1
https://www.zlatograd.bg,24,0,0,1,1,58.3333,0,0,0.2083,16,0.5,0.1739,1.0,2,0,0,0,0,0,0,0,0,1
http://www.obsqroject.com,25,0,0,1,0,60.0,0,0,0.2,18,0.95,0.1667,1.0,3,0,0,0,0,0,0,0,0,0
https://www.hyundaicapitalbrasil.com,36,0,0,1,1,75.0,0,0,0.1389,28,0.95,0.1143,1.0,3,0,0,0,0,0,0,0,0,1
https://www.paddingtoncentral.com,33,0,0,1,1,72.7273,0,0,0.1515,25,0.95,0.1562,1.0,3,0,0,0,0,0,0,0,0,1
https://www.bigc.vn,19,0,0,1,1,47.3684,0,0,0.2632,11,0.5,0.2222,1.0,2,0,0,0,0,0,0,0,0,1
https://baccred0--342239.repl.co,32,0,0,1,1,65.625,0,0,0.2188,24,0.8,0.1613,1.0,2,0,0,0,0,0,0,0,0,0
https://maildinshaakckjnw42.web.app/,36,0,0,1,1,72.2222,0,0,0.1667,27,0.5,0.1143,1.0,3,0,0,0,0,0,0,0,0,0
https://www.careersinafrica.com,31,0,0,1,1,77.4194,0,0,0.1613,23,0.95,0.1667,1.0,3,0,0,0,0,0,0,0,0,1
http://bibd60.hyperphp.com/,27,0,0,1,0,59.2593,0,0,0.2222,19,0.95,0.0769,1.0,3,0,0,0,0,0,0,0,0,0
https://www.skepticblog.org,27,0,0,1,1,66.6667,0,0,0.1852,19,0.9,0.1538,1.0,3,0,0,0,0,0,0,0,0,1
https://www.klj-meenselkiezegem.be,34,0,0,1,1,70.5882,0,0,0.1765,26,0.5,0.1515,1.0,2,0,0,0,0,0,0,0,0,1
http://www.careeradvicebase.com,31,0,0,1,0,67.7419,0,0,0.1613,24,0.95,0.1667,1.0,3,0,0,0,0,0,0,0,0,0
http://www.literat.ho.ua,24,0,0,2,0,66.6667,0,0,0.25,17,0.5,0.1739,1.0,2,0,0,0,0,0,0,0,0,0
https://www.bloomsby.com,24,0,0,1,1,75.0,0,0,0.2083,16,0.95,0.2174,1.0,3,0,0,0,0,0,0,0,0,1
https://www.mcnairycountyschools.com,36,0,0,1,1,80.5556,0,0,0.1389,28,0.95,0.1429,1.0,3,0,0,0,0,0,0,0,0,1
https://www.improvingphc.org,28,0,0,1,1,78.5714,0,0,0.1786,20,0.9,0.1481,1.0,3,0,0,0,0,0,0,0,0,1
https://sfrpanel.lws.fr/,24,0,0,1,1,75.0,0,0,0.25,15,0.5,0.087,1.0,2,0,0,0,0,0,0,0,0,0
https://www.omniglot.com,24,0,0,1,1,62.5,0,0,0.2083,16,0.95,0.1739,1.0,3,0,0,0,0,0,0,0,0,1
https://www.acufinder.com,25,0,0,1,1,44.0,0,0,0.2,17,0.95,0.1667,1.0,3,0,0,0,0,0,0,0,0,1
https://www.cuhp.org.uk,23,0,0,2,1,69.5652,0,0,0.2609,15,0.9,0.1818,1.0,2,0,0,0,0,0,0,0,0,1
http://www.capellaevents.com,28,0,0,1,0,75.0,0,0,0.1786,21,0.95,0.1852,1.0,3,0,0,0,0,0,0,0,0,0
https://www.britishcurling.org.uk,33,0,0,2,1,75.7576,0,0,0.1818,25,0.9,0.125,1.0,2,0,0,0,0,0,0,0,0,1
http://www.yinchang99.com,25,0,0,1,0,68.0,0,0,0.2,18,0.95,0.2083,1.0,3,0,0,0,0,0,0,0,0,0
https://www.acorns.org.uk,25,0,0,2,1,64.0,0,0,0.24,17,0.9,0.1667,1.0,2,0,0,0,0,0,0,0,0,1
https://www.cs.ucy.ac.cy,24,0,0,3,1,79.1667,0,0,0.2917,16,0.5,0.1739,1.0,2,0,0,0,0,0,0,0,0,1
https://www.nations-software.info,33,0,0,1,1,81.8182,0,0,0.1818,25,0.55,0.125,1.0,4,0,0,0,0,0,0,0,0,1
https://www.imageeditexpert.com,31,0,0,1,1,67.7419,0,0,0.1613,23,0.95,0.1667,1.0,3,0,0,0,0,0,0,0,0,1
https://www.cabaretvoltaire.ch,30,0,0,1,1,73.3333,0,0,0.1667,22,0.5,0.1379,1.0,2,0,0,0,0,0,0,0,0,1
http://www.sweetxxx.de,22,0,0,1,0,77.2727,0,0,0.2273,15,0.88,0.3333,1.0,2,0,0,0,0,0,0,0,0,0
https://www.kunstnyt.dk,23,0,0,1,1,73.913,0,0,0.2174,15,0.5,0.1818,1.0,2,0,0,0,0,0,0,0,0,1
http://www.parizsaham.com,25,0,0,1,0,72.0,0,0,0.2,18,0.95,0.1667,1.0,3,0,0,0,0,0,0,0,0,0
http://www.sbi.mx/page/41/786/invalid.php,41,0,0,1,0,60.9756,0,0,0.2439,10,0.5,0.1,1.0,2,0,0,0,0,0,0,0,0,0
http://www.shupaishuiban.com,28,0,0,1,0,78.5714,0,0,0.1786,21,0.95,0.1481,1.0,3,0,0,0,0,0,0,0,0,0
http://www.rockbettergear.com,29,0,0,1,0,72.4138,0,0,0.1724,22,0.95,0.1786,1.0,3,0,0,0,0,0,0,0,0,0
https://www.deephouseamsterdam.com,34,0,0,1,1,88.2353,0,0,0.1471,26,0.95,0.1515,1.0,3,0,0,0,0,0,0,0,0,1
http://www.sitesimobisis.com.br,31,0,0,2,0,80.6452,0,0,0.1935,24,0.5,0.1333,1.0,2,0,0,0,0,0,0,0,0,0
https://n1sav.bemobtrcks.com/go/db175c11-f331-4bb7-9ef9-abc73cb0bd4c,68,0,0,1,1,85.2941,0,0,0.1618,20,0.95,0.0746,1.0,3,0,0,0,0,0,0,0,0,0
http://dch.org.nz/secured/index.html,36,0,0,1,0,69.4444,0,0,0.2222,10,0.5,0.0571,1.0,2,0,0,0,0,0,0,0,0,0
https://www.64ab.ru,19,0,0,1,1,47.3684,0,0,0.2632,11,0.5,0.2222,1.0,2,0,0,0,0,0,0,0,0,1
http://walletconnect.webb91.com/,32,0,0,1,0,78.125,0,0,0.1875,24,0.95,0.1613,1.0,3,0,0,0,0,0,0,0,0,0
https://www.conwayservices.net,30,0,0,1,1,70.0,0,0,0.1667,22,0.85,0.1379,1.0,3,0,0,0,0,0,0,0,0,1
https://syneragrisystem.firebaseapp.com/,40,0,0,1,1,80.0,0,0,0.15,31,0.95,0.0769,1.0,3,0,0,0,0,0,0,0,0,0
https://zibat100.ir/goe/auth/,29,0,0,0,1,58.6207,0,0,0.2414,11,0.5,0.1071,1.0,2,0,0,0,0,0,0,0,0,0
https://ingresarr.homgalicla.repl.co/,37,0,0,2,1,91.8919,0,0,0.1892,28,0.8,0.0833,1.0,2,0,0,0,0,0,0,0,0,0
http://www.swift-fraud.com,26,0,0,1,0,50.0,0,0,0.2308,19,0.95,0.16,1.0,3,0,0,0,0,0,0,0,0,0
https://www.solydxk.com,23,0,0,1,1,56.5217,0,0,0.2174,15,0.95,0.1818,1.0,3,0,0,0,0,0,0,0,0,1
https://www.501st.com,21,0,0,1,1,57.1429,0,0,0.2381,13,0.95,0.2,1.0,3,0,0,0,0,0,0,0,0,1
https://www.igel.de,19,0,0,1,1,57.8947,0,0,0.2632,11,0.88,0.2222,1.0,2,0,0,0,0,0,0,0,0,1
https://www.katacoda.com,24,0,0,1,1,70.8333,0,0,0.2083,16,0.95,0.1739,1.0,3,0,0,0,0,0,0,0,0,1
https://www.thereporterethiopia.com,35,0,0,1,1,85.7143,0,0,0.1429,27,0.95,0.1176,1.0,3,0,0,0,0,0,0,0,0,1
https://www.mistakey.com,24,0,0,1,1,58.3333,0,0,0.2083,16,0.95,0.1739,1.0,3,0,0,0,0,0,0,0,0,1
https://www.arcelikglobal.com,29,0,0,1,1,62.069,0,0,0.1724,21,0.95,0.1429,1.0,3,0,0,0,0,0,0,0,0,1
https://green-bread-70d4.tvc6v5jmb31988.workers.dev/,52,0,0,2,1,61.5385,0,0,0.1731,43,0.5,0.0784,1.0,3,0,0,0,0,0,0,0,0,0
https://www.charterstowers.qld.gov.au,37,0,0,3,1,75.6757,0,0,0.1892,29,0.88,0.1111,1.0,2,0,0,0,0,0,0,0,0,1
http://www.vo3t1n1pt.com,24,0,0,1,0,70.8333,0,0,0.2083,17,0.95,0.1739,1.0,3,0,0,0,0,0,0,0,0,0
https://www.academia.org.br,27,0,0,2,1,55.5556,0,0,0.2222,19,0.5,0.1538,1.0,2,0,0,0,0,0,0,0,0,1
http://www.ldjjl.pplink.club,28,0,0,2,0,67.8571,0,0,0.2143,21,0.5,0.2222,1.0,4,0,0,0,0,0,0,0,0,0
https://www.enca.com,20,0,0,1,1,55.0,0,0,0.25,12,0.95,0.2105,1.0,3,0,0,0,0,0,0,0,0,1
https://www.typemag.org,23,0,0,1,1,60.8696,0,0,0.2174,15,0.9,0.1818,1.0,3,0,0,0,0,0,0,0,0,1
https://cancel430294-kucoin-com.web.app/,40,0,0,1,1,65.0,0,0,0.2,31,0.5,0.0769,1.0,3,0,0,0,0,0,0,0,0,0
https://dev-blplataformawebgt.pantheonsite.io/,46,0,0,1,1,80.4348,0,0,0.1522,37,0.5,0.0444,1.0,2,0,0,0,0,0,0,0,0,0
http://www.f0559249.xsph.ru,27,0,0,2,0,66.6667,0,0,0.2222,20,0.5,0.1923,1.0,2,0,0,0,0,0,0,0,0,0
https://www.ww2wrecks.com,25,0,0,1,1,64.0,0,0,0.2,17,0.95,0.2083,1.0,3,0,0,0,0,0,0,0,0,1
https://izinsnjkhuiua.firebaseapp.com/,38,0,0,1,1,73.6842,0,0,0.1579,29,0.95,0.0811,1.0,3,0,0,0,0,0,0,0,0,0
http://www.kisiremot.gq,23,0,0,1,0,52.1739,0,0,0.2174,16,0.5,0.1818,1.0,2,0,0,0,0,0,0,0,0,0
http://www.bwsr.eu,18,0,0,1,0,55.5556,0,0,0.2778,11,0.5,0.2353,1.0,2,0,0,0,0,0,0,0,0,0
https://www.parthia.com,23,0,0,1,1,69.5652,0,0,0.2174,15,0.95,0.1818,1.0,3,0,0,0,0,0,0,0,0,1
https://asb-authorise.firebaseapp.com/,38,0,0,1,1,84.2105,0,0,0.1842,29,0.95,0.0811,1.0,3,0,0,0,0,0,0,0,0,0
https://feeceah.r.af.d.sendibt2.com/tr/cl/y6mohgv2v1maih4dnzyi71lytathbs7moyo2tnsem3xnslvjg5y3yoijzjkh8o3lxrjhakpzsuodt03_npfil6qmmiecs9q_wccaq5qg32kpss5tgdzzu3jl1zqlwfis043neyvsaers--vveoddlltcjx3ljipvlslal13fc7q9nfvzvenkd8jjlmhm9holhussu-01hrfy-e_kqsi3qqlo2wt38v8srmmx-qv7muwzzstfryxfvuulzzzveu51pis,301,0,0,4,1,99.6678,0,0,0.0631,27,0.95,0.0633,1.0,3,0,0,0,0,0,0,0,0,0
https://www.sfdemocrats.org,27,0,0,1,1,62.963,0,0,0.1852,19,0.9,0.1538,1.0,3,0,0,0,0,0,0,0,0,1
http://www.vukobgk.cf,21,0,0,1,0,52.381,0,0,0.2381,14,0.5,0.2,1.0,2,0,0,0,0,0,0,0,0,0
https://www.pacificatlanticadr.com,34,0,0,1,1,70.5882,0,0,0.1471,26,0.95,0.1212,1.0,3,0,0,0,0,0,0,0,0,1
http://www.na.tl,16,0,0,1,0,62.5,0,0,0.3125,9,0.5,0.2667,1.0,2,0,0,0,0,0,0,0,0,0
https://www.ib.bancsgnb.one,27,0,0,2,1,66.6667,0,0,0.2222,19,0.5,0.1538,1.0,3,0,0,0,0,0,0,0,0,0
https://www.rhalliburtonstar.com,32,0,0,1,1,75.0,0,0,0.1562,24,0.95,0.1613,1.0,3,0,0,0,0,0,0,0,0,1
https://www.radioreference.com,30,0,0,1,1,66.6667,0,0,0.1667,22,0.95,0.1379,1.0,3,0,0,0,0,0,0,0,0,1
http://www.pl-id19hqab18abh1vghja7891g.com,42,0,0,1,0,71.4286,0,0,0.1429,35,0.95,0.0976,1.0,3,0,0,0,0,0,0,0,0,0
http://www.a0511040.xsph.ru,27,0,0,2,0,70.3704,0,0,0.2222,20,0.5,0.1923,1.0,2,0,0,0,0,0,0,0,0,0
https://www.montsame.mn,23,0,0,1,1,73.913,0,0,0.2174,15,0.5,0.1818,1.0,2,0,0,0,0,0,0,0,0,1
https://www.rtm.fr,18,0,0,1,1,66.6667,0,0,0.2778,10,0.5,0.2353,1.0,2,0,0,0,0,0,0,0,0,1
https://www.hewale.net,22,0,0,1,1,72.7273,0,0,0.2273,14,0.85,0.1905,1.0,3,0,0,0,0,0,0,0,0,1
http://www.shopgamescards.com,29,0,0,1,0,82.7586,0,0,0.1724,22,0.95,0.1429,1.0,3,0,0,0,0,0,0,0,0,0
https://www.alfalahuniversity.edu.in,36,0,0,2,1,80.5556,0,0,0.1667,28,0.9,0.1143,1.0,2,0,0,0,0,0,0,0,0,1
https://is0s-outlook-office365-ariba038.firebaseapp.com/,56,0,0,1,1,83.9286,0,0,0.1607,47,0.95,0.0909,1.0,3,0,0,0,0,0,0,0,0,0
https://dev-fsdjfcgkvkuyjthrgddddd.pantheonsite.io/,51,0,0,1,1,86.2745,0,0,0.1373,42,0.5,0.12,1.0,2,0,0,0,0,0,0,0,0,0
https://www.rxpgnews.com,24,0,0,1,1,58.3333,0,0,0.2083,16,0.95,0.1739,1.0,3,0,0,0,0,0,0,0,0,1
https://www.katewhitcomb.com,28,0,0,1,1,71.4286,0,0,0.1786,20,0.95,0.1481,1.0,3,0,0,0,0,0,0,0,0,1
https://bccsecurelink.com/inctrholes/trilex/?email=3mail@b.c,60,0,1,0,1,85.0,1,1,0.1833,17,0.95,0.0508,0.9833,3,0,0,0,0,0,0,0,0,0
http://zwunlqnkay.duckdns.org/,30,0,0,1,0,53.3333,0,0,0.2,22,0.9,0.069,1.0,3,0,0,0,0,0,0,0,0,0
https://www.pressalert.ro,25,0,0,1,1,80.0,0,0,0.2,17,0.5,0.2083,1.0,2,0,0,0,0,0,0,0,0,1
https://www.jardinsramon.com/rinnovi/servicciohost/dominirenova/servidominioar.php,82,0,0,1,1,97.561,0,0,0.122,20,0.95,0.0741,1.0,3,0,0,0,0,0,0,0,0,0
https://www.jizlee.com,22,0,0,1,1,50.0,0,0,0.2273,14,0.95,0.2381,1.0,3,0,0,0,0,0,0,0,0,1
https://www.boxofficepro.com,28,0,0,1,1,67.8571,0,0,0.1786,20,0.95,0.1852,1.0,3,0,0,0,0,0,0,0,0,1
https://www.kedst.ac.uk,23,0,0,2,1,65.2174,0,0,0.2609,15,0.9,0.1818,1.0,2,0,0,0,0,0,0,0,0,1
https://www.acpresse.fr,23,0,0,1,1,78.2609,0,0,0.2174,15,0.5,0.2273,1.0,2,0,0,0,0,0,0,0,0,1
https://www.ajog.org,20,0,0,1,1,65.0,0,0,0.25,12,0.9,0.2105,1.0,3,0,0,0,0,0,0,0,0,1
http://www.poppylon.com,23,0,0,1,0,69.5652,0,0,0.2174,16,0.95,0.2273,1.0,3,0,0,0,0,0,0,0,0,0
https://www.pangolinlondon.com,30,0,0,1,1,70.0,0,0,0.1667,22,0.95,0.1379,1.0,3,0,0,0,0,0,0,0,0,1
https://www.thebridalknot.com.au,32,0,0,2,1,56.25,0,0,0.1875,24,0.88,0.129,1.0,2,0,0,0,0,0,0,0,0,1
https://hd31-md1.web.app/,25,0,0,1,1,64.0,0,0,0.28,16,0.5,0.125,1.0,3,0,0,0,0,0,0,0,0,0
https://cloudflare-ipfs.com/ipfs/bafybeighy6ec72hnigor4ubi7lkcryjj6v3cryeajjutskslvrx7dm6pci/,93,0,0,0,1,91.3978,0,0,0.086,19,0.95,0.0435,1.0,3,0,0,0,0,0,0,0,0,0
https://www.wausauschools.org,29,0,0,1,1,79.3103,0,0,0.1724,21,0.9,0.1786,1.0,3,0,0,0,0,0,0,0,0,1
https://www.replayguitar.com,28,0,0,1,1,57.1429,0,0,0.1786,20,0.95,0.1481,1.0,3,0,0,0,0,0,0,0,0,1
https://www.fidofriendly.com,28,0,0,1,1,60.7143,0,0,0.1786,20,0.95,0.1481,1.0,3,0,0,0,0,0,0,0,0,1
https://selfishgoldfibonacci.asifomi.repl.co/,45,0,0,2,1,84.4444,0,0,0.1556,36,0.8,0.0682,1.0,2,0,0,0,0,0,0,0,0,0
https://www.tissotwatches.com,29,0,0,1,1,79.3103,0,0,0.1724,21,0.95,0.1786,1.0,3,0,0,0,0,0,0,0,0,1
https://www.silviadoring.com.br,31,0,0,2,1,61.2903,0,0,0.1935,23,0.5,0.1333,1.0,2,0,0,0,0,0,0,0,0,1
http://www.signal.fbcode.co,27,0,0,2,0,51.8519,0,0,0.2222,20,0.8,0.1538,1.0,2,0,0,0,0,0,0,0,0,0
https://www.participatorybudgeting.org,38,0,0,1,1,73.6842,0,0,0.1316,30,0.9,0.1081,1.0,3,0,0,0,0,0,0,0,0,1
http://impost-market.345421.xyz/hp2lebzz/kqpvi5/8/,50,0,0,1,0,70.0,0,0,0.2,24,0.35,0.0612,1.0,3,0,0,0,0,0,0,0,0,0
https://www.bpma.co.uk,22,0,0,2,1,54.5455,0,0,0.2727,14,0.9,0.1905,1.0,2,0,0,0,0,0,0,0,0,1
https://www.bonniebling.co.uk,29,0,0,2,1,65.5172,0,0,0.2069,21,0.9,0.1786,1.0,2,0,0,0,0,0,0,0,0,1
https://fb-restriction-appeal-57abb.web.app/,44,0,0,1,1,77.2727,0,0,0.2045,35,0.5,0.1163,1.0,3,0,0,0,0,0,0,0,0,0
https://www.regeneron.com,25,0,0,1,1,72.0,0,0,0.2,17,0.95,0.1667,1.0,3,0,0,0,0,0,0,0,0,1
https://www.sunnysafaris.com,28,0,0,1,1,60.7143,0,0,0.1786,20,0.95,0.1852,1.0,3,0,0,0,0,0,0,0,0,1
https://www.ctsi.nsn.us,23,0,0,2,1,73.913,0,0,0.2609,15,0.85,0.1818,1.0,2,0,0,0,0,0,0,0,0,1
https://www.hhheadz.com,23,0,0,1,1,56.5217,0,0,0.2174,15,0.95,0.2727,1.0,3,0,0,0,0,0,0,0,0,1
https://www.budiey.com,22,0,0,1,1,40.9091,0,0,0.2273,14,0.95,0.1905,1.0,3,0,0,0,0,0,0,0,0,1
http://www.xyft595.com,22,0,0,1,0,54.5455,0,0,0.2273,15,0.95,0.1905,1.0,3,0,0,0,0,0,0,0,0,0
http://www.egmgrupo.com,23,0,0,1,0,73.913,0,0,0.2174,16,0.95,0.1818,1.0,3,0,0,0,0,0,0,0,0,0
https://www.copac.coop,22,0,0,1,1,81.8182,0,0,0.2273,14,0.5,0.2381,1.0,4,0,0,0,0,0,0,0,0,1
http://www.price365.co.kr,25,0,0,2,0,64.0,0,0,0.24,18,0.5,0.1667,1.0,2,0,0,0,0,0,0,0,0,0
https://www.amazing-trekking.com,32,0,0,1,1,68.75,0,0,0.1875,24,0.95,0.1613,1.0,3,0,0,0,0,0,0,0,0,1
https://www.commercial-news.com,31,0,0,1,1,70.9677,0,0,0.1935,23,0.95,0.1667,1.0,3,0,0,0,0,0,0,0,0,1
https://www.boxturtles.com,26,0,0,1,1,57.6923,0,0,0.1923,18,0.95,0.16,1.0,3,0,0,0,0,0,0,0,0,1
https://www.gemarsh.com,23,0,0,1,1,65.2174,0,0,0.2174,15,0.95,0.1818,1.0,3,0,0,0,0,0,0,0,0,1
http://www.customer-recovery.info,33,0,0,1,0,63.6364,0,0,0.1818,26,0.55,0.125,1.0,4,0,0,0,0,0,0,0,0,0
https://www.rhodes.edu,22,0,0,1,1,77.2727,0,0,0.2273,14,0.98,0.1905,1.0,3,0,0,0,0,0,0,0,0,1
https://www.durangotexas.com,28,0,0,1,1,57.1429,0,0,0.1786,20,0.95,0.1481,1.0,3,0,0,0,0,0,0,0,0,1
"https://secure.oldschool.com-c.cz/m=weblogin/loginform898,697,228,252521533525212154,2497",89,0,0,2,1,87.6404,1,0,0.1573,25,0.5,0.0568,0.9551,2,0,0,0,0,0,0,0,0,0
https://uknypxl-rqf-3.ml/sharepointvaxtzoe4qxuocwsvngs0urycwfhm0jrt/,68,0,0,0,1,86.7647,0,0,0.1176,16,0.5,0.0299,1.0,2,0,0,0,0,0,0,0,0,0
https://www.alexburr.com,24,0,0,1,1,45.8333,0,0,0.2083,16,0.95,0.2174,1.0,3,0,0,0,0,0,0,0,0,1
http://www.predominio.pt,24,0,0,1,0,70.8333,0,0,0.2083,17,0.5,0.1739,1.0,2,0,0,0,0,0,0,0,0,0
http://www.vpnkerio.com,23,0,0,1,0,56.5217,0,0,0.2174,16,0.95,0.1818,1.0,3,0,0,0,0,0,0,0,0,0
https://www.openaero.net,24,0,0,1,1,79.1667,0,0,0.2083,16,0.85,0.1739,1.0,3,0,0,0,0,0,0,0,0,1
https://www.highenergymind.com,30,0,0,1,1,73.3333,0,0,0.1667,22,0.95,0.1379,1.0,3,0,0,0,0,0,0,0,0,1
https://sadq12.aiudn112.repl.co/,32,0,0,2,1,65.625,0,0,0.2188,23,0.8,0.0968,1.0,2,0,0,0,0,0,0,0,0,0
http://www.a0640111.xsph.ru,27,0,0,2,0,70.3704,0,0,0.2222,20,0.5,0.2308,1.0,2,0,0,0,0,0,0,0,0,0
http://www.mjhl.com.mx,22,0,0,2,0,68.1818,0,0,0.2727,15,0.5,0.1905,1.0,2,0,0,0,0,0,0,0,0,0
https://www.new-dev.com,23,0,0,1,1,52.1739,0,0,0.2609,15,0.95,0.1818,1.0,3,0,0,0,0,0,0,0,0,1
https://heartfeltlightapplicationstack--promeriy.repl.co/,57,0,0,1,1,87.7193,0,0,0.1404,48,0.8,0.0714,1.0,2,0,0,0,0,0,0,0,0,0
https://www.jacobygindler.ch,28,0,0,1,1,46.4286,0,0,0.1786,20,0.5,0.1481,1.0,2,0,0,0,0,0,0,0,0,1
https://www.maita.marketing,27,0,0,1,1,66.6667,0,0,0.1852,19,0.5,0.1538,1.0,9,0,0,0,0,0,0,0,0,1
https://www.notesfornurses.com,30,0,0,1,1,76.6667,0,0,0.1667,22,0.95,0.1379,1.0,3,0,0,0,0,0,0,0,0,1
https://www.cinnox.com,22,0,0,1,1,68.1818,0,0,0.2273,14,0.95,0.2381,1.0,3,0,0,0,0,0,0,0,0,1
https://wwxhajudjgwjklckvzgs21.web.app/,39,0,0,1,1,69.2308,0,0,0.1538,30,0.5,0.1053,1.0,3,0,0,0,0,0,0,0,0,0
https://aol-104152.weeblysite.com/,34,0,0,1,1,55.8824,0,0,0.2059,25,0.95,0.0909,1.0,3,0,0,0,0,0,0,0,0,0
https://www.news.janegoodall.org,32,0,0,2,1,81.25,0,0,0.1875,24,0.9,0.1935,1.0,3,0,0,0,0,0,0,0,0,1
https://www.picketfence-realestate.com,38,0,0,1,1,71.0526,0,0,0.1579,30,0.95,0.1081,1.0,3,0,0,0,0,0,0,0,0,1
https://www.perfecthideaways.co.za,34,0,0,2,1,76.4706,0,0,0.1765,26,0.5,0.1212,1.0,2,0,0,0,0,0,0,0,0,1
https://www.auraltrad.com,25,0,0,1,1,60.0,0,0,0.2,17,0.95,0.1667,1.0,3,0,0,0,0,0,0,0,0,1
https://jii.li/vbvbc,20,0,0,0,1,60.0,0,0,0.25,6,0.5,0.1579,1.0,2,0,0,0,0,0,0,0,0,0
https://www.northcastleny.com,29,0,0,1,1,72.4138,0,0,0.1724,21,0.95,0.1429,1.0,3,0,0,0,0,0,0,0,0,1
http://gfwykmztjh.duckdns.org,29,0,0,1,0,51.7241,0,0,0.1724,22,0.9,0.0714,1.0,3,0,0,0,0,0,0,0,0,0
https://www.capitalxtra.com,27,0,0,1,1,66.6667,0,0,0.1852,19,0.95,0.1538,1.0,3,0,0,0,0,0,0,0,0,1
https://www.peaceproposal.com,29,0,0,1,1,82.7586,0,0,0.1724,21,0.95,0.1429,1.0,3,0,0,0,0,0,0,0,0,1
https://www.myglobalplatter.com,31,0,0,1,1,70.9677,0,0,0.1613,23,0.95,0.1667,1.0,3,0,0,0,0,0,0,0,0,1
https://www.rfdtv.com,21,0,0,1,1,47.619,0,0,0.2381,13,0.95,0.2,1.0,3,0,0,0,0,0,0,0,0,1
http://www.kaidenandkane.com,28,0,0,1,0,75.0,0,0,0.1786,21,0.95,0.1481,1.0,3,0,0,0,0,0,0,0,0,0
https://youthfulrelieveddriverwrapper--sentiglkbcx.repl.co/,59,0,0,1,1,83.0508,0,0,0.1356,50,0.8,0.0862,1.0,2,0,0,0,0,0,0,0,0,0
https://www.nkj.ru,18,0,0,1,1,50.0,0,0,0.2778,10,0.5,0.2353,1.0,2,0,0,0,0,0,0,0,0,1
https://www.snhu.edu,20,0,0,1,1,75.0,0,0,0.25,12,0.98,0.2105,1.0,3,0,0,0,0,0,0,0,0,1
http://www.gbsbreakes.com,25,0,0,1,0,60.0,0,0,0.2,18,0.95,0.1667,1.0,3,0,0,0,0,0,0,0,0,0
http://tjjolol.blogspot.com/,28,0,0,1,0,75.0,0,0,0.2143,20,0.95,0.1111,1.0,3,0,0,0,0,0,0,0,0,0
https://www.webmasterworld.com,30,0,0,1,1,73.3333,0,0,0.1667,22,0.95,0.1379,1.0,3,0,0,0,0,0,0,0,0,1
http://www.tanimadigimten.ml,28,0,0,1,0,75.0,0,0,0.1786,21,0.5,0.1481,1.0,2,0,0,0,0,0,0,0,0,0
https://www.elv.su,18,0,0,1,1,61.1111,0,0,0.2778,10,0.5,0.2353,1.0,2,0,0,0,0,0,0,0,0,1
https://tysgfdjopa.sucursalservi.repl.co/,41,0,0,2,1,78.0488,0,0,0.1707,32,0.8,0.05,1.0,2,0,0,0,0,0,0,0,0,0
https://www.santaragione.com,28,0,0,1,1,67.8571,0,0,0.1786,20,0.95,0.1481,1.0,3,0,0,0,0,0,0,0,0,1
https://www.national-football-teams.com,39,0,0,1,1,79.4872,0,0,0.1795,31,0.95,0.1579,1.0,3,0,0,0,0,0,0,0,0,1
https://cloudflare-ipfs.com/ipfs/bafybeigustvgcsrqn3ratjr3vydq7o3hrdfs374xg6fbqbm3yjy7s37wte/,93,0,0,0,1,91.3978,0,0,0.086,19,0.95,0.0217,1.0,3,0,0,0,0,0,0,0,0,0
https://13-02-ve3b4-t09g-8reh0vwiehnv0-w8eg-8qwgef.obs.ap-southeast-3.myhuaweicloud.com/5g-0v-3hg-webcv-wge-eq9fgq-e9fh-wqe9gf-9gf.html?awsaccesskeyid=glsmdfxrmhsdxa6zbxfa&amp;expires=1678702574&amp;signature=k7eccpjauekfrebrehmakrmacp4=,237,0,0,3,1,98.3122,4,1,0.1435,79,0.95,0.0212,0.9916,3,0,0,0,0,0,0,0,0,0
https://www.denbypottery.com,28,0,0,1,1,67.8571,0,0,0.1786,20,0.95,0.1852,1.0,3,0,0,0,0,0,0,0,0,1
https://cloudflare-ipfs.com/ipfs/bafybeieqjbfglnuiidkzqb5ivcdvpc6ksg3eb4sztxcdofg6lfw3gzk4p4/,93,0,0,0,1,87.0968,0,0,0.086,19,0.95,0.0326,1.0,3,0,0,0,0,0,0,0,0,0
https://jpsdmndjfg.iemqlvj.cn/japan/login.php,45,0,0,1,1,84.4444,0,0,0.1778,21,0.5,0.0455,1.0,2,0,0,0,0,0,0,0,0,0
https://www.seanet.se,21,0,0,1,1,76.1905,0,0,0.2381,13,0.5,0.2,1.0,2,0,0,0,0,0,0,0,0,1
https://www.gribbleinteriors.com,32,0,0,1,1,75.0,0,0,0.1562,24,0.95,0.1613,1.0,3,0,0,0,0,0,0,0,0,1
https://www.redbaycoffee.com,28,0,0,1,1,64.2857,0,0,0.1786,20,0.95,0.2222,1.0,3,0,0,0,0,0,0,0,0,1
https://dduniformes.com/one/contract.html,41,0,0,0,1,82.9268,0,0,0.1707,15,0.95,0.075,1.0,3,0,0,0,0,0,0,0,0,0
https://www.google-ipo.com,26,0,0,1,1,65.3846,0,0,0.2308,18,0.95,0.2,1.0,3,0,0,0,0,0,0,0,0,1
https://www.strataarchitects.com,32,0,0,1,1,81.25,0,0,0.1562,24,0.95,0.1613,1.0,3,0,0,0,0,0,0,0,0,1
https://outlookweboffice003650.web.app/,39,0,0,1,1,69.2308,0,0,0.1538,30,0.5,0.1579,1.0,3,0,0,0,0,0,0,0,0,0
https://www.mmbcconsulting.co.za,32,0,0,2,1,68.75,0,0,0.1875,24,0.5,0.1935,1.0,2,0,0,0,0,0,0,0,0,0
https://glpi.grupomeiko.com/marketplace/rfend/new/gov/,54,0,0,1,1,85.1852,0,0,0.1852,19,0.95,0.0377,1.0,3,0,0,0,0,0,0,0,0,0
https://www.severorivera.com,28,0,0,1,1,75.0,0,0,0.1786,20,0.95,0.1481,1.0,3,0,0,0,0,0,0,0,0,1
https://www.buriedtreasurefossils.com,37,0,0,1,1,72.973,0,0,0.1351,29,0.95,0.1389,1.0,3,0,0,0,0,0,0,0,0,1
https://www.avitale.com,23,0,0,1,1,52.1739,0,0,0.2174,15,0.95,0.1818,1.0,3,0,0,0,0,0,0,0,0,1
http://43.159.48.238/v3/signin/identifier?dsh=s-687758651:1680346533748388&amp;followup=https://accounts.google.com/?&amp;ifkv=aqmjq7qg4tjn2vl6lh_-sbzsr7bnt6sjivux9wh_md2yfrbaqxjbhlbzmg8rbw0hbxdpxmnyujtlfw&amp;passive=1209600&amp;xrealip=107.178.237.20&amp;continue=https://accounts.google.com/?&amp;xrealip=81.95.5.37&amp;flowname=glifwebsignin&amp;flowentry=servicelogin&amp;ifkv=aqmjq7sfkfh1ljrbydez6upsa_jkwrgnrg-89ye85fowkctdpnjcmscn2v4d9seq-ofm6uuptm3fcg,460,1,0,2,0,100.0,10,3,0.1435,13,0.5,0.037,0.9804,3,0,0,0,0,0,0,0,0,0
https://www.thewi.org.uk,24,0,0,2,1,58.3333,0,0,0.25,16,0.9,0.1739,1.0,2,0,0,0,0,0,0,0,0,1
https://www.filmfad.com,23,0,0,1,1,56.5217,0,0,0.2174,15,0.95,0.1818,1.0,3,0,0,0,0,0,0,0,0,1
https://www.paulkelly.com.au,28,0,0,2,1,67.8571,0,0,0.2143,20,0.88,0.1852,1.0,2,0,0,0,0,0,0,0,0,1
https://www.i-pass.com.tw,25,0,0,2,1,68.0,0,0,0.28,17,0.5,0.2083,1.0,2,0,0,0,0,0,0,0,0,1
https://www.thss.tsinghua.edu.cn,32,0,0,3,1,75.0,0,0,0.2188,24,0.5,0.1613,1.0,2,0,0,0,0,0,0,0,0,1
https://www.coloratelierpaint.com,33,0,0,1,1,84.8485,0,0,0.1515,25,0.95,0.125,1.0,3,0,0,0,0,0,0,0,0,1
https://ipfs.litnet.work/ipfs/bafybeieqilhn5yjrdt2cs46bglcamzimrcgbfuvq3yec2nki7xbcru5tiu//bdn6-hser-sj3e.html,110,0,0,1,1,92.7273,0,0,0.1091,16,0.5,0.0275,1.0,4,0,0,0,0,0,0,0,0,0
https://www.hinothailand.com,28,0,0,1,1,75.0,0,0,0.1786,20,0.95,0.1481,1.0,3,0,0,0,0,0,0,0,0,1
https://www.hightail.com,24,0,0,1,1,62.5,0,0,0.2083,16,0.95,0.1739,1.0,3,0,0,0,0,0,0,0,0,1
http://shopeevip21.com,22,0,0,0,0,59.0909,0,0,0.1818,15,0.95,0.1429,1.0,3,0,0,0,0,0,0,0,0,0
http://acikdenizkredim.cf/,26,0,0,0,0,61.5385,0,0,0.1923,18,0.5,0.08,1.0,2,0,0,0,0,0,0,0,0,0
http://www.elitter.net,22,0,0,1,0,68.1818,0,0,0.2273,15,0.85,0.2381,1.0,3,0,0,0,0,0,0,0,0,0
https://www.ryanbingham.com,27,0,0,1,1,62.963,0,0,0.1852,19,0.95,0.1538,1.0,3,0,0,0,0,0,0,0,0,1
https://www.tragaluzeditores.com,32,0,0,1,1,65.625,0,0,0.1562,24,0.95,0.129,1.0,3,0,0,0,0,0,0,0,0,1
https://www.paolini.net,23,0,0,1,1,69.5652,0,0,0.2174,15,0.85,0.1818,1.0,3,0,0,0,0,0,0,0,0,1
https://www.bazaarliving.com,28,0,0,1,1,50.0,0,0,0.1786,20,0.95,0.1852,1.0,3,0,0,0,0,0,0,0,0,1
http://www.iproinfotech.com,27,0,0,1,0,77.7778,0,0,0.1852,20,0.95,0.1538,1.0,3,0,0,0,0,0,0,0,0,0
https://www.ladyalthaea.com,27,0,0,1,1,66.6667,0,0,0.1852,19,0.95,0.1538,1.0,3,0,0,0,0,0,0,0,0,1
https://axonsolution.com/xmrlcp/,32,0,0,0,1,78.125,0,0,0.1875,16,0.95,0.0645,1.0,3,0,0,0,0,0,0,0,0,0
http://www.fshekayat.ml,23,0,0,1,0,60.8696,0,0,0.2174,16,0.5,0.1818,1.0,2,0,0,0,0,0,0,0,0,0
http://fireblocks.finance,25,0,0,0,0,56.0,0,0,0.16,18,0.5,0.0833,1.0,7,0,0,0,0,0,0,0,0,0
http://www.visacom.net,22,0,0,1,0,45.4545,0,0,0.2273,15,0.85,0.1905,1.0,3,0,0,0,0,0,0,0,0,0
http://www.sriretail.com,24,0,0,1,0,58.3333,0,0,0.2083,17,0.95,0.1739,1.0,3,0,0,0,0,0,0,0,0,0
https://attcom-108589.square.site/,34,0,0,1,1,55.8824,0,0,0.2059,25,0.35,0.0909,1.0,4,0,0,0,0,0,0,0,0,0
https://www.ferro-alloys.cn,27,0,0,1,1,62.963,0,0,0.2222,19,0.5,0.2308,1.0,2,0,0,0,0,0,0,0,0,1
https://att-100759.square.site/,31,0,0,1,1,61.2903,0,0,0.2258,22,0.35,0.1333,1.0,4,0,0,0,0,0,0,0,0,0
http://www.ezssausage.com/sogelco/company_profile/purchase_order,64,0,0,1,0,89.0625,0,0,0.1562,18,0.95,0.0794,1.0,3,0,0,0,0,0,0,0,0,0
https://www.andersoncrepaldi.com.br,35,0,0,2,1,82.8571,0,0,0.1714,27,0.5,0.1176,1.0,2,0,0,0,0,0,0,0,0,1
https://www.phenogen.org,24,0,0,1,1,87.5,0,0,0.2083,16,0.9,0.1739,1.0,3,0,0,0,0,0,0,0,0,1
http://www.stockdalecapital.us,30,0,0,1,0,73.3333,0,0,0.1667,23,0.85,0.1379,1.0,2,0,0,0,0,0,0,0,0,0
http://base-panelllb-6.ml/meritrust/,36,0,0,0,0,80.5556,0,0,0.2222,18,0.5,0.1143,1.0,2,0,0,0,0,0,0,0,0,0
https://www.digitalmars.com,27,0,0,1,1,66.6667,0,0,0.1852,19,0.95,0.1538,1.0,3,0,0,0,0,0,0,0,0,1
https://www.saintjosephregional.org,35,0,0,1,1,91.4286,0,0,0.1429,27,0.9,0.1176,1.0,3,0,0,0,0,0,0,0,0,1
https://storageapi.fleek.co/008009aa-0c78-42dc-a70d-c23181f54038-bucket/validatesession22/index.html#corinne@zilch.nl,117,0,1,1,1,89.7436,0,0,0.1453,19,0.8,0.0776,0.9829,2,0,0,0,0,0,0,0,0,0
https://www.bestofbiotech.at,28,0,0,1,1,78.5714,0,0,0.1786,20,0.5,0.1481,1.0,2,0,0,0,0,0,0,0,0,1
https://www.klara.ch,20,0,0,1,1,65.0,0,0,0.25,12,0.5,0.2105,1.0,2,0,0,0,0,0,0,0,0,1
https://www.lelo.com,20,0,0,1,1,65.0,0,0,0.25,12,0.95,0.2105,1.0,3,0,0,0,0,0,0,0,0,1
http://www.advertopolitan.com,29,0,0,1,0,62.069,0,0,0.1724,22,0.95,0.1429,1.0,3,0,0,0,0,0,0,0,0,0
http://cx89008.tw1.ru/httpdocs/login/ologin.php,47,0,0,1,0,80.8511,0,0,0.1915,14,0.5,0.087,1.0,2,0,0,0,0,0,0,0,0,0
https://osborne-legal-0utlook.firebaseapp.com/,46,0,0,1,1,76.087,0,0,0.1739,37,0.95,0.0889,1.0,3,0,0,0,0,0,0,0,0,0
https://www.rexswain.com,24,0,0,1,1,50.0,0,0,0.2083,16,0.95,0.1739,1.0,3,0,0,0,0,0,0,0,0,1
https://www.hwconstruction.com,30,0,0,1,1,80.0,0,0,0.1667,22,0.95,0.1379,1.0,3,0,0,0,0,0,0,0,0,1
https://www.poandpo.com,23,0,0,1,1,65.2174,0,0,0.2174,15,0.95,0.1818,1.0,3,0,0,0,0,0,0,0,0,1
https://usmtttamesklogo.godaddysites.com/,41,0,0,1,1,78.0488,0,0,0.1463,32,0.95,0.125,1.0,3,0,0,0,0,0,0,0,0,0
https://www.scots-online.org,28,0,0,1,1,64.2857,0,0,0.2143,20,0.9,0.1481,1.0,3,0,0,0,0,0,0,0,0,1
https://paixaoporpatinhas.pt/wp-content/themes/twentysixteen/inc/redirect.php,77,0,0,0,1,93.5065,0,0,0.1429,20,0.5,0.0395,1.0,2,0,0,0,0,0,0,0,0,0
http://mail.deliverylifesupport.com/public/eslfrot2qo6tz5grn0cgbafyug6wbmdi,75,0,0,1,0,86.6667,0,0,0.0933,28,0.95,0.0405,1.0,3,0,0,0,0,0,0,0,0,0
https://www.chesterfieldobserver.com,36,0,0,1,1,75.0,0,0,0.1389,28,0.95,0.1143,1.0,3,0,0,0,0,0,0,0,0,1
http://www.shaparakks.gq,24,0,0,1,0,83.3333,0,0,0.2083,17,0.5,0.2174,1.0,2,0,0,0,0,0,0,0,0,0
https://www.deepstealth.com,27,0,0,1,1,74.0741,0,0,0.1852,19,0.95,0.1923,1.0,3,0,0,0,0,0,0,0,0,1
https://www.aquariusgolfclub.co.uk,34,0,0,2,1,70.5882,0,0,0.1765,26,0.9,0.1212,1.0,2,0,0,0,0,0,0,0,0,1
https://www.vrs.org.uk,22,0,0,2,1,63.6364,0,0,0.2727,14,0.9,0.1905,1.0,2,0,0,0,0,0,0,0,0,1
http://www.bird.fbcode.co,25,0,0,2,0,72.0,0,0,0.24,18,0.8,0.1667,1.0,2,0,0,0,0,0,0,0,0,0
https://dev-credomatic.pantheonsite.io/,39,0,0,1,1,87.1795,0,0,0.1795,30,0.5,0.0526,1.0,2,0,0,0,0,0,0,0,0,0
https://www.goingcarbonneutral.co.uk,36,0,0,2,1,75.0,0,0,0.1667,28,0.9,0.1429,1.0,2,0,0,0,0,0,0,0,0,1
https://www.mdaliyan.com/jp,27,0,0,1,1,59.2593,0,0,0.2222,16,0.95,0.1538,1.0,3,0,0,0,0,0,0,0,0,0
http://my-site-103att-103424.weeblysite.com/,44,0,0,1,0,77.2727,0,0,0.2045,36,0.95,0.093,1.0,3,0,0,0,0,0,0,0,0,0
https://www.morgancountycitizen.com,35,0,0,1,1,68.5714,0,0,0.1429,27,0.95,0.1176,1.0,3,0,0,0,0,0,0,0,0,1
https://www.therosemind.com,27,0,0,1,1,74.0741,0,0,0.1852,19,0.95,0.1538,1.0,3,0,0,0,0,0,0,0,0,1
https://www.strandja.bg,23,0,0,1,1,60.8696,0,0,0.2174,15,0.5,0.1818,1.0,2,0,0,0,0,0,0,0,0,1
https://billowing-term-2638.ktvbrvqtatr.workers.dev/,52,0,0,2,1,75.0,0,0,0.1731,43,0.5,0.0588,1.0,3,0,0,0,0,0,0,0,0,0
https://www.alkalmazasmobilra.hu,32,0,0,1,1,71.875,0,0,0.1562,24,0.5,0.129,1.0,2,0,0,0,0,0,0,0,0,1
https://www.cassgilbertsociety.org,34,0,0,1,1,79.4118,0,0,0.1471,26,0.9,0.1515,1.0,3,0,0,0,0,0,0,0,0,1
https://www.norfolktourism.ca,29,0,0,1,1,58.6207,0,0,0.1724,21,0.88,0.1429,1.0,2,0,0,0,0,0,0,0,0,1
https://lamture.com/brauntrucking.com_invoicea293179_open_onedriveportal/updated_drive_shared_securely_online%20-%20copy,120,0,0,0,1,93.3333,0,0,0.1417,11,0.95,0.0168,0.9833,3,0,0,0,0,0,0,0,0,0
https://webmail-105334.weeblysite.com/,38,0,0,1,1,68.4211,0,0,0.1842,29,0.95,0.1081,1.0,3,0,0,0,0,0,0,0,0,0
http://www.jeanneu.cf,21,0,0,1,0,61.9048,0,0,0.2381,14,0.5,0.25,1.0,2,0,0,0,0,0,0,0,0,0
http://www.erabank.ru,21,0,0,1,0,61.9048,0,0,0.2381,14,0.5,0.2,1.0,2,0,0,0,0,0,0,0,0,0
https://www.intmedsafe.net,26,0,0,1,1,69.2308,0,0,0.1923,18,0.85,0.16,1.0,3,0,0,0,0,0,0,0,0,1
https://www.muis.gov.sg,23,0,0,2,1,65.2174,0,0,0.2609,15,0.5,0.1818,1.0,2,0,0,0,0,0,0,0,0,1
https://www.ssssssss.org,24,0,0,1,1,75.0,0,0,0.2083,16,0.9,0.4783,1.0,3,0,0,0,0,0,0,0,0,1
http://www.pbrand.blocktrail.com,32,0,0,2,0,78.125,0,0,0.1875,25,0.95,0.129,1.0,3,0,0,0,0,0,0,0,0,0
https://www.wirelesswaffle.com,30,0,0,1,1,70.0,0,0,0.1667,22,0.95,0.2069,1.0,3,0,0,0,0,0,0,0,0,1
http://www.mobiles-photostudio.com,34,0,0,1,0,76.4706,0,0,0.1765,27,0.95,0.1212,1.0,3,0,0,0,0,0,0,0,0,0
https://www.ymcafoxcities.org,29,0,0,1,1,62.069,0,0,0.1724,21,0.9,0.1429,1.0,3,0,0,0,0,0,0,0,0,1
http://visita-infotitolare.com/,31,0,0,0,0,54.8387,0,0,0.1935,23,0.95,0.0667,1.0,3,0,0,0,0,0,0,0,0,0
https://www.tomintoulwhisky.com,31,0,0,1,1,74.1935,0,0,0.1613,23,0.95,0.1333,1.0,3,0,0,0,0,0,0,0,0,1
https://www.brooks-xsdaodab.top/h-user-loginorregister.html,59,0,0,1,1,89.8305,0,0,0.1695,23,0.3,0.1034,1.0,3,0,0,0,0,0,0,0,0,0
https://www.manufacturingmanagement.co.uk,41,0,0,2,1,78.0488,0,0,0.1463,33,0.9,0.1,1.0,2,0,0,0,0,0,0,0,0,1
https://www.tapchitiepthi.com,29,0,0,1,1,79.3103,0,0,0.1724,21,0.95,0.1429,1.0,3,0,0,0,0,0,0,0,0,1
https://www.webdiary.com.au,27,0,0,2,1,48.1481,0,0,0.2222,19,0.88,0.1538,1.0,2,0,0,0,0,0,0,0,0,1
https://www.mrcmekong.org,25,0,0,1,1,68.0,0,0,0.2,17,0.9,0.1667,1.0,3,0,0,0,0,0,0,0,0,1
http://www.s1p.no-ip.bz,23,0,0,2,0,56.5217,0,0,0.3043,16,0.5,0.1818,1.0,2,0,0,0,0,0,0,0,0,0
http://www.creemo.pl,20,0,0,1,0,65.0,0,0,0.25,13,0.5,0.2632,1.0,2,0,0,0,0,0,0,0,0,0
https://fax-20022024fax1067847docs478fx.s3.nl-ams.scw.cloud/fx.htm,66,0,0,3,1,87.8788,0,0,0.1667,51,0.5,0.0615,1.0,5,0,0,0,0,0,0,0,0,0
https://luxuriousdraftymap.kejoba4405.repl.co/,46,0,0,2,1,69.5652,0,0,0.1522,37,0.8,0.0667,1.0,2,0,0,0,0,0,0,0,0,0
http://www.planeocean.com,25,0,0,1,0,84.0,0,0,0.2,18,0.95,0.1667,1.0,3,0,0,0,0,0,0,0,0,0
https://www.icpsnet.org,23,0,0,1,1,60.8696,0,0,0.2174,15,0.9,0.1818,1.0,3,0,0,0,0,0,0,0,0,1
https://www.henandstagsligo.ie,30,0,0,1,1,83.3333,0,0,0.1667,22,0.5,0.1379,1.0,2,0,0,0,0,0,0,0,0,1
https://www.orono.org,21,0,0,1,1,71.4286,0,0,0.2381,13,0.9,0.2,1.0,3,0,0,0,0,0,0,0,0,1
https://www.agilent.com,23,0,0,1,1,43.4783,0,0,0.2174,15,0.95,0.1818,1.0,3,0,0,0,0,0,0,0,0,1
http://www.servepics.com,24,0,0,1,0,70.8333,0,0,0.2083,17,0.95,0.1739,1.0,3,0,0,0,0,0,0,0,0,0
http://www.wefsdfasdfasdfasd.s3.eu-central-1.amazonaws.com,58,0,0,4,0,84.4828,0,0,0.1724,51,0.95,0.0702,1.0,3,0,0,0,0,0,0,0,0,0
https://payksupay.nydfay.top/all/paypay.ne.jp_login.php?idsmt=10123005600&nextfunck=10130550000,95,0,0,1,1,88.4211,2,1,0.1579,20,0.3,0.0957,1.0,3,0,0,0,0,0,0,0,0,0
https://pesajet.com/?gclid=cj0kcqjwla-hbhd7arisam9tqksso8mzk9oyhpwuivdkbvzxhnjmmcml4cojoyxcusly0krc2dhnbckaaigaealw_wcb,119,0,0,0,1,91.5966,1,1,0.0756,11,0.95,0.0424,1.0,3,0,0,0,0,0,0,0,0,0
https://bafybeicx6pb4yskej4kcdnxre6zf3h352cflfpjfz3gj6okmnvl62egs54.ipfs.dweb.link/,83,0,0,2,1,91.5663,0,0,0.0843,74,0.5,0.0244,1.0,4,0,0,0,0,0,0,0,0,0
https://www.thearduinoclassroom.com,35,0,0,1,1,77.1429,0,0,0.1429,27,0.95,0.1765,1.0,3,0,0,0,0,0,0,0,0,1
http://ganzeweltreisen.de/--/die-post/express-delivery-id9823734982034/tracking/j0pl1n/details.php?id=32186103,110,0,0,0,0,87.2727,1,1,0.1636,18,0.88,0.0367,1.0,2,0,0,0,0,0,0,0,0,0
https://www.aswangproject.com,29,0,0,1,1,72.4138,0,0,0.1724,21,0.95,0.1429,1.0,3,0,0,0,0,0,0,0,0,1
https://www.secured1-chaase.duckdns.org/chase/0e04fce4c4930100986cc8619d8dde3d/index2.php?error=,96,0,0,2,1,89.5833,1,1,0.1354,31,0.9,0.0947,1.0,3,0,0,0,0,0,0,0,0,0
https://www.atelierdelagehoeve.nl,33,0,0,1,1,69.697,0,0,0.1515,25,0.5,0.125,1.0,2,0,0,0,0,0,0,0,0,1
https://www.on24.com,20,0,0,1,1,55.0,0,0,0.25,12,0.95,0.2105,1.0,3,0,0,0,0,0,0,0,0,1
http://www.envestnetinvestors-portal.envestnetmgt.org,53,0,0,2,0,86.7925,0,0,0.1321,46,0.9,0.0769,1.0,3,0,0,0,0,0,0,0,0,0
https://www.mhresources.org,27,0,0,1,1,77.7778,0,0,0.1852,19,0.9,0.1538,1.0,3,0,0,0,0,0,0,0,0,1
https://www.caa.gov.vn,22,0,0,2,1,63.6364,0,0,0.2727,14,0.5,0.2381,1.0,2,0,0,0,0,0,0,0,0,1
https://finishedbrain.dossantos7.repl.co/,41,0,0,2,1,85.3659,0,0,0.1707,32,0.8,0.075,1.0,2,0,0,0,0,0,0,0,0,0
https://www.gymx-app.de,23,0,0,1,1,52.1739,0,0,0.2609,15,0.88,0.2273,1.0,2,0,0,0,0,0,0,0,0,1
http://www.zouiri.com,21,0,0,1,0,61.9048,0,0,0.2381,14,0.95,0.2,1.0,3,0,0,0,0,0,0,0,0,0
https://sj67-fe3.firebaseapp.com/,33,0,0,1,1,60.6061,0,0,0.2121,24,0.95,0.0938,1.0,3,0,0,0,0,0,0,0,0,0
https://3453454435345345--23453455345345.repl.co/,49,0,0,1,1,81.6327,0,0,0.1633,40,0.8,0.1042,1.0,2,0,0,0,0,0,0,0,0,0
https://www.find-ip-address.org,31,0,0,1,1,74.1935,0,0,0.2258,23,0.9,0.2,1.0,3,0,0,0,0,0,0,0,0,1
https://www.deepcovekayak.com,29,0,0,1,1,75.8621,0,0,0.1724,21,0.95,0.1786,1.0,3,0,0,0,0,0,0,0,0,1
http://www.discountchristmas.com,32,0,0,1,0,78.125,0,0,0.1562,25,0.95,0.129,1.0,3,0,0,0,0,0,0,0,0,0
https://www.brafton.com,23,0,0,1,1,52.1739,0,0,0.2174,15,0.95,0.1818,1.0,3,0,0,0,0,0,0,0,0,1
https://www.buckheit.com,24,0,0,1,1,58.3333,0,0,0.2083,16,0.95,0.1739,1.0,3,0,0,0,0,0,0,0,0,1
https://visapprepaidedd1.firebaseapp.com/,41,0,0,1,1,78.0488,0,0,0.1463,32,0.95,0.125,1.0,3,0,0,0,0,0,0,0,0,0
https://ssss118.godaddysites.com/,33,0,0,1,1,66.6667,0,0,0.1818,24,0.95,0.2188,1.0,3,0,0,0,0,0,0,0,0,0
https://www.ukriversguidebook.co.uk,35,0,0,2,1,77.1429,0,0,0.1714,27,0.9,0.1471,1.0,2,0,0,0,0,0,0,0,0,1
http://www.anketkurumsal.xyz,28,0,0,1,0,57.1429,0,0,0.1786,21,0.35,0.1481,1.0,3,0,0,0,0,0,0,0,0,0
http://co-postoffice.com/verification/,38,0,0,0,0,73.6842,0,0,0.1842,17,0.95,0.0811,1.0,3,0,0,0,0,0,0,0,0,0
https://www.stanfieldshutter.com,32,0,0,1,1,59.375,0,0,0.1562,24,0.95,0.1613,1.0,3,0,0,0,0,0,0,0,0,1
https://neddev.dsg863mssef6n.amplifyapp.com/index.htm,53,0,0,2,1,81.1321,0,0,0.1509,35,0.95,0.0962,1.0,3,0,0,0,0,0,0,0,0,0
https://att-105013.weeblysite.com/,34,0,0,1,1,55.8824,0,0,0.2059,25,0.95,0.1212,1.0,3,0,0,0,0,0,0,0,0,0
https://www.bluebellnursery.com,31,0,0,1,1,74.1935,0,0,0.1613,23,0.95,0.1667,1.0,3,0,0,0,0,0,0,0,0,1
https://www.milehichurch.org,28,0,0,1,1,67.8571,0,0,0.1786,20,0.9,0.1481,1.0,3,0,0,0,0,0,0,0,0,1
http://www.faneuil-lawsuit.com,30,0,0,1,0,63.3333,0,0,0.2,23,0.95,0.1379,1.0,3,0,0,0,0,0,0,0,0,0
https://www.misterrogers.org,28,0,0,1,1,82.1429,0,0,0.1786,20,0.9,0.1852,1.0,3,0,0,0,0,0,0,0,0,1
https://www.tiska.com,21,0,0,1,1,57.1429,0,0,0.2381,13,0.95,0.2,1.0,3,0,0,0,0,0,0,0,0,1
https://www.getstroll.com,25,0,0,1,1,68.0,0,0,0.2,17,0.95,0.2083,1.0,3,0,0,0,0,0,0,0,0,1
https://www.engext.ksu.edu,26,0,0,2,1,69.2308,0,0,0.2308,18,0.98,0.16,1.0,3,0,0,0,0,0,0,0,0,1
https://www.getswipe.in,23,0,0,1,1,82.6087,0,0,0.2174,15,0.9,0.1818,1.0,2,0,0,0,0,0,0,0,0,1
http://662099311571888xxdazbvqvqyzgkvu.sepa-00980-force-drop.oa.r.appspot.com/?fbclid=iwar0h8tpzozrgcqcn1vynitdojhdrid5anrbq8n37vuuaxv5wsqg5hrmdoam,147,0,0,4,0,95.2381,1,1,0.0952,70,0.95,0.0753,1.0,3,0,0,0,0,0,0,0,0,0
http://www.dae23grd.urlvf.fun,29,0,0,2,0,62.069,0,0,0.2069,22,0.5,0.1429,1.0,3,0,0,0,0,0,0,0,0,0
https://www.modumobile.com,26,0,0,1,1,57.6923,0,0,0.1923,18,0.95,0.16,1.0,3,0,0,0,0,0,0,0,0,1
http://guitar.sepa-00980-force-drop.oa.r.appspot.com/?fbclid=iwar0pqbupxoainphv8gwwpnwp1uc291nu3qvqgbqbjc-ywqu1zuiek3i6c3e,122,0,0,4,0,90.1639,1,1,0.123,45,0.95,0.0413,1.0,3,0,0,0,0,0,0,0,0,0
https://www.unileverfoodsolutions.lk,36,0,0,1,1,77.7778,0,0,0.1389,28,0.5,0.1429,1.0,2,0,0,0,0,0,0,0,0,1
http://www.baixinho11.cf,24,0,0,1,0,62.5,0,0,0.2083,17,0.5,0.2174,1.0,2,0,0,0,0,0,0,0,0,0
https://www.bluerobot.com,25,0,0,1,1,60.0,0,0,0.2,17,0.95,0.1667,1.0,3,0,0,0,0,0,0,0,0,1
http://www.jetskirentaldublin.com,33,0,0,1,0,57.5758,0,0,0.1515,26,0.95,0.125,1.0,3,0,0,0,0,0,0,0,0,0
https://www.globopstore.com,27,0,0,1,1,66.6667,0,0,0.1852,19,0.95,0.1538,1.0,3,0,0,0,0,0,0,0,0,1
https://www.auctionexport.com,29,0,0,1,1,62.069,0,0,0.1724,21,0.95,0.1429,1.0,3,0,0,0,0,0,0,0,0,1
https://www.businessinafrica.net,32,0,0,1,1,75.0,0,0,0.1562,24,0.85,0.1613,1.0,3,0,0,0,0,0,0,0,0,1
https://www.slamdunk.ru,23,0,0,1,1,56.5217,0,0,0.2174,15,0.5,0.1818,1.0,2,0,0,0,0,0,0,0,0,1
https://www.actualno.com,24,0,0,1,1,66.6667,0,0,0.2083,16,0.95,0.1739,1.0,3,0,0,0,0,0,0,0,0,1
https://www.littlearmenia.com,29,0,0,1,1,72.4138,0,0,0.1724,21,0.95,0.1786,1.0,3,0,0,0,0,0,0,0,0,1
https://wds87r.webwave.dev/,27,0,0,1,1,70.3704,0,0,0.2222,18,0.5,0.0769,1.0,3,0,0,0,0,0,0,0,0,0
http://metamaskz.cc,19,0,0,0,0,57.8947,0,0,0.2105,12,0.5,0.1667,1.0,2,0,0,0,0,0,0,0,0,0
https://www.miamibreastcenter.com,33,0,0,1,1,81.8182,0,0,0.1515,25,0.95,0.125,1.0,3,0,0,0,0,0,0,0,0,1
https://www.iaasb.org,21,0,0,1,1,61.9048,0,0,0.2381,13,0.9,0.25,1.0,3,0,0,0,0,0,0,0,0,1
https://netwokk01.web.app/,26,0,0,1,1,65.3846,0,0,0.2308,17,0.5,0.16,1.0,3,0,0,0,0,0,0,0,0,0
https://www.mydsf.com,21,0,0,1,1,61.9048,0,0,0.2381,13,0.95,0.2,1.0,3,0,0,0,0,0,0,0,0,1
https://www.sportal.de,22,0,0,1,1,63.6364,0,0,0.2273,14,0.88,0.1905,1.0,2,0,0,0,0,0,0,0,0,1
http://www.nnbmk.cannca.shop,28,0,0,2,0,78.5714,0,0,0.2143,21,0.5,0.2222,1.0,4,0,0,0,0,0,0,0,0,0
https://opnsea-oo-login.mystrikingly.com/,41,0,0,1,1,82.9268,0,0,0.1951,32,0.95,0.075,1.0,3,0,0,0,0,0,0,0,0,0
https://www.hstc.org,20,0,0,1,1,70.0,0,0,0.25,12,0.9,0.2105,1.0,3,0,0,0,0,0,0,0,0,1
https://www.redvanuatu.com,26,0,0,1,1,53.8462,0,0,0.1923,18,0.95,0.16,1.0,3,0,0,0,0,0,0,0,0,1
https://www.chiro-elite.com,27,0,0,1,1,74.0741,0,0,0.2222,19,0.95,0.1538,1.0,3,0,0,0,0,0,0,0,0,1
https://aol-102872.weeblysite.com/,34,0,0,1,1,55.8824,0,0,0.2059,25,0.95,0.0909,1.0,3,0,0,0,0,0,0,0,0,0
https://www.shiftordie.de,25,0,0,1,1,80.0,0,0,0.2,17,0.88,0.1667,1.0,2,0,0,0,0,0,0,0,0,1
https://www.ankiapp.com,23,0,0,1,1,60.8696,0,0,0.2174,15,0.95,0.2273,1.0,3,0,0,0,0,0,0,0,0,1
https://rough-wave-e104.g479risp2v.workers.dev/,47,0,0,2,1,76.5957,0,0,0.1915,38,0.5,0.0435,1.0,3,0,0,0,0,0,0,0,0,0
http://www.hostmail1.com,24,0,0,1,0,66.6667,0,0,0.2083,17,0.95,0.1739,1.0,3,0,0,0,0,0,0,0,0,0
https://docs.google.com/forms/d/e/1faipqlscn6xxq_xvtivggy_4rkibou1i27e0kpiimikafpaavki1vsq/viewform?usp=send_form&usp=embed_facebook,132,0,0,1,1,91.6667,2,1,0.1364,15,0.95,0.0611,1.0,3,0,0,0,0,0,0,0,0,0
https://www.westdean.org.uk,27,0,0,2,1,59.2593,0,0,0.2222,19,0.9,0.1538,1.0,2,0,0,0,0,0,0,0,0,1
https://salnbvyt7t.firebaseapp.com/,35,0,0,1,1,62.8571,0,0,0.1714,26,0.95,0.0882,1.0,3,0,0,0,0,0,0,0,0,0
https://www.thewire.org.au,26,0,0,2,1,69.2308,0,0,0.2308,18,0.88,0.16,1.0,2,0,0,0,0,0,0,0,0,1
https://www.n2yo.com,20,0,0,1,1,55.0,0,0,0.25,12,0.95,0.2105,1.0,3,0,0,0,0,0,0,0,0,1
https://www.xataka.com.mx,25,0,0,2,1,72.0,0,0,0.24,17,0.5,0.1667,1.0,2,0,0,0,0,0,0,0,0,1
https://www.asnom.org,21,0,0,1,1,61.9048,0,0,0.2381,13,0.9,0.2,1.0,3,0,0,0,0,0,0,0,0,1
http://1636365.com/assets/40vue.503ff477.js/assets/40emotion.069aa8d1.js/assets/40vue.8c84d7fe.js/assets/assets/,112,0,0,0,0,94.6429,0,0,0.1696,11,0.95,0.0901,1.0,3,0,0,0,0,0,0,0,0,0
https://www.cfg.org.uk,22,0,0,2,1,54.5455,0,0,0.2727,14,0.9,0.1905,1.0,2,0,0,0,0,0,0,0,0,1
https://www.marylebonevillage.com,33,0,0,1,1,63.6364,0,0,0.1515,25,0.95,0.1562,1.0,3,0,0,0,0,0,0,0,0,1
http://www.autodiscount.info,28,0,0,1,0,71.4286,0,0,0.1786,21,0.55,0.1481,1.0,4,0,0,0,0,0,0,0,0,0
https://ipfs.io/ipfs/bafybeifkzjedon3gsio76zaxs2w6nm7dghqxsl3ikylmrslxj4ic2bwuoy/,81,0,0,0,1,91.358,0,0,0.0864,7,0.5,0.025,1.0,2,0,0,0,0,0,0,0,0,0
https://www.oharacorp.com,25,0,0,1,1,88.0,0,0,0.2,17,0.95,0.1667,1.0,3,0,0,0,0,0,0,0,0,1
https://www.designdirect.io,27,0,0,1,1,70.3704,0,0,0.1852,19,0.5,0.1538,1.0,2,0,0,0,0,0,0,0,0,1
https://therecipemtf.com/ibg/client/ispc.php,44,0,0,0,1,81.8182,0,0,0.1818,16,0.95,0.0465,1.0,3,0,0,0,0,0,0,0,0,0
https://www.scl.org,19,0,0,1,1,57.8947,0,0,0.2632,11,0.9,0.2222,1.0,3,0,0,0,0,0,0,0,0,1
https://www.muzeum-as.cz,24,0,0,1,1,70.8333,0,0,0.25,16,0.5,0.1739,1.0,2,0,0,0,0,0,0,0,0,1
http://www.ayakkokulari.com,27,0,0,1,0,62.963,0,0,0.1852,20,0.95,0.1923,1.0,3,0,0,0,0,0,0,0,0,0
http://www.dalu.ltd,19,0,0,1,0,73.6842,0,0,0.2632,12,0.5,0.2222,1.0,3,0,0,0,0,0,0,0,0,0
https://www.intowncoffee.com,28,0,0,1,1,78.5714,0,0,0.1786,20,0.95,0.2222,1.0,3,0,0,0,0,0,0,0,0,1
http://www.andrewpharma.com,27,0,0,1,0,77.7778,0,0,0.1852,20,0.95,0.1538,1.0,3,0,0,0,0,0,0,0,0,0
https://firebasestorage.googleapis.com/v0/b/dr-clin-c4f68.appspot.com/o/drweb.html?alt=media&amp;token=09293ba9-0738-41ea-9cf3-67cb43af2b88&amp;x=famacas-cfa0appspotappspotmacas-macas-vfwefsaxsppspotcfa0ps&amp;prox=yourname@yourcompany.com,239,0,1,1,1,97.9079,4,1,0.1464,30,0.95,0.0336,0.9833,3,0,0,0,0,0,0,0,0,0
http://www.cc836593.com/,24,0,0,1,0,62.5,0,0,0.25,16,0.95,0.2174,1.0,3,0,0,0,0,0,0,0,0,0
https://www.weblitera.com,25,0,0,1,1,52.0,0,0,0.2,17,0.95,0.1667,1.0,3,0,0,0,0,0,1,0,0,1
https://www.monigle.com,23,0,0,1,1,56.5217,0,0,0.2174,15,0.95,0.1818,1.0,3,2,0,1,51,0,1,0,1,1
https://lnicioerlineaennpresasscoltiaperu.com/?gclid=eaiaiqobchmiqjytxcwa_giv9htuar3b5qwaeaayasaaegjvfpd_bwe,108,0,0,0,1,91.6667,1,1,0.0833,37,0.95,0.0561,1.0,3,0,0,0,0,0,0,0,0,0
http://www.mydad.info,21,0,0,1,0,52.381,0,0,0.2381,14,0.55,0.2,1.0,4,0,0,0,0,0,0,0,0,0
https://cutt.ly/verifica-app,28,0,0,0,1,57.1429,0,0,0.2143,7,0.5,0.1481,1.0,2,0,0,0,0,0,0,0,0,0
https://www.nsrc.org,20,0,0,1,1,65.0,0,0,0.25,12,0.9,0.2105,1.0,3,0,0,0,2,0,0,0,1,1
https://free-messenger-bd.firebaseapp.com/,42,0,0,1,1,80.9524,0,0,0.1905,33,0.95,0.122,1.0,3,0,0,0,0,0,0,0,0,0
https://dashing-reindeer.10web.site/coge/cogeco/,48,0,0,1,1,83.3333,0,0,0.1875,27,0.35,0.0638,1.0,4,0,0,0,0,0,0,0,0,0
https://www.everystudent.com,28,0,0,1,1,57.1429,0,0,0.1786,20,0.95,0.1481,1.0,3,1,1,1,72,1,0,0,1,1
https://www.dartmouthmuseum.org,31,0,0,1,1,80.6452,0,0,0.1613,23,0.9,0.1333,1.0,3,3,0,0,97,0,1,0,1,1
https://www.ifmaworld.com,25,0,0,1,1,56.0,0,0,0.2,17,0.95,0.1667,1.0,3,1,0,1,0,0,1,0,1,1
https://hgrt98-kmj567.firebaseapp.com/,38,0,0,1,1,60.5263,0,0,0.1842,29,0.95,0.0811,1.0,3,0,0,0,0,0,0,0,0,0
https://www.conmebol.com,24,0,0,1,1,66.6667,0,0,0.2083,16,0.95,0.1739,1.0,3,1,2,0,2,0,1,0,1,1
http://www.bhubaneswarambulance.com,35,0,0,1,0,82.8571,0,0,0.1429,28,0.95,0.1176,1.0,3,2,0,0,3,0,1,0,1,0
https://www.stradivarius.it,27,0,0,1,1,77.7778,0,0,0.1852,19,0.5,0.1538,1.0,2,0,0,0,1,0,1,0,1,1
https://fladestateins.com/08131e57-e230-465b-bb5e-840b8af30ec4,62,0,0,0,1,79.0323,0,0,0.1452,17,0.95,0.0492,1.0,3,0,0,0,0,0,0,0,0,0
http://www.ninjaproxy.co.uk,27,0,0,2,0,59.2593,0,0,0.2222,20,0.9,0.1538,1.0,2,0,0,0,0,0,0,0,0,0
https://www.cryptopro.ru,24,0,0,1,1,75.0,0,0,0.2083,16,0.5,0.1739,1.0,2,0,0,1,6,0,1,0,0,1
http://cpcalendars.shopatbreeze.co/,35,0,0,1,0,82.8571,0,0,0.1714,27,0.8,0.0882,1.0,2,0,0,0,0,0,0,0,0,0
https://www.satisfyinggames.com,31,0,0,1,1,70.9677,0,0,0.1613,23,0.95,0.1667,1.0,3,0,0,0,62,0,1,0,1,1
http://mail.pemblokiraannnnnnfacebokkk.videos.work.gd/,54,0,0,3,0,85.1852,0,0,0.1481,46,0.5,0.1887,1.0,2,0,0,0,0,0,0,0,0,0
https://www.carsandracingstuff.com,34,0,0,1,1,73.5294,0,0,0.1471,26,0.95,0.1515,1.0,3,0,0,0,114,0,0,0,0,1
https://www.purplehousepress.com,32,0,0,1,1,87.5,0,0,0.1562,24,0.95,0.1613,1.0,3,0,0,1,17,0,1,0,1,1
https://www.saltcorner.com,26,0,0,1,1,69.2308,0,0,0.1923,18,0.95,0.16,1.0,3,0,0,0,24,0,0,0,0,1
https://maildinshaakckjnw462.web.app/,37,0,0,1,1,70.2703,0,0,0.1622,28,0.5,0.1111,1.0,3,0,0,0,0,0,0,0,0,0
https://www.cinema1plus.com,27,0,0,1,1,62.963,0,0,0.1852,19,0.95,0.1538,1.0,3,0,0,0,0,0,0,0,0,1
https://ye806m.webwave.dev/,27,0,0,1,1,55.5556,0,0,0.2222,18,0.5,0.0769,1.0,3,0,0,0,0,0,0,0,0,0
https://www.funawards.com,25,0,0,1,1,56.0,0,0,0.2,17,0.95,0.1667,1.0,3,0,0,0,0,0,0,0,0,1
http://www.coinminingonline.com,31,0,0,1,0,80.6452,0,0,0.1613,24,0.95,0.1333,1.0,3,0,0,0,0,0,0,0,0,0
https://www.shadygrovefertility.com,35,0,0,1,1,71.4286,0,0,0.1429,27,0.95,0.1176,1.0,3,2,1,0,155,0,1,0,1,1
https://occiactuss.ficoslop.repl.co,35,0,0,2,1,80.0,0,0,0.1714,27,0.8,0.1176,1.0,2,0,0,0,0,0,0,0,0,0
https://www.federacioneditores.org,34,0,0,1,1,76.4706,0,0,0.1471,26,0.9,0.1212,1.0,3,0,0,0,0,1,1,0,1,1
https://www.revistalagunas.com,30,0,0,1,1,53.3333,0,0,0.1667,22,0.95,0.1379,1.0,3,0,0,0,0,0,0,0,0,1
https://ipfs.io/ipfs/bafybeibohjqplflmnm6demj7xyarzfuvn6bm5bz7phqkddobkcdnoxrvvi/bomyb_owa4.html,96,0,0,0,1,92.7083,0,0,0.0938,7,0.5,0.0421,1.0,2,0,0,0,0,0,0,0,0,0
http://www.mosfdns.ddns.ms,26,0,0,2,0,80.7692,0,0,0.2308,19,0.5,0.2,1.0,2,0,0,0,0,0,0,0,0,0
https://www.gameroomblog.com,28,0,0,1,1,64.2857,0,0,0.1786,20,0.95,0.1852,1.0,3,0,0,0,0,0,0,0,0,1
https://www.sos.state.mn.us,27,0,0,3,1,66.6667,0,0,0.2593,19,0.85,0.1538,1.0,2,0,0,1,0,0,1,0,0,1
https://www.sap-press.com,25,0,0,1,1,64.0,0,0,0.24,17,0.95,0.2083,1.0,3,0,0,1,11,0,1,0,1,1
http://www.textfluss-bremen.de,30,0,0,1,0,56.6667,0,0,0.2,23,0.88,0.1724,1.0,2,0,0,0,0,0,0,0,1,0
https://www.buffalolib.org,26,0,0,1,1,65.3846,0,0,0.1923,18,0.9,0.2,1.0,3,0,0,0,0,0,0,0,0,1
https://www.3rdmardiv.marines.mil,33,0,0,2,1,75.7576,0,0,0.1818,25,0.5,0.125,1.0,3,0,0,0,0,0,0,0,0,1
https://bafybeigv3hocxjqwop2a7hv4a2zoiesjjqdags5j4xctlu2t5rqngzwgja.ipfs.dweb.link/,83,0,0,2,1,91.5663,0,0,0.0843,74,0.5,0.0366,1.0,4,0,0,0,0,0,0,0,0,0
https://www.phoenix.gov,23,0,0,1,1,65.2174,0,0,0.2174,15,0.99,0.1818,1.0,3,0,0,1,1,0,1,0,1,1
http://www.ceibadiseno.com.mx,29,0,0,2,0,68.9655,0,0,0.2069,22,0.5,0.1429,1.0,2,0,0,0,0,0,0,0,0,0
https://www.gottabesports.com,29,0,0,1,1,68.9655,0,0,0.1724,21,0.95,0.1786,1.0,3,0,1,1,6,0,0,0,1,1
https://www.findspark.com,25,0,0,1,1,52.0,0,0,0.2,17,0.95,0.1667,1.0,3,0,0,0,0,0,0,0,0,1
https://www.myburc.com,22,0,0,1,1,59.0909,0,0,0.2273,14,0.95,0.1905,1.0,3,0,0,1,8,0,1,1,1,1
https://www.sostanze.info,25,0,0,1,1,68.0,0,0,0.2,17,0.55,0.1667,1.0,4,0,0,0,0,0,0,0,0,1
https://www.chamber.asheboro.com,32,0,0,2,1,93.75,0,0,0.1875,24,0.95,0.129,1.0,3,0,0,0,0,0,0,0,0,1
http://335166.com/,18,0,0,0,0,50.0,0,0,0.2778,10,0.95,0.2353,1.0,3,0,0,0,0,0,0,0,0,0
http://www.olloo-news.com,25,0,0,1,0,64.0,0,0,0.24,18,0.95,0.25,1.0,3,0,0,0,0,0,1,0,0,0
https://www.connect2id.com,26,0,0,1,1,65.3846,0,0,0.1923,18,0.95,0.2,1.0,3,0,0,0,0,0,1,0,0,1
https://www.ubm.org.uk,22,0,0,2,1,54.5455,0,0,0.2727,14,0.9,0.1905,1.0,2,0,0,0,2,0,1,0,1,1
https://www.faber.co.uk,23,0,0,2,1,43.4783,0,0,0.2609,15,0.9,0.1818,1.0,2,0,0,0,0,0,0,0,0,1
https://www.bi4all.pt,21,0,0,1,1,66.6667,0,0,0.2381,13,0.5,0.25,1.0,2,0,0,0,0,0,0,0,0,1
https://papatoy.vn/wp/privacy-policy/,37,0,0,0,1,75.6757,0,0,0.2162,10,0.5,0.0556,1.0,2,0,0,0,0,0,0,0,0,0
https://ipfs.io/ipfs/bafkreiamcqroqsd5ebduskekvhewvv7rjbqow2ncnqwerhc3uyqwhgwp4y/,81,0,0,0,1,87.6543,0,0,0.0864,7,0.5,0.0375,1.0,2,0,0,0,0,0,0,0,0,0
https://www.ontrackplant.com,28,0,0,1,1,75.0,0,0,0.1786,20,0.95,0.1481,1.0,3,0,3,0,2,0,0,0,1,1
https://www.komisija.lt,23,0,0,1,1,60.8696,0,0,0.2174,15,0.5,0.1818,1.0,2,0,0,1,96,0,1,0,1,1
http://www.use-records.com,26,0,0,1,0,73.0769,0,0,0.2308,19,0.95,0.16,1.0,3,0,0,0,0,0,0,0,0,0
http://www.on.lc,16,0,0,1,0,56.25,0,0,0.3125,9,0.5,0.2667,1.0,2,0,0,0,0,0,0,0,0,0
https://www.ccc.govt.nz,23,0,0,2,1,60.8696,0,0,0.2609,15,0.5,0.2727,1.0,2,0,0,0,0,0,0,0,0,1
https://singlelightheartedratio.d24423.repl.co/,47,0,0,2,1,91.4894,0,0,0.1489,38,0.8,0.0652,1.0,2,0,0,0,0,0,0,0,0,0
https://nab.ae.org/nabib/auth/,30,0,0,1,1,70.0,0,0,0.2667,10,0.9,0.069,1.0,3,0,0,0,0,0,0,0,0,0
http://confirmaciondeproductos.atsnx.com/?i=2,45,0,0,1,0,80.0,1,1,0.1778,33,0.95,0.0455,1.0,3,0,0,0,0,0,0,0,1,0
https://www.officeingarden.co.uk,32,0,0,2,1,68.75,0,0,0.1875,24,0.9,0.1613,1.0,2,0,0,0,0,0,1,0,0,1
https://www.pristineclassical.com,33,0,0,1,1,78.7879,0,0,0.1515,25,0.95,0.1562,1.0,3,0,1,1,1,1,1,0,1,1
https://www.vigyan.com,22,0,0,1,1,40.9091,0,0,0.2273,14,0.95,0.1905,1.0,3,0,0,0,0,1,1,0,0,1
https://www.comec.org.uk,24,0,0,2,1,58.3333,0,0,0.25,16,0.9,0.1739,1.0,2,0,0,0,39,0,1,0,0,1
https://www.racked.com,22,0,0,1,1,50.0,0,0,0.2273,14,0.95,0.1905,1.0,3,0,0,0,0,0,0,0,0,1
http://www.u89134p84288.web0129.zxcs-klant.nl,45,0,0,3,0,68.8889,0,0,0.1778,38,0.5,0.1136,1.0,2,0,0,0,0,0,0,0,0,0
https://www.northcarolinafc.com,31,0,0,1,1,77.4194,0,0,0.1613,23,0.95,0.1333,1.0,3,2,1,0,75,0,1,0,1,1
https://www.bonafideresearch.com,32,0,0,1,1,75.0,0,0,0.1562,24,0.95,0.129,1.0,3,1,1,0,222,0,1,0,1,1
https://www.samrizzetta.com,27,0,0,1,1,70.3704,0,0,0.1852,19,0.95,0.2308,1.0,3,0,0,0,1,0,1,0,0,1
https://www.bridal-garden.com,29,0,0,1,1,51.7241,0,0,0.2069,21,0.95,0.1429,1.0,3,1,0,1,2,0,1,0,1,1
https://webiama.com/,20,0,0,0,1,45.0,0,0,0.25,11,0.95,0.1053,1.0,3,0,0,0,0,0,0,0,0,0
http://www.motarasag.com,24,0,0,1,0,70.8333,0,0,0.2083,17,0.95,0.1739,1.0,3,0,0,0,0,0,0,0,0,0
https://www.pariopportunita.gov.it,34,0,0,2,1,79.4118,0,0,0.1765,26,0.5,0.1515,1.0,2,0,0,0,0,0,0,0,0,1
https://www.moov-u.pt,21,0,0,1,1,66.6667,0,0,0.2857,13,0.5,0.25,1.0,2,0,1,0,0,0,1,0,0,1
https://cf-ipfs.com/ipfs/qmrpskfuedubif6sinspw8cqtdgwc4tnvttskspcyr4qaz,71,0,0,0,1,80.2817,0,0,0.0986,11,0.95,0.0429,1.0,3,0,0,0,0,0,0,0,0,0
http://pakunek-allegro.e-kei.pl/,32,0,0,1,0,75.0,0,0,0.25,24,0.5,0.0968,1.0,2,0,0,0,0,0,0,0,0,0
https://www.ehbo.nl,19,0,0,1,1,57.8947,0,0,0.2632,11,0.5,0.2222,1.0,2,1,0,0,0,1,1,0,1,1
http://tinyurl.com/bperverificapagamento,40,0,0,0,0,75.0,0,0,0.125,11,0.95,0.0513,1.0,3,0,0,0,34,0,1,0,0,0
https://www.sla.org,19,0,0,1,1,57.8947,0,0,0.2632,11,0.9,0.2222,1.0,3,0,0,0,0,0,0,0,0,1
https://docs.google.com/presentation/d/e/2pacx-1vquk-z4ma_ftyiyjayerbyzvnq_d3wsqyaiyg6gzqe9rbgxo6pejbazqqncc1xztzxvjy8jgmwuj_rm/pub?start=false&loop=false&delayms=3000,167,0,0,1,1,95.2096,3,1,0.1257,15,0.95,0.0482,1.0,3,0,0,0,0,0,0,0,0,0
https://askldjfhkjasdklfhsdlajkfhsd.nayibukele.repl.co/,55,0,0,2,1,83.6364,0,0,0.1273,46,0.8,0.037,1.0,2,0,0,0,0,0,0,0,0,0
https://n6ht2.web.app/,22,0,0,1,1,59.0909,0,0,0.2727,13,0.5,0.1429,1.0,3,0,0,0,0,0,0,0,0,0
https://www.tunturisusi.com,27,0,0,1,1,70.3704,0,0,0.1852,19,0.95,0.1538,1.0,3,0,0,0,0,0,0,0,0,1
http://walletconnecthelpdesk.netlify.app,40,0,0,1,0,77.5,0,0,0.125,33,0.5,0.1282,1.0,3,0,0,0,0,0,0,0,0,0
https://www.lifetimepet.net,27,0,0,1,1,74.0741,0,0,0.1852,19,0.85,0.1538,1.0,3,0,0,1,0,0,1,0,1,1
https://maruthavasam.com/ja.php,31,0,0,0,1,77.4194,0,0,0.1935,16,0.95,0.0667,1.0,3,0,0,0,0,0,0,0,0,0
https://golfcast.jp/blog/archives/2017/11/mmmkaybbbe/signin.php,63,0,0,0,1,84.127,0,0,0.1746,11,0.5,0.1129,1.0,2,0,0,0,0,0,0,0,0,0
https://www.pomezi.com,22,0,0,1,1,68.1818,0,0,0.2273,14,0.95,0.1905,1.0,3,0,0,1,0,0,1,0,1,1
https://www.lynchburgvirginia.org,33,0,0,1,1,66.6667,0,0,0.1515,25,0.9,0.125,1.0,3,0,0,0,0,0,0,0,0,1
http://www.nesianlife.com,25,0,0,1,0,60.0,0,0,0.2,18,0.95,0.1667,1.0,3,0,0,0,0,0,0,0,0,0
https://www.deutschlandreise24.com,34,0,0,1,1,64.7059,0,0,0.1471,26,0.95,0.1212,1.0,3,0,0,0,0,0,0,0,0,1
https://www.internationalmagic.com,34,0,0,1,1,76.4706,0,0,0.1471,26,0.95,0.1212,1.0,3,0,0,1,0,0,1,0,1,1
http://posti-paketti-fi-co.com/,31,0,0,0,0,70.9677,0,0,0.2581,23,0.95,0.1,1.0,3,0,0,0,0,0,0,0,0,0
https://www.modernrailways.com,30,0,0,1,1,66.6667,0,0,0.1667,22,0.95,0.1379,1.0,3,0,0,0,0,0,0,0,0,1
http://www.office360-pub.16mb.com,33,0,0,2,0,72.7273,0,0,0.2121,26,0.95,0.1562,1.0,3,0,0,0,0,0,0,0,0,0
https://www.nicole-4-u.de,25,0,0,1,1,52.0,0,0,0.28,17,0.88,0.1667,1.0,2,0,0,0,0,0,0,0,0,1
https://www.itancan.com,23,0,0,1,1,69.5652,0,0,0.2174,15,0.95,0.1818,1.0,3,0,0,1,0,0,1,0,0,1
https://www.palass.org,22,0,0,1,1,72.7273,0,0,0.2273,14,0.9,0.2381,1.0,3,0,0,0,0,0,1,0,1,1
https://hmyjc.cn/login.php?corporate/contact/?link_id=cojp_footer_corporate,75,0,0,0,1,88.0,1,2,0.1867,8,0.5,0.0405,1.0,2,0,0,0,0,0,0,0,0,0
https://www.trochtasflowers.com,31,0,0,1,1,77.4194,0,0,0.1613,23,0.95,0.1333,1.0,3,2,0,1,30,0,1,0,1,1
http://www.zeroslim.zaptop.org,30,0,0,2,0,70.0,0,0,0.2,23,0.9,0.1379,1.0,3,0,0,0,0,0,0,0,0,0
https://www.decozilla.com,25,0,0,1,1,60.0,0,0,0.2,17,0.95,0.2083,1.0,3,0,0,0,0,0,0,0,0,1
https://www.polyjacking.com,27,0,0,1,1,55.5556,0,0,0.1852,19,0.95,0.1538,1.0,3,1,0,1,1,0,1,0,1,1
https://www.zonadeobras.com,27,0,0,1,1,59.2593,0,0,0.1852,19,0.95,0.1538,1.0,3,0,0,1,95,0,1,0,1,1
http://www.goldfinancenews.com,30,0,0,1,0,63.3333,0,0,0.1667,23,0.95,0.1379,1.0,3,0,0,0,0,0,0,0,0,0
https://verifiedownlpro.firebaseapp.com/,40,0,0,1,1,75.0,0,0,0.15,31,0.95,0.0769,1.0,3,0,0,0,0,0,0,0,0,0
https://www.forecastinternational.com,37,0,0,1,1,83.7838,0,0,0.1351,29,0.95,0.1111,1.0,3,1,0,0,6,0,1,0,1,1
https://steamcommuriity.ru/profiles/154828591482351111,54,0,0,0,1,81.4815,0,0,0.1111,18,0.5,0.1321,1.0,2,0,0,0,0,0,0,0,0,0
https://www.thecity.nyc,23,0,0,1,1,73.913,0,0,0.2174,15,0.5,0.1818,1.0,3,4,0,1,0,1,1,0,1,1
https://www-info-orico.kilnpay.com/,35,0,0,1,1,71.4286,0,0,0.2286,26,0.95,0.1176,1.0,3,0,0,0,0,0,0,0,0,0
https://www.gailchianese.com,28,0,0,1,1,75.0,0,0,0.1786,20,0.95,0.1481,1.0,3,0,0,1,0,1,1,0,1,1
https://vipersvape.com.pk/,26,0,0,1,1,65.3846,0,0,0.2308,17,0.5,0.08,1.0,2,0,0,0,0,0,0,0,0,0
http://sparkasse-itumzug.com/,29,0,0,0,0,58.6207,0,0,0.2069,21,0.95,0.1071,1.0,3,0,0,0,0,0,0,0,0,0
http://www.beautifulrus.com,27,0,0,1,0,48.1481,0,0,0.1852,20,0.95,0.1538,1.0,3,0,0,0,0,0,1,0,1,0
https://www.pintabianregistry.com,33,0,0,1,1,72.7273,0,0,0.1515,25,0.95,0.125,1.0,3,0,0,0,0,0,1,0,0,1
https://www.almaparket.nl,25,0,0,1,1,68.0,0,0,0.2,17,0.5,0.1667,1.0,2,2,0,0,96,0,0,0,1,1
https://www.gfw.report,22,0,0,1,1,68.1818,0,0,0.2273,14,0.5,0.1905,1.0,6,0,0,0,0,0,0,0,0,1
https://att-100756.weeblysite.com/,34,0,0,1,1,50.0,0,0,0.2059,25,0.95,0.1515,1.0,3,0,0,0,0,0,0,0,0,0
http://www.towardsun.net,24,0,0,1,0,58.3333,0,0,0.2083,17,0.85,0.1739,1.0,3,0,0,0,0,0,0,0,0,0
http://www.aouynopn.ml,22,0,0,1,0,68.1818,0,0,0.2273,15,0.5,0.1905,1.0,2,0,0,0,0,0,0,0,0,0
http://cb89805.tw1.ru/httpdocs/login/ologin.php,47,0,0,1,0,76.5957,0,0,0.1915,14,0.5,0.0652,1.0,2,0,0,0,0,0,0,0,0,0
https://cauliflower-vl39-pw3b.te59edi38680.workers.dev/,55,0,0,2,1,80.0,0,0,0.1636,46,0.5,0.037,1.0,3,0,0,0,0,0,0,0,0,0
https://www.hlrs.de,19,0,0,1,1,68.4211,0,0,0.2632,11,0.88,0.2222,1.0,2,0,0,0,4,0,1,0,1,1
https://www.theicedsugarcookie.com,34,0,0,1,1,73.5294,0,0,0.1471,26,0.95,0.1515,1.0,3,0,0,1,5,0,1,0,1,1
https://www.franksglass.com,27,0,0,1,1,55.5556,0,0,0.1852,19,0.95,0.1923,1.0,3,0,0,0,0,0,0,0,0,1
https://www.artificiallawyer.com,32,0,0,1,1,71.875,0,0,0.1562,24,0.95,0.1613,1.0,3,0,0,1,84,0,1,0,0,1
https://sbx1-a8.web.app/,24,0,0,1,1,66.6667,0,0,0.2917,15,0.5,0.1304,1.0,3,0,0,0,0,0,0,0,0,0
http://www.180clubrealestate.com,32,0,0,1,0,62.5,0,0,0.1562,25,0.95,0.129,1.0,3,1,0,0,0,1,1,0,1,0
https://www.bikeexif.com,24,0,0,1,1,54.1667,0,0,0.2083,16,0.95,0.2174,1.0,3,0,0,1,134,0,1,1,1,1
http://www.meuip.net.br,23,0,0,2,0,65.2174,0,0,0.2609,16,0.5,0.1818,1.0,2,0,0,0,0,0,0,0,0,0
https://www.igef.cuhk.edu.hk,28,0,0,3,1,71.4286,0,0,0.25,20,0.5,0.1481,1.0,2,0,0,0,0,0,0,0,0,1
https://ipfs.io/ipfs/qmdfkxaaoey5gunjwigzzjr2usbf54n32xrkqpe2uyxu7z,67,0,0,0,1,85.0746,0,0,0.0896,7,0.5,0.0606,1.0,2,0,0,0,0,0,0,0,0,0
https://www.opoloo.com,22,0,0,1,1,72.7273,0,0,0.2273,14,0.95,0.2381,1.0,3,0,0,0,0,0,0,0,0,1
https://www.thegrace.com,24,0,0,1,1,66.6667,0,0,0.2083,16,0.95,0.1739,1.0,3,1,2,1,1,1,1,0,1,1
https://www.jornalcruzeiro.com.br,33,0,0,2,1,57.5758,0,0,0.1818,25,0.5,0.125,1.0,2,0,0,0,28,0,1,0,1,1
https://wordpress-121115-0.cloudclusters.net/pr-cl/autil/auth.php?u=358886,74,0,0,1,1,86.4865,1,1,0.1892,36,0.85,0.0959,1.0,3,0,0,0,0,0,0,0,0,0
https://www.kiwiz.me,20,0,0,1,1,60.0,0,0,0.25,12,0.5,0.2105,1.0,2,1,0,0,1,0,1,0,1,1
https://www.mayonews.ie,23,0,0,1,1,60.8696,0,0,0.2174,15,0.5,0.1818,1.0,2,0,4,1,5,0,1,0,1,1
http://mail.deliverylifesupport.com/public/ttvje3s5b3l9a6qcqjnzuv74rbk4u0y9,75,0,0,1,0,85.3333,0,0,0.0933,28,0.95,0.0541,1.0,3,0,0,0,0,0,0,0,0,0
https://fb-business-appeal-796ad.web.app/,41,0,0,1,1,70.7317,0,0,0.2195,32,0.5,0.125,1.0,3,0,0,0,0,0,0,0,0,0
https://www.hilarispublisher.com,32,0,0,1,1,75.0,0,0,0.1562,24,0.95,0.129,1.0,3,0,0,0,0,0,0,0,0,1
https://outh-bitpanda.web.app/login,35,0,0,1,1,74.2857,0,0,0.2,21,0.5,0.0882,1.0,3,0,0,0,0,0,0,0,0,0
https://www.vector.co.jp,24,0,0,2,1,70.8333,0,0,0.25,16,0.5,0.1739,1.0,2,1,4,1,10,1,1,0,0,1
http://www.image.aunewsonline.com,33,0,0,2,0,75.7576,0,0,0.1818,26,0.95,0.125,1.0,3,0,0,0,0,0,0,0,0,0
https://www.circusscientist.com,31,0,0,1,1,70.9677,0,0,0.1613,23,0.95,0.1667,1.0,3,0,0,0,147,0,1,0,1,1
https://dsfcappagri.web.app/,28,0,0,1,1,60.7143,0,0,0.2143,19,0.5,0.1481,1.0,3,0,0,0,0,0,0,0,0,0
http://www.microsofte-update.com,32,0,0,1,0,68.75,0,0,0.1875,25,0.95,0.129,1.0,3,0,0,0,0,0,0,0,0,0
https://www.stanncreek.com,26,0,0,1,1,69.2308,0,0,0.1923,18,0.95,0.24,1.0,3,0,0,0,0,0,0,0,0,1
https://www.boulia.qld.gov.au,29,0,0,3,1,65.5172,0,0,0.2414,21,0.88,0.1429,1.0,2,0,0,0,0,0,0,0,0,1
http://ade0ca32ff1.cavadias.gr/?6752651f1&id=ade0ca32ff1,56,0,0,1,0,80.3571,1,1,0.1607,23,0.5,0.0727,1.0,2,0,0,0,0,0,0,0,0,0
https://s3.amazonaws.com/appforest_uf/f1679655264683x681638328473694800/webmailfe.html,86,0,0,1,1,88.3721,0,0,0.1163,16,0.95,0.0588,1.0,3,0,0,0,0,0,0,0,0,0
https://sb-ks-15j.firebaseapp.com/,34,0,0,1,1,64.7059,0,0,0.2353,25,0.95,0.0909,1.0,3,0,0,0,0,0,0,0,0,0
http://www.definebilimi.com,27,0,0,1,0,62.963,0,0,0.1852,20,0.95,0.1538,1.0,3,0,0,0,0,0,0,0,0,0
https://ipfs.litnet.work/ipfs/bafybeie6svawja2gyrcrfm2lbc4po464yrhkrmchjiutmelrqjinj2qx7a,89,0,0,1,1,93.2584,0,0,0.0787,16,0.5,0.0227,1.0,4,0,0,0,0,0,0,0,0,0
https://gazelle-3pqd-6qm4.9m-816844780.workers.dev/,51,0,0,2,1,72.549,0,0,0.1961,42,0.5,0.08,1.0,3,0,0,0,0,0,0,0,0,0
https://www.thediamondroom.com,30,0,0,1,1,70.0,0,0,0.1667,22,0.95,0.1724,1.0,3,1,0,1,9,0,1,0,1,1
http://www.lr.waxqx.com,23,0,0,2,0,56.5217,0,0,0.2609,16,0.95,0.1818,1.0,3,0,0,0,0,0,0,0,0,0
https://www.instamojo.com,25,0,0,1,1,68.0,0,0,0.2,17,0.95,0.1667,1.0,3,0,1,1,2,0,1,1,1,1
https://www.malaysia.travel,27,0,0,1,1,66.6667,0,0,0.1852,19,0.5,0.1538,1.0,6,2,0,1,111,0,1,0,1,1
https://www.demotivateur.fr,27,0,0,1,1,55.5556,0,0,0.1852,19,0.5,0.1538,1.0,2,0,0,0,2,0,1,0,1,1
http://www.tongke.co,20,0,0,1,0,60.0,0,0,0.25,13,0.8,0.2105,1.0,2,0,0,0,0,0,0,0,0,0
https://supportid100827384761.web.app/,38,0,0,1,1,60.5263,0,0,0.1579,29,0.5,0.1351,1.0,3,0,0,0,0,0,0,0,0,0
http://alliancevaletservices.com/telek/,39,0,0,0,0,76.9231,0,0,0.1538,25,0.95,0.0789,1.0,3,0,0,0,0,0,0,0,0,0
https://www.newscaletech.com,28,0,0,1,1,75.0,0,0,0.1786,20,0.95,0.1481,1.0,3,1,0,0,0,1,1,0,1,1
https://www.masella.com,23,0,0,1,1,73.913,0,0,0.2174,15,0.95,0.2273,1.0,3,1,0,0,14,0,1,1,1,1
https://www.helpwantedprevention.org,36,0,0,1,1,77.7778,0,0,0.1389,28,0.9,0.1143,1.0,3,1,0,0,0,0,1,0,0,1
http://www.cuddmail.com,23,0,0,1,0,65.2174,0,0,0.2174,16,0.95,0.2273,1.0,3,0,0,0,0,0,0,0,0,0
https://uni.gcosoftware.vn/wp-admin/ch/tracking/j0pl1n/details.php?id=80344743,78,0,0,1,1,83.3333,1,1,0.1795,18,0.5,0.039,1.0,2,0,0,0,0,0,0,0,0,0
https://illustraarrtt.com/,26,0,0,0,1,65.3846,0,0,0.1923,17,0.95,0.24,1.0,3,0,0,0,0,0,0,0,0,0
https://www.bycarianne.com,26,0,0,1,1,57.6923,0,0,0.1923,18,0.95,0.2,1.0,3,0,0,1,35,0,1,0,1,1
https://prueba--gamesalpha1.repl.co/,36,0,0,1,1,77.7778,0,0,0.2222,27,0.8,0.0857,1.0,2,0,0,0,0,0,0,0,0,0
https://www.aspire.com,22,0,0,1,1,59.0909,0,0,0.2273,14,0.95,0.1905,1.0,3,1,1,0,63,0,1,0,0,1
https://454e4c09-25c9-42d3-a4f5-f4d6b0816cc4.id.repl.co/,56,0,0,2,1,78.5714,0,0,0.1964,47,0.8,0.0545,1.0,2,0,0,0,0,0,0,0,0,0
https://renviamsox-ug3kdw45aa-uc.a.run.app/,43,0,0,2,1,62.7907,0,0,0.2093,34,0.5,0.0952,1.0,3,0,0,0,0,0,0,0,0,0
https://www.annegreendesign.com,31,0,0,1,1,67.7419,0,0,0.1613,23,0.95,0.2,1.0,3,0,0,1,9,0,1,0,0,1
https://www.managerstats.co.uk,30,0,0,2,1,60.0,0,0,0.2,22,0.9,0.1379,1.0,2,0,2,0,30,0,0,0,0,1
https://www.thedrinksbusiness.com,33,0,0,1,1,69.697,0,0,0.1515,25,0.95,0.1562,1.0,3,0,0,1,163,0,1,0,1,1
https://www.suku.world,22,0,0,1,1,63.6364,0,0,0.2273,14,0.5,0.1905,1.0,5,1,0,0,5,1,1,0,1,1
https://www.isaps.org,21,0,0,1,1,66.6667,0,0,0.2381,13,0.9,0.2,1.0,3,2,0,1,3,0,1,1,1,1
http://www.shhaparkii.ga,24,0,0,1,0,79.1667,0,0,0.2083,17,0.5,0.2609,1.0,2,0,0,0,0,0,0,0,0,0
http://www.mayorgabutler.com,28,0,0,1,0,64.2857,0,0,0.1786,21,0.95,0.1481,1.0,3,0,0,0,0,0,0,0,0,0
http://www.hasbetsx.tumblr.com,30,0,0,2,0,66.6667,0,0,0.2,23,0.95,0.1379,1.0,3,0,0,0,0,0,0,0,0,0
http://www.zerotwo-best-waifu.online,36,0,0,1,0,69.4444,0,0,0.1944,29,0.35,0.1143,1.0,6,0,0,0,0,0,0,0,0,0
http://sparkly-ludicrous-marsupial.glitch.me/coinbzm.html,57,0,0,1,0,84.2105,0,0,0.1579,37,0.5,0.0357,1.0,2,0,0,0,0,0,0,0,0,0
https://wandering-mud-8e3c.tpbkwpcgq.workers.dev/,49,0,0,2,1,75.5102,0,0,0.1837,40,0.5,0.0417,1.0,3,0,0,0,0,0,0,0,0,0
https://www.harpercollinschristian.com,38,0,0,1,1,92.1053,0,0,0.1316,30,0.95,0.1351,1.0,3,0,0,0,275,0,1,0,1,1
https://www.ontariouniversitiesinfo.ca,38,0,0,1,1,81.5789,0,0,0.1316,30,0.88,0.1081,1.0,2,1,0,1,0,1,1,0,0,1
https://www.theateraandeparade.nl,33,0,0,1,1,90.9091,0,0,0.1515,25,0.5,0.1562,1.0,2,1,0,0,9,0,1,0,1,1
https://www.btnomenclature.info,31,0,0,1,1,58.0645,0,0,0.1613,23,0.55,0.1333,1.0,4,0,0,0,24,0,1,0,0,1
https://s3.amazonaws.com/appforest_uf/f1678058360863x744858006165507500/linkedin.html,85,0,0,1,1,88.2353,0,0,0.1176,16,0.95,0.0833,1.0,3,0,0,0,0,0,0,0,0,0
https://www.russian-records.com,31,0,0,1,1,64.5161,0,0,0.1935,23,0.95,0.1667,1.0,3,0,0,0,0,0,1,0,0,1
https://www.cinderite.com,25,0,0,1,1,64.0,0,0,0.2,17,0.95,0.1667,1.0,3,0,0,1,10,0,1,0,1,1
https://facebook-business-appeal-5e419.firebaseapp.com/,55,0,0,1,1,78.1818,0,0,0.1636,46,0.95,0.1111,1.0,3,0,0,0,0,0,0,0,0,0

