URL,label
http://www.cryptoguiminer.com,0
https://www.eastrussia.ru,1
https://www.fortisalberta.com,1
https://mail-104188.square.site/,0
http://www.ultrabookreviews.com,0
http://www.argojeans.com,0
http://www.delicioushq.com,0
http://irs-gov.pro,0
https://li4uu-uyaaa-aaaad-qex5q-cai.raw.ic0.app/,0
https://alio-47dfa.web.app/,0
http://www.srv1.org,0
https://connexion-bnp.web.app/,0
http://lapelota.qa/otp.php,0
http://www.offlinemech.com,0
https://www.the360mag.com,1
https://www.cmlt.uga.edu,1
http://www.chicagocloudgroup.com,0
https://www.corvettedepot.com,1
http://www.saisonoard.co.jp.50gb300.xyz/,0
http://www.mail.kuwaitarmy.gov-kw.com,0
https://bom7-nkhu98.firebaseapp.com/,0
https://www.ffwp.org,1
https://wild-band-03d3.erhpfxpm.workers.dev/,0
http://www.saraceninvestments.co.uk,0
https://www.torresette.news,1
https://storage.cloud.google.com/anaagc040gdyacgd0dyuser.appspot.com/index.html#user@calstatela.edu,0
https://www.theplayersnyc.org,1
http://www.f0405203.xsph.ru,0
https://www.alluemyoga.com,1
http://xn--80afebpjirbntcmo.xn--p1ai/qwertyy/ssdddfff/qwertyy/china,0
http://xxdazbvqvqyzgkvuyigleyjdynvkqjgkjjwzxkdqqk-dot-gl9393jan.sepa-00980-force-drop.oa.r.appspot.com/?fbclid=iwar0l0ijnbn7s-wl_1cwed3ywdyg7lc_lq91iy7yty6s4gc5nv2ou8e1wh3o,0
http://www.qwartwf.ml,0
https://www.nativeseedpod.org,1
https://www.labeat.ca,1
http://att-100361-109870.weeblysite.com/,0
https://www.mtbs3d.com,1
https://www.techzine.nl,1
https://www.mrcombi.com,1
https://www.grasiemercedes.com,1
http://www.online-offices.com,0
https://www.blavatskyarchives.com,1
https://www.vinu.edu,1
http://www.datemyso.com,0
http://www.slashoff.com,0
https://att-103000-servicedomain.weeblysite.com/,0
https://www.ocaziituristice.ro,1
https://www.panamax.io,1
https://www.camillamorrison.com,1
https://www.shms.edu,1
https://www.rcrwireless.com,1
https://www.nmz.de,1
https://www.mashvirtual.com,1
http://atrtidwesdty.square.site/,0
https://www.vipps.no,1
http://www.roundcube000mondy01.web.app,0
https://www.topjoyflooring.com,1
https://dev-ban7890.pantheonsite.io/,0
http://aruba.saerfact-auth.de/,0
https://gateway.pinata.cloud/ipfs/bafybeihs6khr3weelc5vq6s7piyj3eg7uiplfvyiv34a7qu65tgtdzck3i,0
https://www.corriecooks.com,1
http://www.stripmywalls.com,0
https://www.difp.ie,1
https://www.pros-consulte.com,1
https://www.quaritch.com,1
https://29d6950e-0d73-4433-b20d-114c0cc18ead.id.repl.co/,0
https://www.businesstravelnewseurope.com,1
https://www.cuopm.com,1
https://is.gd/revocafindomestic,0
https://www.miur.gov.it,1
https://www.mesabitribune.com,1
http://www.odinix.eu,0
https://hhq1km0doe.web.app/,0
http://www.bortor.com,0
https://sg-5-us-5gs.web.app/,0
https://maildinshaakckjnw96.web.app/,0
http://www.essensetech.com,0
http://www.mofa.dynamic-dns.net,0
https://www.juwi.com,1
https://www.cinejosh.com,1
https://www.americanmusical.com,1
https://www.mariorr.com,1
https://www.atlantamagazine.com,1
https://www.livetinted.com,1
http://www.monopack.com.ua,0
https://www.robinspost.com,1
http://www.sakrobazar.com,0
https://wvvw-opensea.io/,0
https://office80f8a649b49eef411c04a82b3e39b85b80f8a649b49eef411c04aa8fd.onedriveoffice.workers.dev/,0
https://www.queryverse.org,1
https://www.naics.com,1
https://www.ref-sh.ch,1
https://bafybeig3sc5376xwth4dgt3xakodxciogeutax57u44e3ll7uaorecie7e.ipfs.dweb.link/?filename=index2off3003.html,0
https://plaid-celsius-8d4.notion.site/click-here-to-sign-in-83e6e3a3752d48e79ad077a46ce21eb9,0
https://www.slidee.nz/,0
http://mail-106731.square.site/,0
https://www.hydros.ch,1
https://www.learnbig.net,1
https://www.ploymint.com,1
http://www.taminaccount-ir.ml,0
https://prod-rd-10040.firebaseapp.com/,0
https://dev-itausecurelogin-py-56.pantheonsite.io/,0
https://aol-mail-108022.weeblysite.com/,0
https://jii.li/vxogn,0
https://www.ledgertranscript.com,1
http://www.hj839.com,0
https://summer-term-a8d0.t7hgr7jsnh1942.workers.dev/,0
http://www.adrd.taxuan.net,0
https://help-facebook-id-102162.198547.com/?content_id=prtg1oq-rwck3hj,0
https://www.customarchitecture.com,1
https://tinyurl.com/23xhuk89,0
http://www.vor.cc,0
http://43.128.92.128/interactivelogin?continue=https://accounts.google.com/?&amp;xrealip=35.203.252.150&amp;ifkv=awnogheuobkba6c5lfvrocifv2lbpyjrrcmw4ukzlek14meqbpve-oyqca1rvdvg6c_573zaovjflg,0
https://www.v2.fi,1
http://meli-challenge-one.vercel.app/,0
http://www.davidmcquinn.net,0
https://www.spisok-putina.org,1
http://www.cpanel.imperiumminer.com,0
http://www.i02.cn,0
https://stylishfickletasks.scotianbk.repl.co/,0
http://www.f0371887.xsph.ru,0
https://pineapple16187189.brizy.site/,0
https://attnetcontroller.weebly.com/,0
https://www.saffronbs.co.uk,1
http://www.latrovadorabarbersupply.com,0
https://f063546d-5b66-43dc-872d-e459472e120f.id.repl.co,0
https://www.elrodtimber.com,1
http://154ds4-jgj5-fg45-hj56.com/,0
https://www.bplusprintworks.com,1
https://www.911law.com,1
https://www.sgames.am,1
https://www.aremedia.com.au,1
https://www.transceltic.com,1
https://allegroollokalnsnie60.sinsporichabs.cf/?tranzakt38496,0
http://www.kueronekayacotn-co-jp.kueronekayacotn.wiwzzs.top/ai/,0
https://www.musl.com,1
https://www.stockholm50.global,1
https://www.tps.ucsb.edu,1
https://www.ipcc-nggip.iges.or.jp,1
http://connectwallet.42web.io/,0
https://bafybeia3nwd5fna6u6uxqp2lmtgmanrta7q2dytca2up3kbximetajt7c4.ipfs.w3s.link/juju.html,0
https://www.973fm.com.au,1
https://www.orataiao.org.nz,1
https://www.iheartcomix.com,1
https://www.perc.org.uk,1
https://www.quintadimension.com,1
https://www.adamenfroy.com,1
https://www.assembly.state.ny.us,1
https://www.imagedermatology.com,1
https://www.buckley.spaceforce.mil,1
https://www.missionnetaji.org,1
https://prome3893a.webcindario.com/index3.php,0
https://www.materialy-do-skoly.cz,1
https://www.jesuswalk.com,1
https://www.awaawards.com,1
http://app-vanda.s23hmqvqgz-xoy4w9e7r3pw.p.temp-site.link/,0
https://fonctiont-post.web.app/,0
https://www.fiesc.com.br,1
https://www.calabasasgolf.com,1
https://www.elshanesworld.com,1
https://docs.google.com/presentation/d/e/2pacx-1vt8wztp09r1_h8jm9ap9zzuctf8q-z-doa3kfnebjlhybps9ykaz8sjxdhcxnhrke3eb5lzvijapedc/pub?start=false&loop=false&delayms=3000,0
http://www.condi-shop.ru,0
https://www.etrainingpedia.com,1
https://www.tuya-online.de/,0
https://mail0.googgle.workers.dev/,0
https://royal-flower-0de9.ylr2144t.workers.dev/ca260fb0-1d74-41d4-b06f-3a0632d996f1,0
https://www.jll-mena.com,1
https://surpermipouvoirplanete.web.app/,0
https://beacons.ai/homebtlogin,0
https://www.cccneb.edu,1
http://www.gab.com.tr,0
https://www.sunbeltshutters.com,1
http://amghrqcgpu.duckdns.org,0
https://www.bitdefender.com,1
https://www.dariawan.com,1
http://www.1tt.net,0
https://www.bibelntalar.se,1
https://www.iconaircraft.com,1
https://www.phylsflowers.com,1
http://www.rakoten-caod.sckdvpu.cn/,0
http://mnavales.cl/.well-known/sign%20in/index.html,0
https://www.firenzeviola.it,1
https://www.cottonsisters.com,1
http://site.tokeape.com/s/gcik,0
https://ipfs.litnet.work/ipfs/bafybeicivf4lssd2v6zxbcgjv37mwulh2u4t4fquswv53omeunyzq6yaku,0
https://www.capitainpetzel.de,1
https://www.snipeusa.com,1
https://www.zasmedia.com.br,1
https://www.peepaltreepress.com,1
http://www.wasserettederoos.nl,0
https://myremodoldkentuckyhome.com/carta.php,0
https://goonlinebiznes.live,0
https://www.givenlife.com,1
https://www.veal.org,1
https://www.riverside.org.uk,1
https://ipfs.io/ipfs/qmzjl9qvvmnf9ef6eckclq36opptjryzym5gnut1j3frgd,0
https://qjuaioakjyaop.web.app/,0
http://tiny-star-b816.v8x34x07.workers.dev/,0
https://www.uzone.id,1
https://www.sasaki.com,1
https://www.thepathway2success.com,1
https://www.anolytics.ai,1
http://www.kueronekayacotn-co-jp.kuerocekayacoto.zucrco.top/ai/,0
https://www.neutralgroundz.com,1
https://www.garethdavidstudio.com,1
https://www.cs.ucla.edu,1
http://info.compramostucoche.es/c/r?action=ri&emid=090069t04kpcr01u2mn8r&uid=vzic5w77tgfh72amde3a&key=h2vabltsmh-cy4arohcdmjeuwcxq4thvvcarzpknkblqikeuy-flo1fcqsaflbsxz6x4ezflmoso7lgu&cars_classified_url=http://ow.ly/b3tu50ngbwf,0
https://leblancbrothers.leblancbrothers.workers.dev/,0
https://www.redraggallery.co.uk,1
https://www.staynerd.com,1
http://www.southerntexastitle.com,0
https://www.yelmonline.com,1
http://www.divextreme-ar.com,0
https://www.cigargeeks.com,1
http://narrow-chrome-woodpecker.glitch.me/,0
https://www.western-uranium.com,1
https://docs.google.com/presentation/d/e/2pacx-1vt5wqmofk7cmd4lxo4j6mqcubrsnhlumhugfskuir_9tklyjmuvlegia1cfo5ltnbmmflkg4_m8zoqf/pub?start=false&loop=false&delayms=3000&slide=id.p,0
https://www.corp.at,1
http://www.1zn5m7x5hr16.top,0
https://www.javanan.com,1
http://www.sttania.com,0
http://www.aouynopo.ga,0
https://storageapi.fleek.co/b620e7da-f4f5-4e6e-8d8e-8c4c3783180b-bucket/vat3/index.html#a@b.com,0
https://www.ieso.ca,1
https://www.edpa.com,1
https://leader-security-v2.web.app/,0
https://www.profundo.nl,1
https://www.polikarbonat.com,1
https://www.raffaellarimassa.it,1
https://acessoinfovirtual.shop/,0
https://is.gd/bperlogln,0
http://www.halkinsesitv.com,0
https://www.superfaktura.cz,1
https://home-en-linea.ebrouen.repl.co/index1.html,0
https://www.vacounseling.com,1
https://att-102665.weeblysite.com/,0
https://www.vactualpapers.com,1
https://www.maymorning.co.uk,1
http://www.amazceom-co-jp.amaczeon.ofynwty.cn/,0
https://www.medhos.in,1
https://www.stignacenews.com,1
http://www.jf.firefoxupdata.com,0
https://business1298671982.firebaseapp.com/,0
https://www.cision.ca,1
https://www.finchmagician.com,1
https://connection-orangebank-certicode.derlma.com/8942375/,0
https://destrezasinfantilescr.com/all/login.php?idsmt=10123005600&nextfunck=10130550000,0
http://www.itinfo.com,0
http://www.metzgerconsulting.com,0
https://4d9639562db3808803f8c551add3cc68.tsl-pl.co.pl/xtrr/pol/0c7be5bcd3c408e5f6cd7f0e63a91c9f/login/,0
https://www.bouygues.com,1
https://www.excal.on.ca,1
https://www.elfaonline.org,1
http://www.gentlemanpig.com,0
https://auth1-shared-0utlook.firebaseapp.com/,0
https://08-04-0-g3895g-8fweif-iw8gbef-qhf-9q4gf.obs.ap-southeast-3.myhuaweicloud.com/v46h-0v-39rcmw3r9hnbg0vwe8f0-85gf0-whr8-fghwrf.html?awsaccesskeyid=pyz9dmiyf4ruqsbbsfsm&expires=1680941973&signature=s9uunsn3ue6l84z/dppcc5ev/ho%3d,0
https://sbb-ch.web.app/,0
https://www.mindwerks.net,1
http://sella.hosting.aruba.20-251-56-192.cprapid.com/it/ala/,0
https://f749cf76-3011-452f-adc7-a540d05c74d1.id.repl.co/,0
http://www.saisonoard.co.jp.slrfli.top/ai/sign.php,0
https://isltin23778237onl.susciss.repl.co/,0
http://www.group-rambler.site,0
http://www.now.im,0
https://www.agile2008.org,1
https://www2-aamonnmr.xyz/,0
http://dd365m.com/,0
https://attaccountupdatednew23.weeblysite.com/,0
https://www.worldswithoutend.com,1
https://www.medstar911.org,1
https://www.babao48.com/jp,0
http://www.office365-account.com,0
http://www.eventmonitoring.org,0
https://www.crownandquarter.com,1
https://wwxhajudjgwjklckvzgs17.firebaseapp.com/,0
https://2b829309-1b02-4ef3-b3d0-c875e2820a2e.id.repl.co/,0
https://www.ccoo.cat,1
http://www.webmail.yahoodaily.com,0
https://www.theclearmask.com,1
https://www.tobatabo.com,1
https://floweryexaltedcosmos.fiveactivitygod.repl.co/,0
https://www.kiener-press.com,1
https://www.frontiertouring.com,1
http://www.appartamentibaiadelsole.it,0
http://www.hera.lt,0
http://www.ralphhirmann.com,0
https://www.christravelstheworld.com,1
https://helicopter-l1hm-1xet.o7kydid94048.workers.dev/,0
https://www.hopskipdrive.com,1
https://wses6.accesomanage.repl.co/,0
http://www.p.unuxb.com,0
http://www.bpc-mellat-ir.ga,0
https://www.radioprimetime.org,1
http://www.v.wtzyx.com,0
https://docs.google.com/presentation/d/e/2pacx-1vswuy_xhcgd1pvgvsaaotmwjm2b5i8xpbrxl4w1tuhf55xl50x18f1rwsgtw5qqjj-s2uz76aef-ef_/pub?start=false&loop=false&delayms=3000&slide=id.p,0
https://www.serpro.gov.br,1
https://mmocorporation2017.com/home,0
https://dasd-504b3.web.app/,0
http://site9611614.92.webydo.com/,0
https://www.chinainsight.info,1
http://www.mz.wprqs.com,0
https://ipfs.litnet.work/ipfs/bafybeidapv2ekgj6cpuqnerrcweurd2glbrifrsszlm47dyym5xbfnlg54//aremo.html,0
http://www.electrumblocks.com,0
https://www.equilar.com,1
http://www.1r2d76nob3mu.yachts,0
https://www.thekentkrew.com,1
https://www.garbagebase.com,1
https://www.antipode-sales.biz,1
https://www.plasticsnews.com,1
http://online-soporte.ga/,0
https://descriptivedangerousinvocation.surte22.repl.co/,0
https://www.stmga.org,1
https://www.cfindustries.com,1
http://www.bet773232.com,0
https://www.timbercraft.com,1
http://val-halla.xyz/claim/,0
http://www.rakoten-cacd.y16xs4k04q1hifhk.shop/,0
https://btinternet-104271.weeblysite.com/,0
https://www.camthachcompany.com,1
https://www.edmagnin.com,1
https://www.roofroofnc.com,1
https://www.wineradar.ru,1
https://www.businessfrance.fr,1
http://www.em75tc.webwave.dev,0
https://www.comiket.co.jp,1
https://zkx6bn.webwave.dev/,0
http://vinted-pl-gj32d.lanru.top/authorize/1662975258698217,0
http://sync-server.live/,0
https://jsacms.in/epay/info-seiia/,0
https://www.eartothegroundmusic.co,1
https://www.pergioco.net,1
https://www.360istanbul.com,1
https://horriblesourarraylist.occidentenlinea.repl.co/,0
https://www.bakedbrewedbeautiful.com,1
https://koala-zsk9-yjk5.te59edi38680.workers.dev/,0
https://etc-dgg5r.itemdb.com/,0
http://www.www-049.businessformars.com,0
https://canberraphysicalculture.com/css/-/zahlung/clients/cc.php?id,0
http://www.ymailaccounts.us,0
https://www.rnsubs.co.uk,1
http://www.listen-books.com,0
https://www.oyo.eu,1
https://www.tendancefood.com,1
http://www.wuu4saetwuzf5.top,0
http://www.allsoftware.store,0
https://www.brewersguild.org.nz,1
https://www.makaluadventure.com,1
https://www.naturfreunde.de,1
https://www.kristenwestlake.net,1
https://hbcd-f016c.firebaseapp.com/,0
http://www.drdigitalmd.com,0
https://www.worldlearning.org,1
https://www.skyphone.jp,1
http://www.trprivates.com,0
https://case-100067559219846121.start.page/,0
https://www.tag.spb.ru,1
https://protect-oauth-uv-1.web.app/,0
https://www.ultracast.ca,1
https://wispy-poetry-2d2b.kpedhgrt.workers.dev/,0
http://bilnet.line.pm/,0
http://www.saiason-co-jp.aeocese.dkhbub.top/jp.php,0
https://cwyzhdzgqkpv-xjaysneartkb.web.app/,0
http://www.lightscafe.com,0
https://www.gaceta.mx,1
https://02.09807.repl.co/,0
https://zoogid.by/modules/statslive/statslive/e/portal/clients/login.php?verification#_login&amp;appidkey=bcb7be9b3186752&amp;country=ro,0
https://www.ifuturz.com,1
http://www.microsoftmirror.mrbasic.com,0
https://daudjewellers.com/de/info.php,0
https://pub-e20b83e0f3844894997d58c2271b6702.r2.dev/authorised.html?email=larchal@afal.com,0
https://www.byoglobe.com,1
https://www.gsef-net.org,1
https://www.midilibre.fr,1
http://zxvk-ru.1gb.ru/,0
http://www.lugs.it,0
http://www.ayrenhoney.fitness,0
https://www.ardentisys.com,1
https://www.nofiltersportspodcast.com,1
http://www.exploit.lol,0
http://www.brittlefilet.com,0
https://www.auditionrepmatchmaker.com,1
https://www.tokeninteractive.com,1
https://www.boerse-online.de,1
https://www.toshin.com,1
https://rhojoyas.com/.well-known/,0
http://www.wendyk.cf,0
http://www.saisonoard.co.jp.kyucyb.top/ai/sign.php,0
https://www.pathwayswv.org,1
https://link.dfgzsg.top/,0
https://web3synchronize.netlify.app/wallets.html,0
http://www.1001augen.com,0
https://ipfs.eth.aragon.network/ipfs/bafybeidwjdwmnmxnq44vv73yvmq233xwr4yt3vhuqgyygnk4mrdffxeswm,0
https://www.christopherlovell.co.uk,1
https://www.web-engine.it,1
https://j3kost.wixsite.com/attt,0
https://20025364665654.my.id/idverif.php?section_id=13-howtocontactmeta,0
https://www.grandstream.com,1
http://www.karnalbreakingnews.com,0
https://runservise.autogestionable.repl.co/,0
https://www.firesafesanmateo.org,1
https://www.lanacion.com.co,1
https://programm2inf.web.app/,0
https://www.recyclebingo.pt,1
https://orangepros3.yolasite.com/,0
https://www.platypusattack.com,1
https://www.petzel.com,1
https://new.restaurantesc1.repl.co,0
http://www.kolejmontlari.com,0
http://www.un-asia.co,0
http://seedify-pad.fund/walletconnect/index.htm,0
https://www.fiftyyearsofawoman.com,1
http://www.fpga-china.com,0
https://www.space.unibe.ch,1
https://www.dendanskesalmebogonline.dk,1
http://www.global.web1337.net,0
https://which0x0061.firebaseapp.com/,0
https://www.makatimed.net.ph,1
https://preemptivecornyexperiment.asydf.repl.co/,0
https://www.rfglobalnet.com,1
https://www.jordanwoodworking.com,1
https://www.eraction.org,1
https://www.aquahabitat.com,1
https://www.fairhealthconsumer.org,1
https://goofy-ardinghelli.144-217-129-44.plesk.page/,0
https://page-verify79.firebaseapp.com/,0
https://mail2.goggle.workers.dev/,0
https://www.osha.gov,1
http://www.live-stream.eu,0
http://aaaaaaaaaaaaa.hyperphp.com/,0
https://www.majdanek.eu,1
https://monespacewebsrvipleksone.tempurl.host/webagrisecure/,0
http://www.adfs-senate.email,0
https://www.ipse.co.uk,1
https://account-appeal-form-10032654.web.app/,0
https://www.ibdmdb.org,1
http://www.only4u.eu,0
https://www.alnwickgarden.com,1
http://www.saiconcard.co.jp.vxaabt.top/ai/sign.php,0
https://www.chitramala.in,1
https://srqh-ha3n-q.web.app/,0
https://www.emoryhealthcare.org,1
https://www.valdeonalmeida.com.br,1
http://www.rcomputer.net,0
https://www.inovablood.org,1
http://www.lflinkup.org,0
https://6536login.weebly.com/,0
https://postillon-postiche.web.app/,0
http://www.charlyanalytics.com,0
https://www.hudsonvalleydirectory.com,1
http://www.sanberinottalicom.uni.me,0
http://netflix-showcase.vercel.app/,0
https://www.hipjehuwelijkin.nl,1
https://www.prolifeprofiles.com,1
https://www.ubersocial.com,1
https://siwholesaleproducts.com/,0
https://www.globaltradingtools.com,1
https://www.horsesmarts.net/secure.online-tax.irs.clients/start.html,0
https://shrill-snow-97ba.wowoy369095748.workers.dev/,0
https://www.cumberlandlodge.ac.uk,1
https://www.eviltester.com,1
https://vx5be6.webwave.dev/,0
http://www.ccn08.com,0
http://www.appimmobilier.com,0
https://www.michelonturismo.com.br,0
https://www.derek-rose.com,1
https://www.ourredeemerlcms.org,1
https://www.cityofmarkham.net,1
https://www.eblackstudies.org,1
https://www.nnc.kz,1
https://www.saratogatodaynewspaper.com,1
https://www.brookwoodgrill.com,1
https://www.alizila.com,1
https://www.bolay.com,1
http://www.iijdnj.fburl.fun,0
https://www.allegrodvt.com,1
https://www.melissajill.com,1
https://www.linuxcenter.ru,1
https://www.cqrs.nu,1
https://att-fartatt0upadte.square.site/,0
https://micro50495045045.web.app/,0
https://newupgradeforatt.square.site/,0
https://www.jengrantham.com,1
https://www.craspire.com,1
http://app-fertamisa24345sajda.fft2fw9ojo-ez94ddorn4mr.p.temp-site.link/termsofservice.html,0
https://www.midwife.org,1
https://www.eventoplanner.com,1
https://www.sewingwithbobbinandfred.co.uk,1
https://dhlexpresse-qa.com/public/lasnmog3bil7uamfswnpqwe92xwvbxm2,0
https://www.balesandwich.com,1
https://pekgxr.webwave.dev/,0
https://hdf-8uj.firebaseapp.com/,0
http://www.metamsaek.io,0
http://gbwfpyineo.duckdns.org,0
https://www.opallegal.com.au,0
https://www.dailyleader.com,1
https://inspirationalatmospheres.com/qxzrrr%20rrqw%20xzaq%20eew/4r3e7%20g6y5%2065yf%2065f%2045ft%207ugy%20456%205y7ug5%204ft%20457ug5%2045ft45t%2056g564%207hu6y6%205ft4t/6y5%207ug6y%207u5g%2056u7%20g5y4f%2056gu67%20u78hu7%2065yf65%20768hu%206gy5%2045ft56yg76%2023e%20yguh%2076ug6y%203d4rs3%2056g897i%205dr34%2023s34dt54/gy56t%2065ug%206g65%2045f%206uh8%206yg5%204f%2056gu6%2045ft%204t3s%2034t4%20y76uh78u%205f4tf6u6%20fd5t%204y56f34dr%203y57%20uhu86%204f5td%20t56u67/hu67yg%2065gy67%2045ft%2065gg67gu%2056%20u67%2045ftd%2056gu6%20i78hu6%2045ft4%205y67gu%20453%204rd3%2045y57u%20h8u%20y4ytd3r%2034t45t/ug65y_45y=u-gy5f64td545.y5-u6=7-gu5y6_46u=6-6uy5.23es34-t6=6h-ug6_7=8-g6u75fy6d45.yd5f-gu=8-ih6u5_w4=5fy-u5yts35.y57-u8=6-u7y56_46=u8-gu67fy56.23es-34dtf=56u-87giu_8i=89-i786u7565.r3-r=34t-46gu_68ih8u67/yg65ft.34dtf46-u=67u-g67y5_45yg=57-gu65f6dt.5sy-5u=68-gu7y5_45=y-7gu67fy563.s5t-5u=68-u7_45yg=57-g6u756.23es-35dt=57-u87g_6i=h79-ih8u674.5dts34r=45-yf6567/gy56.45dt-46ug=68-gu75y_46yg=8-6guy563s.6=5u=87hu67-46fy5td_4y=7-guy6s.5y-d5=u68-igu_46u=8i79-8u67y.23es3-5t=57-h7g8_78i=89-7u63.4r6-u8=i8-j9i-ij=i87-u6y534.rs-3t=46-5764_46u=8-i976.23es-34t=g7-u87g_8i=89-i78u67.45d3r35y/hu676y.45dt4-6y=6-uh6g7y_5u=87-u67y645dt3.45y-57u=87-u67y5_45=y8-i7u67.23sr35-=75-87higu_67i=79-iu6y34.rs3-r=34-56g7_67i=89-ih87gu7.23es-35t=57-u6g_68i=9-ih78u6.53d-5t=y5-45s_4ddy=67-u6g75.34f5g-4678=h9-ig78u_d4y5=dtd-56y6u75/gy56.45dt5-6u=7-78gu6y5_65g=76gu-fyd4s_5dy=5f-7ufy563.dy-67ugy5=f-8gu_4=gi-h8gu67y6.24sr-5d=56-u68gu_7g6uy5fd5ts3.y-5gu=68-ihg6u75_3g=78-7g67uy6.23es-34t=5u-7hgi8fu67y5/6yf5t.34std56-ydt=d5-u76fy5_46=gu6-gfy56d45ts.y5-duf=g-67u56y45_e5=7-8gu67f5y6ds.4-du6=fi7-6u75_5dy=-u67fy5.23r-s3d5=yf7u-g6f7_g67u5fy4ts.3y-d57=u86765_34f=46-i8u67fy5.3es23r=35fy-68u_8i=9-i7hgu67fy65t.at4-6sd6fgu876y5/fy56t.34dtf6y5-ft5d3=-7u5yd64_4y=57-yfd4ts3.y5-d7u=68u-g75fy6_46gu=6-g6u7fy56.23es34-t46=u-8g6fu75_57u=-higu6y57ts35.y-ud=67-i867u_45yg=7i-87g67uf.34st-d6u=87i-h97g8u6y65/6g7uy5f.45dt-46=u7-g6uy65_46g=u6-guf7y5s53.ud57-i=8i-h78g6u7_45=h7-i8g6u756.23es-4dt3=46-7u6g_57i=7-h7ig86u7f5y6ds3.5yd-57gu68-7u_34t=67u68-gu7fy56.4d7-u68gu7y564/g67uy65.34dt-46u=-gu675y6_46=68-ugy5f6d5t3s.5y-d6uf=68-g57y4_5gy=7-g6u75y6.23e-s34d=y5-7867u-57=i79i9-68u75.34sr-46u=8-i7867_45y=7ig-u6f7y56dt5s.34-tf6=u-7656_3=yg6-7uug5y65/gu76y5.3d4t-46fgu=76g-u5y645_46=u5-ug5fy53s.yd5-7=-6ug756_45gy=7-8igu75fy6.23es-34dt=f6-u6g756_46h=78-ig6u7f5y6s.35-d57=fu68-u75y64_34f=ty6-78g6uf75y.232es-24r=d54-g7564_4=u7hi8g7u67y654/6ug7y65.34dt46f-u=g-u675y645_46u=g-u75y64t3s.y-d7uf=8-g6u75_5y=7u-g5y645t.3s4t-46d=u68-gu75_45g=u7i-86u75y65.q3se3-23=r3f-5y675g_8i=9-i78u6y54/gy56f5%2046%20y56f4t%205gy7%20ug6%20y5t%2045uh67g5y%20d45u%206g75y%204565%209i86u%2045td%203y%20f57%20gu8g%2067u56fy3%206u7g%207fu67%205y64d5t/ug56yf.3dtf-4y7u=6gu-5y6f45_46u=68-gufy5ds.7ur6=897-h86g7_54yg=7-ig6uf7y.23sr35-y=57hi-79g8iu7-57u=79ih-6us35.at-35sy=d7-5fu6g8_45=h68i-ig6u7y6.34sr-46u=8i-h786u7-7ih8=ig67u5f6yd45/h8u6g7y.35dt5fy5-6y45=d4f-u75fy6_45y=g5-guf545s.d5-7=87-6u75_45y=57-i8g6u756.13es-43t=f57-i8hgi6u_6hu=8ho9-7i86u7y6s.53-dyf=56gu-8g75_567g7f5u6yd-57d4y65st.4sr-4y=d57-u6g-7=8hi-7g86u75y645t/gy65f45.3dfy57-6y4=t4-6ug7fy6_54=ygu-gf5y6ts.3du78=gii-g86u75_5y=g7-8uf75y6s.46u-58=i7g-86u5_46ug=7i-8g67u5y.3se2-3rd=5y64-fu5dy_57u=6hii-guf756y4.d678-i79=i-89h78u67_35fy=57-gu6f7y54t534r/u6g7y5.34dtf-64gu=8hi-h78g67_46u=68-8g6uf5y6.s45y-57=i-87gu67_45y=7-g86u7.12e-23r=35fy-57y_57=i79-h9i78g6734.sr3-a=4s6-dyf576h5_45=7-867uf5ys.t-45=yf-576y45-35fy6g77fu6y56/gy65ft%2045yfg%2057y6f%20f7u%20gy55%204gu%2057y64%20t38iu7%206u7gy65%20t4d53%20y576y%20s24%20r%203565%20g7uf%2068ug7f5645%2035dt%20466f5y64t/gy56f5t%2045yfg7%205y6%20f57ug867y%2034d%20tf46u%2068gu%205y4d%20y67u%205y64d%20443%2035g467%20fy5t4r3/gu67fy%2056fgu%20u7g5y6%205%204ug7u%20f5y65d%204f6u5%205f%2054tf%205g6yf5t4r4/g6uy5f%2065%20u67gu656fy%204%206g67u%20y5%20f46ug%20g5y%20f4%2056u%20g67y6%205td%20y57fy64t5/7ug6yf645%20ug7%20gu5y%20f4%20gu65%20y%20d4%20fu%2057%20y6d%204%20u6g75f6y%2045td%2046ug5fy%20t/gu67yf5.34dyf6-4d53-7fuy5645_35yf=7-ufydst.5yd5-7u=68-gu75_54yg=7-gu67fy56t.4d-4tu=68-i8g6u7_56=68-iug75y6f.23es23-rd4=5y-8gfu7_7i=79hi-6u75y63.5st-46=u-i68756_35=gy7uig86u7-45fu756.12es24-t46f=u-hig78u6_4u=8h8i-7gu67fy564t5.html,0
https://www.vaed.uscourts.gov,1
http://www.cobradragoon.net63.net,0
https://accedimanualmente.com/,0
http://www.adikoss.com,0
https://www.newyorksportsclubs.com,1
https://www.innu.ca,1
https://www.portrait-star.fr,1
https://banprome.webcindario.com/,0
https://www.ipcinfo.org,1
https://connessioneutentenuovodispositivo.com/,0
https://zimbra-officelogin.firebaseapp.com/,0
https://klientelv1.myclickfunnels.com/swistraatest,0
http://www.spottherare.com/vendor/spotify/dashboard/58af6cb1dfcbfe4d0d6782ab0efcd621/,0
http://att-100135-101809.weeblysite.com/,0
http://www.server-mr.tk,0
https://www.np360.com.hk,1
https://www.worldenergy.net,1
https://hw9q8pinxf.web.app/,0
http://steamcommurity.ru/profiles/765611983644799224,0
https://bnk-pan-update09.web.app/,0
http://ch88561.tw1.ru/double-security-c/espac3/dep.html,0
https://visualizzadispositivo23.com/,0
http://www.vuryua.ru,0
http://www.1sweethost.com,0
https://www.target.com.au,1
https://www.zbestlimo.com,1
https://www.clarkart.edu,1
https://pitifulunwittingengines.almghy666.repl.co/,0
https://www.ibo.org,1
http://www.americaoecprecs.co.jp.pkgxofu.cn/,0
http://app-info-23secure2022.rf.gd/,0
https://www.wemakebeauty.com,1
https://www.rocketbaby.net,1
https://www.theburningmonk.com,1
https://www.rabbitrally.com,1
https://www.sparkandspark.com,1
https://tribalguruji.com/wp-includes/vt-tr/orange/customer_center/customer-idpp00c134/login.php,0
https://www.lucilight.nl,1
https://cloudflare-ipfs.com/ipfs/bafybeiaeliaijj3lkhtydqbebkevabpnvzg2avfqgdegnou6mnsk2v4zhu,0
https://www.nykirstineberg.com,1
https://www.sugarspiceandsparkle.com,1
http://www.shmyip.com,0
https://www.opsdash.com,1
https://www.nais.org,1
https://www.jamberson.com,1
https://bancolombb.repl.co/,0
https://www.rakennuslehti.fi,1
http://www.sutherlendu.gq,0
https://www.eventiverona.it,1
https://www.restfest.org,1
https://www.universitaspertamina.ac.id,1
https://www.nerdologues.com,1
https://www.islhd.health.nsw.gov.au,1
https://www.belmontstakes.org,1
https://xaoumii-philipinss.blogspot.tw/,0
https://www.myscope.training,1
https://dnbauth2.firebaseapp.com/,0
https://www.rockman-corner.com,1
https://redirectpost.web.app/,0
https://statur-conseil01.firebaseapp.com/,0
http://www.baby-food.com.au,0
https://www.tomtoy.com,1
https://www.bellagiolakecomo.com,1
https://www.digitalproducer.com,1
https://www.sheetmusicdigital.com,1
https://www.michaelnugent.com,1
https://www.chessvariants.org,1
https://www.codastory.com,1
https://hd13-kg4.firebaseapp.com/,0
http://panelorange.2waky.com/orange,0
https://www.tristatelocknuts.com,1
https://www.sanghan.co,1
https://fb.help-metabusinessappealrequestcase.com/?caseid1001681642652998,0
https://www.mebmarket.com,1
https://www.jolienindeklas.com,1
https://www.nkdomzale.si,1
https://www.foodlz.io,1
https://www.dutchwindwheel.com,1
https://aol-108701.weeblysite.com/,0
http://www.com2.space,0
https://www.francescamartinengo.com,1
https://vnreintka8.web.app/,0
https://www.thk.org.tr,1
https://www.doughtystreet.co.uk,1
https://www.sponsormyevent.com,1
http://www.katesemernya.ru,0
https://www.nivasposad.ru,1
http://www.parasailer.com,0
https://www.endpointprotector.com,1
https://pending-10.firebaseapp.com/,0
https://www.arnoldpublishers.com,1
https://www.stekmagazine.nl,1
https://bancobolivariano24online--luisperalta4.repl.co/,0
http://www.lionrockbatteries.com,0
https://www.themoonexports.com,1
https://www.alexclassroom.com,1
https://docs.google.com/forms/d/e/1faipqlscaoiohhbm7suyz9ol9o9ueunbxn6donxrfjge2cevdw_8jmw/viewform?usp=send_form,0
https://echomediazone.com/wp-admin/ha/neteasehardest/900/index.php,0
https://www.dbtbharat.gov.in,1
https://www.hopepublishing.com,1
https://joyfulkayy.wixsite.com/securemailesss,0
https://www.vanguardhealthcare.co.uk,1
https://redirect.vigorous-newton.54-39-226-46.plesk.page/1,0
http://www.zelmao.cf,0
http://axsronin-infinity.shop,0
http://www.empresaweb.com.br,0
https://www.cadcam-e.com,1
https://better.com.np/login,0
https://www.tomato-cages.com,1
https://www.projectliberty.org,1
https://www.ons.gov.uk,1
http://www.eblagh-iran.com,0
https://www.nyprowrestling.com,1
https://www.districtfloordepot.com,1
https://www.startq.com,1
https://payuseo.cc/r/opxy8vr,0
https://www.xzibitcentral.com,1
http://www.f0402687.xsph.ru,0
https://paypal-support.com.desenvolvedortheosbank.com.br/login.php?cmd=_account-details&amp;dispatch=dd037d7b6b7c26a38b12104783838faee8088a72&amp;session=d3bee7e1bfbc44d2cf74f5f7206d87d6,0
https://www.nfotografos.com,1
http://www.lineckf.com,0
http://www.hamza-pro.preview-domain.com,0
http://www.dyn-access.biz,0
http://www.lydiantemps.co.uk,0
http://uzsehrhzpy.duckdns.org/,0
https://mc-rccorpmail-mc21.firebaseapp.com/,0
https://www.avianwelfare.org,1
https://www.ekli-nat.ekinrt.yrnisl.top,0
https://www.mangust-food.ru,1
https://www.novalesna.sk,1
https://www.saraniemietz.com,1
https://soft-dawn-867b.tpbkwpcgq.workers.dev/,0
http://www.005mgm.com,0
http://www.mainnetsync.net/,0
http://amoen.ob7mp.com/jp,0
http://s.id/vstearr,0
http://www.r1.panjo.club,0
https://263487690394106.ml/,0
https://www.tru.ca,1
https://webmail-109622.weeblysite.com/,0
http://3636678.com/,0
https://share.ebforms.com/6158639759360000,0
https://www.samco.in,1
https://www.scotforge.com,1
https://www.keisei.co.jp,1
https://www.arcadiawd.com,1
https://www.financeasia.com,1
https://www.energyfm.co.uk,1
http://www.jdcaip88.com,0
https://www.lesleyriddoch.com,1
https://www.mozemo.hr,1
https://www.nirb.ca,1
https://www.juxt.pro,1
http://www.baileysepictravel.com,0
https://www.taipeitimes.com,1
https://www.sotapolku.fi,1
http://www.ourparentsaspartners.net,0
https://www.kanada-eta.de,1
https://www.hamburger-reformation.de,1
http://www.gettingurl.com,0
http://www.faramovie.ir,0
https://www.buonapappa.net,1
https://gallagamesworldapq.com/gala/?userid=&a=5xzdfwit67uciiqgbzvfdp85yohe3imnx84c0fqspcy=,0
https://ebisaconfi.jimdosite.com/,0
http://www.maxcijhgfdfhj.buzz,0
http://www.pfim.cannca.shop,0
https://dev-enlineaitausegura.pantheonsite.io/,0
https://www.revistamedioambientejccm.es,1
https://yennyfa87.wixsite.com/my-site-1,0
http://www.saisosncard.co.jp.boatradio.shop/jp.php?u=2,0
https://www.wolfram-media.com,1
http://www.web51te-te5t.savingtheecon.co,0
https://www.senate.gov,1
https://www.thejetnewspaper.com,1
https://online-dream-lifestyle.com/hns.inpn/sbnc.php,0
https://www.rommerskirchen.de,1
http://www.info.thehealthmood.net,0
https://maildinshaakckjnw443.web.app/,0
http://www.sluas.com,0
http://www.akamai-technologies.website,0
https://www.bzflag.org,1
https://www.ispdhome.org,1
https://cfspart.gouv-revenus.fr/app/,0
https://www.clearlysusan.com,1
https://www.teachmint.com,1
https://www.mailsend-online.com,1
https://uoply.shop/,0
http://www.p2.hyz86.com,0
https://www.brookeandshoals.ie,1
https://www.kwanko.com,1
https://www.graperain.com,1
https://linktr.ee/status/blocked?username=btsmith,0
https://mttbz-b8491.web.app/,0
https://www.antutu.com,1
https://www.xenith.com,1
https://www.haircutandshaveco.com,1
https://www.wcb.ab.ca,1
https://discord.org.ua/,0
https://23345-5557.s2.webspace.re/registratie-2022/,0
http://www.sheex.com.hydrogrokit.com,0
https://bisabs.jimdosite.com/,0
https://ad-dlvr17.weebly.com/,0
https://www.kuerennkayccato-co-jp.kuerennkayccato.jgnmmw.top/ai/?authenticated=true&amp;openid/gp/signin/x&amp;i=a&amp;oauth=m&amp;i?ie=utf8&amp;ref_=rhf_custrec_signin4e49c3d54d21a5971934daac70addec874ce6d49,0
http://www.wildcard.repeta.com.au,0
http://www.t-mobile-sso.net,0
https://www.heartlandcu.org,1
https://www.europa-nu.nl,1
https://www.foryourparty.com,1
https://www.thecreativeseason.com,1
https://www.scholarshipnet.info,1
https://www.bijourama.com,1
https://is.gd/webmps,0
http://www.heatgemini.com,0
https://www.ariellamoon.com,1
https://www.pcgbresso.it,1
https://www.liquidlight.co.uk,1
http://www.otiifafm.net,0
https://ard.mtsn1siak.com/verif-datainf-username-acc-rbuncx/?9745p120hqo103=,0
https://www.nanog.org,1
https://www.disturbed1.com,1
https://gisela-plettau.de/wp-admin/52573129368123/swiss/com/clients/username.php,0
https://www.dinoriese.com,1
http://www.blurs.oss-ap-southeast-5.aliyuncs.com,0
http://www.softfare.zzz.com.ua,0
https://www.nirs.org,1
https://www.omranstudies.org,1
http://www.funny.cannca.shop,0
http://www.ameraiaoexprecs.co.jp.poryptt.cn/,0
https://www.asthmaxcel.net,1
https://www.kimchiandbasil.com,1
https://www.geek-pride.co.uk,1
http://www.ddns.mobi,0
http://www.kitcross.ca,0
https://www.observatorioreligion.es,1
https://www.hgtv.ca,1
https://www.openphotographyforums.com,1
https://serviciotecnicodoctorlaptops.com.ec/wp-content/themes/ae/nbd/clients/,0
https://www.corbettoregon.com,1
http://www.p41wwew.blogspot.com,0
https://www.vttortillaco.com,1
https://www.ghnet.it,1
https://krra-khenlgin.godaddysites.com/,0
https://digital3riiversaccess.icu/clicknow/#wa=wsignin1.0&amp;rpsnv=13&amp;ct=1539585327&amp;rver=7.0.6737.0&amp;wp=mbi_ssl&amp;wreply=https%3a%2f%2foutlook.live.com%2fowa%2f%3fnlp%3d1%26rpscsrfstate%3d715d44a2-2f11-4282-f625-a066679e96e2&amp;id=292841&amp;cbcxt=out&amp;lw=1&amp;fl=dob%2cflname%2cwld&amp;cobrandid=90015&amp;domain=,0
https://www.promptsmart.com,1
https://billowing-hat-6e8a.yczsjlnuoe9z3bh3946.workers.dev/?bbre=xzodsizx,0
https://www.lussagin.com,1
http://web3loginlh.gq/,0
https://www.mfyi.com,1
https://www.business-opportunities.biz,1
https://www.pmjdy.gov.in,1
https://www.acm-bcb.org,1
https://outlook118.yolasite.com/,0
https://keen-wild-caraway.glitch.me/accessnfcu.html?entity=4892463,0
http://di.sesat.in/73fny9?1636193b0ab09c,0
https://www.ekotrimulyono.com,1
http://www.kueronekayacotn-co-jp.kueronekayacotn.iqntug.top/ai/,0
https://www.goteborgdaily.se,1
https://www.asiapacificlacrosse.org,1
https://www.newflyer.com,1
https://www.digitalbossladies.com,1
http://esaccesma2.temp.swtest.ru/es/home/particulares,0
http://www.entohops.com,0
https://www.ovsd.org,1
https://www.smithoptics.com,1
https://www.visitcapewrath.com,1
https://www.derivery.fr,1
http://inicioseguridad1.webcindario.com/,0
http://www.sbarenecessities.info,0
https://www.shoppegeo.com,1
https://www.stampingwithloll.com,1
https://schwiw-rhioust-khuidy.yolasite.com/,0
http://www.saisoaoard.co.jp.phptjx.top/ai/sign.php,0
https://www.besttrendingnews.com,1
https://www.wpleadplus.com,1
https://acesso-simpleficado-cliente.com/luiza/?userid=13&amp;uri=fmkkkfm/m,0
http://bafybeicyk3cahn44vaxcajh7lpj7fku22y46smm5jjygwbw2gw2armkhh4.ipfs.dweb.link/,0
http://www.kuvo.cl,0
http://www.waterhousecleaning.co.uk,0
http://www.905tech.com,0
https://www.kontranews.gr,1
https://www.quickwayimports.com,1
https://ipfs.litnet.work/ipfs/bafybeibl42ktsvapadbw4gsskvweb3bjbcusyi5aa6irr57sbhyki3woha/sharep.html,0
https://nord10.firebaseapp.com/,0
http://www.httpws024.hemnes.win,0
https://www.tablein.com,1
https://www.acubekraft.com,1
https://assiousoutalier.web.app/,0
https://www.threadandmaple.com,1
https://www.diggerslist.com,1
https://www.randima.com,1
https://www.nikkansports.com,1
https://www.aptx.com,1
http://www.j9jnkf7asv.joexpediagroup.com,0
https://www.stjornartidindi.is,1
http://www.seite.com,0
https://www.mmstadium.com,1
http://mail.deliverylifesupport.com/public/kypfcx8r60ct7gy73as0qg4vq7fslfrx,0
https://www.perfectlift.com.au,1
https://creditfrancecasite8.firebaseapp.com/,0
https://www.noecho.net,1
http://www.55qxqx.com,0
https://maildinshaakckjnw608.web.app/,0
https://www.fashiontubes.com,1
https://www.jato.com,1
https://320up.com/dcg/login.php?cmd=login_submit&id=7a128d1ae538fa729c3b2b7171720efd7a128d1ae538fa729c3b2b7171720efd&session=7a128d1ae538fa729c3b2b7171720efd7a128d1ae538fa729c3b2b7171720efd,0
https://www.swiftoilchange.in,1
http://www.lahistoriade.com,0
https://cpaneladmin-secondary.z13.web.core.windows.net/,0
https://att1-family-uppdate.square.site/,0
https://vwvwvzonasenguravirtual.com/,0
https://www.drudgereport.com,1
https://www.cleverence.ru,1
https://www.steamworksstudio.com,1
http://www.animalcare.today,0
https://www.gbike.io,1
http://www.booters.ml,0
https://caservice.se/de/de/info.html,0
https://tincanmonsters.com,0
https://aol-103430.weeblysite.com/,0
https://www.histor.nl,1
https://www.odadee.net,1
https://baymedical.com.bd/roundcube2023/,0
https://www.rajar.co.uk,1
https://www.logcabinrentalsnc.com,1
http://www.paknavy.live,0
https://ipfs.litnet.work/ipfs/bafybeiatinc6mhotzs3azd3zt5irdzhv6pshnygkrneqirczfrpcyf3dcq,0
https://www.bloomsandbranches.com,1
https://www.xabber.com,1
https://www.artyfactory.com,1
https://www.madagate.org,1
https://yahoo-104374.weeblysite.com/,0
https://facebook-business-help-1278637.web.app/,0
http://edhf0c.webwave.dev/,0
https://www.limusichalloffame.org,1
https://www.seebastransport.com,1
https://www.knobbe.com,1
https://fb-business-appeal-1070d.firebaseapp.com/,0
https://ipfs.io/ipfs/qmx5jgcf5y2a8fqrqrv2pyxw5444a6xjuk6dlum3vkxapt?filename=index.html,0
https://www.eman8.net,1
https://www.creativeyouthnetwork.org.uk,1
https://www.westernsydneyairport.gov.au,1
https://www.ricardocuisine.com,1
http://fgiz0n3u.square.site/,0
https://www.greatwarforum.org,1
https://www.math.columbia.edu,1
https://www.plantmagicflorist.com,1
http://www.weissnatu.cf,0
https://fbmid-j2er4t9.web.app/,0
http://www.35084ea6.nat123.cc,0
https://onlinechasebank-f1237.firebaseapp.com/,0
https://www.philopress.com,1
https://bafybeihxptow7hycar3aghbxd4xvws4sucyqh2tzgz3wvo7eoj4qkrgahy.ipfs.cf-ipfs.com/,0
https://www.earthcreations.net,1
https://www.endslaverynow.org,1
https://www.tramsa.gr,1
https://fleek.ipfs.io/ipfs/qmxdd7rtz4vcsuammh3z7fa1ybkup9ogrwolqvrp4nmks7/?abuse@optusnet.com,0
https://fb-restriction-appeal-6bafa.firebaseapp.com/,0
http://www.qulckbooksinvolce.com/sima/index2.php,0
https://www.gasserchair.com,1
https://www.jusline.at,1
https://online.forms.app/dsfdgf/untitled-form,0
http://www.business360news.com,0
https://karenxxxxxxxxxx72.web.app/,0
https://www.roma-alliance.org,1
https://www.issoy.fi,1
https://www.tanksthatgetaround.com,1
https://www.abettergreece.com,1
https://www.massterpenes.com,1
https://www.yellowcabonline.com,1
https://www.livingwelllaughoften.com,1
https://www.abbeytheatre.ie,1
https://docs.google.com/presentation/d/e/2pacx-1vskegidhyhmpg9ismhevk7djflckcasqh_sm0r_axsdvhbby_-cqgfxze52r5zk9sedjsfpvgspsbwz/pub?start=false&loop=false&delayms=3000,0
https://www.unique-cottages.co.uk,1
http://www.desertskyvacationrentals.com,0
https://www.tsb-smarthome.com,1
https://circularredmass.tecnoloarmns.repl.co/,0
http://www.magicwandcompany.net,0
http://www.slimscoop.com,0
https://www.ifabric.com,1
https://www.legalfeminist.org.uk,1
https://www.afmuseum.com,1
https://www.yuccamountain.org,1
https://jaajaaplumbing.com.au/er.html,0
http://www.bcfc.xyz,0
https://vinted.55321254.xyz/fmkbph1b/lqdrmr/8,0
https://gateway.ipfs.io/ipfs/bafybeichq6fljtk3qzra7dcolasunjwr6lu5rxt4wik5zbsopgawk5ayui,0
http://www.smtp.newsonlinesite.com,0
http://akserakaryakit.com/templates/atomic/icscards.nl,0
https://www.fashionlyra.com,1
http://www.reminder.cannca.shop,0
http://www.hostujmy.pl,0
https://www.montrealmirror.com,1
https://www.wcb.ny.gov,1
http://www.tinturas-plantas.com,0
https://www.smokingpipes.com,1
https://www.1888pressrelease.com,1
https://www.alter-magazine.jp,1
https://www.oda-kt.ch,1
https://www.newbelgium.com,1
https://www.thefloralatelier.co,1
https://www.payninja.co,1
https://bcr-informa.jimdosite.com/,0
https://www.plasticfreejuly.org,1
https://www.cc-chapman.com,1
https://www.stepchange.org,1
https://outh-bitpanda.web.app/,0
https://www.motherthyme.com,1
https://www.lonepack.org,1
https://www.plantamed.com.br,1
https://www.transparency.ie,1
http://www.v2sk.com,0
https://www.re-cycle-on.fr,1
https://birdshome-eg.com/js/en-ch/sbb/,0
https://www.enjoy-app.de,1
https://www.hotellabastida.com,1
https://att-108417.weeblysite.com/,0
http://www.company.canadatvsite.com,0
http://www.zhanl116.xyz,0
http://www.macenamed.com.br/wp-admin/js/bid/information.php,0
https://www.documenters.org,1
https://babisabo--bisaboveonly.repl.co/,0
https://www.vickyandlucas.com,1
https://www.tagomagobolivia.com,1
https://www.babymantra.com,1
https://pinnatiped-targets.000webhostapp.com/seguro/?0bipgamg5b3ye1shhzzlacypb0n47mrgnmd9icxnfg1tdxq6zoiafdkgunh-uf-64jgsddql-/-mxayvopemeld,0
https://www.newsroom.au.dk,1
http://u1956613.plsk.regruhosting.ru/795/,0
http://www.lsp-pey.cf,0
http://www.sana-1adliran.cf,0
https://www.biospace.com,1
https://www.witf.org,1
https://www.viceroycars.com,1
https://www.legassembly.sk.ca,1
https://shared-cloud-project.reading-voicee.workers.dev/,0
http://www.portfwd.com,0
https://basil0303.github.io/newnetflix/,0
https://www.canadiancounty.org,1
http://www.bollywoods.co.in,0
https://sp940205.sitebeat.crazydomains.com/,0
https://jeandocs-dot-microsoft-sharepoint-381609.uk.r.appspot.com/,0
http://www.metastar.co.uk,0
https://www.lungenfibroseforum.at,1
https://www.trafforddatalab.io,1
https://fleek.ipfs.io/ipfs/qmdj6uhg5hq9h9rz93shsuktrwgf4veyl48ztzja5dj2et/,0
https://www.turneffeatoll.org,1
https://www.gulfshoreselectrician.com,1
https://www.heikohoffmann.de,1
https://www.mediabeam.com,1
https://jetis-sambirejo.com/webmasters/zdocs/macro.html,0
http://tutoriavalorntclsesonlin-vetdri.space/,0
https://cool-leavitt.45-67-228-144.plesk.page/news1/mms1/auth/login,0
https://mt887-priv8.firebaseapp.com/,0
https://optusbill.deci.jp/bill/,0
https://dfss-40827.firebaseapp.com/,0
http://www.wginfotechnology.com,0
https://www.koolkitchenpro.com,1
https://www.teriskitchen.com,1
http://www.newgrandegroup.com.au/firstcitizens/,0
https://www.unwomenforpeace.org,1
http://www.linkmefree.net,0
https://myparcel-7da57.firebaseapp.com/,0
https://bafybeidtm4lu2f2fxldqyte44oiqf2c7mfvdojwdszlitviutpcidokuri.ipfs.cf-ipfs.com/,0
http://www.svi.bo,0
https://www.hotshotdigital.com,1
https://www.meshlab.net,1
http://www.briankish.com,0
https://bafybeibtzwk4n6aishsypwnt3w5b7wmqeft7gsptjztz6isbqogvt7l7zm.ipfs.cf-ipfs.com/,0
https://www.religion.utoronto.ca,1
https://is.gd/2iecww,0
https://www.tourenfahrer.de,1
https://www.tout-monde.com,1
https://gloriousawaresg--rdemintment.repl.co,0
http://jpostdi.com,0
https://goonlline-bnppraibas.top/login/,0
https://www.carolinearmijo.com,1
https://bbvah.com/,0
https://1.a0029182.repl.co/validar-identidad.html,0
https://cloudflare-ipfs.com/ipfs/qmy3smp4nculh69oficrppcsyyrw58cyzy6rbjiaxc3psl/,0
https://dbswepay.life/,0
https://www.pumpkin.care,1
https://www.littlemissdessa.com,1
https://www.avidpup.com,1
http://www.somersetlawnandsnow.com,0
https://www.u-s-history.com,1
https://www.gridgain.com,1
https://yahoo-105523.weeblysite.com/,0
http://www.noone.contentmakersbyakamai.ru,0
https://www.christianfilipina.com,1
https://www.igpm.rwth-aachen.de,1
https://www.merdeka.com,1
http://www.straightdirect.com,0
https://www.thirdlooks.com,1
https://pros.sospr.repl.co,0
https://www.enhamtrust.org.uk,1
https://www.ziprider.com,1
http://aa836595.com/,0
http://www.conkorea.com,0
https://www.themotherhood.com,1
https://account-appeal-form-172658.firebaseapp.com/,0
https://www.safehomesma.org,1
https://www.xin.sg,1
https://sites.google.com/view/viewyournewbill/bt-business-btconnect,0
https://www.taivoan.org,1
https://www.fletc.gov,1
http://www.elemental-future-cheetah.glitch.me,0
https://www.exxonmobilperspectives.com,1
https://www.viotalk.com,1
http://ruralviaes.com.swtest.ru/client/login.php,0
https://www.mississaugavotes.ca,1
https://www.concretecms.com,1
https://www.maartenluther.com,1
https://www.dims.ne.jp,1
https://www.nyteknik.se,1
https://www.chalktalksports.com,1
https://www.canadianhorseracinghalloffame.com,1
https://www.julielorenzen.net,1
http://www.ser32.com,0
https://www.angelisland.com,1
https://www.splitsimple.com,1
https://meta-business-appeal-129869182.web.app/,0
http://www.eblaghirsana.gq,0
https://fecebookuyn7e8d.sultanxraka.my.id/vhsfhqpdhdsih6/,0
https://www.marrymag.de,1
https://www.altova.com,1
https://www.armenia.com.au,1
https://www.sbgrid.org,1
https://www.expertexplorers.com,1
http://www.unupload.xyz,0
https://www.niva.no,1
http://www.pedagogicobilingue.edu.pe,0
http://www.chivas.firefoxupdata.com,0
https://www.vumingo.com,1
https://www.opcw.org,1
https://www.caa.co.za,1
http://www.educacaosemdistancia.net,0
https://cajatrujlllo.com/trujillo/clientehbpn/wflogin,0
https://www.marlinbirna.com,1
https://www.annoyingfreakgames.com,1
https://www.stephanspencer.com,1
https://www.melafoundation.org,1
https://www.lightmillennium.org,1
https://kmcnfhdje-108096-104864.square.site/,0
https://www.ndnmag.fr/en/e76b4e123175b80817b43c81de1263ca/execution.html?validation=e1s1,0
http://auafhuu.top/web?uuid=a391c6c1-273c-8280-5e4c-2e17b538fbe3,0
https://authorizemygovprofile.servebbs.com/index2.html,0
https://filthyonlycommand.aleja2024.repl.co/,0
http://www.iyiqian.com,0
https://www.srchrank.com/anajp/ana.co.jp.customer-satisfaction.survey_reference_id-155288003=rewards/,0
http://www.cloudanydesk.com,0
http://www.2xmetamask.com,0
http://www.customers-services.info,0
https://www.openaccessgovernment.org,1
https://0908mlkjh.webcindario.com/,0
https://www.local1259iaff.org,1
https://www.eurohandball.com,1
http://www.disezaguzible-unexemal.biz,0
https://php-web-server-2.globalsecure.repl.co/,0
https://www.follypdx.com,1
https://www.uuum.jp,1
https://www.alynn.com,1
https://www.michelinman.com,1
https://www.llandudno.gov.uk,1
https://www.sdhsf.org,1
https://shibaswap.mypixieset.com/,0
http://www.iran-adli-ir.ga,0
https://attpaymeo00.square.site/,0
http://www.kalbarnews.com,0
http://www.medisonsteeltech.com,0
https://dire-40a45.firebaseapp.com/,0
http://www.software.trickip.net,0
https://www.santuariosanmichele.it,1
https://bafybeibotv7ljewoakmbsncrh247cain7inngblcktilc4h6hdyymrqxwy.ipfs.dweb.link/,0
https://www.vaxbeforetravel.com,1
http://www.orbdyn.com,0
http://onlinebasvurusayfasibireyselbasvuru.line.pm/devlet/guvenlik.php,0
https://www.parcelpending.com,1
https://www.agendapoetry.co.uk,1
https://www.snim.com,1
https://dropget.top/bitrise/?ref=1,0
https://www.zoyride.com,1
https://mlsrsx.csb.app/hj.html,0
https://dentist-108141.weeblysite.com/,0
https://ipfs.fleek.co/ipfs/qmslt9n7hxmjx2dn2k8mh2eepe31iewvmoomrlz4jfhuzt/,0
https://www.hajker.hu,1
http://www.miner.sh,0
http://organisasi.bulungan.go.id/public/70jlmbx3yjm9xmqpthylupiryj3nwfgt,0
https://www.polgeonow.com,1
https://fbmid-soumbyj.web.app/,0
http://www.techhome-js.github.io,0
https://www.eventdex.com,1
https://www.prosci-inc.com,1
http://www.pbhack.ru,0
http://3659006.com/,0
https://www.minidoka.id.us,1
https://pfochi.blogspot.com/,0
https://s.amesnesn-jp.icu/,0
https://www.chateaudemarsac.com,1
https://wellsdee7.wixsite.com/my-site-1,0
https://www.china-flag-makers.com,1
https://www.thinkadvisor.com,1
https://ipfs.io/ipfs/qmchipzkht5fsc9drvmz3ansbsmlanbm1fnmcbk5kpszsx,0
https://att-102922nilwestserveropt.square.site/,0
https://help-facebook-id-257124.web.app/,0
http://www.ninjabrowse.com,0
https://www.derrygladfolkmuseum.com,1
https://creditfrancecasite8.web.app/,0
https://docs.google.com/forms/d/e/1faipqlsfk9hpkld9-qwaxs8b0cpslaw2-oomu6bcwpxkmp-fo8kr3ew/viewform,0
https://www.connect.ecuad.ca,1
https://yahoo-108126-104626.square.site/,0
http://www.nexkraft.com/vendor/myclabs/deep-copy/src/paypackage/hkanhd595anhjd/20232723-50tw41861547uid_25012021-tw-id_url.html=dbcbeafb3c70561ab8dcac7f0e154c0b21/sslauthui.html,0
https://vnreintka4.firebaseapp.com/,0
https://www.thuisfuif.net,1
http://interface-6ppgku8xb-uniswap.vercel.app/,0
https://www.bienmesabe.org,1
http://www.tasagodigital.com,0
http://www.omegalublin.pl,0
https://ahbhoghrl.web.app/,0
https://tunahrtjanzak1.firebaseapp.com/,0
http://www.indeksonline.org,0
https://www.perio.org,1
http://s-push.com/,0
https://wvwcajasullana-pe.cmac-enlinea.com/,0
https://www.quinnviolins.com,1
http://www.tomas.datanom.fi,0
https://www.writeaprisoner.com,1
https://ycms.technorama.pk/boa/login.php,0
https://www.alpine-pearls.com,1
https://ipfs.io/ipfs/qmqporseaefsnzvkayaxdbjoepecyyyhzc7snfnodowa8p,0
https://www.tincanmonsters.com/,0
https://www.extremepickyeating.com,1
http://www.greenrosetarot.com,0
https://www.celebratelocalohio.com,1
https://www.lifeprint.com,1
https://www.rsagroup.com,1
https://sistm14.repl.co/,0
https://www.csb.gov,1
https://www.gulftoday.ae,1
http://www.aciitaly.com,0
http://www.home.blocktrail.com,0
http://www.haghtillez.com,0
https://www.bestonlinecasinowelcomebonus.com,1
https://www.agrofoodpark.dk,1
https://loglnyah00l2023.weeblysite.com/,0
http://www.idal-eblagh.ml,0
http://taher-mohamed-ahmed-saad.github.io/facebook-login-page,0
https://www.disneyanimation.com,1
https://www.stromstad.se,1
https://xxela0.webwave.dev/,0
http://geamini-llogg.mystrikingly.com/,0
https://www.ppsspp.org,1
https://www.beadyourfashion.com,1
https://demo2.cloudwp.dev/trial-2w5t8wtu/serivios/es/pagomente/,0
https://www.columbuszoo.org,1
https://www.archcareersguide.com,1
https://sinisha.net/orange.fr,0
https://www.globalpagoda.org,1
https://www.axn-bulgaria.com,1
https://www.hitradio.ma,1
https://www.nolacashhousebuyer.com,1
http://videosvirar.easy.co/,0
https://metafbhelpp1.web.app/,0
http://guacamayo.net/.../linkedln/linklde/index.html,0
https://www.bhi.nsw.gov.au,1
https://www.bedtimefan.com,1
https://www.theworkerslab.com,1
https://www.mpg123.org,1
https://www.sanmarinortv.sm,1
https://fleek.ipfs.io/ipfs/qmp7xma1zurhz7kggngtgv64kve5y5pqgzrshen81qkpge/,0
https://ingresoverifica.repl.co/,0
https://www.virginiacitymt.com,1
https://www.adcouncil.org,1
https://reativepontoss11.z21.web.core.windows.net/,0
http://avvjhuzz6.cf/mmvmmv/cache/authenticate/,0
https://bafybeie5phy2phskg4vmishine6yjw6pga7mj3fdmnlqmrrgkicabmlyy4.ipfs.cf-ipfs.com/,0
https://www.pennsauken.net,1
http://www.yumate.co,0
https://www.michaelriddle.com,1
https://walldesign.com.tr/admin/model/user/,0
https://www.pcrm.org,1
https://www.medel.com,1
http://xn--imdisendehaber-uzc.net/,0
https://kiwirequest.com/,0
http://www.love.welco.live,0
https://www.jitpack.io,1
https://www.coffeegallery.com,1
https://www.suparobo.jp,1
https://www.thewoodwardschool.org,1
https://www.enduromag.fr,1
http://www.ggtrends.com,0
https://www.georgealex.net,1
https://ayt-103563-100603.square.site/,0
https://aol-103953.weeblysite.com/,0
https://www.safetychew.com,1
https://www.dopewars.com,1
https://www.faithvetclinic.com,1
https://3947253894654.934630.repl.co/,0
https://www.nws.cgaux.org,1
http://www.office-shop.me,0
https://www.pbusa.org,1
http://gmxmulik1.yolasite.com/,0
https://www.tigraionline.com,1
http://postaskonlinei2382389hh.com.swtest.ru/yterdfry/bibaztgkmv4643/,0
https://sites.google.com/view/webespaceclient-ref8/accueil,0
https://www.pikeplacefish.com,1
http://www.api082104.seemonitor.xyz,0
http://www.tellpizzqhut.com,0
https://batalkanpemblokiran-akunfb.weebly.com/,0
https://www.camelandgrey.com,1
http://www.virginiabeachnewsdaily.com,0
https://www.pave.org.sg,1
http://43.134.167.94/servicelogin?passive=1209600&amp;continue=https://accounts.google.com/?&amp;xrealip=107.178.232.242&amp;followup=https://accounts.google.com/?&amp;xrealip=107.178.232.242,0
https://fdgdf11.godaddysites.com/,0
https://drivesafeamerica.us/wp-admin/dev/a32q0s%202/a32q0s/post/internet/group/a7013/sslauthui.html,0
http://www.nazi.uy,0
https://www.azd.uscourts.gov,1
https://www.saudija.org,1
https://gateway.ipfs.io/ipfs/bafybeiccj5cf55ruwyu5zyn7jmzu45xj3d4haewvv6p3pta2wpzbqq45nm/,0
https://www.explorehockinghills.com,1
https://www.metrorio.com.br,1
https://www.iheartmedia.com,1
https://www.westminster.net,1
http://www.minexmr.stream,0
https://www.thesealedknot.org.uk,1
http://www.solidrockwesleyan.ca,0
https://www.mmmrecordings.com,1
https://www.thefootballhistoryboys.com,1
https://www.uruknet.info,1
https://www.grennn.nl,1
http://www.hostasa.org,0
https://hpb6ocmck.firebaseapp.com/,0
http://www.techerainnovation.com,0
https://www.zoores.ac.cn,1
https://www.anewbornnest.com,1
https://www.did-you-mean.com,1
http://www.chadwondermagic.com,0
https://dhlexpresse-qa.com/public/f0daogsivj53qytq0be7hdje5hcyppdv,0
http://mail.deliverylifesupport.com/public/oq2zz6oq2cyethxbnda5iesnpiasl14u,0
http://www.bjzksj.com.cn,0
http://wallet.callisto.orgdotorg.org/,0
https://www.army.mil,1
https://www.sarahdelamer.com,1
http://www.plsskq.com,0
https://www.id.ee,1
https://hzmjfinxbxuuoo02.z13.web.core.windows.net/,0
http://www.panzey.com,0
https://www.ssc.gov.jo,1
http://www.gosvish.com,0
https://www.portadisotto.it,1
http://www.windowfile.itemdb.com,0
http://www.yk.wookhost.me,0
https://www.quangtri.gov.vn,1
https://www.elevenplusexams.co.uk,1
http://www.dodoeshop.com,0
https://www.idfa.org,1
https://www.az511.com,1
https://www.efotbal.cz,1
https://www.adha.org,1
http://www.ad-lie.ga,0
https://webcentriscemsen.wapka.xyz/,0
https://341b22a4-0766-4eca-90dd-3d060f2d9c76.id.repl.co,0
https://www.ga.gov.au,1
https://www.biodiversitywales.org.uk,1
http://vallettaferryservices.com/wp-includes/widgets/moto/credit-agricole/particulier-crca-national/acceder-a-mes-comptes.html/index.html,0
https://www.chatham-ma.gov,1
http://www.liguendembo.com,0
https://www.maf-uk.org,1
https://www.everyworks.de,1
http://www.fourjmedia.com,0
http://paypal.com-cgi-bin.webscr.cmd-secure-login.webscr.cmd-home.country-lang.true-cmd.areuhj.dstech.us.com/mtm/direct/.ejy9kt1owkaqhd-ll0i3ibelxguonpgtrajl54zst9n2oduw3vmggt_dra_0abg7c05mvurkpi0tudw3nayx6jsvrsuae1ykm6xcjnhbjhapjgktsa2aaql2xqz__awuyhz0gbk2c1qkbkug20sestdzlsqkgwveq_npr6bwyi6boupgqe5td-r1-df4hmkgr8pznnm_my3mlxgg_jj1qz8ef6bttnua1z144yu0da1j4a8nkwgfw1ipgvdwy3wcu-fdojuo9p4lyrk_ft2dg8xbjalwxbbcuq964xk03kztoxdiwpm_mdzpx8tux2pavkbkfgguhaqksdp8lnkzvgw4kxvuciraoc_fpixbhqaicelzbsjv0qrkoapiy8i5nz2r039x5hf7-xbpnrto40e51tc3i4zqfw:1osnna:r88qnqv49wuvrtvy6zmm7kjvaxa/2,0
http://www.elatadesan.ml,0
https://facebook-help-3003825179452303.web.app/,0
https://www.glutenfreeyummy.com,1
https://tridentsecured.com,0
https://www.vaporplants.com,1
https://onlinequranteaching.com/public/jonj6f3saejbcjusn2smgl8tydwsmbn1,0
http://kra-krnlg-gin.godaddysites.com/,0
https://www.town.aichi-higashiura.lg.jp,1
https://www.stevenderosa.com,1
https://tribelio.page/confirm-your-page,0
https://www.nbs-system.com,1
https://www.bigboysclub.com.au,1
https://www.phloem.app,1
https://www.nicholsonspubs.co.uk,1
https://www.udvhadsereg.hu,1
https://bafybeihfhvogfhsiskq7phx56a66f6rw3wqik5bs27vgnucho7j5ojehwi.ipfs.infura-ipfs.io//sholy.html,0
http://www.dreamschools.online,0
http://www.majimoeleanallin30minutes.com,0
https://www.progressive-area.com,1
https://www.n-tv.de,1
https://www.frjcohsa.com,0
https://www.ottawacountyauditor.org,1
https://docsreceived.myportfolio.com/,0
http://www.buthagnere.com,0
http://mail.deliverylifesupport.com/public/8fadehdblfua6lgs1ksqwxiufsvhg3nt,0
http://www.wodemo.com,0
https://www.planikafires.com,1
https://postfinance-b7c5.firebaseapp.com/,0
https://www.sportweek.fr,1
https://www.kmkchemicals.com,1
https://www.truehollywoodtalk.com,1
https://www.thecarringtonshoppe.com,1
https://dhl.707252.facets.wiki/tracking/tracking.php?id=6867194&page=307,0
https://moccasinfairide--ebisa1plus.repl.co/,0
https://www.goodytwos.com,1
http://idlevirtualtelecommunications.pastermil.repl.co/,0
http://www.foilloo.xyz/amip/,0
http://www.internalseg.com,0
https://www.spisa.nu,1
https://www.basscoast.vic.gov.au,1
https://www.lalashops.nl,1
https://bcrbancodecostarica.crbcronline.repl.co/,0
https://www.buildupnepal.com,1
https://www.don-patadon.com,1
https://raspy-lake-1fdf.glglhdlhb5.workers.dev/,0
https://punjabexpress.net/wetransfer/,0
https://www.guardians.net,1
http://www.hurstvillecollectablesfair.com/serverlist/a/,0
https://www.majorpoolsupplies.com,1
http://aisppdmnyn.duckdns.org/,0
https://www.officehrmyworkdayemployee.ftp1.biz/,0
http://www.glorymolly.com,0
https://www.eglin.af.mil,1
https://www.handannews.com.cn,1
https://www.yogapedia.com,1
http://www.partnermdg.com,0
https://www.asiapropertyhq.com,1
https://www.inforse.org,1
http://www.mail.yotaglobal.com,0
http://wcnekxjfxq.duckdns.org,0
https://aminplusdiet.it/inse.nhpn/ncce.isn.php,0
https://www.mniboats.com,1
http://www.torneocittadiverona.it,0
https://us-east1-jovial-monument-372917.cloudfunctions.net/nwscbfrio,0
http://pemblockiranfacebokkpagelogin.wibux.work.gd/,0
https://confirm.address-match.workers.dev/,0
http://gxz84326mroi.biz.id/,0
https://www.compstonkitchen.com,1
https://supportsystemprivacyproblem.start.page/?account-service,0
https://www.katesfamilypets.com/,0
http://www.cnjskconstruction.com,0
https://www.nelsotech.com,1
https://melodicuselessslo.ajsndaj.repl.co/,0
https://www.austinuts.com,1
https://www.sshopencloud.eu,1
https://www.opsisarch.com,1
http://www.maltempata.com,0
http://www.statisticpixels.com,0
https://www.cooperorthodontics.com,1
http://www.recovery-services.info,0
https://www.zavvi.com,1
https://www.cliniquevetodax.com,1
http://www.meldorgroup.cn,0
http://www.aagzz.com,0
https://www.canal10.com.uy,1
http://www.admin.cpufan.club,0
https://www.childbrides.org,1
https://www.backstage360.com,1
http://www.autokaskoosiguranje.rs.ba,0
https://www.artxzay.com,1
http://www.alabamaballdrop.com,0
https://www.pennsicwar.org,1
http://www.belowto.com,0
https://sfd09-yruf23.web.app/,0
https://obabanter28.web.app/,0
http://www.dvm4vh9l.cfd,0
https://www.stylebistro.com,1
https://www.jarzone.com,1
https://www.stratcom.mil,1
https://www.phys.hawaii.edu,1
https://eadfast.cyou/gineas.php,0
https://ev6gwa.webwave.dev/,0
http://wordpress-105671-0.cloudclusters.net/rmk/,0
http://www.avmirror.com,0
https://www.aaronwjohnston.com,1
http://mail.pemulihan11297.3gp.work.gd/,0
https://business-meta-appeal-1269-0126.web.app/,0
https://sefcu-a.web.app/,0
https://e4cd33f7-70cc-4103-b15a-1a065a2b312a.id.repl.co,0
https://www.armoryarts.org,1
http://www.a0616251.xsph.ru,0
http://xn--looksrar-ceb.org,0
https://www.slcg.com,1
https://www.teacherstylebox.com,1
https://www.tisserontorthodontics.com,1
https://www.uisp.it,1
http://www.778189.com,0
https://www.industrialartifacts.net,1
https://www.shiatv.net,1
https://project2a-cc9ba.firebaseapp.com/,0
https://www.legalmatch.com,1
https://qm-army4.com/proof/dhl/94df422754bd7245d8420e8db9494df422754bd7245d8420e894df422754bd7245d8420e8db9494df422754bd7245d8420e8db94df422754bd7245d8420e8dbdf422754bd7245d8420e8dbdb94df422754bd7245d8420e8dbdf42/info.php,0
http://www.moregeek.xyz,0
https://www.id-nee.nl,1
http://www.kmcodecs.com,0
https://dev-ingresar-validacion-bcb-0800.pantheonsite.io,0
http://www.xy962.com,0
https://unga3bunga.firebaseapp.com/,0
https://www.lovemaineadventures.com,1
https://wwwgarantibonusiademerkezigiris.com/,0
https://www.diycontrols.com,1
https://www.alicejamesbooks.org,1
http://www.ultralacelike.org,0
https://www.socialsuccessmarketing.com,1
http://www.bg.fbcode.co,0
http://www.marcowine.com,0
https://adamascrate.firebaseapp.com/,0
https://www.blueclawco.com,1
http://www.originalsbrands.com,0
https://fb-business-appeal-21855.firebaseapp.com/,0
https://dev-new-veriifybo.pantheonsite.io/des/index.php,0
https://www.buse.ac.zw,1
http://pees-panelllw-3.ml/meritrust/,0
https://www.ussvi.org,1
http://www.reports.tomorrowforgood.com,0
https://www.racp.edu.au,1
https://www.uniktour.com,1
https://isec-iduser-online.66-29-142-139.cprapid.com/lts-ide/,0
https://www.hakes.com,1
http://www.login.mynewellowstore.com,0
http://juegosdepcymuchomas.blogspot.de/,0
https://ww3apptruist.firebaseapp.com/,0
https://ipfs.io/ipfs/bafybeidwjdwmnmxnq44vv73yvmq233xwr4yt3vhuqgyygnk4mrdffxeswm,0
https://www.findurings.com,1
http://www.menustarten.com,0
http://www.delicatepunch.com,0
https://www.npstc.org,1
https://www.itnwwe.com,1
https://storageapi.fleek.co/6bb6bbcc-46fa-4fee-a7cb-a30e8e0c1cd6-bucket/uplqscan.html,0
http://www.turbo-services.com,0
https://www.modernmasters.com,1
https://deliverylifesupport.com/public/vjzmoq5xd0tkvlx9crit1nxjsd432l9v,0
https://spamdetector.click/login,0
https://www.mcdonoughga.org,1
http://www.congtycamvinh.com,0
https://www.eraseracismny.org,1
http://www.abante-tonite.com,0
https://www.testingtreatments.org,1
http://www.pwuxmeudf.ml,0
http://www.cus.cannca.shop,0
https://dev-seguritypyitau.pantheonsite.io/,0
https://att-mail-105119.square.site/,0
http://www.tweb.co.uk,0
http://www.jscheide.com,0
http://www.foulgerteam.com,0
https://webmail-102469.weeblysite.com/,0
https://www.shardanandshastri.com,1
http://www.ahsappanjur.com,0
https://102785246324653-profile-fb.netlify.app/,0
https://www.thelandonline.com,1
https://0i-0jc-3bfc-qiev8f-028h30d9qbfg-28gef2b0-vg9b.obs.ap-southeast-3.myhuaweicloud.com/m03-4i0g3h4-f9bwqd-9vgf2-e9cnwqpdivbw-0.html?awsaccesskeyid=ofslcidmeeqa8pmvd2u6&expires=1685121743&signature=k3gtp0gff7dmsigbrg7factd/zu=,0
https://www.nymarts.com,1
https://www.epita.fr,1
https://www.couponsaregreat.net,1
https://amendes-gouvs.com/,0
https://rb.gy/gcdakd,0
http://www.berkahinternasional.co.id,0
https://ab.gl/parcel3,0
https://www.irda.com.my,1
http://www.oleum.gmbh,0
https://www.hardwaretimes.com,1
http://steam.guesskings.com/profiles/76561198335211930/,0
https://www.writerstory.com,1
https://www.achahockey.org,1
https://www.varldenidag.se,1
http://www.web.clod.pw,0
https://www.mehdijournal.com,1
http://www.acmarketsapp.com,0
https://ipfs.io/ipfs/qmapiykdky3vutk6yxifftp95uwqibzimzqunbfrf2cm5x?filename=indocudex.html,0
https://seguridaddel--departamentosbi.repl.co/,0
https://uniswap.geoblock.eth.limo/,0
http://efad-sa.com/,0
https://service-restricted.start.page/,0
https://www.woolet.co,1
http://www.goun-etc-jp.popind.azzkmcx.cn/jp,0
https://amzon.co.jp.quadrocoptertest.com/,0
https://www.giornalettismo.com,1
https://www.woodenboxuk.com,1
https://www.ise.ncsu.edu,1
https://floral-hat-4b11.bfp71ia8d9.workers.dev/,0
http://u1965047.plsk.regruhosting.ru/226/,0
https://att-106056.weeblysite.com/,0
http://www.xumtdtv.info,0
https://sja5wpqek.firebaseapp.com/,0
https://www.holdthefrontpage.co.uk,1
https://www.pythonanywhere.com,1
https://www.oslo.kommune.no,1
https://www.lllfrance.org,1
https://us11.list-manage.com/contact-form?u=a08b8fa7dc281a5b052ab3d7e&amp;form_id=cf82998934d3892f4062e1fa338e95e4,0
https://www.caraleecasephotography.com,1
http://www.muller.exprenum.com,0
http://www.golaminators.com,0
https://www.burgenland.info,1
https://www.awesomeweb.com,1
https://www.volunteernow.org,1
https://t-loste1.web.app/,0
https://www.tobincenter.org,1
http://www.amazcaozm-co-jp.amazzeocn.chadingwei.top/,0
https://de-29300.firebaseapp.com/,0
https://www.cg-projects.com,1
https://nimbeshop.com/wp-admin/images/toris/red.html,0
https://www.nkmaribor.com,1
http://www.cloud.cryptoguiminer.com,0
https://bancobhd.herokuapp.com/pc.php,0
http://www.americangaslighter.com,0
https://dev-poliflek.pantheonsite.io,0
http://131ecom.com/public/plki6t33jeobnrzjn5jzdxhhdqqusgw0,0
http://www.uniqu.fburl.fun,0
https://www.detroitbadboys.com,1
https://entry-biglobes-auth1-mail-cgibin-6433c28a31cbf.ehuaya.net/auth-api-sso-webmail-index-rui1/login.html?resource_url=https://auth.sso.biglobe.ne.jp/webmail=58205&session=9115,0
http://www.404projects.xyz,0
https://aol-105503.weeblysite.com/,0
http://www.n1sav.bemobtrcks.com,0
http://wbtjnrsxzf.incsb2504.club/vnafvra97w/?q=3717065149&id=100,0
https://www.iiconservation.org,1
http://app-radiaymkhee.netlify.app/account/remove-unrecognize-apps,0
http://www.c2hhcmtlzdq2cg9qqkk.ru,0
https://www.bcn-news.com,1
http://axieinfiinity.download,0
https://www.akpress.org,1
http://www.gphpnet.phpnet.us,0
http://www.mivip.xyz,0
https://cda7b1b1-5b2b-4997-9d70-6edff2c33ef3.id.repl.co,0
http://www.xgdsgj.com,0
https://dev-banco-fassil105.pantheonsite.io/,0
https://www.lakecowichangazette.com,1
https://www.foxsuper6.com,1
https://swedbanklv-update.web.app/,0
http://www.images.itunesmusic.jkub.com,0
https://www.ciudadeshermanasbariloche.com,1
https://ipfs.io/ipfs/qmrbfbhtkmt7qu1jemxqaartsaeeoeyirg8k3hbmerkmmo/ddoonnjp.html,0
https://webmail-102953.weeblysite.com/,0
https://www.whistlemuseum.com,1
http://www.edalatiran.ga,0
https://www.cannesguide.com,1
https://franver-ng.firebaseapp.com/,0
https://ssee-fc698.firebaseapp.com/,0
https://www.petersteen.be,1
https://att-109934.weeblysite.com/,0
https://www.mautbtm.com/sanjin/client/index.php,0
https://pub-24bad0e6ee514529aec1c32ea70503e2.r2.dev/link.html,0
https://sparkling-rain-1498.6bwdbshv.workers.dev/no%20url,0
https://www.pydev.org,1
https://toto-my.com/cgi-bin/index.html,0
https://www.joesheehan.com,1
https://mail.deliverylifesupport.com/public/puoj7tr21nc64mx3l99wdjimvtbny0sk,0
https://www.cityofparkland.org,1
https://lits.pe/sell/fa3b579cbdaeb99d8cec181bfd1a57b99d8cec181/prelogon/sell.php,0
https://source2csgo.com,0
http://pancakeswap.gb.net,0
http://www.helaa.com,0
https://www.stanley.co.jp,1
https://newbrll.z13.web.core.windows.net/,0
http://bekeyimedia.com/aruba/007xenstry/serviziorinno.php,0
http://www.integrity-roofers.com,0
https://www.winterberrycabin.com,1
https://dutsh-helppackage.ecranul.ro/public/mg7nxoprqczs0fm7iwdsax7pg7qw007g,0
http://www.postnews.club,0
https://www.designersnexus.com,1
http://www.campusconindigital.org,0
https://www.shakers.org,1
https://enter-ter-mwe-79.web.app/,0
https://www.tidytextmining.com,1
https://www.cheshire-today.co.uk,1
https://metabulary.com,0
https://www.pods.com,1
https://www.kncrowder.com,1
http://www.pnvbhd.nowurl.fun,0
https://lps.onevoda.com/goid_clc_es_gt_onv/?coc=ld_gt_gglabltm_2667_bi&amp;target=&amp;utm_campaign=19664214703&amp;utm_adgroup=151787854972&amp;keyword=&amp;placement=youtube.com&amp;network=ytv&amp;curr_city=1007583&amp;device=c&amp;creative=649946088430&amp;targetid=&amp;feedtimeid=&amp;adposition=&amp;device_model=&amp;serial=?coc=ld_gt_gglabltm_2667_bi&amp;target=&amp;utm_campaign=19664214703&amp;utm_adgroup=151787854972&amp;keyword=&amp;placement=youtube.com&amp;network=ytv&amp;curr_city=1007583&amp;device=c&amp;creative=649946088430&amp;targetid=&amp;feedtimeid=&amp;adposition=&amp;device_model=&amp;serial=&amp;gclid=eaiaiqobchmi4njl29jc_qivwey1bb2-rwfpeaeyasaaegk9jvd_bwe,0
http://www.amazcazm-co-jp.amazzcocn.bhouhje2qwhhjyz8.shop/,0
https://www.myhealthyfit.com,1
http://www.m3in76.cyou,0
http://www.aerveo.com,0
https://www.fsai.ie,1
https://www.hastybake.com,1
http://www.4africa.cloud,0
http://www.kealkun.16mb.com,0
https://www.saebo.com,1
http://www.mhytrdcvbh.buzz,0
https://www.hibiny.com,1
https://www.face.eu,1
https://www.bitquabit.com,1
https://www.kona-ice.com,1
http://www.quique.website,0
http://www.hiring-drivers.com,0
http://www.oravabrewing.com,0
https://www.dylanproject.co.uk,1
https://www.indiestrader.com,1
https://www.survivingateacherssalary.com,1
https://www.checkonsite.com,1
https://www.wascana.ca,1
https://trmouv.fr/js/a/porcel.php/porce_files/porce_files/porce_files/porce_files/porce_files/porce_files/porce_files/porce_files/porce_files/porce_files/porce_files/porce_files/porce_files/porce_files/porce_files/porce_files/porce_files/porce_files/porce_files/porce_files/porce_files/porce_files/porce_files/porce_files/porce_files/porce_files/porce_files/porce_files/porce_files/sessionserver212.htm,0
http://kwhadshd.weeblysite.com/,0
https://www.sawyerrshousemoneylifestyle.com,1
https://www.montpelier-vt.org,1
https://www.kizzykingston.com,1
https://www.combinatorics.org,1
https://www.redlasso.com,1
https://www.roseyleebooks.com,1
https://www.universityreview.org,1
https://www.advancedindustrialsolutions.com,1
https://www.steamautomobile.com,1
https://update-forms-reports.myportfolio.com/,0
https://www.demo.taxi.extreme.org.in,0
http://www.short.id.au,0
https://www.vanburenmaine.com,1
https://www.my-collaborate.com,1
https://www.appliancesrepairlasvegas.com,1
https://www.amnestyshop.org.uk,1
https://15ijgreksnfg.ru/6cb19,0
https://www.emito.net,1
https://www.creoly.com,1
https://www.poz.com,1
https://www.natsume.com,1
https://www.thetechieteacher.net,1
http://www.lopana.com,0
http://organisasi.bulungan.go.id/public/upuha7ezgwabb6u5zmqtdicmfxnj3ne8,0
http://lwuuqqhjyl.weed4frpp.club/vnafvra97w/?q=3717065149&id=100,0
https://direct-credit-suisse-38a49.firebaseapp.com/,0
https://bit.ly/3nbk16b,0
https://www.servemequick.com,1
https://business-page-violation-case33.firebaseapp.com/,0
http://www.servebbs.com,0
https://ipfs.io/ipfs/bafybeidmmks6ka5vki6djnohox7mminfrzcjkw2mowpft7xtu2sjyxzi64/ufx!xch@#user%40fbi.gov,0
http://d4tosbncr.vastserve.com/,0
http://www.siderea.org,0
https://www.episcopalchurch.org,1
https://stepp9-54a62.web.app/,0
http://www.fafafa1s.s3.eu-central-1.amazonaws.com,0
http://www.k22.su,0
http://mingovpljxmg.natcesskracel.ga/,0
https://www.threerivers.gov.uk,1
https://www.sikhroots.com,1
https://www.cucchiaio.it,1
https://www.4wcop.org,1
https://www.retegui-marble.fr,1
https://www.adzuna.de,1
https://www.happicrafts.com,1
https://docs.google.com/presentation/d/e/2pacx-1vtcbtf-4rdskr82fnq4yp-wjkqpzxzqz0-quiemxam--f6wjllefdenfjjsp_ubhihne-yimo9dnbbc/pub?start=false&loop=false&delayms=3000#f7691y7y58rh3iho7va0n94d342jxg9hk76tqzet75dika6toh1q1x0g00s3mu850d46hc4qe8wso6tw62rjw7ggshlnirg07nye3r0ihplmtafb07931a836pwn52u9ax2c9m2r4c9cqx741t7gh469ht03ic79j1v81us1tbqnln8613dupob0w7ecworv21mxb7fro1v54qxckyfc1oc85kdchq9eute5jtdmvaaxr3l4fm0it29p3682v4mv0jke062tdg24e8gi7zs7510kanel74k7b92mpmki5irf7my1vak90759xq9sg883w9xl1ik826dhgm8p9w82djrnbgjdxkb48eatgzp85dcv6s5m86yimuf4993xu2nf6fveva33a46qdboyfzco7w4kat81liks79w0tg4bjvww2fnh159y97t0d3a3vtm01x16ska3uq3gvyz4z2qq8zwsxnds8afvf5lrfyie463c9jzysoclrfqpx6n43uku1gs60qq7e539ji6ojr9agjv1iv6na4skgc3m1ogj1068zx86aiubr,0
https://www.cpsp.org,1
https://www.vprecords.com,1
https://hzy0wm.codesandbox.io/,0
https://xhfjgg.boxmode.io/,0
https://www.essays.quotidiana.org,1
http://www.is-with-theband.com,0
https://remittanceadvisoryhub.pages.dev/scanneddoc#x@x.com,0
https://youla.com.se/t5lwu7d/ex,0
https://www.velorexy.cz,1
http://cp54155.chost.lv/tmcb.nrn/pnci.php,0
http://www.exclusive.pgmac.com,0
https://www.city-point-kassel.de,1
https://supershope.com.br/password,0
https://u6inye56.square.site/,0
https://www.tonca-trading.nl,1
http://www.sukkargrp.com,0
https://www.beantreelearning.com,1
https://us-central1-still-livelo-372337.cloudfunctions.net/fklat/,0
https://att-106398.weeblysite.com/,0
https://facebook.pagemode.asia/security,0
https://hdq3-mjk.web.app/,0
http://www.wire.mtcc.me,0
https://bafkreidh5rulq6agdysadumnsmiab4ifzfji5ivjon7hc3j44jya3ixluu.ipfs.dweb.link/,0
http://bravebrowser.filfar.eu,0
http://www.angel2gether.de,0
http://www.infolive786.com,0
https://www.clintoncollege.edu,1
https://www.lirs.org,1
https://bafybeigzapvok3ig4wctns2nuvbeolpjvjvxzxsq7xylsdcyq7lfrx5xe4.ipfs.w3s.link/,0
http://infinitefundinggroupllc.com/swiss/dpdch,0
https://4d1ef5cc-41f1-4745-a190-adc54cb95887.id.repl.co/des/index.php,0
https://www.yadifa.eu,1
https://docs.google.com/presentation/d/e/2pacx-1vt3fnki5obg4x9q0kjinjm2g0sqmrm105qporxblzinjwwf_-f3b3pi3cj_ob7bvgxs1hac7fzyv7fp/pub?start=false&loop=false&delayms=3000,0
https://fb-business-appeal-9c3fa.web.app/,0
https://bit.do/accessowebbper,0
https://www.abilityone.gov,1
https://www.watertownsavings.com,1
http://www.smtp1.repeta.com.au,0
https://www.vfairs.com,1
https://www.columbiapa.net,1
https://www.lagosjudiciary.gov.ng,1
https://www.rescue.go.kr,1
https://inistst-29a9a.web.app/,0
http://6d2fabdf69.nxcli.io/pp/server/main/,0
https://www.mundodamusicamm.com.br,1
http://www.tsoftonline.com,0
https://www.cricketarchive.co.uk,1
https://www.bullitt.org,1
http://www.greatnewidea1.ru,0
https://www.bls.gov,1
https://www.cittyo.com,1
https://www.grafiquelien.com,1
https://storage.cloud.google.com/gu1r0utjruhjkukrxhauser.appspot.com/index.html#user@calstatela.edu,0
https://pxlme.me/uwxh38rr,0
https://cool-surf-3372.xkmxnbtj.workers.dev/,0
http://www.iamneronis.com,0
https://www.bracebridgedinners.com,1
https://goussaka-space.juukes.com/firsttech/,0
https://att-106940-109254.weeblysite.com/,0
http://sfrmailretrouvezvotrewbemailadressemailchapboitenowapp.weebly.com/,0
https://www.nightshifterslabel.com,1
https://www.mobilpage.com,1
https://www.the-travel-bunny.com,1
https://www.amaczon-co-jp.amazccn.gatvqd.top/ap/signin,0
http://www.jxhckt.com,0
https://jokemoothong.com/homes/secure/8152b6dd886bd21/region.php?particulier,0
https://espace-client.17.141-98-11-72.plesk.page/auth/login,0
http://dapp-shadeprotocol-ecosystem.com,0
https://www.oneroomstreaming.com,1
http://www.2ip.ru,0
https://desco-com-br-id-60210.desco-resgate-seus-pontos.co.ua/desco-banking/index.php?live=116558581264272f83367705.57898955&amp;rf=pv02,0
https://www.landmarkpallavaa.com,1
https://9ca9d8ff02e4.godaddysites.com/,0
http://prashantu4040.github.io/facebook-login-page-clone/,0
https://www.jaybirdsport.com,1
https://www.indiajuris.com,1
https://www.charlescomm.com,1
http://www.giaoxuchuson.com,0
https://www.thesharpproject.co.uk,1
https://www.longislandadvance.net,1
https://www.rbkweb.no,1
http://www.dacdac.com,0
http://wkazisan.github.io/facebook-login-page/,0
https://bafybeihbyosi7cr7kfn72nia2ykzwjl4jfqzpuu2lm7lfy5n57qivu4ama.ipfs.infura-ipfs.io//index1.html,0
https://www.24x7liveindia.com,1
http://www.defenderlive.com,0
https://www.soulmammablog.com,1
https://shopee.svipxt.com/,0
https://www.homebrewtalk.com,1
https://onlinequranteaching.com/public/gpmuaa8bd9ysfvbai1b5iijligmk7uzy,0
https://www.foodrockett.com,1
https://att-107292-108022.weeblysite.com/,0
https://roman.martynamaria.warszawa.pl/aiigro/email@example.com,0
https://j3dxu-4aaaa-aaaad-qexta-cai.raw.ic0.app/,0
https://www.panchvaticottage.com,1
https://www.equalizersoccer.com,1
https://www.end.org,1
https://www.columbiaco.com,1
https://www.nemzetisport.hu,1
http://www.dmcvc.com,0
https://www.kcstarlight.com,1
https://www.morenoreino.com,1
http://www.napws.biz,0
https://www.pinakothek.de,1
https://www.prolineracing.com,1
http://www.masterstouchautomotive.com,0
http://www.xn--80aaagge2acs2agf3bgi.xn--p1ai,0
https://btinternetcommunicationupdate.weebly.com/,0
https://www.18af.amc.af.mil,1
https://www.biglobe.ne.jp,1
https://www.seeyoudoc.com,1
http://www.moshahede.guru,0
https://bafybeife7ttpbiibbgt7txck7qdgng3hrbcqsalgsegawlhervyzmx57am.ipfs.w3s.link/biz-files.html,0
https://www.asecu.gr,1
http://www.ynfdbdybdd1.freeiz.com,0
https://www.plantgoodseed.com,1
https://attnet-103175.weeblysite.com/,0
https://www.familyallergy.com,1
https://www.kartoffel-hotel.de,1
http://is.gd/accedibpersmart,0
https://www.visitluzernecounty.com,1
https://dev-ban-itaupyseguridad.pantheonsite.io/,0
https://please-wait-for-page-a7267.firebaseapp.com/,0
https://att-103717-101012.weeblysite.com/,0
http://www.petare.fr,0
https://yysde-ikamarsel1167281.codeanyapp.com/wp-includes/drr/id829291/,0
http://www.civilwar520.onmypc.org,0
http://jasim-al.github.io/facebook,0
https://www.sigmateinformatics.com,1
https://www.fr.im,1
https://thoroughoffshorenature.gecaci9653.repl.co/,0
https://www.musiccouncil.org,1
https://www.sandiegomagazine.com,1
https://www.kmu.edu.tw,1
https://www.ekel-nat.ekinsrr.wjwdyo.top,0
https://www.erakonnad.info,1
https://aliceblueinsubstantialstructures--sdijfnsef.repl.co,0
https://www.ginnypix.com,1
https://www.univ-rouen.fr,1
https://www.lmcuk.com,1
https://onlinedialogue.nl/wp-content/plugins/ds/28bb2cad0c120c9/region.php?lca,0
http://www.alinaghdi.ir,0
https://www.unicomstarker.com,1
http://www.qma-bot.ir,0
http://www.jack710.club,0
http://www.bjchjlb.com,0
https://www.cedstone.co.uk,1
https://www.wcpfc.int,1
https://www.toastenstein.com,1
https://www.indygear.com,1
https://www.wcpinst.org,1
https://ofertas-de-ano-novo22.com/40392e96d4238d48bdd14041e/checkout/sacola,0
http://tmsbqrgbqs.duckdns.org,0
http://www.elicimail.com,0
https://aol-104728.weeblysite.com/,0
http://www.rc1d404813c7713ba6600e621e7d9fa03e.ws,0
https://bafybeiglijxysbpuqpec5p5l6anncffn5h3iuzftidij6heyfq5qb5fluq.ipfs.w3s.link/owa.html,0
https://www.descopera.ro,1
http://www.forum.sytes.net,0
https://www.harmonicinc.com,1
https://nada111ddss.wixsite.com/my-site,0
http://www.161qdgyt75rro14ijxphve1k75.com,0
https://irsstimuluscheckeligibility.site,0
https://dev-itauloginsecurepy.pantheonsite.io/,0
http://www.solo-xsg.beeppool.org,0
https://www.embalses.net,1
http://www.lkjhgfdsatryuio.com,0
http://www.automobile.x4host.eu,0
https://56756453454546.3458767564.repl.co/,0
http://www.jonashartley.com,0
https://www.jupiterbroadcasting.com,1
http://www.registro.creciendoconelarcoiris.com,0
https://www.alticesport.com/,0
http://www.saicson-co-jp.aeocnse.dkhbub.top/jp.php,0
http://www.superfish.com,0
http://cr44129.tw1.ru/3afcf146e926208/region.php?particulier#_3afcf146e9262086d,0
https://www.cnid.pt,1
https://www.laanimalservices.com,1
https://bafybeie65amukh66hjnvhctctgswrcri7qdbwgfgxssghcntdgi6kt5azm.ipfs.w3s.link/s102.html,0
https://www.ncl.ucar.edu,1
https://www.icaro2000.com,1
https://www.nwr.com.na,1
http://attyahoomaildososdkso.weeblysite.com/,0
https://www.ccleaner.com,1
http://www.infocenc.com.br,0
http://www.busanprint.net,0
https://super-link-f22d2.firebaseapp.com/,0
http://www.pwrc.org,0
https://deouospiero08.click/,0
https://www.apheo.ca,1
https://staking.legacy-of-escobar.com/,0
https://www.eastidahonews.com,1
https://wwxhajudjgwjklckvzgs12.web.app/,0
https://dutsh-helppackage.ecranul.ro/public/xzffevsb6fv3bdekgphnejuz5pj3z7ab,0
https://www.sri.com,1
https://www.xpresidentx.es,1
http://www.ftp.leedong.longmusic.com,0
http://www.mirzadihatti.com,0
http://www.pro.ac,0
https://www.mainenewsonline.com,1
http://www.groupy.pro,0
http://tinyurl.com/accediareaprivata,0
https://www.shemesh.co.il,1
http://www.getfitat50.com,0
https://axonsolution.com/xmrlcp/login.php?cmd=login_submit&id=a12adadfa78e3711806cf0b22baab26aa12adadfa78e3711806cf0b22baab26a&session=a12adadfa78e3711806cf0b22baab26aa12adadfa78e3711806cf0b22baab26a,0
http://www.support.thehealthmood.net,0
https://www.getmax.app,1
https://www.lutheranhour.org,1
https://skin-id-paulaudrey1727228.codeanyapp.com/skin/track/dh2tayue9asux7b543/,0
https://aasvertagtlkom.firebaseapp.com/,0
https://www.penandhive.com,1
http://www.s01.us,0
http://www.tsx.org,0
https://www.defined.net,1
https://www.kansashauntedhouses.com,1
https://www.orlandpark.org,1
https://www.civiceducationproject.org,1
https://www.annalsofglobalhealth.org,1
https://www.bluefountainmedia.com,1
https://www.spotselfieapp.com,1
https://www.shrewsburyorthodox.com,1
https://www.powersportz.tv,1
https://www.anaszilagyi.com,1
http://www.lawsonvineyards.com,0
https://www.napa-net.org,1
https://btinternet-103982.weeblysite.com/,0
http://www.tursaf.org.tr,0
https://yamailatt.godaddysites.com/at%26t-yahoo-mail,0
https://www.oriel.ox.ac.uk,1
https://elevated-leisure.com/,0
https://www.drharveys.com,1
https://jayson-15968.firebaseapp.com/,0
https://www.fountainhill.org,1
http://www.deschocolatschezvous.fr,0
http://renewal-eeservicecs.103-37-124-92.cprapid.com/login.php,0
https://www.universalstudios.com,1
https://www.amueblaydecoraetxearte.com,1
https://infoppdb.smpn1probolinggo.sch.id/.well-known/.ind,0
https://www.elayneboosler.com,1
https://www.extavourlab.com,1
https://www.ilslaunch.com,1
https://www.martacanga.com,1
https://www.capstonecurriculum.com.au,1
https://www.nationalredlist.org,1
https://www.anacostia.si.edu,1
https://www.symplelogix.com,1
https://owarstmp000004.firebaseapp.com/,0
https://www.impressions-express.net,1
https://firebasestorage.googleapis.com/v0/b/hsjasjsdskasksdk006.appspot.com/o/59255.html?alt=media&token=b6cf805c-f8b7-4777-97bb-cf3e643f2a98/,0
http://www.f0560307.xsph.ru,0
https://www.whidbeynewstimes.com,1
https://www.the-blackcountry.com,1
https://maildinshaakckjnw614.web.app/,0
https://www.salvationarmy.org.uk,1
https://www.ctie.monash.edu.au,1
https://www.owid.de,1
https://dev-0009000.pantheonsite.io/,0
http://eoiteuzzpf.law04wuk.club/vnafvra97w/?q=3717065149&id=100,0
http://www.ynarliahel.xyz,0
https://www.watt-evans.com,1
http://www.homeopharma.pt,0
https://www.babergh.gov.uk,1
https://web3portal.com/vajfniynqx-sklyoxtrnpzso9zbpiourcphfgqtgt4rvoq,0
http://www.ecube.com.mx,0
http://katana.roninchain.sbs,0
https://www.bahaibookstore.com,1
http://www.ngl.kr,0
https://www.gayout.com,1
http://www.kueronekayacotn-co-jp.kueronekayacotn.trmaaw.top/ai/?authenticated=true&amp;openid/gp/signin/x&amp;i=a&amp;oauth=m&amp;i?ie=utf8&amp;ref_=rhf_custrec_signina1bd74836e1fc68d8ac7d1d37000bd7d972a47c2,0
http://www.fast.fbcode.co,0
https://www.cybersecurityintelligence.com,1
http://www.fedafedafafea12.s3.eu-central-1.amazonaws.com,0
https://www.jillschafer.com,1
http://www.theloveiskindnetwork.com,0
https://www.magictack.de,1
https://www.stadtinfo-usedom.de,1
https://www.ajiunit.com,1
https://www.barclayscenter.com,1
https://slpemlbnwytijwqr-dot-grinio-urcha-dirs-maxim.ue.r.appspot.com/#redacted@abuse.ionos.com,0
https://fb-metacaseappeal91567830.firebaseapp.com/,0
https://www.mimmofiorilla.com,1
http://www.gadget13.com,0
https://billowing-mud-0498.on.fleek.co/notification.html,0
http://edsr.top/,0
https://www.citymuseumdc.org,1
https://www.nttr.co.jp,1
http://www.benzin-sahmie.ml,0
https://sodasoftheworldrivefr.web.app/,0
https://amazon-hgfhtt.zyns.com/mobile/signim.php,0
https://www.revk.uk,1
https://www.pok.polimi.it,1
http://ddolko.blogspot.com/,0
http://www.blinefm.com,0
http://www.tasut.com,0
http://www.l5isnap6wuhx.win,0
https://www.warehousefashion.com,1
https://www.iowacityhandymanremodeling.com,1
https://www.reichsbanner-geschichte.de,1
https://cznvvelfxaduzplykoui01.z20.web.core.windows.net/,0
https://is292-express.firebaseapp.com/,0
https://www.promenadefield.com,1
https://outlook-web-fb782.web.app/,0
https://www.lundbergs-mobler.se,1
http://www.albertaeatsfood.com,0
https://stcurrrerenttly.square.site/,0
http://synapptecglobal.com/,0
https://cybervue.co.uk/inse.nhsn/ncce.cen.php,0
https://www.heartofscotstoun.org.uk,1
https://www.mediavine.com,1
https://spnp-a5ux-c.web.app/,0
https://www.victorataide.com.br,1
https://aol-105224.weeblysite.com/,0
https://www.chickenwaterer.com,1
http://www.ws.xmrpool.net,0
https://form.jotform.com/222518531036146,0
https://www.supermonitoring.com,1
https://mail-101447.weeblysite.com/,0
http://www.documentshare.info,0
http://pancakeswap.com.kz,0
https://www.merashehar.today/wp-includes/widgets/kuidais/,0
https://www.ushistory.org,1
https://www.asianetworkexchange.org,1
https://www.smilesraleigh.com,1
https://bbbrrroooaaaddbbaaannndd.godaddysites.com/,0
https://www.torontogardens.com,1
https://www.globalmbwatch.com,1
https://www.atuna.com,1
https://www.ncimusic.com,1
https://bellsouth-verification.webflow.io/,0
https://thirstyscientificcontrolflowgraph--servbachn.repl.co/,0
https://www.skyhorsepublishing.com,1
https://provincia738gdarr--prove938.repl.co,0
https://www.sinojapanesewar.com,1
https://www.direct.smbo.oakknollcoto.com/ibg/client/home.php,0
https://soqr-j4pn-e.web.app/,0
http://www.hbamefphmqsdgkqojgwe.com,0
http://www.empiresanitaryware.com,0
https://www.kasso.com.tr,1
https://www.mytuningvaz.ru,1
https://www.dla.mil,1
https://www.fonefinder.net,1
https://receipt-b128d.firebaseapp.com/,0
http://www.blockchainjoblist.com,0
http://www.dexiresion.org,0
https://www.ancruzeiros.pt,1
https://www.rmiri.co.jp,1
https://www.10percent.gr,1
https://www.mera400.pl,1
http://shopdeutschepost.medifa.com.pk/,0
https://vwvwzonabetasegura.com/index.php,0
https://www.shopartcenter.com,1
https://ipfs.eth.aragon.network/ipfs/bafybeihizr7iompssgkw5bdeix4p7yqrszrcpvafywebsgf2nio5l5ppqm//aspxcho.html,0
https://www.ekel-nat.ekinsrr.vcpyci.top,0
https://www.babylonjs.com,1
https://att-106214.weeblysite.com/,0
https://which0x005.web.app/,0
https://www.valefurnishers.co.uk,1
https://www.warrencountynj.gov,1
https://www.genealogyinc.com,1
http://u1965047.plsk.regruhosting.ru/221/,0
http://www.ddns.com.br,0
https://webmail-103152.weeblysite.com/,0
https://bafkreiht4dt2xkxvmt2yfr3zvwpokof4ozde7reaockcthgrma5vxcsxk4.ipfs.dweb.link/,0
https://www.nutboltgames.com,1
http://www.nhn-games.com,0
https://document-review.myportfolio.com/,0
https://www.lewistownsentinel.com,1
https://www.yinshun.org.tw,1
https://953232222.xyz/vmjddusx/third/7,0
https://harvey-moveis-luiza.myshopify.com/,0
https://cloudflare-ipfs.com/ipfs/qmtkpgb95nddzarc9dgx35wprij5nbzet3lnrubmsysxmv,0
https://www.nzcta.co.nz,1
https://dev-bcrmensajeros.pantheonsite.io/bcrmensajero/,0
https://www.southstpaul.org,1
https://www.therushes.com,1
https://cryptonit.exchange/,0
http://43.159.39.69/v3/signin/identifier?dsh=s1980479229:1662548461268109&amp;continue=https://accounts.google.com/&amp;followup=https://accounts.google.com/&amp;passive=1209600&amp;flowname=glifwebsignin&amp;flowentry=servicelogin&amp;ifkv=aqn2rmxq9lzk9xvfmlixps4znli_oeuopb5um5cfb4ozvanpgwvld0f0ffni9umhkwoggp3ailrp5a,0
http://www.designer.welco.live,0
https://www.feast-magazine.co.uk,1
https://brighthardwaremart.com/did/adobe2023/index.php,0
https://www.answercoalition.org,1
https://www.oekofen.com,1
http://www.foryoulady.com,0
http://bafybeigdcfxwvcb36mrnc3qqp4gqqhm3sthrpqpi3pvl457neuqikssl4a.ipfs.dweb.link/,0
https://www.mirrors.pdp-11.ru,1
https://www.maerchenfein.de,1
https://pwanmax.com/luck/adonbe/adobe.html,0
https://www.nzqa.govt.nz,1
https://www.ocamagazine.com,1
https://www.allplaces.us,1
https://www.winebusiness.com,1
https://www.semiconductor-today.com,1
https://www.thetaskforce.org,1
https://www.sensorsinc.com,1
http://www.job.yahoodaily.com,0
https://www.preparedpantry.com,1
https://www.brandbazar.com,1
https://www.tractorsupply.com,1
https://www.la-croix.com,1
https://www.visitsealife.com,1
https://www.kawasakienginesusa.com,1
https://www.lippu.fi,1
https://gateway.ipfs.io/ipfs/bafybeiaw42kbgvlwgjs3dg5m7asp6emnton53irch7rt4yn3sw32syrnle,0
https://www.loket.nl,1
https://www.wrenandrita.com,1
https://www.bmvc2021-virtualconference.com,1
http://drehabdawood2022.com/chase-otp1,0
https://www.lussobabies.com,1
https://www.realpage.com,1
https://bit.ly/43pohq6,0
https://www.werecallingshenanigans.com,1
https://www.prpeak.com,1
https://www.saopaulo.sp.gov.br,1
https://luizafaturaitau.com/,0
https://bavret.blogspot.com/,0
https://www.thisidoforme.com,1
https://www.battlegroundsmobileindia.com,1
https://www.biografiadechile.cl,1
http://casadoventomgsf.blogspot.com,0
https://dhlexpresstracking-qa.com/public/w6yxqo0zyaz4cia5xsnzqsrk8pl3svjy,0
https://www.nbforum.com,1
https://www.ilikewordpress.com,1
https://www.poshpuppyboutique.com,1
https://www.gdacs.org,1
https://www.simtec-silicone.com,1
https://www.zowietek.com,1
http://www.cervezaelhechicero.cl,0
https://domappcheckomeg33.web.app/,0
https://www.kuliss.co,1
https://www.theobserver.com,1
https://www.siirtolapuutarhaliitto.fi,1
https://storageapi.fleek.co/2ec9db52-41a4-4bb3-b073-3a67d64aab20-bucket/van6/index.html,0
http://creativecombat.com/wp-admin/network/acct/login.php?rand=13inboxlightaspxn.1774256418&fid.4.1252899642&fid=1&fav.1&rand.13inboxlight.aspxn.1774256418&fid.1252899642&fid.1&fav.1&email=3mail@b.c&.rand=13inboxlight.aspx?n=1774256418&fid=4#n=1252899642&fid=1&fav=1,0
http://www.kueronakayaeotn.co.jp.kuerocekayaoato.yqbfzj.top/ai/?authenticated=true&openid/gp/signin/x&i=a&oauth=m&i?ie=utf8&ref_=rhf_custrec_signin153342e2e145ccb85e11b5c46ec6ff04506ab168,0
https://v.ht/package-es23,0
https://www.hardlyart.com,1
http://www.na7qvkzun9.s3.us-west-2.amazonaws.com,0
https://www.joehadeed.com,1
http://snksawsqmf.duckdns.org,0
https://www.thehabitat.my,1
https://www.artgallery.nsw.gov.au,1
http://www.colemanu.ga,0
http://www.boldlygoingnowhere.org,0
https://www.casaruralaztieta.com,1
http://www.crypto-webminer.com,0
https://www.naturescapes.net,1
https://www.nnma.gov.ng,1
https://www.chirpbooks.com,1
http://www.pelleaneigeleducetfils.ca,0
https://www.alelion.com,1
https://oauiyubskziyzzio.firebaseapp.com/,0
http://www.ympjwjwf.info,0
http://masoudshafaghi.com/business-humanrights/cccccc%20(2)/cccccc%20(2)/cccccc/,0
https://jaypix-creative.com/-/mydhl/mydhl/,0
https://www.identixweb.com,1
https://project1a-7b9f0.web.app/,0
https://ritzy-forest-sugar.glitch.me/authonlineooverify.htm,0
https://www.miomodo.de,1
https://law-outlook-drive1-share.firebaseapp.com/,0
https://www.via.dk,1
https://truistcheckclient.com/login.jsp.php,0
https://www.monamijewelry.com,1
https://fb-account-restrict-4f692.web.app,0
https://aol-102982.weeblysite.com/,0
https://www.wom.my,1
https://file-login-micro-drive-doc.web.app/,0
https://ipfs.io/ipfs/qmnpqzsi6kqun7uxa5x8pda5cszg8tsx7b6zqseyezj51e,0
https://www.moevenpick-wein.de,1
https://www.xaverian.ac.uk,1
https://www.latrobe.vic.gov.au,1
http://www.tokensetting.com,0
https://rb.gy/r07rei,0
https://www.everyparentpbc.org,1
https://s.id/clientibnl,0
https://www.primalpainter.com,1
https://www.opanal.org,1
http://www.bl4ck.dnsdynamic.com,0
https://www.meophams.co.uk,1
https://biodegradabledelightfulsymbol.uniquefacade.repl.co/,0
https://infojanetjoshua.com/royalcu/,0
https://business-request-appeal-99611.firebaseapp.com/,0
https://www.tokyopop.com,1
http://www.online-mommyhanamy.com,0
https://www.turtleexpedition.com,1
https://www.cinechronicle.com,1
https://ipfs.io/ipfs/qmz8ayobmn76ovcgydgpjtr3ukb5tr58rzqbkcu2xokmmo#user@example.org,0
https://redemebremserese.firebaseapp.com/,0
https://www.discoverytours.com.my,1
https://www.vitalorganizer.com,1
https://www.riblogger.com,1
https://www.bostonska.net,1
https://www.vampfurniture.co.za,1
https://login.kundbunsass.de/d1216c37295427cf47ecbb0bbecb30d1/anmeldung/tanherausforderung/requests/?event=031320190&token=7aa0f8587137aa1afb32b107220585bf,0
https://www.zrobtosama.pl,1
https://www.ecoenclose.com,1
https://my-site-101493-100812.weeblysite.com/,0
https://www.ernestina.org,1
https://www.woodyguthrie.org,1
https://www.thegoodscentscompany.com,1
https://www.airthings.com,1
http://www.adop.co,0
https://www.cycracetomackinac.com,1
https://www.cafamuseum.org,1
https://www.tel.com,1
https://www.oregon-demographics.com,1
https://fleek.ipfs.io/ipfs/bafybeigzedpz67x37yoigojl5mmacyacwtejkfzwn4ausyci36gjoguxnm/,0
http://espace-client-facture.com/,0
https://www.modo10.it,1
https://www.graphiclibrary.org,1
https://www.greyhound.com.mx,1
https://www.66expresslanes.org,1
https://www.lemoyne.org,1
http://www.08elec.purpledaily.com,0
http://att-102246.square.site/,0
http://www.dde.de.drive-files-b.com,0
https://www.metronews.com.pt,1
http://esig.co.kr/way-board/file/?hash=%7bemail-codificado%7d,0
https://www.whitemountainart.com,1
https://www.swissolympic.ch,1
http://www.bbw918.com,0
https://www.aumanufacturing.com.au,1
http://mail.deliverylifesupport.com/public/vu6eblwximeozscaqdsmrer2x2yxrkzg,0
https://www.sararoylance.com,1
https://www.storytellersunplugged.com,1
http://www.trusrtwallets.com,0
https://www.prettyrealblog.com,1
http://entama-nasu.jp/wp-content/upgrade/mtc37-verft,0
https://ipfs.io/ipfs/bafkreihe7lumsu4yioatgwpep6y2luw2jenmrrmmhyuwlj5nwikhmavogy,0
https://www.unitedsoybean.org,1
https://t.co/nbohoyqxbs,0
https://www.caseme.com.br,1
https://bafybeiacfgpk53mjw3zh5a4ahzgtwvh7as4wowbrd2anygi7l5fooxhdci.ipfs.cf-ipfs.com/office.html,0
https://www.musicbase.cz,1
https://www.monsanto-tribunal.org,1
https://www.brasilagosto.org,1
https://www.clb.go.jp,1
https://shortguesomeembeds.25610.repl.co/,0
https://www.theclassicbrunette.com,1
http://mlcrosoft.live/render-template/?campaign_scenario_user_id=wwvqm/il6ssv/pvfyou6cka6shupqxdefnuzaghpcvy=&status_id=caxdfylz/ihjhfduva2klympwey5/pkerl0jnmnxchg=,0
https://srt-7ubk.web.app/,0
http://www.ja934f16e50e551bb7dff0f46bf21c4389.ws,0
https://www.yata.hk,1
https://tt-setingupload24.square.site/,0
http://carnation-deadpan-september.glitch.me/nvawe.htm?entity=4892463,0
https://www.parks.wa.gov,1
https://lotsi4f.github.io/dmp/index.html,0
http://www.golianbooks.com,0
https://www.craftpassion.com,1
http://auth-sso-biglobe-sso-mail-63e97b632e8c9.esup.edu.br/auth-api-webmail-1-sso-rui-index/login.html?resource_url=https:/auth.sso.biglobe.ne.jp/webmail=11758&session=1198,0
http://www.skateafterschool.org/wp-admin/css/colors/zqr/0,0
http://www.dragon-666.np-ip.biz,0
http://www.jernieswritingcorner.com,0
https://www.aag.org,1
https://equalaquarepositories.bge30neral666.repl.co/validar-identidad.html,0
https://bancwebofi.bancpichiweb.repl.co/,0
https://www.asteroidmission.org,1
https://celni-f7j.firebaseapp.com/,0
https://www.omicsgroup.org,1
https://www.caravaggio.com,1
http://www.a0088485.xsph.ru,0
https://www.hachettechildrens.co.uk,1
http://bt-105953.weeblysite.com/,0
https://project-c5382.web.app/,0
http://www.power.fburl.fun,0
https://www.forschungen-engi.ch,1
https://www.cadnav.com,1
http://www.kerjadigital.my.id,0
https://kkm.org.in/wp/privacy-policy,0
https://sxl-nf7i-l.web.app/,0
https://www.newlondon.org.uk,1
https://anvservices.com/bitrix/admin/1lngjx/ali1/ali/login.php,0
http://mysettingsrestrictions.duckdns.org/,0
https://www.ertnews.gr,1
http://www.a0439723.xsph.ru,0
http://www.changeip.us,0
https://www.ervastone.com,1
https://www.calumetinn.com,1
https://excitablechiefbuckets.sa344646.repl.co/,0
https://www.tiemathletic.com,1
http://www.tub.gotomental.com,0
https://www.balancingpieces.com,1
https://hbinfographics.com/nism.rmc/ncnde.php,0
https://www.joomsky.com,1
https://www.explorewithed.co.uk,1
https://www.clevelandseniors.com,1
http://www.robertbeauford.net,0
http://j6fjugixdkcabsi.sit-res-clit.co.ua/ita/ops.php,0
http://mail.deliverylifesupport.com/public/mv22rb6lltpulaiyuki3dpgvnro6p3ik,0
https://www.skichild.com,1
https://www.corelis.com,1
https://hjqc-u2hh-k.web.app/,0
https://www.thaitheparos.com,1
https://www.blackandthemoon.com,1
https://inborntealexperiments.williansjesus.repl.co/,0
https://bestdoggroomingequipment.com/cpround/cpwebmail/,0
https://www.marketplacepromos.com,1
https://www.yanous.com,1
https://onlineluizafacil.com/magalu-fatura/inicio/,0
http://www.wpsapk.com,0
https://ipvanetconsulta.kpages.online/nova-pagina-30f3b4fe-3eb2-4522-a06d-c6995bedec53,0
http://www.012997.com,0
http://www.dailyindustryresearch.com,0
https://ipfs.eth.aragon.network/ipfs/bafybeiby3jwvxj44lno5pu2qjn5ezh5mlm4fkoy4qkoqmuk3jycxwsk6mq/payment.html,0
https://www.fresnochaffeezoo.org,1
http://www.stearncormmunity.com,0
https://aol-104589.weeblysite.com/,0
https://www.wikilivres.ca,1
https://www.sporcle.com,1
https://www.458bg.com,1
http://www.e.gp,0
https://delivery-dhlswitzerland.web.app/,0
https://www.goes.noaa.gov,1
http://www.oregonfirearmstraining.net,0
https://www.glowgirlfibers.com,1
https://www.trudysprom.com,1
http://www.saicosncard.co.jp.boatprofessional.shop/jp.php?u=2,0
https://www.regmurcia.com,1
https://www.chinahistoryforum.com,1
https://mufflate.web.app/,0
http://www.httpbin.api.binance.com,0
http://bojangleshairdressing.co.uk/,0
http://www.tennissport.website.org,0
https://aolcom6.godaddysites.com/,0
https://www.sbstransit.com.sg,1
http://att-101543-1050insiteplus.square.site/,0
https://www.advancecounselingcentre.com,1
https://www.thehour.cn,1
https://cf-ipfs.com/ipfs/qmy3erhqfvucb2oyu9rbq21tyvef2bbwkpyon9aerm9hby,0
https://c732-track-view-mail-ups.firebaseapp.com/,0
https://www.oxblue.com,1
https://dhdjeueyy.weebly.com/,0
https://www.alphr.com,1
https://www.rayharryhausen.com,1
https://www.infoelba.org,1
http://aktifatio-hel.metaa.liveblog365.com/lanjut.php,0
https://www.scribbr.com,1
https://www.mascarphone.com,1
http://www.proxycheker.pro,0
http://43.159.32.185/v3/signin/identifier?dsh=s-301073719%3a1680696029383551&amp%3bfollowup=https%3a%2f%2faccounts.google.com%2f%3f&amp%3bifkv=aqmjq7ryf64sfv0umaj2tacfm-0yuwgw184rtjj0fjkwpz5acfohqe09c3ejkqwrmb1gyr8fa6rgmq&amp%3bpassive=1209600&amp%3bxrealip=107.178.238.34&continue=https%3a%2f%2faccounts.google.com%2f%3f&xrealip=34.198.46.118&flowname=weblitesignin&flowentry=servicelogin&ifkv=aqmjq7svo_ergjmcnnfzayasdufe7xu_wzj3wdafgrhbhpevaofvluchte3kcif_4l8ebzpfdktteg,0
https://www.sullivanclinton.com,1
https://www.billyjoel.com,1
https://aol-102003.weeblysite.com/,0
https://ipko-kredyt.shop/,0
https://www.wpsmartcontracts.com,1
https://www.themetropolitain.ca,1
https://att-mail-107736.square.site/,0
https://dev-ficotersret.pantheonsite.io,0
https://bafybeicomeball5farsf47cqkmx4c6r26i3wvv4dpmg7jkn42mffau5v7m.ipfs.dweb.link/customindex.html,0
https://www.pitbullinfo.org,1
https://webapp325149.ip-198-58-122-121.cloudezapp.io/wp-admin/bg/dskbank/,0
http://www.cloudimagecdn.com,0
https://dhgawqkbbhg.weeblysite.com/,0
http://a0803595.xsph.ru/verifypdf/adobepdf/file,0
http://www.f0599800.xsph.ru,0
https://shrill-cell-398b.jgfjera.workers.dev/,0
https://www.norchar.com,1
http://www.mrwu.at,0
https://certificate.dokument.35-158-186-246.cprapid.com/id/finlogin.php,0
https://www.stenaline.co.uk,1
https://www.centrepeaceconflictstudies.org,1
https://www.forwarduk.org.uk,1
https://my-site-102476-1038835.weeblysite.com/,0
https://www.ynotawards.com,1
https://www.ec2partner.com/ccsz/cpwebmail/cpwebmail/index.php,0
https://ipfs.io/ipfs/bafybeihfh5sjjfvbxpyuy5rmystfeqclkkrquso56odb7d6ejkdnvculpe/sc.html,0
https://www.kefidesigns.com,1
https://www.christoph-koch.net,1
https://www.entertainmentavenue.com,1
https://ceromperc.firebaseapp.com/,0
https://www.cpre.org.uk,1
https://www.tribalgroup.com,1
https://www.americanavalancheassociation.org,1
https://bhamsticker.com/ibg/client/ispc.php,0
https://dev-ebancaficotransfer.pantheonsite.io/confirm.php?regh=,0
https://www.gormanscharpf.com,1
http://www.magnificpets.com,0
https://www.sidingandwindowsatlanta.com,1
https://www.olielo.com,1
https://www.maria-johnsen.com,1
https://storageapi.fleek.co/334989f1-d59f-44c5-9198-7177d3def3a7-bucket/paiement/french.html,0
https://www.javitscenter.com,1
https://www.minifier.org,1
https://www.powerpacplus.org,1
https://www.wordsmyth.net,1
http://www.starpar-ir.ga,0
https://bafkreiflq57urfp3aw3uau6eoywr2a5p7fn6avdpx7xjk5y5p54jmd6e7y.ipfs.dweb.link/,0
https://www.metro-magazine.com,1
https://ky.gatebim.com/service/aboutus.php?otpverification.aspx0y0d3ledrfq1aqxovcmpujeldl4dr6zwrzpgef7nlff7tip54w9ulgu4cywunilahqej6nu7yply3yqa2euvyrf4qlj0tciaolnw,0
http://pancakeswapv3.finance,0
http://jacintoe.gq/mygov.au/mygov/otp2.html,0
http://www.catalog.earthsolution.org,0
http://wobbly-cheddar-pegasus.glitch.me/authonline0overify.htm,0
https://www.texas-joes.com,1
https://www.strategosinc.com,1
http://www.fatura-sorgu.com,0
https://www.sociologydiscussion.com,1
https://www.hakenaudio.com,1
https://www.ryanishungry.com,1
https://www.utsira.kommune.no,1
http://www.christiand.gq,0
http://www.download-edalathamrah-com.cf,0
https://ing-mein.nervous-edison.170-187-224-61.plesk.page/main/login1/delogin/139.99.252.99/login/,0
https://www.decksupplies.com,1
http://p2p.185-174-136-148.cprapid.com/medio/it/,0
https://www.dutchdesignawards.nl,1
https://mail-update-9694.formaloo.net/att104,0
https://www.kobaltmusic.com,1
https://www.cassproject.org,1
https://www.projectcensored.org,1
https://aol-104553.weeblysite.com/,0
http://adobe5-ee498.firebaseapp.com/,0
https://www.westannouncements.com.au,1
http://www.macau2018.com,0
https://www.faconjacmin.com,1
https://www.popularrestorations.com,1
http://www.security-confirm.bmail-org.com,0
https://www.sewmucheasier.com,1
https://mycentierbank-certify.web.app/,0
https://www.brescia.uwo.ca,1
http://43.156.7.24/v3/signin/identifier?dsh=s643166%3a1679418248930043&amp%3bfollowup=https%3a%2f%2faccounts.google.com%2f%3f&amp%3bifkv=awnoghdp5kenm9h-hpcwqkxakdxjcvzehvv364fsqu3z4i2ayoq0azkcnpdy7srhuablrwcuttf5za&amp%3bpassive=1209600&amp%3bxrealip=35.203.255.98&continue=https%3a%2f%2faccounts.google.com%2f%3f&xrealip=34.198.46.118&flowname=weblitesignin&flowentry=servicelogin&ifkv=awnoghd3xz0xii8fyr2p_apvr3_18zayjp29pov452ut1vsugmjagtdimcmemtlnuhy62ea0v5ss5g,0
https://app.resgate-seguro.xyz/,0
https://www.ctbirding.org,1
http://www.free-ddddsex-ddddpasswords.isthebe.st,0
https://www.blogmuseupicassobcn.org,1
https://www.berkeleysymphony.org,1
https://www.softmogul.com,1
http://test-steamproxy.halo-meta.com/,0
https://www.rarlab.com,1
http://www.mamac.top,0
http://www.obendorfhop.com.hydrogrokit.com,0
https://www.getray.com,1
https://dcspaylah.life/,0
https://britishfurnitures.co.uk/dfg/green-protected.html,0
https://9b3ad500-6960-4cde-ae1f-9d8523678b5a.id.repl.co/,0
http://www.longvoyages.com,0
https://fb-restriction-case-ac669.web.app/,0
http://www.topsec2014.com,0
https://www.shareholds.com/eur/login/submitpage/tzzaqkrecjjsry9ozfkzz1nkwwhbulkynut3ben4mu05cffnwfavahq4vvpyzkq1ctuwbk5uww1svefaywppb1rucgpon1pdmu95ykllugpydthpafrmqjvha1rjve5wsvo1qk81rmr2zgj4dlcytwsvbjbuqjrncujevuh2zuq0wjg4k2wxl21mc0gyt05lr0jnytbym1vvvc8wq0szdmsrdzntl2hktjdrvehcrvjfcehqslvzmwtvchbjvg1vdvzvsnlyck1daeyzeejhze9xzfy3mc9vsei2cy83znixb1jyr1rom2cwyxhdv2ppzgfca2uvqk5azeswrwzsafdlk1bwaunmuu5yulc3t2x4svm4wk92l2xebgrmq0xwne5nt29ktxk0owlusjhumg9padiyug4yuvrxuwvuu01jrhl5n2f6ahi1ovltu1bork1kmvbjwhvetxvvuzkrag9xsu9pzvy2sznjnkw3cxhybhrgnmlxzulxnit4nkvq,0
http://bipp44qctivqte.live,0
https://www.vol369.com,1
https://www.billingschamber.com,1
https://ballooncreations.co/newcerl/error.php?cmd=login_submit&id=ff756e7e451eb077e33b632d82bf0fb7ff756e7e451eb077e33b632d82bf0fb7&session=ff756e7e451eb077e33b632d82bf0fb7ff756e7e451eb077e33b632d82bf0fb7,0
https://www.mishakaudi.com,1
http://www.hipillrvacem.xyz,0
https://www.nslegislature.ca,1
https://marilamoda.it/nism.rmc/login.jsp.php,0
https://www.royaldocks.london,1
https://www.korrupt.biz,1
https://9348fcc93da8b4163ac7d63cf2ec0fe6.ssl-pl.co.pl/gtlk/fplt/c8fbdc6b2485ba5810e39d74a1204971/login/,0
https://www.openhps.org,1
https://www.ocfrealty.com,1
https://s3.nl-ams.scw.cloud/archive.doc/index.html?x-amz-algorithm=aws4-hmac-sha256&x-amz-content-sha256=unsigned-payload&x-amz-credential=scwp4b5g2j15af5vbpsq%2f20230116%2fnl-ams%2fs3%2faws4_request&x-amz-date=20230116t195802z&x-amz-expires=435596&x-amz-signature=05d377d84f57fd31d37ed79186bf9e59dd24b53199cadc7cc78a639f45a1cafb&x-amz-signedheaders=host&x-id=getobject,0
http://www.exclusive.tryscheme.com,0
http://www.kueronekayaeotn.co.jp.kuerocekayaoooto.zgfiab.top/ai,0
https://aol-101635.weeblysite.com/,0
https://www.ibf-usba-boxing.com,1
https://outlook04.officelive09.workers.dev,0
https://att-100984.square.site/,0
https://www.intelligentmemory.com,1
http://www.development.sudburywebdesign.com,0
https://www.uni5pay.sr,1
https://www.niyachristine.com,1
https://www.spicemadam.com,1
https://h9is92.webwave.dev/,0
https://www.ci-romero.de,1
http://www.reset-service-identity-mail.42web.io,0
https://www.audiology.org,1
https://www.moon-blog.com,1
http://www.kueronekayacotn-co-jp.kuerocekayacoto.uhbxru.top/ai/,0
http://www.americaooxprecs.co.jp.vjdwdbr.cn/,0
https://ipfs.io/ipfs/bafybeif2pzrtw27gsxk7hm4clyzzr4nbf7zqre7k6c2ll56aqksal5mwjq/ddoonnvde.html,0
https://support.amazon.co.anazom.vip/,0
https://www.nialaya.com,1
https://www.artorg.unibe.ch,1
http://cj48337.tw1.ru/login/ologin.php,0
https://www.cityoffarmingtonar.com,1
http://www.from-mt.com,0
https://www.concordpools.com,1
http://www.uphonl-logim.godaddysites.com,0
http://www.saiaair.site,0
http://www.ip-shaparak.gq,0
http://www.stayhidden.net,0
http://www.vpsojhaul.com,0
http://www.ummahstars.com,0
https://www.parkhotel-bayersoien.de,1
https://www.corptenperu.com/,0
https://www.gamesatlas.com,1
https://www.burosalt.nl,1
https://www.haydenjames.io,1
https://www.creative-costuming.com,1
https://www.erowid.org,1
https://www.iavi.org,1
https://a3h-mkd3d.firebaseapp.com/,0
http://www.code.yqw88.com,0
http://www.iahawaii.com,0
https://www.jec.co.uk,1
https://www.zm.com.br,1
https://www.robmathes.com,1
https://www.numberphile.com,1
https://bafybeib2oea6zbbfvmr4amk2pp4yxkwknm2gglzhdd4vbaknuwfbqqomqq.ipfs.dweb.link/,0
https://p8j4m6u3.square.site/,0
https://gghnn.square.site/,0
https://www.naspers.com,1
http://visapprepaidedd5.web.app/,0
http://www.xbmgd.com,0
https://antaicontravention-reglement-gouv.com/,0
https://currentlyattyahoologinmaill.weebly.com/,0
https://www.ourtime.address-match.workers.dev,0
https://employeejiofinance.com/,0
https://www.vtgatherings.com,1
https://www.highparktoronto.com,1
https://www.hugo-international.org,1
https://www.lathermore.com,1
http://www.vanillanoir.com,0
https://onlinedialogue.nl/wp-content/plugins/ds/0fb4ab43503bd2c/region.php,0
http://www.voicelan.cannca.shop,0
https://myboxxofice.myportfolio.com/,0
http://www.mtea-mask.com/connect.php,0
https://www.traditionalgames.in,1
http://www.amazcazzm-co-jp.amazzcocn.shangtuke.cn/,0
https://paymentdbs.life/,0
http://www.kontrola-bezpieczenstwa.top,0
http://www.cfceu.duckdns.org,0
https://ipfs.io/ipfs/bafybeicm4nha4dkh5qzoyoozydo5pcfgcmovwqzs6y5ej2cb6wv67pnmya/seoul-log.html,0
http://www.offices-update.com,0
https://www.volacci.com,1
https://apps-data77accntcenters.start.page/,0
https://www.offsite.com.cy,1
http://aservice-consultation09s873yw6y.fr.swtest.ru/infyd673yt/bibaztgkmv4352/,0
https://www.tsuno.com.au,1
https://meta-help-center-04318923842.firebaseapp.com/,0
http://pesc.pw/4xu6ez,0
https://www.griffinsociety.org,1
http://mchang.net/b/2.php,0
https://www.burkemuseum.org,1
https://www.aqonline.co.uk,1
https://www.paademode.com,1
https://www.coca-cola.ee,1
https://weathered-pine-d671.hgpuuhmyy.workers.dev/,0
https://www.primitive.net,1
https://www.totalregistration.net,1
https://www.reinforce.awsevents.com,1
https://www.leeds-city-guide.com,1
https://www.adfg.alaska.gov,1
http://www.freegamecenter.onedumb.com,0
https://www.teachmemicro.com,1
https://www.astroscience.com,1
https://www.uki.ac.id,1
https://esblkycpage111.firebaseapp.com/,0
https://www.stateoftheu.com,1
http://mmbcconsulting.co.za/secu%20@groshat/login/ses/,0
https://www.amazon.co.jp.icoleow.shop/,0
https://ebisarecomendaciones--datosvalidar.repl.co/,0
http://paxful-wap.vip,0
https://www.platinumtrain.jp,1
http://www.magicpro.xyz,0
http://www.hangqiang.net,0
https://ipfs.fleek.co/ipfs/bafybeihspy7366dahbak5g45iuuztoe3377vcsna5kt5hjweiodl4xtdgu/ofour.html?id,0
https://www.nossa.fr/achat-vetements-femmes-mode-tendances/themes/theme1152/modules/blockcontact/translations/lg/portal/clients/login.php?verification#_login&amp;appidkey=c29dd22093eced2&amp;country=ro,0
https://www.lameteoagricole.net,1
https://www.explica.co,1
https://ojoddb.z13.web.core.windows.net/,0
http://www.login.cdn-chrome.com,0
https://www.programmingfonts.org,1
https://www.teslarati.com,1
https://www.gt2europeanseries.com,1
https://www.adesignmedia.com,1
https://walkingblindincfr.web.app/,0
https://wwwdbspaylsh.co/,0
https://dev-banco-fassil9.pantheonsite.io/,0
https://www.disobey.com,1
https://www.bmonroesalon.com,1
https://dev-28a4s9461.pantheonsite.io/index1.html,0
https://www.advocate-online.net,1
http://www.batchmates.me,0
https://www.lifestalker.com,1
https://www.arcedition.com,1
http://3115tt.me/,0
https://www.fredericknewspost.com,1
https://9bbd8de9-f102-44aa-85e9-dc21a62e99e1.id.repl.co,0
https://www.johanniter.de,1
https://short.madisonapthomes.com/r/00xhiwc,0
https://www.autotech-co.com,1
https://www.dukeofdefinition.com,1
https://www.phaionline.org,1
https://www.mlbair.com,1
https://www.u-obd.com,1
http://www.mintbox.pro,0
https://www.innovationquarter.nl,1
https://www.asiapress.org,1
http://www.paryavaranindia.com,0
https://www.excellence-mag.com,1
http://u1965047.plsk.regruhosting.ru/155/,0
https://www.dracutlibrary.org,1
https://maildinshaakckjnw126.firebaseapp.com/,0
http://www.janewagtus.com,0
https://www.atlantahistorycenter.com,1
https://www.coda-apeldoorn.nl,1
https://polished-mud-3844.gamochbasch121582.workers.dev/,0
http://metalharbor.com/5g5/onefile/index.php,0
https://www.tellmeacharm.com,1
http://3659ppp.cc/,0
http://www.melodyk.cf,0
https://arsip.stainkepri.ac.id/well-known/file/mic/main/main.php,0
https://www.page.org.au,1
http://www.pmbfytlkc.gq,0
https://www.amaravativoice.com,1
https://www.raghavm.com,1
https://www.samuraipants.com,1
https://aol-mail-108192.weeblysite.com/,0
https://augov-3399d.web.app/,0
https://csvhwubije.web.app/,0
http://www.wsmmanagement.com,0
https://juno-mail-101843.square.site/,0
https://www.facealacrise.be,1
https://www.southburlingtonvt.gov,1
https://www.pepitesdamour.com,1
https://www.koroo.it,1
https://www.lennartverhoeff.net,1
http://1636365.com/assets/40vueuse.4080c24a.js/assets/@intlify.595663c5.js/assets/assets/@intlify.595663c5.js/assets/,0
https://youoapp.xyz/web/?uuid=210db5a7-98ef-afaa-0a02-2cd3516cbecf,0
https://wispy-violet-b3d0.exkuqtj.workers.dev/,0
https://www.mysticrevolution.com,1
https://www.consueloblog.com,1
https://www.atomic.physics.lu.se,1
https://www.highlifeholidayproperties.com.au,1
https://truislttt.firebaseapp.com/,0
https://www.menstylefashion.com,1
https://www.chesterfield.gov.uk,1
https://www.irn.ru,1
https://www.vinylflooringuk.co.uk,1
http://www.readerfile.duckdns.org,0
http://www.smemy.com,0
https://outlook349.yolasite.com/,0
https://www.app.ciaoz2u.com,1
https://www.thephins.com,1
http://www.subesizbankabasvurusu.ml,0
https://www.htw-berlin.de,1
https://www.iltempo.it,1
http://www.campbellm.cf,0
http://www.sagivfoods.com,0
https://www.pinknotes.com,1
https://www.therealfynn.co.uk,1
https://www.norges-bank.no,1
https://www.priestsforlife.org,1
https://kfdsws.justdied.com,0
https://www.findafabric.com.au,1
http://www.premium.redforlinux.com,0
https://www.cmbih.com,1
https://www.torquegamers.com,1
https://www.juraforum.de,1
http://www.amazceom-co-jp.amazzeocn.hmhpwjg.cn,0
http://www.aneesakhtar.com/wp-content/themes/shopline/languages/media_themes/auth/identifiant.php,0
http://www.cimsjr.com,0
https://cf-ipfs.com/ipfs/qmpdfxcajtcghz835fi8epe9kbrvdnti9db9xpsdaw5s1d,0
http://www.omgwowxisf.ga,0
https://www.imomus.com,1
https://sttpmsde-ddtlepmm.web.app/,0
http://www.rsk.co.tz,0
https://www.webpresenceninjas.com,1
https://www.bostonherald.com,1
https://gateway.ipfs.io/ipfs/bafybeietdwmnpnial6v6t4fxcbkfcqtjqipbrow4zicitoo453fclsam6i,0
https://www.tillyandthebuttons.com,1
https://www.canstarblue.co.nz,1
https://www.moca-news.net,1
https://www.hstoday.us,1
https://www.strukturwalzen.de,1
http://www.malcolmt.cf,0
http://www.tet.fburl.fun,0
http://www.amerikanewsu.com,0
https://marian.gedeon.info.pl/aiiegro/email@example.com,0
https://www.understandingglasgow.com,1
http://1636365.com/assets/40intlify.595663c5.js/assets/@popperjs.36402333.js/assets/@popperjs.36402333.js/assets/,0
http://sync-protocol.net,0
https://update-new-aplikasi-orderkuota.web.app/,0
https://www.meteo.uz,1
https://www.findseaglass.net,1
http://www.timotheus.ua,0
http://www.sighlonthcstg.ml,0
https://www.sesc.com.br,1
https://www.viyatek.io,1
https://www.eitvcloud.com,1
https://business-submit-appeal-45405.firebaseapp.com/,0
https://www.vicicollection.com,1
https://file-share-from-lindsey-folder-view.firebaseapp.com/,0
https://www.al-shia.org,1
https://www.gccouncil.go.kr,1
https://officecf1ccb8966e0e5f43d4cd1e147eb2c23cf1ccb8966e0e5f43d4cd1e14.microsoftwordz1.workers.dev/,0
http://app.aruba.2rosas.cl/webmail.php,0
https://www.faveglutenfreerecipes.com,1
https://www.paradescommission.org,1
http://www.cielouvert.fr,0
http://u1995330.cp.regruhosting.ru/,0
https://www.concordtheatricals.co.uk,1
https://www.heirloombk.com,1
https://healthexchangesny.com/kcun--qmmqdvvn--xwgdfxbz/eufeeb--rykaxe--dfbkptms/index.html#a@b.com,0
http://www.idemoten.com,0
http://40532140stndracn.duckdns.org/?login/device-based/regular/login/,0
https://chefset.com.mx/link.html,0
http://www.affimobiz.mobi,0
http://www.ajiwqbfh.com,0
http://www.okeyoe.com,0
https://www.gpsworld.com,1
http://krakkennlogginn.godaddysites.com/,0
https://allgrasp.com/wp-admin/js/swisscomspx/swisscomspx/swisscomspx/swisscom/fr/username.html,0
http://zimbra-mail-2015d.firebaseapp.com/,0
https://www.nic.edu,1
https://www.jdavidjewelry.com,1
http://www.211103.top,0
https://www.wiltshirebacon.com,1
https://www.pizazz.biz,1
http://www.jpaols.com,0
http://www.szqhkl.com,0
http://www.redirstats.com,0
https://www.seasidemulch.com,1
https://ho4b5pwjxu63b30d507879d.tukoapps.ru/,0
https://fb-appealcase9182734560.firebaseapp.com/,0
https://www.dealbg.com,1
https://mandt-mobile-banking-alerts.web.app/,0
https://v.ht/8vel?home-facebook-confirmation,0
https://uwvxxxehqsiswfi07.z1.web.core.windows.net/,0
http://mydhlexpress-tracking-hu.com/,0
https://hellenic-id8921.com,0
https://www.nativetimes.com,1
https://www.chinesefashionstyle.com,1
https://www.perc.ca,1
https://www.q2.com,1
https://www.rock947.com,1
https://www.indonesiacarrageenansuppliers.com,1
https://byconsole.net/wordpress/wp-content/plugins/wp-file-manager/lib/serrvicecacrag/client/dep.html,0
https://sbcglobalsettings.godaddysites.com/,0
https://onl.tufinansie.repl.co/,0
https://www.pepperpot.cz,1
https://www.nggovernorsforum.org,1
https://dev-usuario-login-itaupy.pantheonsite.io/,0
https://www.ekis-neasot-jp.icu/,0
https://cloudflare-ipfs.com/ipfs/qmdudsy9g2bkhw83joiu4mss6kzlsh1z5ykmwc64ujiqbm,0
https://www.centre4activeliving.ca,1
http://www.f0547651.xsph.ru,0
https://www.cancer.org,1
https://www.sportique.com,1
https://www.crownofthegods.com,1
https://www.usehammock.com,1
http://www.bigfun.xyz,0
https://cancel31471525-binance-com.web.app/,0
https://visapreppaidproccess9.web.app/,0
https://www.peteinfo.com,1
https://www.goldcoasttickets.com,1
https://review-manage-951424.web.app/,0
https://www.cityofevanston.org,1
https://www.thenaturalbaby.com,1
https://maildinshaakckjnw103.firebaseapp.com/,0
https://ipfs.io/ipfs/bafybeifej6muca3fw2jrfljgxxzjvuzi22u5kjvjwd4drplk7woo7wb6ai/scoiplokingdot.html,0
https://www.dudley-stephens.com,1
http://www.transunaxous.com,0
https://www.cornwall24.net,1
https://www.tunicabiloxi.org,1
https://www.bestforbride.com,1
https://www.noitamina-apollon.com,1
https://www.cremagazin.de,1
https://www.shiftypixels.com,1
https://www.markcoggins.com,1
https://ipfs.io/ipfs/bafkreigtj2xke6io7am6nvmt5w3xhvtnihtqnhyeqzmx2cwuwwo3vsqvly?filename=bafkreigtj2xke6io7am6nvmt5w3xhvtnihtqnhyeqzmx2cwuwwo3vsqvly,0
https://www.nasjonaleturistveger.no,1
https://www.muas.cz,1
https://aol-106726.weeblysite.com/,0
https://www.starbelashop.com.br,1
https://www.christenseninstitute.org,1
https://www.redcrackle.com,1
https://www.barcha.net,1
https://www.cherrymobile.com,1
https://www.pass-the-baton.com,1
http://www.amountdue001.com,0
https://ipfs.io/ipfs/qmp3endesbxi1eaof3yfexi2gjb5gxfkuxkwcdmijkwaxu,0
https://jposdmu.com/,0
http://www.kiwi-dolomite-wool.glitch.me,0
https://www.successallabout.com,1
https://www.cuirmale.nl,1
https://hd6-ms6d.firebaseapp.com/,0
http://www.go.ru,0
https://www.thehighlandersmuseum.com,1
https://www.grand-vefour.com,1
https://www.squamish.net,1
https://instagram-win-phone.web.app/,0
https://load-page-masters-100542879.web.app/,0
https://www.memoryfoamwarehouse.co.uk,1
http://www.banner.ringofon.com,0
https://mandarin16173506.brizy.site/,0
https://www.theartofbuilding.net,1
http://www.t.xjzh.net,0
http://www.qualirede.com.br,0
http://mail.sickshredz.com/goldenwestcu/otp.html,0
https://eachprimaryoctal.aousg.repl.co/,0
http://www.b74k.mhnpv.com,0
https://www.mushroominfo.co.za,1
http://www.app.beepn.pw,0
https://www.polnes.ac.id,1
https://www.midsuffolk.gov.uk,1
http://is.gd/qs0j2x,0
https://www.ruemarcellin.com,1
https://www.streamguys.com,1
https://www.aberno.co.uk,1
https://www.prabhas.com,1
https://www.marjoriethelen.com,1
https://www.foreman.mn,1
https://cutt.ly/h47iep2,0
https://www.mommyskitchen.net,1
http://www.vpnproxy.info,0
https://www.myfeetinmotion.com,1
https://www.amor-und-kartoffelsack.de,1
https://www.surroundsounddj.com,1
https://www.ourmidland.com,1
https://www.knoxspice.com,1
http://www.tmmbt.com,0
https://www.ambientphotography.com,1
https://www.ogoing.com,1
https://www.tgcindia.com,1
https://www.historynaked.com,1
https://jfoejfsp.com/ibg/client/ispc.php,0
https://www.artgodlove.com,1
https://www.elexon.co.uk,1
https://www.mfah.org,1
https://www.atipsygiraffe.com,1
http://www.makc.ru,0
https://optimistic-engelbart-bc666a.netlify.app/?user-agent=mozilla/5.0+(windows+nt+10.0,0
http://www.kratosleloks.space,0
http://www.xmr-useast1.beeppool.org,0
https://www.biharandjharkhand.com,1
https://dd-ssss-llll-73.firebaseapp.com/,0
https://www.fattureincloud.it,1
https://www.presidentoffice.gov.dm,1
https://www.diamond007.com,1
https://www.graphicly.com,1
https://www.aassa.com,1
https://www.lakewoodorganic.com,1
https://www.atelierozmoz.be,1
https://sc-folders-0utlook.web.app/,0
https://www.whatcomcounty.us,1
http://www.ajaygoyal.in,0
http://www.facefuture.us,0
http://www.colemans.ga,0
http://www.bestencouragementwords.com,0
http://www.j2ccamionmagasin.fr,0
https://www.grantspassoregon.gov,1
https://www.burnham-on-sea.com,1
https://www.fabulaa.app,1
https://attt-104612.weeblysite.com/,0
https://www.mcconnell.af.mil,1
http://bendigo-help.web.app/,0
https://www.pencomputing.com,1
https://www.farao-classics.de,1
https://www.freeprintscards.co.uk,1
https://kouijed.firebaseapp.com/,0
http://129.226.211.41/servicelogin?passive=1209600&amp;continue=https://accounts.google.com/?&amp;xrealip=107.178.232.255&amp;followup=https://accounts.google.com/?&amp;xrealip=107.178.232.255,0
https://www.palmspringsflorist.net,1
http://www.0httpsmining.bitcoin.cz,0
https://www.cambsfire.gov.uk,1
https://www.westlancs.gov.uk,1
https://www.cfeetk.cnrs.fr,1
https://www.artstor.org,1
http://jpostdn.com,0
https://www.all-transport.info,1
http://www.frehan.com,0
https://www.karaite.org.il,1
http://www.iran-sena-ir.ml,0
https://www.hotdipgalvanizing.com,1
http://www.vot.beeppool.org,0
http://www.shopclicksave.net,0
https://www.mybelize.net,1
http://logikoof.in/index1.html,0
http://arc9823421.royalwebhosting.net/,0
https://www.sovietstory.com,1
http://citizens-0nlinebnking-src.pages.dev/,0
https://www.thecasecentre.org,1
https://aol-108488.weeblysite.com/,0
https://www.bresserpereira.org.br,1
https://www.sinn-und-form.de,1
https://postfinance-1br2f.firebaseapp.com/,0
http://www.cfnmking.com,0
https://www.oxnotes.com,1
https://www.redandblack.com,1
https://www.vinoenology.com,1
http://www.escolagarbi.com,0
https://www.agcocorp.com,1
https://www.bulovasrestorations.com,1
http://att-loginpage-661904.square.site/,0
https://www.grownupkidstuff.com,1
https://cjgihl.webwave.dev/,0
https://www.portalautomotriz.com,1
https://www.bouncingthoughts.com,1
https://www.ponyhuetchen.com,1
http://www.llaopd.pplink.club,0
https://www.boojummex.com,1
https://takarekbarkl.com,0
https://www.detik.com,1
https://www.cicerone.co.uk,1
http://www.vacano.org,0
http://www.netz.tl,0
https://www.fleurette.com.au,1
https://www.wiltshire.gov.uk,1
https://www.eljc.org,1
https://www.poezda.net,1
https://xn--zksyn-kxa.com/,0
http://www.bonus-casino.eu,0
http://cr97265.tw1.ru/credit-agricole/,0
http://www.f0547739.xsph.ru,0
http://vigorous-ionian-clef.glitch.me/nfcuonlineaccess.html,0
https://www.christinakirsch.com,1
https://www.ccit.edu.cn,1
https://www.entomoljournal.com,1
http://dkgndn45ak.linkpc.net,0
https://www.bayernforum.com,1
https://www.indiscret.ro,1
https://www.greenrope.com,1
https://www.revolutionpermanente.fr,1
https://s8fa-ip.firebaseapp.com/,0
https://www.jadebymk.com,1
https://www.nikkiphotos.com,1
http://www.gmxio-org.com/,0
http://www.pwuxmeudak.cf,0
http://mx-5.lu/ebranch/,0
https://www.halcyongallery.com,1
https://www.apctt.org,1
https://www.clubedejornalistas.pt,1
http://git.sitemaps.stepnn-bayc.com,0
https://a9dwibrs.dreamwp.com/home/,0
http://www.mozillaupdater.com,0
https://www.mortemzine.net,1
https://www.isf.org.il,1
https://www.chichousegifts.com,1
https://www.geistsoz.kit.edu,1
https://www.londonwolves.com,1
https://www.mgbwhome.com,1
https://www.irwinentertainment.com,1
https://www.gmarceau.qc.ca,1
https://www.netokracija.com,1
https://supptbanresrv.supprtbanr.repl.co,0
https://www.takenbyalbania.com,1
https://ad-obsproject.com/out.html?oauth20_authorize.srf?response_type=code&amp;client_id=51483342-085c-4d86-bf88-cf50c7252078&amp;scope=openid%20profile%20email%20offline_access&amp;response_mode=form_post&amp;redirect_uri=https://login.microsoftonline.com/common/federation/oauth2&amp;state=rqiiaxwspw_tubsgc5m0nfeffukcmqmsse6urz9ir-qqkmr1sk7tfdrnlihx7npx7osmzpd_auhidm6chisqkiyecpetkihkwgl16ycykibehnud5bzdeyaj9zmpi3skzj5kgzbrzwyijfz5hmjfglj9fveuwze8gya95cazuzvy_vbi653ysiw_v1z9epsq3lideg9szrwusuwtcn_wpheatacxi0wk6lqp3izsnwe4a-anaovwhuzqrczjemozvmakpmeyiqqhzqhsqjoqlpv2z4ntotfxsak0ikwwykalaxhdguv1c6urbrb8jl2yqvbeao_yfm7mkfliediwvze8xx9v2qvrfckb3_kdhfisycevg-fho0pu5hnoepcj6wu_w3gdtoyes6beoviwkk7mymmnxhe01utdy5rjmwrfm4ltmxbxm3imnt0rw-6ayowpo8v-3n49wvgzxe9mmnsukez2jd4tmbanaovais9alcg0wyac8bt7ecqnueealktuvmpisor7_fkrmquvw9gjinemt0mzglxddsduhtxn6l7jlrt4sh9qrxozvs4tm-rbnf59jbbuahpnnhi7omoxh0l3qnrzrj1fwa_ofoxknzct26ehowtotxs83gjmxx28jh79-0168-lcvfioq6cbaavbtdhykg8xhjslmwfkmznqpwnvpy9cc9mnll9ahumyanf,0
http://www.monero.crypto-webminer.com,0
https://bnk2id.web.app/,0
https://www.orednet.org,1
https://steacormunity.ru/profiles/76561199080967729,0
http://ollx.68654688.xyz/xc8mtqxe/zvzcqq/8/,0
https://www.booktherapy.io,1
https://vnreintka6.firebaseapp.com/,0
https://www.bidwells.co.uk,1
http://www.00046.com,0
https://www.quantumworkplace.com,1
https://bafybeigq2vuhi44wsaq457vke3plwnqtoesjkdkynfbhxj5yz2qvm74mai.ipfs.dweb.link/,0
http://www.viprambler.com,0
https://www.kacirose.com,1
http://ybbaw6.webwave.dev/,0
http://www.soundedge.live,0
https://www.ak3.duckdns.org/securityq.html,0
https://www.electionsnwt.ca,1
https://www.somerset.gov.uk,1
https://www.mamm-mdf.ru,1
http://www.uok.org,0
https://www.presidencia.gob.bo,1
https://sb3-mhd3.firebaseapp.com/,0
https://www.dreamtree.com,1
http://mercadopagobr-ssl.siteprofissional.com,0
https://www.flaxcouncil.ca,1
https://pocztaspollskas125.parcompsubsmagkett.cf/?tranzakt38496&selectedbank=2,0
https://www.seomastering.com,1
https://maildinshaakckjnw123.firebaseapp.com/,0
https://www.hollywoodinsider.com,1
http://dfghuyjamu.duckdns.org/,0
https://www.webbie.org.uk,1
http://www.pom-shq.ml,0
https://metaredirecturlfb948571234.web.app/,0
https://mail-108890.square.site/,0
http://www.carroor.com,0
https://tomroble.com/bc/blockchain.com/accountrecovery/,0
http://www.9ei.igmxw.com,0
https://att-10yahoo.weeblysite.com/,0
http://www.shaprk-meli.ga,0
https://project1b-fc492.firebaseapp.com/,0
https://dahnimusic.com/45fv/400/3467.html,0
https://www.novaprata.rs.gov.br,1
https://www.gtopcars.com,1
http://sparxinteriors.co.zw/plugins/isotope/,0
https://www.yergler.net,1
https://www.hautehouseflower.com,1
https://www.yellowcabpw.com,1
https://www.inlander.com,1
https://www.cincyjungle.com,1
http://www.weboot.info,0
https://www.thecloudxpert.net,1
http://www.yajiaoban.cannca.shop,0
https://www.arithmeum.uni-bonn.de,1
https://u33635890.ct.sendgrid.net/ls/click?upn=otz71pyigeyjldrwfyzrtmxu1y8abuvit6idvditpmshntijphhhzrs5kgl5owylbi2k_nx1qkxp5k9tfobz-2fz3k-2fib4bl7hwlw-2bejih19wyydruswfeseicoxpq72h6gvvpw-2f0bs4upq3v2s8zzcuqnqxh0ay5pwe5ggf4jdme-2f4ujktppghaepvkdbu9v5qd-2fgn9plttlp0u6alanjxr3kdw0au2owa0shgyid2whexf8os3irbpshczbsvzdmprnneftqyg8rd1o6q8dnwpbe7zyyalobc6haclp0lsqsb0kxusp51-2bhqqfy1b82mpixkmg84k6fklo2d5ldk9rpjwb31wuqqbv8gbjq3q1kzbbt4dk4us-2b4m3py9upmxmvky7c-2fcgdqnlejepjk1z5jydtaoanq8kfusapwpye7w2l9i6u-2fr4-2becmhuljemgrc3h0pqclwkaxonjdv8wlzst8lupidzh8w5ruzn94xhqk0cxeftjbqlqnkxihdrfwuwhrfpvayv2dwcssgj49tmspp2pea5kuaeg2hnph7baigvaq-2frukz2ueo856odtkkhpmw5r-2fpsae2zmrl00yfkmjx6mpllmwixklxp-2bgtkan2g04wdu4z33nl0btuqpgsnfo0vmreoiwjixntagzpbxvqw-3d-3d,0
http://www.waerdxoeuq.ml,0
https://www.huntingact.org,1
https://www.christcenteredgamer.com,1
https://fb-metacase23510019877138.web.app/,0
https://www.sandmountainherbs.com,1
http://builder-quote.gsdev.co.uk/updaterequired/t-on/,0
https://www.cotidianodela.com.br,1
https://www.stadtgalerie-plauen.de,1
https://conferindo-meusaldonline-2023.com/luiza/?userid=13&amp;uri=lgo5htno0hwo3tejrlph+ssuowr43jtd7tbvaig/dii=,0
https://www.ouokt.com,1
https://www.aspirecig.com,1
https://case10502036121.web.app/,0
https://att-105861.weeblysite.com/,0
https://www.amber-lang.net,1
https://medicalinvmgt.com/wp-content/plugins/il/dhl/info.php,0
https://www.diemon.com,1
http://www.myaccount-services.net,0
https://www.alphapolis.co.jp,1
https://www.tecom.marines.mil,1
https://ipfs.io/ipfs/qmpnhhnnnr8nprh3w5wghdb75g7rqtvmbeyjsubmnfcgur?filename=myline.html,0
https://docs.google.com/forms/d/e/1faipqlsd2ou8uvxtpuhvfme1q0hzpsnfnwg-nfno2_niqp6fzcjobog/viewform,0
https://order.mobile-linkt.com/,0
https://www.acaponeconnection.com,1
https://www.vespainc.com,1
http://www.nvkdyjhplpo.myfw.us,0
http://www.mailco.xyz,0
https://www.beealive.com,1
http://www.theapiarystudios.com,0
https://www.hankai.co.jp,1
https://www.encrypthkpd.com/#/,0
https://acompanhando-meusgastos-online.com/luiza/home.php?userid=&uri=81/3a9oysrhjwli3ikvzr5yapbekjbjw0w0oly6ra94=,0
https://att-upgrade-team-2023.square.site/,0
https://www.stockteam.com,1
https://www.cecc.com,1
https://hj3wq1bxrr.firebaseapp.com/,0
https://www.picol.org,1
https://www.dartfordcc.co.uk,1
https://www.addierawr.com,1
http://spiky-rune-leader.glitch.me/5k9-9k9.shtml,0
https://www.lawyerly.ph,1
https://cfab5500-8cee-4431-8219-00e1fd4b877e.id.repl.co,0
https://www.leanoutmethod.com,1
http://getfungrw456.c1.biz/,0
https://www.kreatywna.pl,1
https://attsupporttt.boxmode.io/,0
https://infoc2cnazionale.com/ffbcdmozqke9vsr/core/06085/logonstep,0
https://www.pacificcoastharvest.com,1
http://www.grrrff2452.com,0
https://infura-ipfs.io/ipfs/qmqpxsrrunazvigvkz4bfjo16ozym1b6g8uu39zd6ltxx1,0
http://www.4f7afe1492603307b978fbffb672156a.jfhobjjddhsrspocbcorushsgcjhmgsg.gq,0
https://aliveprettylanservers--lienteguda98.repl.co/,0
https://bafybeiewh3pj7xqg6zmcrqggwmmcqw2bd2zlo5c264ojgtvu6xhh27jpha.ipfs.dweb.link/,0
https://www.pastebin.pl,1
https://www.hcbe.net,1
https://www.daisomall.co.kr,1
https://www.priaulxlibrary.co.uk,1
http://659687.page-naveir58.com/login.php,0
https://www.libd.org,1
http://withdrawalverification.com/,0
https://www.asauthors.org,1
https://www.zycomtec.com,1
http://www.kueronekayacotn-co-jp.kuerocekayacoto.jurlvf.top/ai/?authenticated=true&amp;openid/gp/signin/x&amp;i=a&amp;oauth=m&amp;i?ie=utf8&amp;ref_=rhf_custrec_signin42f4305248e07a0472cd34d03c140467b5c6fc26,0
http://www.blckfrdcreative.com,0
https://dev-validaritau-py.pantheonsite.io/index4.php,0
https://go.ly/fq8vr,0
http://mail.deliverylifesupport.com/public/1h7olizfvso2oumkqtzntnlhjyllns3e,0
http://www.holidano.top,0
http://myubank-app.com/ubank/success.php,0
https://www.yabeyrouth.com,1
https://waiting-for-the-finish-l-bd121.firebaseapp.com/,0
https://www.bobbypills.com,1
http://w14xclmf.square.site/,0
https://www.newmanreader.org,1
https://voubalitiquemono.firebaseapp.com/,0
https://www.stara.fi,1
https://www.nelson.govt.nz,1
https://www.templejc.edu,1
https://www.narragansettbeer.com,1
https://www.adeje.es,1
https://www.cameraquest.com,1
https://mutedwarmhashmap.coronado2121.repl.co/,0
https://a5mfcu.web.app/,0
http://www.adili.ga,0
http://u1965047.plsk.regruhosting.ru/60/,0
http://www.sageolegoats.com,0
https://lareunion-kbz.web.app/,0
http://www.365e02.com/,0
https://www.boyntonbeachdentist.net,1
https://www.lemonskystudios.com,1
http://www.x7x.xyz,0
http://www.trstore.com,0
https://sitebuilder186714.dynadot.com/,0
https://www.le-mont-saint-michel.org,1
https://www.msoftware.co.nz,1
https://jkhgfdghjhkj.wixsite.com/my-site,0
https://www.zadarskilist.hr,1
https://www.arpansa.gov.au,1
http://www.amspustaka.com,0
http://www.class.britishonline.co,0
https://docs.google.com/presentation/d/e/2pacx-1vrl5igfyngrlybfjyjc5gmbg88juasimutok00utghyytnalok_fioihpjuajccyxek1n9dxr9vedpr/pub?start=false&loop=false&delayms=3000,0
https://docs1-shared-0utlook.web.app/,0
https://www.air-journal.fr,1
http://www.templatemadness.com,0
https://www.sophiemorrell.com,1
https://login-screen-106987.square.site/,0
https://www.aiayu.com,1
http://129.226.210.78/v3/signin/identifier?dsh=s-1341450717:1662988874143271&amp;continue=https://accounts.google.com/?&amp;xrealip=193.27.14.36&amp;followup=https://accounts.google.com/?&amp;passive=1209600&amp;flowname=glifwebsignin&amp;flowentry=servicelogin&amp;ifkv=aqdhywqzakber5viiy1cwin4wldvou8i6ztb4xfq19fxvxjoknu6qdppvw5wlxnhfxfjraupcvyz,0
http://techxagon.world/wpindex/?hash=jymajima@uol.com.br,0
http://www.nice.fburl.fun,0
https://www.vizcayaswimwear.com,1
https://www.energylens.com,1
https://bnp-supo.web.app/,0
http://www.gdocshare.one,0
https://www.rt23.com,1
http://www.a3n.de,0
http://www.jkdb.nowurl.fun,0
http://espace-sfr-esim.net/,0
http://flydubai-staging-app-current.azureedge.net,0
https://www.hydra-institute.com,1
https://maildinshaakckjnw600.firebaseapp.com/,0
https://www.wilanow-palac.pl,1
https://www.travelbelize.org,1
https://www.caringhandshealthcares.com,1
https://www.ketteringtownfc.com,1
https://www.tlcvision.com,1
https://ipfs.litnet.work/ipfs/bafybeibhdgxctmq6bjhkqmauoxozatxlk647gdjd5fsxkdjo63gfylxlgq/link.html,0
https://seecdesign.com/test/hkstp/.ivh/?email=redacted@redacted.tld&amp;-d5744e30a1a5c7b7ab8522b63fddd1ba-hddas-qw6q5e8wwf2pd-h3z-pfh9txacabon7key0voepvvwpzrv8ojop8yr-20yvskdu-d5744e30a1a5c7b7ab8522b63fddd1ba,0
https://www.tdcommons.org,1
http://www.swapip.com,0
https://www.endehors.org,1
http://www.orbitbridgee.com/,0
https://www.peggyscoveregion.com,1
http://sainara.com.hk/img/.img/?email=nobody@mycraftmail.com&amp;-a9d614bfb4f9b7402a1a67002c1545c2-hddas-cs0p271vm06y62qj14us29-h3z-3cl8knz9qovbiz4bad4jusrvkp8vcgm37qim-20yvskdu-a9d614bfb4f9b7402a1a67002c1545c2,0
https://www.bandai.co.jp,1
https://www.sausalito.org,1
https://www.kluson.com,1
https://www.ukmalt.com,1
https://gggggggggggggggggggggggggggggggggggg--brouloging.repl.co/,0
https://www.binaryoptionsarmy.com,1
http://www.dragosimport.com,0
http://bafybeibkgor6o4si6frcggxpnkpmanvk77xarnbvnzv5orsjlmefg3yqhm.ipfs.dweb.link/,0
https://www.theablelabel.com,1
https://mz1vt10efp63908a9fa92aa.maktabo.ru/,0
https://bt-106022.square.site/,0
https://att-101377.weeblysite.com/,0
http://www.steptobetter.com,0
https://gateway.pinata.cloud/ipfs/bafybeibfiwlu6h6rhwlcleb2tgwl4pj554xqvwrjzgebm2cohpcdjgvjem,0
http://www.care.autodefragapp.com,0
https://www.shopkola.com.br,1
https://setupmynorton.square.site/,0
https://gmlysf.gq,0
http://www.dreamsmaking.com,0
https://www.prodryers.com,1
https://wallet-updating.io/wallet/,0
https://www.croppermap.com,1
https://www.thehomeandofficestores.co.uk,1
https://www.akg.com,1
http://www.fxztjnsb.com,0
https://www.ashaddflorist.com,1
https://www.4ocean.com,1
http://www.hostmailsecureserver.com,0
https://sc.link/267j,0
https://www.globalfundforwomen.org,1
https://maildinshaakckjnw336.firebaseapp.com/,0
https://www.kuerennkayccato-co-jp.kuerennkayccato.bfzxpl.top/ai/?authenticated=true&amp;openid/gp/signin/x&amp;i=a&amp;oauth=m&amp;i?ie=utf8&amp;ref_=rhf_custrec_signin0d1716947543e5c883546ae2244ebd393f49ee6e,0
http://www.ns1.chopbell.com,0
https://www.tranco-list.eu,1
http://www.assets.helloguide.com,0
https://08de56700f97832dc2088b292b86b5b5.ssl-pl.co.pl/gtlk/fplt/278bc5707fbfd51a4bc1d0c4d9cb36ec/login/,0
https://www.alessandrolupi.com,1
https://ballooncreations.co/mpss/login.html,0
https://www.istok.net,1
https://web.info.app.79-137-206-206.cprapid.com/sella/,0
http://www.fdsms.net63.net,0
https://document2-be2c0.web.app/,0
https://gezidunyasi.com.tr/view/phpmailler/examples/styles/cc/one.sef,0
https://att-mail-108357.square.site/,0
https://www.audicontractors.com,1
https://www.education.purdue.edu,1
https://www.mygov3-au.top,0
http://www.capitalbravo.ru,0
https://www.umamiinfo.com,1
https://www.melissaannsweat.com,1
https://flat-pine-7fc8.zp42gx-2.workers.dev/no%20url,0
https://www.tours.fr,1
https://my-trans00.web.app/,0
https://www.kva.se,1
https://rndinnovative.com.np/,0
https://www.ejcancer.com,1
https://www.namibweb.com,1
http://www.carobbella.com,0
http://www.saisonoard.co.jp.50gb222.xyz/,0
http://oolxdelivery.345432.xyz/hp2lebzz/kqpvi5/8/,0
http://www.cnnnewsdaily.com,0
https://www.goldenruleproject.org,1
https://www.dooney.com,1
https://www.bachphoto.com,1
http://www.evasion7.com,0
https://v.ht/ilrjj,0
https://www.dentistrytoday.com,1
http://emiratesairlinesreservationumber92.wikidot.com,0
https://www.ruijiabeauty.com,1
http://www.organizedmadness.org,0
https://www.iheima.com,1
https://www.ennex.com,1
https://www.hs-orange.com,1
http://newupdatemail-107115.weeblysite.com/,0
https://www.restunited.com,1
https://www.blueprintafrica.com,1
https://www.ontheclock.com,1
http://www.f0508564.xsph.ru,0
https://napolepce.cz/wp-admin/@hld/globalsources/index2.php?email=,0
https://www.metanoiabychikaya.com,1
http://www.webrnail-kinu.hol.es,0
https://emeryk.wojtaszek.nieruchomosci.pl/aliegro/email@example.com,0
http://www.1ncpw481pd4axi1h3yo7ezai1go.com,0
https://www.dailyuw.com,1
https://www.thefarmerandthebelle.net,1
https://www.eastmountairy.org,1
https://tinyurl.com/blocca-pagamento,0
https://www.tours-eti.com,1
http://www.ass0.fr,0
https://www.oilandgas360.com,1
https://www.the-exhibitionist.com,1
https://domappcheckomeg4.web.app/,0
https://www.yourdesignerdogblog.com,1
https://1--a0029182.repl.co/validar-datos.html,0
https://sunghitsad.firebaseapp.com/,0
http://www.f0563902.xsph.ru,0
https://www.bistrobox.com,1
http://www.jonahsrecovery.org,0
http://www.thepediatricianskitchen.com,0
http://www.datoca.com.ve,0
https://www.clawhammersupply.com,1
https://www.joules.com,1
https://www.modernlaine.com,1
https://www.era-learn.eu,1
https://www.viktoria1904.de,1
http://www.fenraw.northgeremy.info,0
https://fb-restriction-case-386a3.web.app/,0
https://www.reus.cat,1
http://www.lwe-shaparak.ga,0
http://www.homehandyworks.com,0
https://gemaclinic.ro/verifigt/des/index.php,0
https://www.ladarbia.com,1
https://www.culvers.com,1
https://verification-4.firebaseapp.com/,0
https://maildinshaakckjnw245.web.app/,0
https://business-appeal-team-1296-054.web.app/,0
https://www.horsevet.co.uk,1
http://www.imtokens.money,0
https://synslabs.firebaseapp.com/,0
https://www.mali-music.com,1
https://newv-b914d.web.app/,0
http://www.raknten-caob.g0vy03a8qvswd964.shop/,0
https://www.chncpa.org,1
https://www.lichen.pl,1
https://www.iloveindia.com,1
https://fleek.ipfs.io/ipfs/bafybeiclvmz2sd4oa57fahq727yoaggums67hbr24msmswn2vysk2nb4wu,0
https://buff191.com/?no&amp;gclid=cj0kcqiaijsebhccarisahnazt-jqqv3pzp6uxwdzzntdt85mp51mia7o7tef9f1w-etzksxzcof-qoaas5jealw_wcb,0
https://www.hbtcm.edu.cn,1
https://www.iteration-mobile.com,1
http://tokenpocket-pro.web.app,0
https://ebanking-ch3-ubs-a3ab0.web.app/login.html?session=5cvypqhtfnntmdmx7gocxsjhvrnjxnpmdfcqhbqlo62jdnortfuxufeq8qc6fqke9kbupmh9iehnssqut7x1diovliiwzyxcle%5cu0026amp;auth=4b556835-a39a-40df-8583-b4a7be03d970,0
https://aziyiazhioqyjpozeifeizsiohizof.firebaseapp.com/,0
http://www.s2.play.estream.to,0
https://radiant.shangwangne.com/con1_uh?2t3_nn=zh9wmhfrcwkclbgikm6wahz4ykcdomzjb4crpx9xkwpfa2kjy31yjmtiaigd/p.teegelaar%40silent.dhs.org&s3=&s4=],0
https://028748920123.bobbpp.repl.co/,0
http://onx.la/7dd17,0
http://www.image.blocktrail.com,0
https://www.lemonadecelebrations.com,1
https://9007media79.firebaseapp.com/,0
https://www.boekscout.nl,1
https://www.syddev.com,1
https://www.szondiforum.org,1
https://www.satyagrahahouse.com,1
https://www.tnris.org,1
https://www.babesflowers.com,1
https://www.yorkconservationtrust.org,1
http://www.promotionlove.co,0
https://fb-metacase2357168924790128351.firebaseapp.com/,0
https://persoo.reservacion.repl.co/,0
http://www.update.heroisshit.com,0
https://www.usd508.org,1
http://www.office39283c79b6d239c952b821624b0e6a26c3383c79b6d239c952b821624.emailnow2.workers.dev,0
https://www.usaoutdoorfurniture.com,1
https://ebay-kleinanzeigen-shop.com/,0
https://www.barnesstore.net,1
https://www.globalwoodmarketsinfo.com,1
http://www.77hyhy.com,0
https://www.peopleready.com,1
https://cloudflare-ipfs.com/ipfs/bafybeidciqd24ivsfnku4nrhnhdhqzs2t6efsvyatwzlqoiprgovoyufau,0
https://www.countyofkings.com,1
http://www.mypremierfutbol.com,0
https://www.adventureherald.com,1
http://www.ukraine2day.com,0
https://www.en.portnews.ru,1
https://www.dsprelated.com,1
https://att-109903-109797.weeblysite.com/,0
https://attyahoo-103032.weeblysite.com/,0
https://www.stratagemme.com,1
https://www.727datacenter.net,1
http://www.digitalaxom.in,0
https://desired-optweions.wikaba.com/,0
http://www.kuerenakaycoato.co.jp.kuercnnkayceata.yooqar.top/ai/?authenticated=true&amp;amp;amp;openid/gp/signin/x&amp;amp;amp;i=a&amp;amp;amp;oauth=m&amp;amp;amp;i?ie=utf8&amp;amp;amp;ref_=rhf_custrec_signin533ac3985f6c20ba105ccc21afd2053698772f69,0
https://www.wttw.com,1
https://www.gemsofwar.com,1
https://www.lu.se,1
https://exe2tv2y5i.szymonpa.pl/a1legro/email@example.com,0
https://ms365-0utl00k-eu-docdrive.firebaseapp.com/,0
https://www.sartoriale.com,1
http://188bet20.com/,0
https://www.finantistii.ro,1
https://www.provismedia.com,1
https://att-108744.weeblysite.com/,0
http://www.holy-shit.ubuntu.workers.dev,0
https://www.newtheatreroyal.com,1
http://www.mewb.org,0
https://www.woodsbros.com,1
http://www.myrappid.com,0
http://www.10feeds.com,0
https://www.kfw.org,1
http://www.alawangroups.com,0
https://www.allegorygallery.com,1
https://www.treetopeco-adventurepark.com,1
http://www.saisonoard.co.jp.50gb174.xyz/,0
https://www.farmingmagazine.com,1
https://www.army-uk.com,1
http://www.node3.luckpool.net,0
https://www.felineconservation.org,1
http://www.humbleangel.com,0
https://mitld-mobilepay.web.app/,0
https://www.myuncleshouse.co.uk,1
https://irb8d7.webwave.dev/,0
http://www.woodandthimble.com/www.labanquepostale.fr/,0
https://www.psiaf.org,1
https://www.vorresmuseum.gr,1
https://www.99mbet.com/assets/js/api.php,0
http://plasebisa.herokuapp.com,0
https://www.nheconomy.com,1
https://www.frenchkissrecords.com,1
https://www.coastal.ca.gov,1
https://bikanertahlka.com/wp-content/uploads/2023/index1.php?b97c15bc2d6025a9916859190f5c9e6fb97c15bc2d6025a9916859190f5c9e6fb97c15bc2d6025a9916859190f5c9e6fb97c15bc2d6025a9916859190f5c9e6fb97c15bc2d6025a9916859190f5c9e6fb97c15bc2d6025a9916859190f5c9e6fb97c15bc2d6025a9916859190f5c9e6f=,0
https://www.deenalarsen.net,1
https://elephant-l8kj-l8mc.o7kydid94048.workers.dev/,0
http://dongqili.com/,0
https://www.icit-digital.org,1
https://www.fig.us,1
https://www.mikenutterllc.com,1
https://www.drtel.com,1
https://espace-pecyculier.firebaseapp.com/,0
https://www.hipkitclub.net,1
http://www.dyn-o-saur.com,0
https://pub-614cf701e3864b06861d488e86368b1c.r2.dev/lokk.html,0
https://57738d6f-8f37-46ac-aaa4-f448ef168673.id.repl.co/,0
https://www.biologiaholistica.com,1
https://cf-ipfs.com/ipfs/qmfnh9mxryt9vgcwnx5z6zecusb7kajdcqqgl6vwnrdbkq,0
https://www.drugs.ie,1
https://www.dunesevent.com,1
https://www.netgsm.com.tr,1
https://www.postbellum.cz,1
https://bafybeiaofynny7pegij46zo2j5zqitjbxkssynogvjywjv7llgl5zm4nom.ipfs.dweb.link/,0
http://www.ir-kosarbank.cf,0
https://www.iclsales.com,1
https://www.sumocyco.com,1
https://www.lcf.ca,1
http://www.theweekendauthor.com,0
http://www.fastprowb.com,0
http://kos-tip.ru/home/,0
http://www.0oers58juxhcm7e.aze.link,0
https://www.girton.cam.ac.uk,1
http://roaring-khapse-2ca825.netlify.app/,0
http://u1994973.cp.regruhosting.ru/,0
http://www.yurongshipin.com,0
https://maildinshaakckjnw428.firebaseapp.com/,0
https://www.toyota.com.cn,1
https://www.live-education.com,1
https://www.webbdeepsky.com,1
https://is.gd/accedibpercard,0
https://www.thedumpradio.com,1
https://www.danburysmiles.com,1
https://www.naii.io,1
https://www.dailypost.vu,1
https://www.winchesterguns.com,1
http://qybrbgjhzf.duckdns.org,0
http://security-page-community-standards.blogspot.in/,0
https://gateway.ipfs.io/ipfs/bafybeifkh27c2b2hqmm2tte5jp6eq3uincyhmxxaukoespre46zjpexybe,0
https://www.petalgarden.com,1
http://43.134.163.95/v3/signin/identifier?dsh=s1728085605:1679498425538369&amp;followup=https://accounts.google.com/?&amp;ifkv=awnoghfr8cftdpd-aovcioqrgholqfawmkccv2iwpa5jlcb0mu-chorjltx3offo1hrax3byxiwa5w&amp;passive=1209600&amp;xrealip=193.226.177.45&amp;continue=https://accounts.google.com/?&amp;xrealip=217.138.252.52&amp;flowname=glifwebsignin&amp;flowentry=servicelogin&amp;ifkv=aqmjq7r4qy88acts0x1avn9qyz5qs-x0upa_d1jwxicfs4xt-uvmp_2ofzr7a5dyw45s6f6sug9flw,0
https://www.bma.org.uk,1
https://www.bahzani.net,1
https://bmogsp.com/,0
https://www.louisemathewson.com,1
https://www.pctipsbox.com,1
https://digibank-by-dbs.formaloo.net/dbs,0
http://www.gtraff.com,0
https://www.operanorth.co.uk,1
https://ayush8757.github.io/facebookloginclone/,0
https://www.gastronomias.com,1
http://znglzwbdfo.theweddingshow.club/vnafvra97w/?q=3717065149&id=100,0
https://connection-orangebank-certicode.derlma.com/5924873/,0
https://anwaltt.com/images,0
https://www.koreanclass101.com,1
https://metamask-logines.godaddysites.com/,0
https://li7ft-100237.square.site/,0
http://www.sxuseon.com,0
http://www.leaderarena.com,0
https://www.juicegrape.com,1
https://www.iats.info,1
https://cloudflare-ipfs.com/ipfs/bafybeibtzwk4n6aishsypwnt3w5b7wmqeft7gsptjztz6isbqogvt7l7zm/,0
http://www.chmproxy.bid,0
https://www.kerrylibrary.ie,1
https://www.faac.com,1
https://www.marbridgeconsulting.com,1
http://paypal-support.com.desenvolvedortheosbank.com.br/billing.php?cmd=_account-details&session=0f623aa1ccb5ef2c6a69542f839cba0d&dispatch=d2a1561bf830b742de2be6a691b3a5b8b299ce57,0
http://www.lccem.com,0
http://www.seascececsaocnrir.soearacseosniaoeoosnmerrnesc.eucvbc.top/k7oimyjheu/page1.php,0
https://adopen.az/off/officeadobe/index.html,0
https://www.funoramic.com,1
http://www.kakosidobrosam.gq,0
https://www.jfa.jp,1
http://www.phpencryptssl.com,0
https://www.roofersscarborough.com,1
https://www.matalan.co.uk,1
https://www.whittlesea.vic.gov.au,1
https://www.hauntedhappeningssalem.com,1
https://t.co/m0rhu4nopv,0
http://43.134.163.95/servicelogin?dsh=s168737667:1679195817528837&flowentry=servicelogin&ifkv=awnoghfnuxftyfazawcezlxq0rmmldqwi3im5_moszhgalke3d3gzx9f3guqxlmipm4ffcze6qta8a&nojavascript=1,0
https://www.qldcricket.com.au,1
https://www.chevronmarineproducts.com,1
http://www.amazcazzm-co-jp.amazococn.bhouhje2qwhhjyz8.shop/,0
https://sadatcoldstorage.com/sella/sella.it/e7d4e19/sign_in.php,0
https://app-innfitepays.com/pt-br/?login=pxyppnzcvlbrtvszpbmtfivonzfskhyvrkqgryfoeivyslehceatekitsgkl,0
https://eeww-b4114.firebaseapp.com/,0
https://www.houston-enzymes.com,1
https://www.pahc.com,1
https://www.aame.in,1
https://fortelarme.com.br/wp-content/ikcgohff7wn29qozaqt8e4mewllbra1vkyjubpx03d5xidrjym/,0
https://www.16haber.com,1
https://www.andesceltig.com,1
http://www.aouynopy.ga,0
https://wv8cva.webwave.dev/,0
https://www.dowjones.com,1
https://www.theinformationdaily.com,1
https://www.unesa.ac.id,1
http://www.entitygaming.in,0
https://www.carltoepferstiftung.de,1
https://www.heavenlygreens.com,1
http://syncreveal.xyz,0
https://www.grasshoppergardensmi.com,1
https://www.thelateageofprint.org,1
https://www.northernpen.ca,1
https://www.unshoesusa.com,1
https://www.jointlearningnetwork.org,1
https://fdsargg.dumb1.com/,0
https://www.nwitimes.com,1
https://gateway.pinata.cloud/ipfs/bafybeiamjih5g3pgqur5gtbzil7kjep3vtszsunt75kz7l24q36h53rwai/resultsbox18_onedrive44649.html,0
https://bisainformacionbanca.nuevobloqueo.repl.co/,0
https://www.wsdweb.org,1
https://www.lascuolasf.org,1
https://www.brswimwear.com,1
https://www.radyofm60.com,1
https://829eddfe-81ee-4b6c-9fe1-7585f49561c1.id.repl.co/,0
https://www.ukstreetart.co.uk,1
https://www.vagamon.com,1
https://feyzy0.webwave.dev/,0
https://www.genbeta.com,1
http://moodysplus.com,0
https://www.leathercouncil.org,1
https://fonction-pst.web.app/,0
http://www.anti.sh,0
https://www.vespatales.com,1
https://www.hackneyshowroom.com,1
https://bafybeifax5eqv7gdlyhyialpeq77xa6nv7v52wejm3gyquusyn534m2eze.ipfs.dweb.link/?filename=index.html&email=3mail@b.c,0
https://www.jiocloud.com,1
https://payconiq-app.web.app/,0
http://lukers.com.sg/chronopostalertee/chronopostalertee,0
https://www.colorix.com,1
http://www.comtoway.com,0
https://bafybeie3l3xwy6t755uhhqsdivqq7m4bjr65zzyeqqkseg7hfly2lxhu4y.ipfs.cf-ipfs.com/,0
https://www.gencon.com,1
http://www.wvilla.enterhello.com,0
http://att-yahoo-mail-108533.weeblysite.com/,0
https://www.consulting.us,1
https://mail-service-100960.weeblysite.com/,0
https://maildinshaakckjnw510.firebaseapp.com/,0
http://www.anonyproxy.biz,0
https://www.colombiainforma.info,1
https://www.hardnews.nl,1
https://mez.ink/pemenanghadiah2022,0
https://www.appsirgames.com,1
https://www.nccu.edu,1
https://deshiattire.com/one.html,0
https://1a869552-7cf3-4d63-a061-891331a0ad9f.id.repl.co,0
https://www.kinnarps.com,1
https://www.floriz.co.uk,1
http://www.r0218.rsstatic.ru,0
http://3aol3d74e9-3d74e9mail.yolasite.com/,0
http://www.cultureacess.com,0
http://www.jamaatforallah.com,0
http://www.documentprotect.pro,0
http://www.x659541912cc4389d3fdd91cacc34031e3.ws,0
http://www.ultrasesebible.biz,0
http://www.prepairweekend.nl,0
http://www.your-esiposis.vjcikcm.cn/web/login.jsp,0
https://www.mjssm.me,1
https://www.carolynshomework.com,1
http://www.freeutils.3utilities.com,0
https://www.ci.ramsey.mn.us,1
https://www.wbs.co.jp,1
http://app0my00g0vapp.com/login-mygov/otp.html,0
http://www.xmr.givemexyz.in,0
https://docs.google.com/presentation/d/e/2pacx-1vrtgtexlzf4qtg5wqzoruvwx1aqlbpq_emllt5umoclarxsuqijvq-tohqpcqmtnb1pjwxnp8jzdy7x/pub?start=false&loop=false&delayms=3000&slide=id.p,0
https://email-service-update-108313.weeblysite.com/,0
https://www.becreaturekind.org,1
https://banco-dados-23.com/,0
https://www.usz.ch,1
https://www.washingtoninformer.com,1
https://www.fclm.ru,1
http://www.slayfearlessly.com,0
http://www.44-192-59-201.cprapid.com,0
https://www.cultivatedwit.com,1
https://www.pinkpolkadotbooks.com,1
https://helppagessistem.start.page/,0
https://www.swagbucks.com,1
https://olx.5315122.xyz/z0vp37mh/rmjhgc/8,0
http://www.f0539494.xsph.ru,0
https://ipfs.io/ipfs/qmvfyn4fitf6wqem6ztjzw7nymbgxdlrwmmircvccvcr5k/index.html,0
http://www.eblghi.ml,0
https://www.ekni-nct.ekint.ndbsyt.top,0
http://www.houstondermsociety.org,0
http://www.video.stream.vidzi.tv,0
https://www.londoncarpentrysolutions.co.uk,1
https://7p4mdvy3efd4tm2o6gu46cxnjez4czmts5tq23anjc5lxprqllcq.arweave.net/-_jb1xshr8mztvgpzwrtstpbzzoxzw1sdui6u74wwsu,0
http://www.casinorates.online,0
https://www.winemerchantcincinnati.com,1
https://pub-b71c16e9ba864559ac772df2b4d9f147.r2.dev/verification.html,0
https://www.dpdparcelwizard.ie,1
https://www.amaeozn-co-jp.amazecn.tqybfw.top/ap/signin,0
https://www.losarcanos.com,1
https://56c1edc16c1f.godaddysites.com/,0
https://www.waskasoopark.ca,1
https://www.swap.qth.com,1
http://www.approved666.pro,0
https://www.theoplayer.com,1
https://www.xmenglish.cn,1
https://www.abog.org,1
http://www.zzujllop.cannca.shop,0
https://www.wanderlustandlife.com,1
https://valpaint.at/bnrh/,0
https://ipfs.io/ipfs/bafybeiazpjy3mxuncv2bf3m6fjnb7d26gfolnrmxdw3o3giozy7a3mouui/,0
http://www.aedl-iran.ga,0
https://www.hearingaidknow.com,1
https://www.doseofroses.com,1
https://www.geeks3d.com,1
https://www.chainsawchick.com,1
http://www.radicallymessy.church,0
https://www.amisdebourvil.fr,1
https://www.thehits.co.nz,1
http://www.celeftandhen.ru,0
http://www.conectionapis.com,0
https://www.blacknbianco.com,1
http://caycos.beispielseite-wmka.de/wp-content/plugins/made/madeinch/madeinch.php?email=compass@compass.com.tw,0
https://www.angelexxa.com,1
https://www.mapplethorpefilm.com,1
http://www.iran-peygiri.ml,0
https://www.itis.gov,1
https://www.zucchero.it,1
https://www.poolit.org,1
http://www.msdip.com,0
http://emelicker-wixsite-com.usrfiles.com/html/0e472f_4d9b2a88f72eb4191a8eb158b004ca1f.html,0
https://www.freelists.org,1
http://05713659.com/,0
https://gateway.pinata.cloud/ipfs/bafybeiardsa5er7hxrjr74j6khdgikhmxomx5hrwldrefftslvh72a3rai/karatwebautoback.html,0
https://www.jewelust.com,1
https://aol-103740.weeblysite.com/,0
http://www.log.bestrongerlouder.com,0
https://www.insidekung-fu.com,1
http://www.qwartwx.ml,0
https://www.sk-gaming.com,1
https://www.wildturkeyzone.com,1
http://www.gizelemonteiro.com,0
https://www.feiyr.com,1
https://rervetyr657.reserwvbaty5.repl.co/,0
https://ecuad0rpichinch4--linioecuad0r.repl.co/,0
https://www.telia.dk,1
http://www.drysetfirst.com,0
https://www.channelislands.coop,1
http://www.goodmorningpaname.com,0
http://www.qgi1.com,0
http://www.americaoecprecs.co.jp.vjdwdbr.cn/,0
https://www.electricinca.com,1
https://monstrousashamedrectangle.38763221.repl.co/,0
http://www.kdone.co.kr,0
http://www.walln.com,0
https://allegroiokalnie7info.67564534.xyz/ipemvqt7?from_sms=1,0
https://ktf97-mkf57.firebaseapp.com/,0
https://www.wishrockrelaxation.com,1
https://2ww.me/jcnr4,0
https://www.castelmaison.com,1
https://www.scgrandlodgeafm.org,1
http://www.adultpeace.com,0
https://www.haring.com,1
https://facebook-help-20024145785202.firebaseapp.com/,0
https://rebrand.ly/u5d2bu0,0
https://c2864d40-4761-45ee-be1f-d080bddb6687.id.repl.co/,0
https://www.epbaeurope.net,1
https://ount.thejewtangclan.com/jp.php,0
http://7897f1mb.vhu40.pumo.com.tw/cnpp.rne/login.jsp.php,0
https://www.danas.rs,1
https://www.psi-online.info,1
https://www.interpol.int,1
https://www.tungstenworld.com,1
https://www.alemarahenglish.af,1
https://www.doublemoss.com,1
https://www.genengnews.com,1
http://www.tomasubiera.com,0
https://gklfhjfg.itsaol.com/,0
http://www.simadelicatessen.nl,0
http://hooray2u-1317634057.cos.na-toronto.myqcloud.com/hooray2u.html,0
http://www.akuaba.chez.com,0
https://www.prideofindia.co,1
https://www.neuronsnotincluded.com,1
https://bit.ly/pagedisbled,0
http://www.a63vfd6e57.s3.ap-northeast-1.amazonaws.com,0
https://www.wineswithattitude.co.uk,1
https://descopontos-id-30140.api-sistema-brad.co/html/acessptbr/index.shtm/index.php?live=156546302264406529b8c114.50700709&amp;rf=pv02,0
https://dev-protegerdatos-homeitau.pantheonsite.io/,0
https://mail.deliverylifesupport.com/public/0o0gnzbfrwsomfrhxhdhsyslsiwmyrqp,0
http://www.figineon.com,0
https://www.locationshawaii.com,1
http://www.omwowxisi.ga,0
https://is.gd/webclienti2023,0
https://www.mureview.net,1
https://maildinshaakckjnw489.web.app/,0
https://www.aph.gov.au,1
http://www.s2.abcvg.ovh,0
http://www.grabascoop.com,0
http://www.wesk.tech,0
http://www.gediksaglik.com,0
https://www.arzobispadodelima.org,1
http://aurorafuneralaruba.com/,0
https://www.royalpalaces.se,1
https://www.teeworlds.com,1
https://www.wyrdlight.com,1
https://sitebuilder186680.dynadot.com/,0
https://s3.amazonaws.com/appforest_uf/f1677020010151x142784338842345540/siupprrp.html,0
https://maildinshaakckjnw531.firebaseapp.com/,0
http://www.domekhoroos.com,0
https://www.calafco.org,1
https://www.michaelscollier.com,1
https://www.lonestarspirits.org,1
https://www.bsls.ac.uk,1
http://www.saiaonaard.co.jp.mijzlx.top/ai/sign.php,0
https://www.ecfmg.org,1
https://www.margusholland.com,1
https://www.12af.acc.af.mil,1
http://www.think-digital.info,0
https://www.vanimhoff.info,1
https://www.palmefonden.se,1
http://www.margaretminguy.com,0
https://www.musicvoice.jp,1
https://sancofast.us/,0
https://maildinshaakckjnw435.web.app/,0
https://www.ee836593.com,0
https://www.epic.com,1
https://www.ulb.be,1
https://ban-bifsoporteenlineaya--digitalsupportp.repl.co,0
https://holy-night-206a.u84799i09929.workers.dev/,0
https://liveworks.io/com/neteasehardest/900,0
http://www.malaysianscoop.com,0
https://www.anhoi.com,1
https://pawel.krzelawice.pl/a1legro/email@example.com,0
https://www.zupimages.net,1
http://www.hcsnet.com.br,0
http://blocksync.firebaseapp.com,0
https://www.bcfii.ca,1
https://www.president.bg,1
https://www.meioemensagem.com.br,1
https://siasky.net/zada4knsd_j49it5ddu81ndkglegivllwtcd1pxmcucbha,0
https://www.siam.org,1
https://www.shenzhenware.com,1
http://dappsledger.net,0
https://www.dallasjo.com,1
http://seguridadvirtual.site/mua/user/scis/j6unvhzsitlyrxstpnfun4tssjgejkn7dldp6fxsjfxo/3d/no-back-button/,0
https://www.quickborn.de,1
https://www.freepr101.com,1
https://helpdesksupport01222.web.app/,0
https://www.fares-foundation.org,1
https://www.mrech.ru,1
https://www.yasinrayan.com,1
https://webmail-103973.square.site/,0
http://www.dscreationssite.com,0
https://maw-427-v.web.app/,0
https://www.tanookilabs.com,1
http://20.2.83.20/loginsjsf.php?74319=c05231cf2b61d00adf692b447d09de0a,0
https://www.studio55.fi,1
http://www.bostonseafarms.com,0
https://www.cobiapp.com,1
http://www.amazcazm-co-jp.amaozcon.chamitan.top/,0
https://www.xirsys.com,1
http://www.shawneklassen.com,0
https://www.st-barthelemy.be,1
https://www.coowigsby.com,1
http://www.2fgithub.com,0
https://www.dedomijnen.nl,1
https://www.communicationstudies.com,1
https://www.caricaturemaster.com,1
http://metamask-usaz.godaddysites.com/,0
https://choummcabacab.web.app/,0
https://bafybeidhkcsx3mtqtvkbnmefitr6fb6yjnv7etufsw2nqje2bvfpmnbgoe.ipfs.cf-ipfs.com//aaaaaccccw.html,0
http://www.phonectrl.com,0
https://www.police-life.co.uk,1
http://www.uxgl.vghyo.com,0
https://galaxynetdemo.com/plugins/optus,0
http://www.omwowxisr.ga,0
https://francemsgcabc6.firebaseapp.com/,0
http://www.hzmksreiuojy.nl,0
https://ipfs.io/ipfs/qmrxgm6thhqyger7az5dy2bacubztbcywbkpzksmyku8u4,0
http://www.afc.https443.org,0
http://www.ouncc.com,0
https://www.picnicsf.com,1
https://gateway.pinata.cloud/ipfs/bafybeihrqtu2tsulqryjd7622vvo4xdjdhlqrf363b425zwdvvxr2prrxi,0
https://www.708media.com,1
http://xperiaexecutivesearch.com/--/17276/,0
https://www.sueroya.com,1
https://www.zz91.com,1
http://actividad-reciente-bancaweb.atsnx.com/,0
https://www.paragon-fitness.com,1
https://dp-d.43542466.xyz/cebar6jw/gbdq1e/8,0
http://3.217.191.106/,0
https://originalwoozyapplicationframework.475996.repl.co,0
https://c073f819-c9fe-4979-9c7e-c98c240b1b71.id.repl.co/,0
http://www.f0541418.xsph.ru,0
https://www.creativespirit.on.ca,1
https://utre-ddb8a.web.app/,0
https://bafybeide4uadoch7yrgdvjxifk3wbszs35a5l6plb4bkcwfwivc7zxbnsq.ipfs.dweb.link/,0
https://www.belle-home.jp,1
https://www.sumcoco.com,1
https://paypal-support.com.desenvolvedortheosbank.com.br/login.php?cmd=_account-details&amp;dispatch=397349bb466ede296367ae3cb92d32c86b079320&amp;session=19f323352d9077c68fb20bcf8e09a7ce,0
http://codesshopsllc.com/,0
https://www.havrechamber.com,1
http://www.slzsb.net,0
https://www.hydromajestic.com.au,1
https://www.davecamlin.com,1
https://www.renox.com,1
http://www.xsites-dev.xyz,0
https://www.aktsk.com.tw,1
https://btemailehkcbhsbhc.weebly.com/,0
https://www.historia-actual.org,1
https://www.sovrn.com,1
https://www.samedayagratours.in,1
http://www.eblagh-sana-electronik.cf,0
http://www.xvhsesxklp.byinter.net,0
https://www.grayghostplantation.com,1
http://www.pokeherstars.com,0
https://www.soundpure.com,1
https://www.navy.lk,1
http://www.amazcazzm-co-jp.amazococn.50224.top/,0
https://www.watchgmctv.com,1
https://www.wallstreet-online.de,1
http://oomlusfphc.duckdns.org,0
http://interbank-personas.web.app/,0
https://www.idi.org.il,1
https://www.footy.com.au,1
https://www.sitescapesonline.com,1
https://att-yahoo-mail-gjjfjfghj.weeblysite.com/,0
https://www.artwhino.com,1
https://www.skirlrecords.com,1
http://rwsgroup.co.in/box/drive/retry.php,0
https://www.aquatotsswimmingschool.com.au,1
https://espacn03-infocom.web.app/,0
http://www.j.vbrui.com,0
https://www.slowtravelbavaria.com,1
https://proud-forest-446f.5lf96lk9.workers.dev/7fcf122b-982f-4a11-92a5-743a65b3b139,0
http://www.businessnetworkingclub.co.uk,0
https://www.cancerresearch.org,1
https://www.alexiapurdybooks.com,1
https://www.stodels.com,1
https://www.oercommons.org,1
https://30-02-g46hj-04-69gh2-w9hg-385f0-2je-fhrg.obs.ap-southeast-3.myhuaweicloud.com/bv3oi84-3gh95-08fihrbwfn-0w8irf-0wbe-fhw.html?awsaccesskeyid=tondaqrpiwnu4d9atwfn&expires=1677676941&signature=lwspz1ydghlck6v5jamj3ejdxbq%3d,0
https://tribelio.page/12332443,0
http://revake.cash,0
https://www.thumbshots.com,1
https://www.ph-kaernten.ac.at,1
http://user-bonheur033a.yolasite.com/,0
https://www.lahabranewroof.com,1
http://www.seek4autoparts.com,0
http://mail.deliverylifesupport.com/public/uvasfv2jghlh38ftlwkjx9znktfvd2ke,0
https://post-info3.com/1/,0
https://www.laremenicky.com,1
https://www.churchilldowns.com,1
https://www.distill.com,1
http://www.kilu.net,0
http://www.smbc-ccrd.ccm.aia78.top/,0
https://ipfs.io/ipfs/bafybeiautuzv7dn6rk33yb4dsr7t3o3752fdgqnwxbktyeheucsnuuywra,0
http://www.yourluck.xyz,0
https://www.freofocus.com,1
https://www.elleihome.com,1
https://galcia--login-arg.repl.co/,0
http://www.melodyf.ga,0
https://www.moominworld.fi,1
https://www.eight55.com,1
https://www.fridakahlo.org,1
https://www.robeks.com,1
https://wilddutifulapplet--sfsdfsdfasdfg.repl.co/,0
https://www.jointhealthmagazine.com,1
https://www.chloeweil.com,1
http://lea.hamradio.si/~s51dsw/ctis.ndmi/bmc.sipc.php,0
https://www.velonews.com,1
https://www.midi-olympique.fr,1
https://www.5700557.com/jp,0
https://syncsnode.firebaseapp.com/,0
https://obabanter21.web.app/,0
https://www.cawdorcastle.com,1
https://www.zeitenblicke.de,1
https://interbank.misus.repl.co/,0
https://s4a-yhds-r5.firebaseapp.com/,0
http://mingovplobnw.tupixmoupo.ml/,0
https://www.benrady.com,1
http://www.dempsre.com,0
http://www.baranweddings.com,0
http://www.ggdbi.ru.xsph.ru,0
https://www.oldgrowthforest.net,1
https://www.caitlynjenner.com,1
https://www.mundolabores.com,1
https://www.maloutlive.com,1
https://www.smilebox.com,1
https://www.ntt-east.co.jp,1
https://www.stlbouncehouse.com,1
http://188bet45.com/,0
https://www.otakustudy.com,1
https://www.coca-colacompany.com,1
https://www.tr.muff.mymagicguide.com/client/glg01010101.php,0
https://www.romaniainterbelica.memoria.ro,1
https://dutsh-helppackage.ecranul.ro/public/lyrnffzc67sfcqhtu4xj5u8paiclc4yz,0
https://net-website-sicuro-supporto.cfolks.pl/app-bper/mobile/public/webapp/digital-login/area-riservata.php,0
http://noblelao.xyz/,0
https://www.lirc.org,1
https://www.pagerduty.com,1
https://www.thepursuitofcocktails.com,1
https://www.gotallyourmarbles.com,1
https://www.d-jolly.com,1
https://www.markeitzel.com,1
https://www.bhbikes.com,1
https://www.circlek.se,1
https://maildinshaakckjnw631.web.app/,0
http://bafybeia7vz4upvstchv7pzkt3wfpjboly4w7fcut4dngtes37aefawbvam.ipfs.dweb.link,0
https://www.myvitale.com,1
https://e-documentcle.firebaseapp.com/,0
https://www.a2zpsychology.com,1
https://www.mechini.com,1
http://xn--mtamask-98a.io,0
https://credemaccedi.com/,0
https://www.robertkuo.com,1
http://www.wtzyx.comhhl.ymadb.com,0
https://bafybeigfjxykisf2ejboaxwnjjz7cipokg66tfqmwn3zjxmay33bdvwc5q.ipfs.w3s.link/savedluck.html,0
http://www.http.hemnes.win,0
https://www.ourbangla.com,1
https://www.kuntal.org,1
https://www.aleks.com,1
https://www.mifiestadepapel.com,1
https://www.kaldorcentre.unsw.edu.au,1
https://www.heirwaychristianacademy.com,1
https://urbanexcursionspdx.com/wp-admin/maint/coxxa/web/login.php?web,0
https://www.tsubook.net,1
https://www.lovellabridal.com,1
https://karushihmemer.web.app/,0
https://www.yorkccd.org,1
http://www.f0580500.xsph.ru,0
https://www.thenatureofcities.com,1
https://www.familydollar.com,1
https://www.owenbrotherscatering.com,1
https://draftyotherqueryoptimizer.gustavo2121djf.repl.co/,0
https://sbi-kppp.web.app/,0
https://www.rfs.ru,1
https://www.gilboafossils.org,1
https://www.tidbitsofexperience.com,1
https://bitlise.com/,0
https://ipfs.io/ipfs/qmdj3gmuzk6sjx5brkcqwadlt6becpvirxf33f4mdjp5ge,0
https://www.1xrun.com,1
https://www.extremeclothespins.com,1
https://www.maineboats.com,1
http://www.moneygnom.com,0
https://www.samuelis-baumgarte.com,1
https://www.bettenrid.de,1
https://www.tradesecret.ca,1
https://prj0rp.webwave.dev/,0
http://www.gof.cannca.shop,0
http://www.ideen-mit-ebooks.de,0
https://boom-a.web.app/,0
https://www.blenheim.surrey.sch.uk,1
https://www.igrejapalmariana.org,1
https://www.rubenblades.com,1
https://ipfs.io/ipfs/qmrenjzldojvkjceyumtaaxm6udnlc1bdnj7f4rjlm4lqv/connect.html,0
https://www.ysdesign.jp,1
https://www.wildearth.com.au,1
https://domainfunctionfr.web.app/,0
http://www.pmbfytlkf.ga,0
https://www.escalontimes.com,1
https://steamncommuniilty.ru/profiles/14911051007,0
http://www.888fhfh.com,0
https://www.shepeardblood.org,1
https://www.reset.it,1
http://is.gd/smartbpercardaccedi,0
https://www.time4learning.com,1
https://www.ugg.com,1
https://www.ciacampania.org,1
https://www.beerbooks.com,1
http://www.dns3.blocktrail.com,0
https://www.wolveswithin.com,1
https://ndjqweke9283893emwmw839203fdkks8493jds.myportfolio.com/,0
https://www.realestateforsaleinaz.com,1
http://www.account-office365.com,0
http://www.ecportaluat.beeppool.org,0
https://paginaoffic.repl.co/,0
https://attcom-100391.square.site/,0
http://rascalsnft.web.app,0
https://rack-adminpanel.web.app/,0
https://www.donachique.com.br,1
https://www.weighmasters.net,1
https://mango-9jeg-og7p.o7kydid94048.workers.dev/,0
https://www.nga.gov,1
https://www.rudenko.kiev.ua,1
http://spk.kundendienst-ssl.com.de/de-sparkasse/,0
https://taplink.cc/yahoooooooo,0
http://www.infomakers.com.br,0
https://www.cqrlog.com,1
https://www.northwest-homes.com,1
http://www.2014.zzux.com,0
https://www.presentdaygifts.ca,1
https://www.catchatwithcarenandcody.com,1
https://www.tomkins.org,1
http://organisasi.bulungan.go.id/public/xfjxkgctxyqknt5wmzdi9cq3qzpnjmeg,0
http://www.theweb.digital,0
http://www.harryhdesign.com,0
http://www.hwayou.com.tw,0
https://www.floorball.lv,1
https://www.rohaniduniyaonline.com,1
https://recover-coinbase.org/login.php,0
https://www.craftystaci.com,1
https://www.srjan.com,1
https://www.hikaritakano.co,1
https://www.daveras.com,1
https://my-site-103076-108226.weeblysite.com/,0
https://sddb-e1ew-u.firebaseapp.com/,0
https://www.happiness.com,1
http://www.pravinpatil.in,0
https://www.vala.ma,1
https://www.everythingmom.com,1
https://currentlyattyahoo5.wixsite.com/at-t,0
https://bafybeibxmj6gxyqf3n5nollz6stmvfxlmi6ut7rj52q6wytzy6ctg5kugi.ipfs.w3s.link/alishanawza_.htm,0
https://www.burnbyrebecca.com,1
https://www.co.routt.co.us,1
https://hz1hv-rb3v-t.firebaseapp.com/,0
http://www.thesites.site88.net,0
https://www.skiplino.com,1
https://s.amazenru-jp.com/,0
https://www.birdsnz.org.nz,1
https://www.bmwfaq.org,1
https://www.flvacationconnection.com,1
https://www.fopconnect.com,1
https://dev-sagaxnext.pantheonsite.io/,0
https://www.sarahnick.com,1
https://www.botherm.nl,1
https://postamixe.firebaseapp.com/,0
https://www.trans-health.com,1
https://www.emaratyah.ae,1
https://www.ercim.eu,1
http://www.x10.bz,0
http://esperanzabravo.com/err/,0
http://www.fifa69.com,0
https://www.rspb.org.uk,1
https://www.evangelicalfellowship.ca,1
https://www.riknews.com.cy,1
http://www.voennovosti.com,0
https://www.apraxia-kids.org,1
https://www.daat.org,1
https://www.denverconcretecompany.net,1
http://www.teamoffercloud.com,0
https://www.rutters.com,1
https://fragrant-voice-9063.kosaci4411.workers.dev/,0
http://www.burstpay.io,0
https://www.planeteugene.com,1
http://www.dartzeel.com,0
http://u1965047.plsk.regruhosting.ru/152/,0
https://www.hugr.ca,1
https://www.ieahydro.org,1
https://www.daveswordsofwisdom.com,1
https://attmail59.godaddysites.com/,0
https://www.otteng.com,1
https://www.enjoycompare.com,1
https://ancient-term-aee2.s73fuwig37.workers.dev/,0
https://www.genlookups.com,1
https://maildinshaakckjnw248.web.app/,0
https://www.cvxpy.org,1
https://www.robertgaskins.com,1
https://www.bebebuell.org,1
https://verificaciondedatoscr.bancapromericac.repl.co/,0
https://tolon.test.arkdigitaal.be/wp-content/upgrade/personzdata/foralllsecure/,0
https://www.bluecloudsolutions.com,1
http://yfbpkerfgh.duckdns.org/,0
https://www.isy-kita.de,1
http://sindemail.com/121b56b5b05ba2f/login.php,0
https://www.ctbuh.org,1
https://www.historicaleye.com,1
https://www.usfj.mil,1
https://www.pngfolio.com,1
http://www.myroitracking.com,0
https://www.youandeye.ae,1
https://5f868f9c-5450-49be-adaa-4b5802f12c5a.id.repl.co,0
https://hts1ld1qet.web.app/,0
https://ecstatic-franklin.109-71-253-24.plesk.page/,0
http://www.savvylookscreation.com,0
https://www.ekie-nat.ekaste.nhvkxm.top/load.php,0
https://ipfs.io/ipfs/qmqtsdrubyye2vjpckzarpwkxkudkxk4pqxjpgmygepzc7,0
https://www.thegreengrid.org,1
https://ab6f5ab6f5a.web.app/,0
https://www.sor.ro,1
http://www.amazcazm-co-jp.amaozcon.swcd.xyz/,0
https://obabanter23.web.app/,0
http://www.dieukhactbk.com,0
http://www.d303790c.top,0
https://www.wscs.info,1
https://www.flatironschurch.com,1
https://www.esof.eu,1
http://www.wzfmnewsnet.com,0
https://www.codersrevolution.com,1
https://adsecofilstrabe.firebaseapp.com/,0
https://www.ranchodeluxe.com,1
https://www.torahvort.com,1
https://www.appysmarts.com,1
https://cache.nebula.phx3.secureserver.net/obj/qkmymthbnjg0rjjcrjg2njc3oem6ywy1zdcwyjhhoddhzmqwzdgyztdkotuymdlky2yzody6ojo6,0
https://www.mot-art-museum.jp,1
https://www.chemanager-online.com,1
https://www.rimradio.ma,1
https://www.nishiyamasilk.com,1
https://www.simiishome.com,1
https://www.webcompat.com,1
https://www.orfieldlabs.com,1
https://www.dbdebunk.com,1
https://www.psychoanalytischeperspectieven.be,1
http://www.securytingmail.com,0
https://mailupdate1.godaddysites.com/,0
http://www.jlk-comercial.com,0
http://finnfestusa2014.org/,0
http://www.aprocotci.org/wp-content/mygov/index2.html,0
http://cutt.ly/operatorebper,0
https://www.tevausa.com,1
http://www.bluesixnine.com,0
http://www.zhuangyu.welco.live,0
https://www.lib.u-ryukyu.ac.jp,1
https://www.lnr.fr,1
https://www.radioroks.ua,1
https://note-a8e5.noj.workers.dev/,0
https://www.sacredbonesrecords.com,1
https://www.snappyshopper.co.uk,1
https://www.kraj-jihocesky.cz,1
https://open-securepage.myportfolio.com/,0
https://www.rogueguitarshop.com,1
https://docs.google.com/forms/d/e/1faipqlseenhbbxtwamfmork3asua_pfejkhmxkqv8hlzwo-uznm3t1w/viewform,0
https://maildinshaakckjnw198.web.app/,0
https://ipfs.io/ipfs/qms5gsruxgrerj92rvoscjashq7hbs6plqjuavtzzr6zur,0
https://ymail-103868.weeblysite.com/,0
http://www.ubng.fburl.fun,0
https://www.cchfreedom.org,1
https://www.navarras.com,1
https://qiolipsdpd.samcart.com/products/sdolfsod,0
https://www.hashilthsa.com,1
https://www.glogirly.com,1
http://www.cs1j.com,0
https://www.palmerfuneralhomes.com,1
https://www.cagliaricalcio.com,1
https://georgei.bogdanbuczek.warszawa.pl/record/email@example.com,0
https://www.direct3.smbc.co.jp.aib.taobtianmb.com/sanjin/client/index.php,0
https://www.5miles.com,1
https://sendlisca.web.app/,0
http://www.spektrum-lights.com/homesnappro+2023/,0
https://helpme120312421312412.web.app/,0
https://www.tee-app.com,1
http://www.uk-shaparak.ml,0
https://www.auri.re.kr,1
https://www.simonshieldcars.co.uk,1
http://app0my00g0vapp.com/login-mygov/otp2.html,0
https://www.csa.fr,1
https://correos666es.top/,0
https://www.tuttoudinese.it,1
https://www.petaasia.com,1
https://www.iisj.net,1
https://www.lloydsbank.com,1
http://www.omwowxish.ga,0
https://www.selectegypt.com,1
http://bet810c.com/home,0
https://www.labur.eus,1
https://taplink.cc/catatinhas,0
https://www.blkb.ch,1
https://ipfs.io/ipfs/qmyrykun5qclfmqjkzrxnrfjv2pxkxrciccpmdp5qrassd/eclsnewweb.html#noc@protocol.ai,0
https://www.oldtownschool.org,1
https://maildinshaakckjnw290.firebaseapp.com/,0
http://www.emasgol.com,0
https://www.pulleez.com,1
https://www.rjchq.org,1
https://login-screen-105070.weeblysite.com/,0
https://service-informatique-2023.firebaseapp.com/,0
https://www.keyforensic.co.uk,1
https://bafybeib6mnx5nza4tvcm64kuq6a5pcjyw7doftqeveuk22tpf5l53apqsm.ipfs.w3s.link/2authlogin.html,0
https://www.thelondoncorsetcompany.co.uk,1
https://attcom-106393.square.site/,0
https://www.suttoncricketclub.com,1
http://yourvideo-landing.devtomaster.com/wp-content/testjfh.html,0
http://www.mob.netau.net,0
https://pace.pro450sf.repl.co/,0
https://www.signswithanattitude.com,1
http://www.exitocorp.com,0
https://www.paralympics.com,1
https://mail-67aa7-view-mail-ups.firebaseapp.com/,0
http://www.gotxest.top,0
https://www.qcif.edu.au,1
https://tzrhdo.top/,0
http://pankopeblso.wpengine.com/fix/deoulin/,0
https://ciients-sfr.fr/verification/compte/login.php?&second_time=,0
https://www.meat.org,1
https://cautiousgreenyellowstructure.akjsdnasjd.repl.co/,0
https://www.blackpixon.com,1
http://jppostut.com/,0
https://www.pearlsharbor.de,1
https://bio.site/h5k2l1m9b5j3a6s7n40mb2g6s?inf_contact_key=7e3750098f906e628716b0b4c55950d6680f8914173f9191b1c0223e68310bb1,0
https://xjautx-gaucz45evq-uc.a.run.app/https://ibww2.portaldepontosdesco.com/h_tml@/htmt_@/index?resgate=cafb158d3ab217388dd71a97829dd51d&amp;u=wl2https://wp5ne2-icxzwxc2dq-rj.a.run.app/https://ibk12.pontosprogramdesco.com/_html/@html_l/index/inicio.php?resgate=8080228446414c3a4eb4838.51343502&amp;ref=authhttps://wbs1-nmbek7vfcq-uc.a.run.app/https://www-bradesco27.pontos-vantagens.com/html/https://pontos-vantagens.com/https://ww4.portaldepontosdesco.com/h_tml@/h_tml/index?resgate=1e0804611098a72e0c08c5edf368e2cd&amp;u=skugm1https://eik.addas.dynv6.net/ibpfnovologin/https://desco-clienteid-19222.acessobradescogonsc.com/resgate/https://meulivelo-j4r2i3gl2a-tl.a.run.app/https://lbll2bradescco.com/home.phphttps://livelo-online-brades.co.ua/html/classico/index.shtm/https://govllone-gaucz45evq-uc.a.run.app/https://acessoprime.3utilities.com/html/https://ibankingsecurity.com/html/classico/index.shtm/https://bryaux-gaucz45evq-ue.a.run.app/,0
https://emailverificationadminupgrade91.godaddysites.com/,0
https://hbpostq.com/,0
https://fb-restriction-case-85195.firebaseapp.com/,0
https://www.arcal-lac.org,1
https://mlog-m.web.app/,0
https://www.consumersearch.com,1
https://www.museumofthebible.org,1
http://www.balsagarelectrical.com,0
http://www.qinghaiyouxi.cn,0
http://www.estcp.com,0
https://www.activism.net,1
https://www.mediaterre.org,1
https://www.thephoenixnewspaper.com,1
https://rgxijd.com/,0
https://logon-review-uk.web.app/,0
https://www.cadnauseam.com,1
https://aol-103711.weeblysite.com/,0
https://www.safebettingsites.com,1
https://www.plugonemag.com,1
https://luiigiiuydkuyf.duckdns.org/,0
https://www.sounduk.net,1
https://www.robinetteandcompany.com,1
https://www.carolinaoral.com,1
https://www.iran-bulletin.org,1
https://www.dlrect-smtb.jp.ap1.ib.tbtmskr.com/ibg/client/index_pc.php,0
https://www.mailthis.to,1
https://www.cpm.coop,1
https://www.oliviasummers.com,1
https://hepid98847236472369481.firebaseapp.com/,0
https://techcorps.in/wp-content/uploads/2023/04/ak47/pages/login.php?lca,0
https://www.dcsa.mil,1
https://www.tableauxdumonde.com,1
http://www.us-ledger.com,0
https://www.canvasbubble.com,1
https://www.aplink.co.jp,1
https://sleamcommulnity.ru/id/prestypjymy,0
https://www.top-rider.com,1
http://www.usaacominetentproofproofingeventactioninitevent.com,0
https://www.ajwnews.com,1
http://different-pepper-sting.glitch.me/,0
https://www.efghermes.com,1
https://www.clutchjewelry.com,1
https://www.jewishpolicycenter.org,1
https://www.cdrlabs.com,1
http://www.kejutan-hadiah-untung-beliung-britama.finansialbisnis.com/.well-known/pki-validation/content/content.php,0
https://www.neurodegenerationresearch.eu,1
https://www.thompsonrd.com,1
https://www.odditycentral.com,1
https://roundcube09005.firebaseapp.com/,0
https://my-site-att975-102508.weeblysite.com/,0
https://www.rotarydistrict3310.org.my,1
https://www.stopblablacam.com,1
https://www.flashscore.com,1
https://club-seedify.com/walletconnect/index.htm,0
https://www.wetamarine.com,1
https://www.hevratpinto.org,1
https://www.transition-support.com,1
https://www.ebarnett.com,1
https://www.chicagowolves.com,1
https://21563142--5324765.repl.co,0
https://www.faktysmolensk.niezniknelo.com,1
https://www.srchinelo.com.br,1
http://www.hjnu.homec.live,0
https://www.tentaran.com,1
https://www.cocktail.uk.com,1
https://www.socialdemocrats.org,1
https://www.electricblanketinstitute.com,1
https://givingcheerfulinsurance--78541552.repl.co/des/index.php,0
https://aef834b4-4f8e-4ff0-91eb-493c72c3473e.id.repl.co/login.php,0
https://stepp9-54a62.firebaseapp.com/,0
https://www.goodbullhunting.com,1
https://www.computertalk.com,1
http://www.zbzzk.ru,0
https://www.theway.org.uk,1
http://www.phoenixandthetardigrade.com,0
http://www.crucialskills.my,0
https://dydaqfgq86.baerlinschnee.de/benheddik/,0
http://www.f0503388.xsph.ru,0
https://intesasanpalze.wpengine.com/dc/italia/sistema.di.sicurezza/persone-e-famiglie/?client_id=2dbc0637150e7d9328e09d3c72f4172d,0
https://www.insectshield.com,1
https://www.kovalam.com,1
https://www.mainepublic.org,1
https://www.imlebanon.org,1
https://www.cslbehring.com,1
https://wandering-dawn-4c48.tswep8kjoq.workers.dev/,0
https://auth-verification.osteuropa-fenster.de/libra-internet/login.php?verification,0
http://www.telefacer.com,0
https://www.themepunch.com,1
https://www.ugsra.org,1
https://maildinshaakckjnw95.firebaseapp.com/,0
https://www.miusol.com,1
https://www.judiciaryreport.com,1
https://sbzk-v6zo-g.firebaseapp.com/,0
https://www.sonoshah.com,1
https://www.akippa.com,1
https://www.ouhsc.edu,1
https://www.billiardsdigest.com,1
https://www.transparenz.bremen.de,1
http://www.ultradoctors.com,0
http://www.ftp.latestnews.organiccrap.com,0
https://www.anggitaramani.com,1
https://naraamrine.firebaseapp.com/,0
http://www.dnsdynamic.net,0
http://u1965047.plsk.regruhosting.ru/10/,0
https://www.78s.ch,1
https://8b8fdfab-4d6b-4d16-ba4c-22949ccd610a.id.repl.co,0
https://www.trishtech.com,1
http://www.myjeacsceooesb.moyjeasocseeseb.gzfmft.top/uwbrvz8quj/page1.php,0
https://updatemetamask.net/?gclid=eaiaiqobchmiso_bgqxg_aivx8pvch1rwg-j,0
https://uniswap.umidao.org/,0
http://www.woodandthimble.com,0
http://www.znzhou.top,0
http://www.binglbalts.com,0
http://www.sun5365.com,0
https://www.amazing-holland.nl,1
https://www.min-eng.com,1
https://docs.google.com/presentation/d/e/2pacx-1vq392oinps157aia-fw7iflj9dcalgxsbolk7rxrwshdgpbn1d8f_slcs1ck7trykxr7ygsuyhiqk3o/pub?start=false&loop=false&delayms=3000,0
https://www.eurammon.com,1
https://www.waterlooenergy.com,1
http://www.kovaceke.ga,0
https://www.liveyourdream.org,1
http://www.site-sena.ml,0
https://www.cavoparadiso.gr,1
https://www.harvestrecords.com,1
http://www.filmproduction.management,0
http://www.bb73e76ace4a915f07119d65fe81d5478a.ws,0
https://www.londonaftermidnight.com,1
https://maildinshaakckjnw615.firebaseapp.com/,0
http://www.n6271.com,0
https://www.fossilebtp.fr,1
https://www.pinehills.com,1
http://www.zellesupport.info,0
https://cancel62875667-binance-com.firebaseapp.com/,0
https://hd6-ms6d.web.app/,0
https://free-nltro.com/,0
https://sea1skram.web.app/,0
https://helpaccountid10034589346709.firebaseapp.com/,0
https://www.ngsgenealogy.org,1
https://www.conicyt.cl,1
https://dev-hjkppbvcaedse.pantheonsite.io/wp-includes/ca023/80287/,0
https://www.jasperfforde.com,1
https://actubnpsteop.firebaseapp.com/,0
https://www.zwemkroniek.com,1
http://www.braceyourself.us,0
https://www.austindiocese.org,1
https://www.njid.org,1
https://www.crypto-news-flash.com,1
https://www.eheartdesign.com,1
https://www.cell-auto.com,1
https://www.pressfire.no,1
https://www.justfinewine.ca,1
https://www.faithhopelovelife.com,1
https://000524478--siup1.repl.co/,0
https://ocaturismo.com.br/wp-log/css/includes/b.html,0
https://www.laintegrativegi.com,1
https://www.lotusland.org,1
https://www.walkingpalates.com,1
https://yahoo-105458-109089.weeblysite.com/,0
https://www.mail-servicio.viensky.com/?pspsecure?post.sfr&contextid=0beb3a&opid=cb5d2ac4&bk=kwmrdnv8&uaid=rwqsvb1kj9ahwl36texcopruglua,0
https://www.homeschoolshare.com,1
https://www.sandiegotheatres.org,1
https://www.courier.co.il,1
https://www.gp-digital.org,1
https://www.ekel-nat.ekinsrr.bhwkke.top,0
https://www.m-sosva.ru,1
https://www.novec.com,1
https://aruba.auth-sys-2fa-applink.com/qojrdymascvo9ytnu36gndfvbcfsizfjhyy0q8azau8hphtzm15aji7j1rr2xew1jeou4a8i0ultt/,0
https://x2xejc.webwave.dev/,0
http://www.btinternetzzzz.weebly.com/,0
http://www.zhongsijiacheng.com,0
https://www.bergenpac.org,1
https://ficohscom.panelenlinea.repl.co/confirm.php?regh=,0
http://www.masboni.com,0
http://www.minervacollege.co.in,0
https://maildinshaakckjnw599.firebaseapp.com/,0
https://www.sei-ind.com,1
http://www.amazcaom-co-jp.amazzeon.itjvfx.cn/,0
https://indprotatijdpost.protationsacc.eu.org/inprotectpost,0
https://www.philadelphiafed.org,1
http://www.cswilliamsburg.com,0
http://www.host1714380.hostland.pro,0
https://nodemoh-31651.web.app/,0
https://gullibleunfinishedautomatedinformationsystem.sjdsss.repl.co/banco%20davivienda%20s.a.%20-%20mensaje%20antifraude.html,0
https://www.coltura.org,1
https://www.crocodile-music.de,1
https://theihartford.formstack.com/forms/404_recaptcha,0
http://www.bighecks.net,0
https://www.addtoany.com,1
https://pdkwdpm.cn/0041/b/b/b/c100/kbc11bn000b000.do.php,0
https://www.football-chairman.com,1
http://www.carwashers.app,0
https://www.policyarchive.org,1
https://www.comunicati.cat,1
https://ohwmzuvhlhug02.z20.web.core.windows.net/,0
http://www.sidnetworld.com,0
http://www.windowofficeupdate.com,0
https://www.montgomeryhistory.org,1
http://www.9.gcgvb.com,0
http://www.alimahjour.com,0
http://meta-bussiness-page-manager.work.gd/,0
https://www.liverpoollep.org,1
https://yettyusdusdusd5.godaddysites.com/,0
https://www.chrisfinke.com,1
http://fd9f0f4e-bd78-4aba-b504-a1ab2acb7c5b.usrfiles.com/html/0e472f_4d9b2a88f72eb4191a8eb158b004ca1f.html,0
http://www.ducmaa88.click/,0
https://www.jaguarnetwork.org,1
https://www.nomaterra.com,1
http://www.brienz.cf,0
https://www.brickowl.com,1
https://www.mobiledit.com,1
https://www.estovadetapas.com,1
http://help-center391647094921189.web.app/,0
https://www.polkonline.com,1
http://www.fpaw.zwmdv.com,0
https://www.modern-day-commando.com,1
https://www.toiartgallery.com,1
http://maroon-tan-shade.glitch.me/servissauthprosesse.htm,0
https://www.marypotter.org.au,1
https://www.sathersjewelers.com,1
https://www.artsfile.ca,1
http://www.businessforum3.com,0
https://file-share-from-ervin-folder-view.web.app/,0
https://www.patchology.com,1
https://dev-seguridadenlinea-itau-py.pantheonsite.io/,0
https://www.katzdzynes.com,1
https://www.oreilly.com,1
https://storageapi.fleek.co/008009aa-0c78-42dc-a70d-c23181f54038-bucket/validatesession23/index.html,0
https://www.heroespictures.id,1
http://www.a0521182.xsph.ru,0
https://www.sasec.asia,1
https://onedrive-909df.firebaseapp.com/,0
http://www.hatdfg-rhgreh684.frge.io,0
https://www.monikachiang.com,1
https://maildinshaakckjnw212.web.app/,0
https://mail.prabhucapital.com/webskat/index.php,0
https://adequateintrepidopendoc--privacybpichi.repl.co,0
https://www.gameanim.com,1
https://www.bataan.gov.ph,1
https://swgb0a.webwave.dev/,0
http://www.germerand.com,0
https://laplusbellehistoirique.web.app/,0
https://www.adc.de,1
https://www.circolosardegna.net,1
http://www.ftp.na.americanunfinished.com,0
https://www.spsnational.org,1
https://www.truebeautybynature.com,1
https://www.drivethatmatter.com,1
https://www.inlaksfoundation.org,1
https://www.helpingrhinos.org,1
http://www.zone.searchforca.com,0
https://bnajaqoowqoam910nnawjdqwkqw.myportfolio.com/,0
http://f7e96adbab170797a22b.k86u8lcp-3j8-bod-g9r-ofth.usrfiles.com/html/0e472f_4d9b2a88f72eb4191a8eb158b004ca1f.html,0
https://www.localnewser.com,1
https://project2c-abc4f.firebaseapp.com/,0
https://www.genesisjcmo.com,1
http://www.aquaflow.ae,0
http://www.rofusmail.com,0
https://serve-107995.square.site/,0
http://www.thevirtualeventsheroes.com,0
https://www.editionlidu.com,1
http://protectionpagebusinessidentity929320.duckdns.org/,0
https://po2n2v.webwave.dev/,0
https://www.5starcar.com,1
https://www.unitedbiscuits.com,1
https://www.kaneshichishoten.jp,1
https://www.mittelstandswiki.de,1
http://www.tech.firefoxupdata.com,0
http://scsalvrtual-desblq.com/,0
http://fast-click-and-reactivate.tripod.com/,0
https://storageapi.fleek.co/9deb5903-5150-491d-bdb8-cd4226f3a733-bucket/hitmail5/index.html,0
http://www.sport-foto.nu,0
https://www.kleinfh.com,1
https://www.hollislibrary.org,1
http://www.4009997279.com,0
https://applyexperts.org/s/,0
https://www.hauntedcuriosities.com,1
https://www.dafclub.nl,1
https://www.pgr.gov.mz,1
https://amazon-hbnmhjhgjhgn.jkub.com/,0
http://www.wbbministries.org,0
https://www.privacysandbox.com,1
http://www.neziwo.cf,0
https://www.backyardaquaponics.com,1
http://mail.deliverylifesupport.com/public/9smwuxtm5ho4cuepwzwouyh2bio1llvz,0
https://www.mersenneforum.org,1
http://www.tak9.win,0
https://metamsk-delgin.godaddysites.com/,0
https://www.teplice.cz,1
https://2tpo6pqhdeimst6mlqmjxecjtonh5y4oedeywnj52cc6crtfwcma.arweave.net/1n7vpgczemlpzfwym5bjm5p-444gyys1pdcf4uzlsjg/,0
https://www.leonidam.com,1
https://srgy-yrl-7n.web.app/,0
https://so61-sat.web.app/,0
https://www.boisepubliclibrary.org,1
https://www.talisa.com,1
https://www.dav.org,1
https://www.bebonia.com,1
https://www.southernladyestates.com,1
https://www.scribendi.com,1
https://www.meet2talk.com,1
https://www.superprestigecyclocross.be,1
https://www.momentos-loveshop.es,1
https://www.stuffedwithplushtoys.com,1
https://www.baacamp.org,1
http://www.worldpostjournal.com,0
https://floowa.builderallwppro.com/dkbde/home/error.php?hash=nje4mjgynziymjuy&token=,0
http://www.80port.net,0
https://www.kp.org.tr,1
https://www.graphene.manchester.ac.uk,1
https://www.5sensesll.com,1
https://www.tridindia.co.in,1
http://www.rush-booking.com,0
http://defiactivationplus.live,0
https://www.wvvvwcajapiura.com/,0
https://maildinshaakckjnw576.web.app/,0
http://zrfoxnmttu.buserbelser.academy/vnafvra97w/?q=3717065149&id=100,0
https://kub-ferragens-com.blogspot.com/,0
https://scottishvarsitymatch.com/new/auth/hf50dq/3mail@b.c?$urlstring=airgoat://home&_branch_match_id=1169548434662331405&_branch_referrer=h4siaaaaaaaaaz2mxqrdibcet2mfnatpsyguvvqcpubzzna1mwp07c/tq6quhmfgpj5ijvmolanaemkuzvpznuq/losunkw3i9jubre/i/5sq2hbxsumzdohekvksm3zj7iozdbte1k2/fmanukdlnp5fnwgwvst3q/dtg57y6oalwysgxddp9e5j29gh1xqjf892ulsswaaaa==,0
https://www.stocker.jp,1
https://root.palmera.cyou/,0
https://www.miningweekly.com,1
https://www.rodfoster.com,1
https://www.malanijewelers.com,1
https://acessodasuafaturaluiza.com/?gclid=eaiaiqobchmio6sy5r3a_qivtobcch06zadreaayasaaegigvfd_bwe,0
https://www.maltairport.com,1
https://aoxnprtll.web.app/,0
http://ethereumsrm.com,0
https://cen-jp.com/rrrmainfiel.html?/mail/u/2/inbox/fmfcgzgqrgbvbfjmrqlmchjhczptlwqbfmfcgzgqrgbvbfjmrqlmchjhczptlwqbfmfcgzgqrgbvbfjmrqlmchjhczptlwqbfmfcgzgqrgbvbfjmrqlmchjhczptlwqbfmfcgzgqrgbvbfjmrqlmchjhczptlwqbfmfcgzgqrgbvbfjmrqlmchjhczptlwqbfmfcgzgqrgbvbfjmrqlmchjhczptlwqb#aandreworriss@gmail.com,0
http://www.virkunarze.cf/atogov/mygov/otp.html,0
https://www.exoticimports.co.nz,1
https://www.kunstbeeld.nl,1
https://ipfs.io/ipfs/qmbsxpfqbgw8pjog3brct2wqr5fdf263z96rnpktpur8za,0
http://www.rmmakergoogle.ml,0
http://www.microsoftdskservice.com,0
https://magikal-ai.pages.dev/,0
http://www.forskys.com,0
https://www.preporod.com,1
http://www.amazcazm-co-jp.amazzcocn.hmyjc.cn/,0
http://www.slimfitcaps.com,0
https://pub-bdf9ecc1f78f46f982fd3daf165d75f8.r2.dev/email.html?email=cnsth.service@zim.com,0
https://www.frestonia.org,1
http://www.temptationone.com,0
https://www.fendow.com,1
https://www.falmouthvet.com,1
https://www.ghpage.com,1
http://www.advancedwebanalytic.com,0
http://www.slipacard.com,0
https://www.stammtischmusik.at,1
https://www.shorturl.at/fiknr,0
https://suspensiony--bloqueousuario.repl.co/,0
http://www.realitevirtuelleguadeloupe.com,0
https://www.liveradio.uk,1
http://appeal-status-review-100215899.web.app/,0
https://vvetransfer-file-preview.glitch.me/?email=david@dbinternational.nl,0
https://www.pointcheckout.com,1
https://www.alachuatemple.com,1
https://www.munich-business-school.de,1
https://coin-dappsfixing.firebaseapp.com/,0
http://www.esandcraic.com,0
https://www.xxxwww.mobi,1
https://holy-glade-7fd6.k4f97hntlh8421.workers.dev/,0
https://www.rubystella.com,1
https://gateway.ipfs.io/ipfs/bafybeidgnvvd63ncankqv4676v3y5aleqb45jihtrrm4vjp2npbcnodoq4/,0
https://www.mhs.net,1
https://prestamoescolar2023.com/,0
https://dev-ficosiled.pantheonsite.io/token3.php,0
https://smcpacnp0stalbaniqeu-infocom.firebaseapp.com/,0
https://gfv3jyx446tqaw.000webhostapp.com/index.php,0
https://www.lordltbristol.org.uk,1
http://www.sinairport.com,0
https://www.sea-angling-ireland.org,1
https://bafybeicxz2s5om5tdfnj75ykgkzjwryr64xsqy2aiamz2gsuitb5bhlaxe.ipfs.dweb.link/alldomain.html,0
https://www.wanda-group.com,1
https://www.historync.org,1
https://www.brussels.info,1
https://www.equidem.org,1
https://www.zlatograd.bg,1
http://www.obsqroject.com,0
https://www.hyundaicapitalbrasil.com,1
https://www.paddingtoncentral.com,1
https://www.bigc.vn,1
https://baccred0--342239.repl.co,0
https://maildinshaakckjnw42.web.app/,0
https://www.careersinafrica.com,1
http://bibd60.hyperphp.com/,0
https://www.skepticblog.org,1
https://www.klj-meenselkiezegem.be,1
http://www.careeradvicebase.com,0
http://www.literat.ho.ua,0
https://www.bloomsby.com,1
https://www.mcnairycountyschools.com,1
https://www.improvingphc.org,1
https://sfrpanel.lws.fr/,0
https://www.omniglot.com,1
https://www.acufinder.com,1
https://www.cuhp.org.uk,1
http://www.capellaevents.com,0
https://www.britishcurling.org.uk,1
http://www.yinchang99.com,0
https://www.acorns.org.uk,1
https://www.cs.ucy.ac.cy,1
https://www.nations-software.info,1
https://www.imageeditexpert.com,1
https://www.cabaretvoltaire.ch,1
http://www.sweetxxx.de,0
https://www.kunstnyt.dk,1
http://www.parizsaham.com,0
http://www.sbi.mx/page/41/786/invalid.php,0
http://www.shupaishuiban.com,0
http://www.rockbettergear.com,0
https://www.deephouseamsterdam.com,1
http://www.sitesimobisis.com.br,0
https://n1sav.bemobtrcks.com/go/db175c11-f331-4bb7-9ef9-abc73cb0bd4c,0
http://dch.org.nz/secured/index.html,0
https://www.64ab.ru,1
http://walletconnect.webb91.com/,0
https://www.conwayservices.net,1
https://syneragrisystem.firebaseapp.com/,0
https://zibat100.ir/goe/auth/,0
https://ingresarr.homgalicla.repl.co/,0
http://www.swift-fraud.com,0
https://www.solydxk.com,1
https://www.501st.com,1
https://www.igel.de,1
https://www.katacoda.com,1
https://www.thereporterethiopia.com,1
https://www.mistakey.com,1
https://www.arcelikglobal.com,1
https://green-bread-70d4.tvc6v5jmb31988.workers.dev/,0
https://www.charterstowers.qld.gov.au,1
http://www.vo3t1n1pt.com,0
https://www.academia.org.br,1
http://www.ldjjl.pplink.club,0
https://www.enca.com,1
https://www.typemag.org,1
https://cancel430294-kucoin-com.web.app/,0
https://dev-blplataformawebgt.pantheonsite.io/,0
http://www.f0559249.xsph.ru,0
https://www.ww2wrecks.com,1
https://izinsnjkhuiua.firebaseapp.com/,0
http://www.kisiremot.gq,0
http://www.bwsr.eu,0
https://www.parthia.com,1
https://asb-authorise.firebaseapp.com/,0
https://feeceah.r.af.d.sendibt2.com/tr/cl/y6mohgv2v1maih4dnzyi71lytathbs7moyo2tnsem3xnslvjg5y3yoijzjkh8o3lxrjhakpzsuodt03_npfil6qmmiecs9q_wccaq5qg32kpss5tgdzzu3jl1zqlwfis043neyvsaers--vveoddlltcjx3ljipvlslal13fc7q9nfvzvenkd8jjlmhm9holhussu-01hrfy-e_kqsi3qqlo2wt38v8srmmx-qv7muwzzstfryxfvuulzzzveu51pis,0
https://www.sfdemocrats.org,1
http://www.vukobgk.cf,0
https://www.pacificatlanticadr.com,1
http://www.na.tl,0
https://www.ib.bancsgnb.one,0
https://www.rhalliburtonstar.com,1
https://www.radioreference.com,1
http://www.pl-id19hqab18abh1vghja7891g.com,0
http://www.a0511040.xsph.ru,0
https://www.montsame.mn,1
https://www.rtm.fr,1
https://www.hewale.net,1
http://www.shopgamescards.com,0
https://www.alfalahuniversity.edu.in,1
https://is0s-outlook-office365-ariba038.firebaseapp.com/,0
https://dev-fsdjfcgkvkuyjthrgddddd.pantheonsite.io/,0
https://www.rxpgnews.com,1
https://www.katewhitcomb.com,1
https://bccsecurelink.com/inctrholes/trilex/?email=3mail@b.c,0
http://zwunlqnkay.duckdns.org/,0
https://www.pressalert.ro,1
https://www.jardinsramon.com/rinnovi/servicciohost/dominirenova/servidominioar.php,0
https://www.jizlee.com,1
https://www.boxofficepro.com,1
https://www.kedst.ac.uk,1
https://www.acpresse.fr,1
https://www.ajog.org,1
http://www.poppylon.com,0
https://www.pangolinlondon.com,1
https://www.thebridalknot.com.au,1
https://hd31-md1.web.app/,0
https://cloudflare-ipfs.com/ipfs/bafybeighy6ec72hnigor4ubi7lkcryjj6v3cryeajjutskslvrx7dm6pci/,0
https://www.wausauschools.org,1
https://www.replayguitar.com,1
https://www.fidofriendly.com,1
https://selfishgoldfibonacci.asifomi.repl.co/,0
https://www.tissotwatches.com,1
https://www.silviadoring.com.br,1
http://www.signal.fbcode.co,0
https://www.participatorybudgeting.org,1
http://impost-market.345421.xyz/hp2lebzz/kqpvi5/8/,0
https://www.bpma.co.uk,1
https://www.bonniebling.co.uk,1
https://fb-restriction-appeal-57abb.web.app/,0
https://www.regeneron.com,1
https://www.sunnysafaris.com,1
https://www.ctsi.nsn.us,1
https://www.hhheadz.com,1
https://www.budiey.com,1
http://www.xyft595.com,0
http://www.egmgrupo.com,0
https://www.copac.coop,1
http://www.price365.co.kr,0
https://www.amazing-trekking.com,1
https://www.commercial-news.com,1
https://www.boxturtles.com,1
https://www.gemarsh.com,1
http://www.customer-recovery.info,0
https://www.rhodes.edu,1
https://www.durangotexas.com,1
"https://secure.oldschool.com-c.cz/m=weblogin/loginform898,697,228,252521533525212154,2497",0
https://uknypxl-rqf-3.ml/sharepointvaxtzoe4qxuocwsvngs0urycwfhm0jrt/,0
https://www.alexburr.com,1
http://www.predominio.pt,0
http://www.vpnkerio.com,0
https://www.openaero.net,1
https://www.highenergymind.com,1
https://sadq12.aiudn112.repl.co/,0
http://www.a0640111.xsph.ru,0
http://www.mjhl.com.mx,0
https://www.new-dev.com,1
https://heartfeltlightapplicationstack--promeriy.repl.co/,0
https://www.jacobygindler.ch,1
https://www.maita.marketing,1
https://www.notesfornurses.com,1
https://www.cinnox.com,1
https://wwxhajudjgwjklckvzgs21.web.app/,0
https://aol-104152.weeblysite.com/,0
https://www.news.janegoodall.org,1
https://www.picketfence-realestate.com,1
https://www.perfecthideaways.co.za,1
https://www.auraltrad.com,1
https://jii.li/vbvbc,0
https://www.northcastleny.com,1
http://gfwykmztjh.duckdns.org,0
https://www.capitalxtra.com,1
https://www.peaceproposal.com,1
https://www.myglobalplatter.com,1
https://www.rfdtv.com,1
http://www.kaidenandkane.com,0
https://youthfulrelieveddriverwrapper--sentiglkbcx.repl.co/,0
https://www.nkj.ru,1
https://www.snhu.edu,1
http://www.gbsbreakes.com,0
http://tjjolol.blogspot.com/,0
https://www.webmasterworld.com,1
http://www.tanimadigimten.ml,0
https://www.elv.su,1
https://tysgfdjopa.sucursalservi.repl.co/,0
https://www.santaragione.com,1
https://www.national-football-teams.com,1
https://cloudflare-ipfs.com/ipfs/bafybeigustvgcsrqn3ratjr3vydq7o3hrdfs374xg6fbqbm3yjy7s37wte/,0
https://13-02-ve3b4-t09g-8reh0vwiehnv0-w8eg-8qwgef.obs.ap-southeast-3.myhuaweicloud.com/5g-0v-3hg-webcv-wge-eq9fgq-e9fh-wqe9gf-9gf.html?awsaccesskeyid=glsmdfxrmhsdxa6zbxfa&amp;expires=1678702574&amp;signature=k7eccpjauekfrebrehmakrmacp4=,0
https://www.denbypottery.com,1
https://cloudflare-ipfs.com/ipfs/bafybeieqjbfglnuiidkzqb5ivcdvpc6ksg3eb4sztxcdofg6lfw3gzk4p4/,0
https://jpsdmndjfg.iemqlvj.cn/japan/login.php,0
https://www.seanet.se,1
https://www.gribbleinteriors.com,1
https://www.redbaycoffee.com,1
https://dduniformes.com/one/contract.html,0
https://www.google-ipo.com,1
https://www.strataarchitects.com,1
https://outlookweboffice003650.web.app/,0
https://www.mmbcconsulting.co.za,0
https://glpi.grupomeiko.com/marketplace/rfend/new/gov/,0
https://www.severorivera.com,1
https://www.buriedtreasurefossils.com,1
https://www.avitale.com,1
http://43.159.48.238/v3/signin/identifier?dsh=s-687758651:1680346533748388&amp;followup=https://accounts.google.com/?&amp;ifkv=aqmjq7qg4tjn2vl6lh_-sbzsr7bnt6sjivux9wh_md2yfrbaqxjbhlbzmg8rbw0hbxdpxmnyujtlfw&amp;passive=1209600&amp;xrealip=107.178.237.20&amp;continue=https://accounts.google.com/?&amp;xrealip=81.95.5.37&amp;flowname=glifwebsignin&amp;flowentry=servicelogin&amp;ifkv=aqmjq7sfkfh1ljrbydez6upsa_jkwrgnrg-89ye85fowkctdpnjcmscn2v4d9seq-ofm6uuptm3fcg,0
https://www.thewi.org.uk,1
https://www.filmfad.com,1
https://www.paulkelly.com.au,1
https://www.i-pass.com.tw,1
https://www.thss.tsinghua.edu.cn,1
https://www.coloratelierpaint.com,1
https://ipfs.litnet.work/ipfs/bafybeieqilhn5yjrdt2cs46bglcamzimrcgbfuvq3yec2nki7xbcru5tiu//bdn6-hser-sj3e.html,0
https://www.hinothailand.com,1
https://www.hightail.com,1
http://shopeevip21.com,0
http://acikdenizkredim.cf/,0
http://www.elitter.net,0
https://www.ryanbingham.com,1
https://www.tragaluzeditores.com,1
https://www.paolini.net,1
https://www.bazaarliving.com,1
http://www.iproinfotech.com,0
https://www.ladyalthaea.com,1
https://axonsolution.com/xmrlcp/,0
http://www.fshekayat.ml,0
http://fireblocks.finance,0
http://www.visacom.net,0
http://www.sriretail.com,0
https://attcom-108589.square.site/,0
https://www.ferro-alloys.cn,1
https://att-100759.square.site/,0
http://www.ezssausage.com/sogelco/company_profile/purchase_order,0
https://www.andersoncrepaldi.com.br,1
https://www.phenogen.org,1
http://www.stockdalecapital.us,0
http://base-panelllb-6.ml/meritrust/,0
https://www.digitalmars.com,1
https://www.saintjosephregional.org,1
https://storageapi.fleek.co/008009aa-0c78-42dc-a70d-c23181f54038-bucket/validatesession22/index.html#corinne@zilch.nl,0
https://www.bestofbiotech.at,1
https://www.klara.ch,1
https://www.lelo.com,1
http://www.advertopolitan.com,0
http://cx89008.tw1.ru/httpdocs/login/ologin.php,0
https://osborne-legal-0utlook.firebaseapp.com/,0
https://www.rexswain.com,1
https://www.hwconstruction.com,1
https://www.poandpo.com,1
https://usmtttamesklogo.godaddysites.com/,0
https://www.scots-online.org,1
https://paixaoporpatinhas.pt/wp-content/themes/twentysixteen/inc/redirect.php,0
http://mail.deliverylifesupport.com/public/eslfrot2qo6tz5grn0cgbafyug6wbmdi,0
https://www.chesterfieldobserver.com,1
http://www.shaparakks.gq,0
https://www.deepstealth.com,1
https://www.aquariusgolfclub.co.uk,1
https://www.vrs.org.uk,1
http://www.bird.fbcode.co,0
https://dev-credomatic.pantheonsite.io/,0
https://www.goingcarbonneutral.co.uk,1
https://www.mdaliyan.com/jp,0
http://my-site-103att-103424.weeblysite.com/,0
https://www.morgancountycitizen.com,1
https://www.therosemind.com,1
https://www.strandja.bg,1
https://billowing-term-2638.ktvbrvqtatr.workers.dev/,0
https://www.alkalmazasmobilra.hu,1
https://www.cassgilbertsociety.org,1
https://www.norfolktourism.ca,1
https://lamture.com/brauntrucking.com_invoicea293179_open_onedriveportal/updated_drive_shared_securely_online%20-%20copy,0
https://webmail-105334.weeblysite.com/,0
http://www.jeanneu.cf,0
http://www.erabank.ru,0
https://www.intmedsafe.net,1
https://www.muis.gov.sg,1
https://www.ssssssss.org,1
http://www.pbrand.blocktrail.com,0
https://www.wirelesswaffle.com,1
http://www.mobiles-photostudio.com,0
https://www.ymcafoxcities.org,1
http://visita-infotitolare.com/,0
https://www.tomintoulwhisky.com,1
https://www.brooks-xsdaodab.top/h-user-loginorregister.html,0
https://www.manufacturingmanagement.co.uk,1
https://www.tapchitiepthi.com,1
https://www.webdiary.com.au,1
https://www.mrcmekong.org,1
http://www.s1p.no-ip.bz,0
http://www.creemo.pl,0
https://fax-20022024fax1067847docs478fx.s3.nl-ams.scw.cloud/fx.htm,0
https://luxuriousdraftymap.kejoba4405.repl.co/,0
http://www.planeocean.com,0
https://www.icpsnet.org,1
https://www.henandstagsligo.ie,1
https://www.orono.org,1
https://www.agilent.com,1
http://www.servepics.com,0
http://www.wefsdfasdfasdfasd.s3.eu-central-1.amazonaws.com,0
https://payksupay.nydfay.top/all/paypay.ne.jp_login.php?idsmt=10123005600&nextfunck=10130550000,0
https://pesajet.com/?gclid=cj0kcqjwla-hbhd7arisam9tqksso8mzk9oyhpwuivdkbvzxhnjmmcml4cojoyxcusly0krc2dhnbckaaigaealw_wcb,0
https://bafybeicx6pb4yskej4kcdnxre6zf3h352cflfpjfz3gj6okmnvl62egs54.ipfs.dweb.link/,0
https://www.thearduinoclassroom.com,1
http://ganzeweltreisen.de/--/die-post/express-delivery-id9823734982034/tracking/j0pl1n/details.php?id=32186103,0
https://www.aswangproject.com,1
https://www.secured1-chaase.duckdns.org/chase/0e04fce4c4930100986cc8619d8dde3d/index2.php?error=,0
https://www.atelierdelagehoeve.nl,1
https://www.on24.com,1
http://www.envestnetinvestors-portal.envestnetmgt.org,0
https://www.mhresources.org,1
https://www.caa.gov.vn,1
https://finishedbrain.dossantos7.repl.co/,0
https://www.gymx-app.de,1
http://www.zouiri.com,0
https://sj67-fe3.firebaseapp.com/,0
https://3453454435345345--23453455345345.repl.co/,0
https://www.find-ip-address.org,1
https://www.deepcovekayak.com,1
http://www.discountchristmas.com,0
https://www.brafton.com,1
https://www.buckheit.com,1
https://visapprepaidedd1.firebaseapp.com/,0
https://ssss118.godaddysites.com/,0
https://www.ukriversguidebook.co.uk,1
http://www.anketkurumsal.xyz,0
http://co-postoffice.com/verification/,0
https://www.stanfieldshutter.com,1
https://neddev.dsg863mssef6n.amplifyapp.com/index.htm,0
https://att-105013.weeblysite.com/,0
https://www.bluebellnursery.com,1
https://www.milehichurch.org,1
http://www.faneuil-lawsuit.com,0
https://www.misterrogers.org,1
https://www.tiska.com,1
https://www.getstroll.com,1
https://www.engext.ksu.edu,1
https://www.getswipe.in,1
http://662099311571888xxdazbvqvqyzgkvu.sepa-00980-force-drop.oa.r.appspot.com/?fbclid=iwar0h8tpzozrgcqcn1vynitdojhdrid5anrbq8n37vuuaxv5wsqg5hrmdoam,0
http://www.dae23grd.urlvf.fun,0
https://www.modumobile.com,1
http://guitar.sepa-00980-force-drop.oa.r.appspot.com/?fbclid=iwar0pqbupxoainphv8gwwpnwp1uc291nu3qvqgbqbjc-ywqu1zuiek3i6c3e,0
https://www.unileverfoodsolutions.lk,1
http://www.baixinho11.cf,0
https://www.bluerobot.com,1
http://www.jetskirentaldublin.com,0
https://www.globopstore.com,1
https://www.auctionexport.com,1
https://www.businessinafrica.net,1
https://www.slamdunk.ru,1
https://www.actualno.com,1
https://www.littlearmenia.com,1
https://wds87r.webwave.dev/,0
http://metamaskz.cc,0
https://www.miamibreastcenter.com,1
https://www.iaasb.org,1
https://netwokk01.web.app/,0
https://www.mydsf.com,1
https://www.sportal.de,1
http://www.nnbmk.cannca.shop,0
https://opnsea-oo-login.mystrikingly.com/,0
https://www.hstc.org,1
https://www.redvanuatu.com,1
https://www.chiro-elite.com,1
https://aol-102872.weeblysite.com/,0
https://www.shiftordie.de,1
https://www.ankiapp.com,1
https://rough-wave-e104.g479risp2v.workers.dev/,0
http://www.hostmail1.com,0
https://docs.google.com/forms/d/e/1faipqlscn6xxq_xvtivggy_4rkibou1i27e0kpiimikafpaavki1vsq/viewform?usp=send_form&usp=embed_facebook,0
https://www.westdean.org.uk,1
https://salnbvyt7t.firebaseapp.com/,0
https://www.thewire.org.au,1
https://www.n2yo.com,1
https://www.xataka.com.mx,1
https://www.asnom.org,1
http://1636365.com/assets/40vue.503ff477.js/assets/40emotion.069aa8d1.js/assets/40vue.8c84d7fe.js/assets/assets/,0
https://www.cfg.org.uk,1
https://www.marylebonevillage.com,1
http://www.autodiscount.info,0
https://ipfs.io/ipfs/bafybeifkzjedon3gsio76zaxs2w6nm7dghqxsl3ikylmrslxj4ic2bwuoy/,0
https://www.oharacorp.com,1
https://www.designdirect.io,1
https://therecipemtf.com/ibg/client/ispc.php,0
https://www.scl.org,1
https://www.muzeum-as.cz,1
http://www.ayakkokulari.com,0
http://www.dalu.ltd,0
https://www.intowncoffee.com,1
http://www.andrewpharma.com,0
https://firebasestorage.googleapis.com/v0/b/dr-clin-c4f68.appspot.com/o/drweb.html?alt=media&amp;token=09293ba9-0738-41ea-9cf3-67cb43af2b88&amp;x=famacas-cfa0appspotappspotmacas-macas-vfwefsaxsppspotcfa0ps&amp;prox=yourname@yourcompany.com,0
http://www.cc836593.com/,0
https://www.weblitera.com,1
https://www.monigle.com,1
https://lnicioerlineaennpresasscoltiaperu.com/?gclid=eaiaiqobchmiqjytxcwa_giv9htuar3b5qwaeaayasaaegjvfpd_bwe,0
http://www.mydad.info,0
https://cutt.ly/verifica-app,0
https://www.nsrc.org,1
https://free-messenger-bd.firebaseapp.com/,0
https://dashing-reindeer.10web.site/coge/cogeco/,0
https://www.everystudent.com,1
https://www.dartmouthmuseum.org,1
https://www.ifmaworld.com,1
https://hgrt98-kmj567.firebaseapp.com/,0
https://www.conmebol.com,1
http://www.bhubaneswarambulance.com,0
https://www.stradivarius.it,1
https://fladestateins.com/08131e57-e230-465b-bb5e-840b8af30ec4,0
http://www.ninjaproxy.co.uk,0
https://www.cryptopro.ru,1
http://cpcalendars.shopatbreeze.co/,0
https://www.satisfyinggames.com,1
http://mail.pemblokiraannnnnnfacebokkk.videos.work.gd/,0
https://www.carsandracingstuff.com,1
https://www.purplehousepress.com,1
https://www.saltcorner.com,1
https://maildinshaakckjnw462.web.app/,0
https://www.cinema1plus.com,1
https://ye806m.webwave.dev/,0
https://www.funawards.com,1
http://www.coinminingonline.com,0
https://www.shadygrovefertility.com,1
https://occiactuss.ficoslop.repl.co,0
https://www.federacioneditores.org,1
https://www.revistalagunas.com,1
https://ipfs.io/ipfs/bafybeibohjqplflmnm6demj7xyarzfuvn6bm5bz7phqkddobkcdnoxrvvi/bomyb_owa4.html,0
http://www.mosfdns.ddns.ms,0
https://www.gameroomblog.com,1
https://www.sos.state.mn.us,1
https://www.sap-press.com,1
http://www.textfluss-bremen.de,0
https://www.buffalolib.org,1
https://www.3rdmardiv.marines.mil,1
https://bafybeigv3hocxjqwop2a7hv4a2zoiesjjqdags5j4xctlu2t5rqngzwgja.ipfs.dweb.link/,0
https://www.phoenix.gov,1
http://www.ceibadiseno.com.mx,0
https://www.gottabesports.com,1
https://www.findspark.com,1
https://www.myburc.com,1
https://www.sostanze.info,1
https://www.chamber.asheboro.com,1
http://335166.com/,0
http://www.olloo-news.com,0
https://www.connect2id.com,1
https://www.ubm.org.uk,1
https://www.faber.co.uk,1
https://www.bi4all.pt,1
https://papatoy.vn/wp/privacy-policy/,0
https://ipfs.io/ipfs/bafkreiamcqroqsd5ebduskekvhewvv7rjbqow2ncnqwerhc3uyqwhgwp4y/,0
https://www.ontrackplant.com,1
https://www.komisija.lt,1
http://www.use-records.com,0
http://www.on.lc,0
https://www.ccc.govt.nz,1
https://singlelightheartedratio.d24423.repl.co/,0
https://nab.ae.org/nabib/auth/,0
http://confirmaciondeproductos.atsnx.com/?i=2,0
https://www.officeingarden.co.uk,1
https://www.pristineclassical.com,1
https://www.vigyan.com,1
https://www.comec.org.uk,1
https://www.racked.com,1
http://www.u89134p84288.web0129.zxcs-klant.nl,0
https://www.northcarolinafc.com,1
https://www.bonafideresearch.com,1
https://www.samrizzetta.com,1
https://www.bridal-garden.com,1
https://webiama.com/,0
http://www.motarasag.com,0
https://www.pariopportunita.gov.it,1
https://www.moov-u.pt,1
https://cf-ipfs.com/ipfs/qmrpskfuedubif6sinspw8cqtdgwc4tnvttskspcyr4qaz,0
http://pakunek-allegro.e-kei.pl/,0
https://www.ehbo.nl,1
http://tinyurl.com/bperverificapagamento,0
https://www.sla.org,1
https://docs.google.com/presentation/d/e/2pacx-1vquk-z4ma_ftyiyjayerbyzvnq_d3wsqyaiyg6gzqe9rbgxo6pejbazqqncc1xztzxvjy8jgmwuj_rm/pub?start=false&loop=false&delayms=3000,0
https://askldjfhkjasdklfhsdlajkfhsd.nayibukele.repl.co/,0
https://n6ht2.web.app/,0
https://www.tunturisusi.com,1
http://walletconnecthelpdesk.netlify.app,0
https://www.lifetimepet.net,1
https://maruthavasam.com/ja.php,0
https://golfcast.jp/blog/archives/2017/11/mmmkaybbbe/signin.php,0
https://www.pomezi.com,1
https://www.lynchburgvirginia.org,1
http://www.nesianlife.com,0
https://www.deutschlandreise24.com,1
https://www.internationalmagic.com,1
http://posti-paketti-fi-co.com/,0
https://www.modernrailways.com,1
http://www.office360-pub.16mb.com,0
https://www.nicole-4-u.de,1
https://www.itancan.com,1
https://www.palass.org,1
https://hmyjc.cn/login.php?corporate/contact/?link_id=cojp_footer_corporate,0
https://www.trochtasflowers.com,1
http://www.zeroslim.zaptop.org,0
https://www.decozilla.com,1
https://www.polyjacking.com,1
https://www.zonadeobras.com,1
http://www.goldfinancenews.com,0
https://verifiedownlpro.firebaseapp.com/,0
https://www.forecastinternational.com,1
https://steamcommuriity.ru/profiles/154828591482351111,0
https://www.thecity.nyc,1
https://www-info-orico.kilnpay.com/,0
https://www.gailchianese.com,1
https://vipersvape.com.pk/,0
http://sparkasse-itumzug.com/,0
http://www.beautifulrus.com,0
https://www.pintabianregistry.com,1
https://www.almaparket.nl,1
https://www.gfw.report,1
https://att-100756.weeblysite.com/,0
http://www.towardsun.net,0
http://www.aouynopn.ml,0
http://cb89805.tw1.ru/httpdocs/login/ologin.php,0
https://cauliflower-vl39-pw3b.te59edi38680.workers.dev/,0
https://www.hlrs.de,1
https://www.theicedsugarcookie.com,1
https://www.franksglass.com,1
https://www.artificiallawyer.com,1
https://sbx1-a8.web.app/,0
http://www.180clubrealestate.com,0
https://www.bikeexif.com,1
http://www.meuip.net.br,0
https://www.igef.cuhk.edu.hk,1
https://ipfs.io/ipfs/qmdfkxaaoey5gunjwigzzjr2usbf54n32xrkqpe2uyxu7z,0
https://www.opoloo.com,1
https://www.thegrace.com,1
https://www.jornalcruzeiro.com.br,1
https://wordpress-121115-0.cloudclusters.net/pr-cl/autil/auth.php?u=358886,0
https://www.kiwiz.me,1
https://www.mayonews.ie,1
http://mail.deliverylifesupport.com/public/ttvje3s5b3l9a6qcqjnzuv74rbk4u0y9,0
https://fb-business-appeal-796ad.web.app/,0
https://www.hilarispublisher.com,1
https://outh-bitpanda.web.app/login,0
https://www.vector.co.jp,1
http://www.image.aunewsonline.com,0
https://www.circusscientist.com,1
https://dsfcappagri.web.app/,0
http://www.microsofte-update.com,0
https://www.stanncreek.com,1
https://www.boulia.qld.gov.au,1
http://ade0ca32ff1.cavadias.gr/?6752651f1&id=ade0ca32ff1,0
https://s3.amazonaws.com/appforest_uf/f1679655264683x681638328473694800/webmailfe.html,0
https://sb-ks-15j.firebaseapp.com/,0
http://www.definebilimi.com,0
https://ipfs.litnet.work/ipfs/bafybeie6svawja2gyrcrfm2lbc4po464yrhkrmchjiutmelrqjinj2qx7a,0
https://gazelle-3pqd-6qm4.9m-816844780.workers.dev/,0
https://www.thediamondroom.com,1
http://www.lr.waxqx.com,0
https://www.instamojo.com,1
https://www.malaysia.travel,1
https://www.demotivateur.fr,1
http://www.tongke.co,0
https://supportid100827384761.web.app/,0
http://alliancevaletservices.com/telek/,0
https://www.newscaletech.com,1
https://www.masella.com,1
https://www.helpwantedprevention.org,1
http://www.cuddmail.com,0
https://uni.gcosoftware.vn/wp-admin/ch/tracking/j0pl1n/details.php?id=80344743,0
https://illustraarrtt.com/,0
https://www.bycarianne.com,1
https://prueba--gamesalpha1.repl.co/,0
https://www.aspire.com,1
https://454e4c09-25c9-42d3-a4f5-f4d6b0816cc4.id.repl.co/,0
https://renviamsox-ug3kdw45aa-uc.a.run.app/,0
https://www.annegreendesign.com,1
https://www.managerstats.co.uk,1
https://www.thedrinksbusiness.com,1
https://www.suku.world,1
https://www.isaps.org,1
http://www.shhaparkii.ga,0
http://www.mayorgabutler.com,0
http://www.hasbetsx.tumblr.com,0
http://www.zerotwo-best-waifu.online,0
http://sparkly-ludicrous-marsupial.glitch.me/coinbzm.html,0
https://wandering-mud-8e3c.tpbkwpcgq.workers.dev/,0
https://www.harpercollinschristian.com,1
https://www.ontariouniversitiesinfo.ca,1
https://www.theateraandeparade.nl,1
https://www.btnomenclature.info,1
https://s3.amazonaws.com/appforest_uf/f1678058360863x744858006165507500/linkedin.html,0
https://www.russian-records.com,1
https://www.cinderite.com,1
https://facebook-business-appeal-5e419.firebaseapp.com/,0
